codice_provincia,provincia,anno,Y0,Y1,Y2,Y3,Y4,Y5,Y6,Y7,Y8,Y9,Y10,Y11,Y12,Y13,Y14,Y15,Y16,Y17,Y18,Y19,Y20
ITG14,Agrigento,2019,3179,3310,3275,3309,3525,3431,3689,3816,3921,3996,4077,4148,4209,4441,4520,4407,4611,4810,5111,5267,5158
ITG14,Agrigento,2020,3002,3182,3291,3255,3297,3515,3417,3677,3789,3905,3972,4074,4136,4207,4433,4510,4398,4610,4794,5066,5127
ITG14,Agrigento,2021,3003,3135,3249,3340,3321,3362,3514,3432,3661,3780,3900,3990,4047,4166,4227,4442,4498,4388,4591,4755,4978
ITG14,Agrigento,2022,2986,3028,3138,3257,3350,3305,3356,3538,3458,3718,3810,3944,4005,4086,4211,4269,4487,4604,4441,4562,4712
ITG14,Agrigento,2023,3090,3002,3055,3157,3266,3342,3303,3362,3539,3450,3713,3821,3939,4015,4098,4219,4285,4560,4675,4494,4552
ITG14,Agrigento,2024,2946,3095,3012,3057,3152,3292,3342,3303,3364,3548,3456,3738,3825,3957,4027,4133,4276,4416,4654,4677,4475
ITG14,Agrigento,2025,2967,2976,3116,3029,3066,3184,3312,3347,3336,3391,3556,3473,3767,3835,3957,4028,4196,4463,4501,4641,4636
ITG14,Agrigento,2026,2750,2993,2981,3139,3025,3089,3194,3318,3368,3344,3414,3580,3474,3776,3856,3961,4053,4213,4466,4517,4657
ITC18,Alessandria,2019,2473,2671,2777,2832,2931,2996,3178,3226,3328,3415,3478,3450,3386,3289,3392,3350,3347,3373,3409,3557,3520
ITC18,Alessandria,2020,2333,2513,2671,2756,2828,2908,2993,3179,3237,3310,3409,3461,3444,3402,3297,3402,3353,3374,3423,3461,3594
ITC18,Alessandria,2021,2258,2372,2507,2701,2800,2858,2906,2991,3150,3235,3297,3398,3464,3448,3415,3315,3404,3321,3346,3393,3442
ITC18,Alessandria,2022,2164,2293,2383,2523,2732,2784,2859,2955,3023,3208,3261,3329,3427,3462,3466,3444,3343,3442,3331,3376,3415
ITC18,Alessandria,2023,2299,2199,2342,2404,2565,2753,2820,2908,2978,3067,3232,3296,3361,3451,3498,3494,3479,3397,3483,3412,3429
ITC18,Alessandria,2024,2218,2317,2256,2408,2464,2623,2796,2864,2957,3032,3109,3275,3338,3422,3498,3545,3536,3556,3461,3576,3513
ITC18,Alessandria,2025,2104,2262,2380,2315,2460,2536,2668,2855,2914,3014,3092,3156,3311,3401,3468,3552,3596,3593,3622,3558,3648
ITC18,Alessandria,2026,2134,2167,2312,2419,2364,2508,2589,2721,2890,2952,3074,3126,3203,3356,3435,3503,3624,3655,3649,3715,3655
ITE32,Ancona,2019,3097,3244,3492,3657,3771,3871,4082,4150,4330,4530,4546,4400,4267,4239,4268,4170,4324,4182,4245,4304,4411
ITE32,Ancona,2020,2949,3144,3279,3493,3684,3765,3879,4068,4159,4315,4515,4552,4383,4268,4228,4278,4182,4342,4217,4292,4367
ITE32,Ancona,2021,2884,3011,3182,3317,3529,3726,3784,3883,4055,4143,4311,4494,4544,4383,4271,4235,4294,4187,4364,4244,4354
ITE32,Ancona,2022,2851,2918,3031,3175,3316,3529,3735,3795,3915,4079,4184,4339,4526,4561,4413,4302,4257,4339,4206,4386,4279
ITE32,Ancona,2023,2655,2884,2981,3058,3216,3343,3575,3756,3813,3934,4108,4222,4373,4550,4595,4447,4333,4295,4405,4269,4463
ITE32,Ancona,2024,2730,2684,2901,3009,3109,3234,3354,3593,3776,3828,3971,4115,4238,4400,4575,4624,4493,4366,4369,4525,4351
ITE32,Ancona,2025,2535,2778,2718,2927,3039,3128,3246,3378,3628,3824,3863,4010,4165,4280,4462,4587,4672,4558,4463,4453,4606
ITE32,Ancona,2026,2633,2560,2826,2757,2974,3082,3149,3272,3422,3656,3858,3888,4033,4202,4307,4513,4628,4721,4607,4510,4513
ITE18,Arezzo,2019,2221,2409,2521,2464,2649,2630,2866,2934,2960,2989,3032,3073,2996,2999,3133,2894,3003,2999,2985,2988,3096
ITE18,Arezzo,2020,2186,2237,2421,2513,2472,2663,2648,2853,2924,2965,2995,3016,3076,2992,3004,3127,2900,3008,3033,3008,3037
ITE18,Arezzo,2021,2157,2198,2252,2445,2566,2518,2667,2656,2852,2930,2942,2994,3024,3101,3002,3015,3137,2924,3018,3046,3021
ITE18,Arezzo,2022,2175,2180,2217,2258,2435,2581,2523,2686,2683,2869,2942,2953,2997,3050,3119,3017,3036,3165,2913,3036,3058
ITE18,Arezzo,2023,2007,2207,2207,2238,2266,2443,2591,2537,2711,2674,2883,2944,2971,3004,3074,3121,3044,3055,3183,2952,3070
ITE18,Arezzo,2024,1946,2023,2231,2209,2245,2275,2449,2602,2556,2727,2692,2894,2971,2969,3006,3090,3138,3083,3088,3212,3003
ITE18,Arezzo,2025,2024,1983,2045,2237,2226,2272,2284,2457,2613,2575,2731,2709,2900,2997,2973,3017,3107,3178,3126,3142,3286
ITE18,Arezzo,2026,1907,2036,2013,2071,2273,2257,2303,2309,2480,2628,2577,2761,2730,2922,3013,3001,3050,3137,3206,3178,3188
ITE34,Ascoli Piceno,2019,1305,1367,1494,1501,1639,1625,1621,1665,1726,1731,1832,1748,1773,1749,1869,1770,1739,1788,1972,1963,2112
ITE34,Ascoli Piceno,2020,1239,1327,1377,1500,1507,1652,1631,1625,1669,1726,1735,1847,1750,1770,1749,1876,1766,1740,1797,1981,1978
ITE34,Ascoli Piceno,2021,1244,1245,1317,1386,1502,1516,1640,1632,1621,1669,1728,1745,1832,1753,1770,1753,1873,1778,1751,1813,1987
ITE34,Ascoli Piceno,2022,1203,1254,1259,1316,1393,1498,1516,1649,1645,1640,1681,1737,1762,1832,1761,1776,1768,1886,1783,1749,1822
ITE34,Ascoli Piceno,2023,1190,1222,1276,1265,1330,1404,1523,1537,1660,1671,1656,1687,1749,1766,1855,1768,1784,1778,1906,1789,1762
ITE34,Ascoli Piceno,2024,1192,1186,1239,1286,1271,1338,1420,1532,1561,1669,1688,1664,1698,1768,1781,1871,1780,1807,1818,1942,1814
ITE34,Ascoli Piceno,2025,1135,1194,1208,1260,1298,1273,1352,1432,1547,1575,1696,1688,1679,1717,1775,1792,1886,1788,1836,1843,1951
ITE34,Ascoli Piceno,2026,1141,1147,1202,1226,1268,1293,1277,1365,1432,1568,1574,1702,1711,1699,1725,1785,1817,1900,1798,1858,1865
ITC17,Asti,2019,1338,1537,1564,1586,1639,1720,1775,1773,1748,1867,1880,1895,1872,1909,1882,1863,1918,1857,1893,1972,2048
ITC17,Asti,2020,1324,1336,1529,1570,1585,1642,1727,1762,1761,1743,1850,1885,1888,1871,1904,1874,1877,1932,1855,1914,1973
ITC17,Asti,2021,1260,1337,1352,1543,1610,1621,1638,1743,1778,1768,1764,1860,1898,1902,1874,1912,1877,1870,1917,1843,1903
ITC17,Asti,2022,1245,1285,1365,1358,1540,1602,1621,1646,1737,1798,1776,1766,1863,1917,1891,1884,1919,1892,1892,1922,1873
ITC17,Asti,2023,1226,1291,1317,1387,1384,1552,1618,1623,1667,1739,1831,1786,1779,1884,1920,1898,1893,1944,1903,1919,1944
ITC17,Asti,2024,1184,1241,1323,1331,1391,1392,1554,1626,1637,1669,1745,1828,1791,1796,1892,1928,1917,1905,1982,1943,1958
ITC17,Asti,2025,1215,1200,1257,1315,1349,1409,1401,1573,1644,1643,1684,1764,1834,1798,1806,1890,1950,1940,1931,2030,1969
ITC17,Asti,2026,1109,1245,1210,1280,1324,1365,1422,1413,1590,1654,1662,1693,1765,1862,1805,1826,1905,1956,1961,1942,2069
ITF34,Avellino,2019,2818,3068,3048,2977,3028,3201,3266,3279,3507,3621,3696,3693,3725,3741,3985,4056,4029,4081,4216,4422,4599
ITF34,Avellino,2020,2732,2835,3048,3032,2953,3040,3207,3269,3269,3518,3623,3675,3694,3726,3753,3989,4045,4041,4105,4229,4379
ITF34,Avellino,2021,2588,2737,2854,3090,3072,3008,3078,3214,3276,3306,3535,3627,3693,3718,3754,3778,4014,4075,4060,4092,4213
ITF34,Avellino,2022,2576,2598,2743,2866,3098,3073,2992,3070,3219,3283,3317,3541,3653,3703,3717,3761,3789,4046,4112,4046,4073
ITF34,Avellino,2023,2591,2579,2625,2776,2877,3090,3091,2992,3078,3221,3288,3330,3546,3662,3699,3732,3782,3874,4113,4131,4061
ITF34,Avellino,2024,2567,2615,2583,2639,2804,2899,3103,3106,2989,3081,3225,3315,3344,3560,3672,3707,3777,3853,3937,4117,4137
ITF34,Avellino,2025,2442,2580,2615,2600,2655,2804,2916,3109,3108,2988,3094,3223,3323,3368,3571,3676,3740,3862,3905,3955,4155
ITF34,Avellino,2026,2366,2454,2590,2621,2611,2666,2823,2932,3123,3108,2992,3089,3240,3332,3380,3581,3699,3765,3869,3932,3982
ITF42,Bari,2019,9184,9616,9778,9872,10202,10269,10682,11163,11384,11344,11526,11616,11795,11984,12330,12521,12382,12860,13245,13171,13167
ITF42,Bari,2020,8789,9269,9620,9808,9865,10258,10288,10709,11182,11399,11348,11538,11634,11801,11992,12339,12533,12382,12918,13237,13138
ITF42,Bari,2021,8403,8969,9462,9814,10048,10109,10423,10483,10901,11374,11608,11537,11756,11835,11994,12191,12510,12689,12505,12998,13306
ITF42,Bari,2022,8519,8452,9021,9511,9852,10067,10087,10459,10501,10925,11419,11629,11556,11785,11870,12033,12219,12559,12682,12470,13001
ITF42,Bari,2023,8596,8583,8523,9069,9548,9877,10105,10124,10492,10526,10943,11425,11669,11572,11790,11878,12049,12254,12607,12720,12495
ITF42,Bari,2024,8355,8633,8638,8590,9102,9582,9904,10146,10159,10540,10574,10979,11442,11695,11590,11821,11909,12076,12331,12625,12718
ITF42,Bari,2025,7916,8398,8708,8708,8646,9163,9628,9954,10165,10213,10568,10600,10985,11470,11714,11613,11850,11961,12186,12392,12687
ITF42,Bari,2026,7433,7952,8410,8732,8731,8695,9180,9663,9988,10200,10255,10594,10624,11013,11499,11767,11676,11932,12036,12269,12491
ITD33,Belluno,2019,1272,1293,1325,1389,1394,1440,1555,1654,1685,1668,1762,1693,1770,1730,1777,1773,1879,1735,1958,1837,1919
ITD33,Belluno,2020,1174,1293,1285,1331,1406,1405,1455,1558,1660,1701,1679,1769,1706,1772,1739,1789,1781,1877,1757,1958,1839
ITD33,Belluno,2021,1202,1187,1305,1300,1359,1416,1418,1466,1557,1681,1700,1688,1771,1703,1787,1737,1793,1772,1880,1772,1957
ITD33,Belluno,2022,1173,1214,1196,1313,1304,1350,1415,1424,1467,1576,1687,1704,1686,1774,1709,1783,1745,1790,1778,1878,1758
ITD33,Belluno,2023,1128,1195,1225,1193,1325,1307,1362,1418,1446,1480,1589,1693,1710,1697,1780,1711,1793,1750,1804,1805,1895
ITD33,Belluno,2024,1064,1128,1209,1227,1204,1327,1325,1358,1432,1461,1487,1596,1699,1727,1706,1796,1720,1804,1774,1850,1827
ITD33,Belluno,2025,1078,1076,1145,1234,1239,1217,1324,1339,1367,1442,1467,1500,1598,1708,1735,1715,1804,1734,1823,1814,1889
ITD33,Belluno,2026,1068,1097,1085,1154,1251,1252,1221,1335,1350,1369,1448,1485,1509,1609,1722,1750,1725,1821,1760,1840,1841
ITF32,Benevento,2019,1919,2047,2035,2014,2020,2138,2100,2245,2275,2393,2361,2469,2427,2506,2584,2584,2706,2690,2939,2910,3116
ITF32,Benevento,2020,1924,1899,2032,2024,2007,2019,2135,2099,2245,2290,2383,2346,2471,2444,2493,2590,2585,2711,2725,2938,2864
ITF32,Benevento,2021,1778,1938,1901,2041,2046,2026,2012,2147,2098,2260,2297,2386,2358,2467,2440,2493,2593,2590,2716,2720,2898
ITF32,Benevento,2022,1649,1791,1945,1890,2018,2047,2013,2029,2144,2127,2265,2303,2387,2363,2483,2449,2505,2621,2613,2704,2709
ITF32,Benevento,2023,1796,1648,1797,1962,1895,2027,2052,2016,2022,2160,2135,2275,2313,2397,2366,2487,2451,2525,2654,2617,2727
ITF32,Benevento,2024,1670,1793,1645,1809,1979,1904,2036,2065,2028,2016,2166,2142,2279,2320,2395,2382,2512,2498,2576,2682,2671
ITF32,Benevento,2025,1620,1682,1810,1657,1819,1998,1907,2054,2061,2042,2007,2180,2143,2279,2320,2398,2420,2575,2574,2591,2714
ITF32,Benevento,2026,1526,1620,1679,1804,1662,1829,1995,1914,2064,2054,2048,2009,2174,2138,2284,2318,2404,2416,2562,2588,2623
ITC46,Bergamo,2019,8448,9068,9406,9530,10015,10300,10772,11215,11435,11805,11675,11540,11622,11385,11388,11443,11267,11344,11572,11302,11463
ITC46,Bergamo,2020,8207,8549,9162,9431,9570,10096,10275,10765,11211,11459,11769,11669,11531,11622,11428,11418,11486,11303,11423,11685,11394
ITC46,Bergamo,2021,7669,8334,8691,9270,9570,9748,10142,10379,10841,11256,11487,11850,11730,11623,11708,11503,11424,11485,11332,11471,11777
ITC46,Bergamo,2022,7688,7753,8377,8712,9255,9575,9731,10223,10416,10883,11290,11511,11848,11773,11674,11761,11537,11536,11528,11421,11573
ITC46,Bergamo,2023,7524,7784,7859,8480,8779,9349,9625,9776,10303,10486,10937,11332,11559,11902,11806,11737,11808,11591,11628,11704,11569
ITC46,Bergamo,2024,7384,7626,7896,7981,8573,8865,9454,9719,9868,10430,10572,11031,11446,11663,12024,11907,11847,11880,11709,11767,11850
ITC46,Bergamo,2025,7378,7481,7701,8026,8101,8705,8960,9536,9836,9964,10539,10651,11109,11522,11747,12104,12010,11911,12050,11857,11939
ITC46,Bergamo,2026,7214,7432,7564,7785,8079,8168,8793,9003,9615,9906,10032,10591,10691,11177,11584,11795,12183,12113,12025,12202,12009
ITC13,Biella,2019,954,972,1116,1069,1168,1154,1291,1250,1327,1384,1403,1462,1459,1440,1427,1523,1477,1459,1572,1538,1532
ITC13,Biella,2020,927,969,977,1106,1083,1159,1165,1296,1253,1337,1380,1405,1472,1462,1438,1428,1526,1479,1481,1581,1536
ITC13,Biella,2021,870,931,979,981,1105,1096,1154,1167,1295,1247,1328,1371,1393,1469,1453,1430,1412,1512,1467,1476,1570
ITC13,Biella,2022,879,884,945,997,984,1113,1104,1161,1174,1294,1258,1335,1374,1400,1471,1455,1444,1420,1509,1476,1477
ITC13,Biella,2023,833,892,910,959,1022,979,1137,1111,1179,1187,1299,1269,1352,1377,1416,1483,1462,1448,1442,1532,1491
ITC13,Biella,2024,857,859,894,927,975,1040,993,1156,1119,1197,1202,1311,1279,1367,1392,1429,1485,1472,1484,1467,1545
ITC13,Biella,2025,800,866,883,912,947,1001,1058,1010,1177,1140,1225,1230,1335,1294,1383,1409,1439,1523,1500,1508,1481
ITC13,Biella,2026,809,813,872,905,930,963,1014,1074,1024,1196,1150,1248,1237,1356,1312,1406,1421,1456,1543,1540,1528
ITD55,Bologna,2019,7526,7671,8076,8316,8583,8564,8737,8929,8990,9401,9116,9227,9227,8963,8990,8602,8764,8803,8948,8838,8634
ITD55,Bologna,2020,7165,7666,7705,8094,8351,8582,8577,8783,8930,8995,9434,9132,9239,9247,9033,9024,8671,8849,8922,9085,9000
ITD55,Bologna,2021,6962,7211,7666,7698,8130,8364,8476,8488,8689,8860,8931,9385,9093,9181,9199,9003,9062,8685,8841,9058,9351
ITD55,Bologna,2022,6971,6987,7216,7663,7656,8074,8323,8516,8520,8714,8906,8944,9415,9153,9255,9248,9028,9115,8767,8906,9083
ITD55,Bologna,2023,6856,7053,7009,7252,7657,7709,8066,8346,8521,8562,8782,8923,8970,9450,9194,9283,9303,9112,9314,8972,9118
ITD55,Bologna,2024,6533,6908,7066,7059,7294,7706,7769,8101,8392,8565,8616,8814,8949,9014,9495,9246,9315,9373,9311,9504,9181
ITD55,Bologna,2025,6567,6567,6938,7091,7108,7319,7765,7810,8139,8436,8609,8681,8883,9005,9073,9550,9323,9526,9618,9510,9676
ITD55,Bologna,2026,6338,6654,6621,7049,7162,7193,7426,7846,7933,8224,8516,8686,8767,8971,9091,9151,9668,9487,9652,9816,9710
ITD10,Bolzano / Bozen,2019,5284,5401,5519,5452,5668,5399,5603,5491,5506,5450,5632,5703,5681,5793,5771,5717,5575,5819,5949,6024,6090
ITD10,Bolzano / Bozen,2020,5225,5309,5440,5541,5518,5692,5412,5625,5524,5533,5484,5679,5731,5701,5818,5792,5760,5615,5886,6008,6056
ITD10,Bolzano / Bozen,2021,5186,5285,5351,5458,5537,5544,5662,5419,5642,5545,5526,5497,5655,5739,5693,5814,5789,5754,5612,5929,6076
ITD10,Bolzano / Bozen,2022,5162,5203,5309,5373,5480,5567,5551,5690,5449,5682,5610,5574,5571,5740,5785,5739,5861,5861,5842,5672,5931
ITD10,Bolzano / Bozen,2023,4909,5192,5222,5321,5415,5497,5588,5573,5700,5473,5692,5601,5595,5608,5761,5800,5773,5883,5901,5872,5703
ITD10,Bolzano / Bozen,2024,4696,4963,5229,5233,5352,5443,5515,5589,5608,5730,5501,5714,5643,5602,5637,5792,5832,5812,5943,5970,5906
ITD10,Bolzano / Bozen,2025,4552,4729,4986,5252,5249,5373,5439,5526,5604,5644,5739,5515,5742,5675,5627,5650,5822,5873,5887,6018,5997
ITD10,Bolzano / Bozen,2026,4674,4571,4762,4996,5288,5258,5377,5461,5521,5627,5679,5763,5544,5760,5720,5641,5680,5875,5924,5939,6094
ITC47,Brescia,2019,9645,10155,10560,10955,11104,11450,11795,12279,12953,13050,13028,13095,12967,12410,12566,12363,12204,12532,12519,12551,12588
ITC47,Brescia,2020,9237,9734,10201,10650,10962,11165,11460,11785,12285,12960,13011,12995,13059,12946,12410,12568,12383,12236,12618,12675,12654
ITC47,Brescia,2021,9078,9419,9894,10344,10812,11162,11201,11527,11844,12320,12985,13086,13116,13117,13037,12463,12606,12370,12217,12724,12789
ITC47,Brescia,2022,8851,9169,9520,9937,10386,10811,11143,11337,11588,11909,12409,13114,13145,13186,13212,13111,12516,12728,12428,12375,12826
ITC47,Brescia,2023,8726,8921,9278,9600,10057,10482,10925,11233,11404,11655,11986,12459,13151,13214,13285,13260,13193,12583,12838,12684,12569
ITC47,Brescia,2024,8622,8815,9037,9375,9696,10156,10543,11002,11316,11479,11761,12064,12560,13194,13288,13365,13333,13287,12735,13066,12886
ITC47,Brescia,2025,8326,8704,8897,9133,9432,9768,10265,10621,11081,11406,11556,11874,12159,12603,13284,13384,13448,13462,13467,12965,13220
ITC47,Brescia,2026,8197,8408,8778,9027,9211,9540,9860,10386,10707,11172,11476,11632,11927,12250,12701,13360,13514,13580,13622,13639,13133
ITF44,Brindisi,2019,2570,2677,2802,2863,3005,3195,3163,3313,3359,3589,3518,3541,3553,3571,3708,3635,3816,3893,4007,4160,4095
ITF44,Brindisi,2020,2384,2582,2673,2813,2870,3012,3187,3166,3329,3374,3581,3513,3555,3557,3578,3709,3630,3818,3895,4023,4132
ITF44,Brindisi,2021,2479,2413,2625,2740,2872,2932,3037,3225,3225,3366,3407,3628,3532,3590,3609,3621,3738,3667,3827,3894,3975
ITF44,Brindisi,2022,2406,2476,2431,2628,2739,2864,2938,3058,3244,3247,3377,3440,3641,3564,3615,3610,3630,3772,3665,3831,3892
ITF44,Brindisi,2023,2501,2402,2502,2445,2650,2758,2866,2950,3077,3256,3261,3382,3453,3653,3561,3625,3623,3654,3838,3692,3825
ITF44,Brindisi,2024,2337,2518,2409,2509,2449,2672,2771,2874,2956,3081,3260,3270,3398,3459,3653,3566,3632,3683,3707,3855,3663
ITF44,Brindisi,2025,2327,2368,2539,2439,2528,2477,2680,2778,2878,2980,3085,3255,3286,3397,3471,3655,3605,3682,3726,3741,3851
ITF44,Brindisi,2026,2014,2340,2386,2546,2437,2515,2486,2691,2784,2890,2984,3085,3261,3300,3395,3480,3673,3642,3707,3744,3751
ITG27,Cagliari,2019,2296,2598,2813,3037,2993,3076,3427,3394,3540,3577,3550,3478,3594,3520,3443,3647,3485,3638,3642,3703,3629
ITG27,Cagliari,2020,2287,2329,2594,2814,3037,3003,3098,3420,3395,3531,3590,3549,3497,3604,3521,3463,3652,3491,3665,3663,3705
ITG27,Cagliari,2021,2156,2334,2378,2645,2873,3110,3027,3153,3460,3457,3589,3659,3602,3555,3667,3572,3521,3705,3515,3682,3695
ITG27,Cagliari,2022,2145,2152,2355,2379,2639,2864,3115,3077,3179,3467,3456,3624,3683,3635,3568,3696,3579,3543,3708,3517,3691
ITG27,Cagliari,2023,2034,2183,2164,2350,2384,2670,2861,3128,3089,3185,3497,3473,3620,3697,3648,3584,3721,3599,3556,3743,3545
ITG27,Cagliari,2024,1852,2049,2203,2172,2376,2388,2677,2863,3140,3109,3187,3520,3471,3634,3715,3656,3597,3733,3620,3589,3751
ITG27,Cagliari,2025,1772,1864,2049,2196,2188,2374,2394,2672,2869,3149,3115,3190,3518,3492,3643,3724,3662,3607,3769,3632,3593
ITG27,Cagliari,2026,1581,1797,1880,2059,2211,2209,2387,2415,2685,2887,3166,3144,3193,3539,3496,3657,3734,3690,3645,3786,3679
ITG15,Caltanissetta,2019,1934,1978,2097,2159,2188,2160,2391,2243,2438,2524,2555,2519,2742,2823,2895,2829,2869,3019,3021,3222,3126
ITG15,Caltanissetta,2020,1757,1936,1958,2080,2124,2169,2140,2378,2235,2422,2509,2549,2511,2725,2791,2885,2812,2883,3012,2934,3131
ITG15,Caltanissetta,2021,1815,1794,1976,1990,2122,2176,2213,2160,2420,2266,2452,2522,2580,2536,2772,2829,2896,2837,2886,2983,2930
ITG15,Caltanissetta,2022,1794,1821,1787,1975,1977,2094,2165,2197,2165,2400,2283,2460,2539,2579,2537,2779,2843,2943,2831,2847,2970
ITG15,Caltanissetta,2023,1742,1823,1830,1806,1988,1973,2105,2172,2197,2153,2399,2280,2457,2545,2583,2546,2790,2894,3006,2825,2839
ITG15,Caltanissetta,2024,1738,1763,1827,1828,1812,1993,1977,2106,2160,2200,2149,2404,2283,2458,2537,2590,2583,2831,2905,2970,2797
ITG15,Caltanissetta,2025,1628,1750,1777,1819,1818,1805,1996,1980,2110,2158,2184,2145,2416,2280,2452,2541,2604,2606,2834,2892,2954
ITG15,Caltanissetta,2026,1548,1616,1741,1788,1807,1803,1816,1984,1981,2105,2147,2179,2137,2413,2282,2440,2528,2599,2601,2830,2871
ITF22,Campobasso,2019,1294,1504,1470,1525,1564,1590,1635,1701,1789,1654,1833,1825,1835,1876,1927,1966,1972,2023,2141,2267,2367
ITF22,Campobasso,2020,1327,1301,1498,1455,1514,1545,1575,1616,1700,1796,1648,1829,1819,1839,1869,1919,1968,1976,2047,2125,2238
ITF22,Campobasso,2021,1249,1336,1314,1502,1474,1518,1541,1565,1592,1699,1768,1636,1812,1814,1824,1866,1909,1976,1982,2044,2113
ITF22,Campobasso,2022,1196,1261,1350,1328,1505,1471,1514,1552,1575,1619,1705,1802,1653,1829,1822,1835,1882,1940,1995,1997,2039
ITF22,Campobasso,2023,1182,1209,1267,1381,1351,1513,1491,1528,1564,1594,1626,1715,1805,1662,1840,1842,1842,1899,1980,2009,2027
ITF22,Campobasso,2024,1200,1182,1219,1286,1389,1369,1511,1493,1536,1574,1607,1637,1733,1818,1682,1848,1872,1883,1946,1996,2054
ITF22,Campobasso,2025,1138,1203,1191,1236,1284,1402,1363,1519,1501,1540,1578,1617,1634,1746,1816,1691,1870,1913,1933,1971,2030
ITF22,Campobasso,2026,1092,1142,1217,1203,1257,1295,1414,1366,1522,1497,1543,1578,1634,1641,1760,1832,1701,1867,1927,1929,1990
ITF31,Caserta,2019,7878,8041,8229,8316,8269,8557,8852,9114,9674,9750,9839,9952,10077,10110,10645,10554,10511,10806,10802,10943,11105
ITF31,Caserta,2020,7373,7910,8069,8256,8315,8275,8563,8849,9110,9672,9751,9822,9959,10095,10147,10643,10585,10549,10833,10811,10893
ITF31,Caserta,2021,7555,7476,8018,8171,8424,8526,8350,8678,8886,9231,9784,9812,9916,10084,10193,10228,10707,10655,10510,10764,10678
ITF31,Caserta,2022,7147,7592,7556,8068,8223,8389,8493,8474,8712,8961,9284,9855,9867,9999,10122,10232,10278,10804,10605,10480,10721
ITF31,Caserta,2023,7603,7190,7643,7621,8099,8282,8455,8562,8514,8749,8982,9329,9890,9912,10032,10129,10277,10331,10860,10734,10561
ITF31,Caserta,2024,7440,7698,7252,7750,7711,8188,8320,8489,8608,8587,8810,9025,9389,9944,9963,10063,10196,10336,10421,10930,10745
ITF31,Caserta,2025,7054,7513,7769,7300,7830,7779,8221,8381,8537,8641,8661,8858,9079,9445,9991,10003,10113,10302,10480,10554,11027
ITF31,Caserta,2026,6829,7065,7516,7791,7320,7847,7808,8256,8400,8569,8656,8679,8909,9122,9479,10035,10043,10132,10360,10520,10696
ITG17,Catania,2019,9380,9551,9722,10163,10205,10071,10378,10279,10643,10801,11165,10887,11016,11351,11465,11514,11399,11519,12009,12145,12041
ITG17,Catania,2020,8993,9437,9560,9741,10158,10182,10050,10349,10236,10628,10766,11139,10891,11028,11335,11463,11501,11414,11559,12038,12016
ITG17,Catania,2021,8973,9302,9757,9868,10099,10546,10410,10320,10559,10784,10924,11052,11403,11142,11309,11567,11560,11529,11406,11439,11793
ITG17,Catania,2022,8935,9057,9330,9779,9887,10066,10475,10523,10344,10636,10847,10972,11075,11447,11202,11349,11639,11805,11516,11369,11386
ITG17,Catania,2023,8821,8983,9101,9358,9800,9918,10076,10470,10535,10353,10642,10841,10969,11079,11456,11212,11368,11678,11917,11590,11395
ITG17,Catania,2024,8432,8900,9024,9124,9393,9837,9890,10107,10489,10552,10345,10655,10828,10966,11104,11473,11274,11475,11788,11920,11602
ITG17,Catania,2025,8114,8499,8964,9039,9160,9420,9824,9882,10112,10485,10549,10345,10638,10851,10948,11117,11543,11382,11654,11782,11877
ITG17,Catania,2026,7683,8114,8501,8971,9046,9162,9416,9835,9908,10106,10486,10554,10360,10669,10858,10950,11134,11581,11411,11670,11797
ITF63,Catanzaro,2019,2602,2831,2976,2887,2943,2909,3113,3034,3045,3028,3135,3188,3278,3103,3346,3364,3326,3521,3655,3649,3801
ITF63,Catanzaro,2020,2525,2599,2821,2973,2899,2954,2894,3107,3017,3053,3011,3143,3186,3279,3086,3350,3358,3322,3545,3628,3602
ITF63,Catanzaro,2021,2494,2590,2644,2861,3044,2963,2960,2899,3122,3026,3061,3034,3159,3203,3284,3099,3358,3386,3351,3513,3593
ITF63,Catanzaro,2022,2429,2475,2583,2644,2855,3009,2930,2978,2915,3144,3031,3085,3040,3174,3225,3313,3131,3408,3376,3345,3485
ITF63,Catanzaro,2023,2388,2453,2492,2601,2651,2858,2992,2938,2984,2927,3146,3039,3090,3053,3188,3229,3320,3159,3450,3386,3336
ITF63,Catanzaro,2024,2314,2400,2467,2502,2615,2668,2854,2993,2947,2986,2925,3159,3027,3095,3072,3195,3252,3352,3185,3462,3375
ITF63,Catanzaro,2025,2245,2341,2411,2462,2527,2634,2688,2861,3008,2959,2987,2929,3176,3048,3107,3072,3211,3298,3397,3210,3479
ITF63,Catanzaro,2026,2100,2252,2350,2397,2464,2521,2644,2685,2872,3003,2973,2989,2933,3185,3052,3098,3083,3230,3305,3422,3230
ITF14,Chieti,2019,2492,2693,2836,2860,2905,2974,3176,3204,3386,3330,3402,3374,3338,3310,3249,3385,3294,3382,3506,3569,3553
ITF14,Chieti,2020,2390,2505,2701,2840,2874,2937,2963,3190,3193,3379,3333,3408,3384,3352,3304,3278,3383,3301,3415,3526,3565
ITF14,Chieti,2021,2289,2429,2551,2758,2899,2935,2958,2989,3214,3223,3392,3349,3409,3403,3359,3337,3305,3418,3343,3425,3544
ITF14,Chieti,2022,2393,2295,2421,2558,2758,2895,2920,2962,3007,3234,3247,3424,3383,3421,3416,3365,3349,3310,3402,3333,3427
ITF14,Chieti,2023,2264,2417,2322,2453,2588,2776,2915,2963,2974,3033,3239,3276,3449,3394,3445,3439,3388,3385,3357,3440,3382
ITF14,Chieti,2024,2180,2273,2448,2358,2485,2618,2798,2922,2982,2996,3046,3258,3277,3456,3405,3451,3454,3413,3416,3389,3483
ITF14,Chieti,2025,2110,2209,2302,2473,2394,2472,2664,2830,2936,2979,3022,3045,3261,3293,3474,3416,3470,3481,3455,3462,3433
ITF14,Chieti,2026,2005,2124,2204,2317,2477,2408,2483,2673,2828,2962,2978,3031,3057,3286,3299,3495,3443,3480,3502,3481,3515
ITC42,Como,2019,4258,4578,4895,5029,5088,5232,5481,5524,5673,5850,5833,5699,5705,5696,5730,5558,5357,5617,5741,5763,5688
ITC42,Como,2020,4186,4336,4605,4877,5024,5070,5253,5476,5522,5686,5843,5852,5732,5732,5680,5756,5567,5350,5651,5797,5801
ITC42,Como,2021,4041,4265,4410,4689,4974,5140,5126,5308,5513,5586,5721,5883,5902,5770,5805,5741,5759,5553,5359,5669,5818
ITC42,Como,2022,3935,4092,4257,4414,4687,4959,5120,5144,5307,5546,5557,5728,5899,5888,5765,5806,5739,5808,5551,5364,5649
ITC42,Como,2023,3807,3971,4145,4332,4446,4723,4992,5147,5180,5339,5570,5602,5732,5916,5915,5806,5830,5781,5835,5642,5452
ITC42,Como,2024,3781,3856,4019,4176,4385,4492,4737,5063,5176,5209,5365,5600,5610,5738,5934,5940,5835,5842,5849,5925,5725
ITC42,Como,2025,3743,3805,3912,4060,4197,4385,4525,4752,5084,5194,5228,5369,5627,5634,5760,5949,5972,5858,5902,5895,6011
ITC42,Como,2026,3553,3766,3823,3945,4075,4253,4418,4566,4784,5093,5213,5262,5389,5669,5675,5785,5965,6010,5916,5972,5956
ITF61,Cosenza,2019,5175,5337,5570,5554,5602,5651,5647,5851,5809,6236,6061,6086,6323,6252,6453,6498,6539,6578,6767,6880,7019
ITF61,Cosenza,2020,4939,5176,5347,5559,5550,5612,5645,5643,5863,5814,6224,6064,6094,6332,6277,6465,6494,6558,6602,6790,6833
ITF61,Cosenza,2021,4808,5014,5267,5438,5671,5689,5606,5672,5766,5887,5829,6229,6054,6099,6371,6313,6473,6509,6577,6613,6771
ITF61,Cosenza,2022,4569,4819,5020,5276,5454,5649,5638,5658,5696,5766,5947,5891,6283,6114,6162,6456,6349,6549,6514,6543,6566
ITF61,Cosenza,2023,4629,4606,4875,5062,5318,5484,5679,5648,5672,5720,5772,5967,5898,6296,6113,6174,6482,6389,6618,6565,6612
ITF61,Cosenza,2024,4566,4630,4638,4892,5099,5332,5510,5693,5665,5694,5747,5826,5998,5926,6304,6125,6197,6532,6436,6664,6593
ITF61,Cosenza,2025,4245,4616,4655,4651,4896,5116,5355,5512,5712,5681,5685,5754,5847,6001,5925,6342,6151,6252,6617,6513,6760
ITF61,Cosenza,2026,4074,4252,4633,4684,4672,4907,5119,5373,5531,5749,5725,5697,5780,5875,6016,5958,6362,6217,6308,6660,6571
ITF62,Crotone,2019,1447,1485,1494,1549,1492,1550,1608,1647,1789,1723,1825,1681,1815,1841,1930,1872,1784,1885,2059,2029,2081
ITF62,Crotone,2020,1387,1452,1464,1478,1544,1505,1534,1599,1647,1790,1715,1813,1672,1801,1836,1923,1857,1778,1889,2021,1982
ITF62,Crotone,2021,1346,1395,1458,1487,1503,1563,1498,1527,1584,1646,1779,1701,1795,1663,1787,1836,1909,1844,1737,1861,1943
ITF62,Crotone,2022,1276,1354,1410,1464,1479,1489,1544,1512,1532,1599,1662,1789,1714,1816,1665,1796,1847,1933,1824,1733,1849
ITF62,Crotone,2023,1355,1280,1358,1425,1474,1478,1499,1551,1521,1535,1605,1670,1794,1721,1816,1684,1803,1855,1949,1824,1731
ITF62,Crotone,2024,1236,1351,1276,1374,1431,1475,1488,1500,1554,1519,1550,1607,1659,1794,1721,1817,1693,1802,1873,1945,1825
ITF62,Crotone,2025,1220,1234,1361,1278,1367,1437,1475,1468,1498,1545,1516,1546,1608,1642,1794,1726,1819,1696,1826,1896,1988
ITF62,Crotone,2026,1115,1241,1224,1367,1275,1371,1430,1476,1476,1502,1544,1526,1550,1615,1659,1794,1739,1826,1710,1837,1908
ITC16,Cuneo,2019,4457,4699,4892,4923,5132,5236,5294,5312,5402,5595,5529,5489,5434,5437,5421,5339,5293,5550,5792,5709,5961
ITC16,Cuneo,2020,4348,4481,4707,4908,4902,5141,5231,5299,5320,5402,5594,5530,5501,5428,5429,5434,5354,5303,5568,5854,5759
ITC16,Cuneo,2021,4185,4361,4501,4742,4948,4962,5162,5249,5327,5337,5421,5593,5549,5531,5429,5437,5401,5350,5305,5600,5904
ITC16,Cuneo,2022,4247,4235,4388,4516,4769,4962,4958,5191,5258,5324,5345,5436,5617,5551,5542,5461,5425,5454,5381,5351,5620
ITC16,Cuneo,2023,3981,4244,4280,4421,4559,4806,4979,4986,5222,5278,5366,5373,5468,5642,5577,5596,5518,5477,5544,5491,5465
ITC16,Cuneo,2024,3971,4017,4288,4324,4445,4602,4833,4989,5021,5242,5318,5421,5413,5515,5660,5617,5653,5548,5555,5655,5616
ITC16,Cuneo,2025,3846,3996,4025,4318,4341,4491,4615,4883,5011,5058,5281,5354,5474,5460,5538,5688,5636,5702,5630,5656,5757
ITC16,Cuneo,2026,3796,3879,4048,4052,4344,4373,4513,4648,4916,5032,5090,5308,5389,5517,5475,5547,5743,5688,5761,5684,5748
ITG16,Enna,2019,1123,1176,1152,1235,1195,1205,1247,1395,1402,1499,1494,1499,1567,1587,1564,1619,1674,1779,1901,1988,1878
ITG16,Enna,2020,1046,1121,1170,1135,1230,1183,1195,1242,1389,1396,1483,1483,1488,1556,1580,1557,1609,1676,1779,1888,1934
ITG16,Enna,2021,1006,1089,1133,1179,1167,1249,1180,1207,1245,1390,1397,1489,1471,1492,1558,1606,1559,1628,1680,1772,1852
ITG16,Enna,2022,1027,1012,1086,1132,1186,1156,1237,1184,1211,1250,1392,1399,1488,1483,1502,1573,1611,1603,1647,1669,1766
ITG16,Enna,2023,1006,1032,1024,1083,1136,1187,1171,1227,1177,1212,1251,1381,1406,1480,1484,1503,1567,1607,1628,1666,1675
ITG16,Enna,2024,1018,1006,1044,1038,1082,1146,1194,1174,1231,1184,1209,1249,1369,1401,1491,1488,1512,1590,1644,1618,1670
ITG16,Enna,2025,939,1032,1006,1055,1036,1094,1153,1197,1177,1230,1192,1203,1253,1361,1403,1483,1495,1550,1650,1660,1624
ITG16,Enna,2026,917,935,1039,1022,1065,1039,1093,1155,1199,1175,1228,1198,1210,1249,1377,1402,1485,1503,1551,1647,1668
ITD56,Ferrara,2019,1987,2054,2142,2148,2335,2425,2563,2672,2743,2840,2827,2747,2735,2744,2662,2636,2653,2595,2607,2639,2792
ITD56,Ferrara,2020,1961,2020,2080,2174,2180,2368,2444,2561,2685,2758,2849,2842,2750,2744,2745,2679,2640,2695,2627,2650,2716
ITD56,Ferrara,2021,1812,1991,2038,2113,2210,2234,2370,2465,2579,2691,2775,2864,2873,2757,2773,2750,2693,2639,2705,2636,2696
ITD56,Ferrara,2022,1869,1836,2027,2084,2144,2241,2232,2411,2518,2593,2705,2802,2887,2900,2782,2796,2775,2721,2658,2738,2666
ITD56,Ferrara,2023,1869,1923,1870,2083,2111,2189,2273,2267,2442,2542,2624,2728,2847,2929,2917,2828,2817,2800,2758,2735,2813
ITD56,Ferrara,2024,1819,1894,1971,1896,2120,2153,2222,2324,2308,2469,2584,2653,2762,2892,2980,2933,2858,2871,2868,2821,2797
ITD56,Ferrara,2025,1750,1837,1938,2002,1919,2162,2195,2282,2348,2334,2519,2627,2690,2796,2930,3016,2949,2886,2936,2913,2916
ITD56,Ferrara,2026,1718,1797,1869,1980,2032,1945,2192,2232,2312,2388,2373,2565,2666,2708,2815,2956,3038,2988,2925,3002,2986
ITE14,Firenze,2019,6824,7205,7419,7531,8081,8074,8559,8484,8854,8976,9175,9037,9027,9140,9189,9014,9107,9002,9279,8875,9138
ITE14,Firenze,2020,6501,6869,7196,7427,7531,8104,8045,8560,8498,8867,8976,9197,9032,9045,9137,9225,9076,9150,9097,9317,8919
ITE14,Firenze,2021,6347,6569,6954,7285,7589,7700,8163,8119,8649,8625,8941,9058,9286,9125,9174,9289,9343,9220,9281,9314,9726
ITE14,Firenze,2022,6402,6349,6585,6950,7327,7546,7591,8186,8139,8646,8617,8978,9088,9299,9190,9218,9317,9402,9192,9217,9157
ITE14,Firenze,2023,6250,6433,6386,6606,6979,7327,7556,7613,8183,8176,8698,8651,9000,9098,9357,9245,9293,9387,9582,9352,9376
ITE14,Firenze,2024,5912,6295,6486,6443,6615,7049,7386,7587,7672,8250,8251,8746,8701,9064,9183,9428,9317,9383,9580,9716,9508
ITE14,Firenze,2025,5912,5956,6308,6527,6504,6684,7054,7447,7632,7741,8289,8316,8788,8759,9139,9261,9484,9453,9569,9794,9924
ITE14,Firenze,2026,5814,5929,6008,6369,6614,6542,6754,7123,7503,7686,7809,8337,8383,8859,8810,9205,9334,9580,9576,9705,9996
ITF41,Foggia,2019,4491,4692,4949,5083,5199,5323,5407,5548,5815,6085,6121,6089,6161,6358,6579,6672,6745,6884,7070,7221,7395
ITF41,Foggia,2020,4389,4458,4701,4921,5072,5194,5314,5385,5523,5786,6058,6107,6070,6141,6331,6588,6668,6732,6878,7065,7248
ITF41,Foggia,2021,4320,4440,4520,4785,5039,5184,5267,5345,5416,5579,5864,6113,6154,6114,6194,6420,6682,6741,6760,6889,7139
ITF41,Foggia,2022,4157,4335,4425,4529,4792,4980,5147,5271,5352,5427,5606,5874,6121,6167,6130,6220,6429,6726,6691,6751,6840
ITF41,Foggia,2023,4159,4158,4368,4470,4551,4806,5016,5179,5290,5369,5437,5610,5881,6142,6181,6136,6221,6457,6776,6720,6741
ITF41,Foggia,2024,4234,4177,4194,4380,4502,4561,4831,5012,5172,5315,5365,5446,5633,5909,6149,6190,6142,6279,6504,6819,6680
ITF41,Foggia,2025,3794,4259,4181,4218,4398,4535,4559,4824,5040,5179,5323,5344,5466,5628,5903,6150,6202,6189,6327,6520,6839
ITF41,Foggia,2026,3695,3786,4255,4180,4232,4411,4541,4570,4814,5030,5179,5344,5353,5471,5651,5904,6160,6240,6208,6368,6529
ITD58,Forlì-Cesena,2019,2840,2933,3074,3193,3329,3461,3516,3660,3696,3730,3737,3764,3774,3654,3685,3600,3555,3503,3608,3410,3577
ITD58,Forlì-Cesena,2020,2621,2858,2961,3099,3208,3324,3473,3518,3655,3710,3718,3767,3769,3770,3666,3696,3587,3577,3548,3652,3474
ITD58,Forlì-Cesena,2021,2558,2633,2857,2986,3114,3221,3313,3464,3518,3671,3719,3722,3765,3789,3794,3673,3718,3579,3585,3594,3707
ITD58,Forlì-Cesena,2022,2510,2564,2656,2842,3006,3126,3212,3329,3503,3538,3703,3742,3751,3777,3808,3813,3678,3727,3599,3637,3632
ITD58,Forlì-Cesena,2023,2631,2529,2604,2689,2874,3025,3152,3229,3349,3519,3564,3748,3761,3775,3814,3839,3827,3702,3759,3670,3683
ITD58,Forlì-Cesena,2024,2513,2677,2583,2651,2720,2911,3052,3205,3256,3384,3544,3594,3770,3789,3790,3844,3862,3861,3736,3827,3724
ITD58,Forlì-Cesena,2025,2340,2535,2716,2618,2678,2749,2948,3087,3227,3286,3415,3571,3623,3785,3815,3816,3864,3885,3919,3800,3916
ITD58,Forlì-Cesena,2026,2209,2371,2558,2740,2647,2711,2793,2963,3110,3265,3314,3451,3604,3643,3810,3857,3851,3901,3935,3966,3848
ITE45,Frosinone,2019,3294,3619,3864,3808,3800,3949,4105,4065,4306,4193,4263,4287,4119,4152,4281,4226,4201,4187,4513,4597,4677
ITE45,Frosinone,2020,3149,3317,3607,3839,3807,3787,3944,4108,4066,4324,4187,4254,4283,4123,4130,4267,4233,4206,4184,4505,4583
ITE45,Frosinone,2021,3154,3211,3359,3667,3928,3874,3816,3952,4115,4067,4336,4199,4285,4314,4186,4168,4300,4234,4246,4231,4546
ITE45,Frosinone,2022,2990,3155,3206,3356,3653,3914,3839,3831,3974,4133,4089,4376,4237,4312,4329,4203,4194,4333,4236,4236,4214
ITE45,Frosinone,2023,2954,3007,3179,3228,3366,3657,3923,3838,3844,3968,4144,4099,4383,4227,4332,4339,4206,4205,4352,4257,4265
ITE45,Frosinone,2024,2835,2978,3031,3182,3249,3391,3656,3952,3855,3858,3987,4190,4113,4398,4235,4337,4346,4223,4244,4389,4276
ITE45,Frosinone,2025,2674,2878,2997,3043,3193,3273,3404,3653,3962,3862,3850,3997,4197,4119,4385,4242,4346,4376,4269,4278,4393
ITE45,Frosinone,2026,2400,2688,2883,2993,3052,3207,3276,3419,3659,3981,3874,3855,4002,4207,4127,4401,4261,4350,4388,4302,4319
ITC33,Genova,2019,4747,5204,5295,5486,5901,5971,6270,6160,6507,6820,6918,6696,6864,6753,6764,6712,6970,7004,7101,7113,7198
ITC33,Genova,2020,4723,4826,5237,5339,5511,5915,5940,6288,6170,6534,6841,6955,6720,6894,6779,6789,6746,7060,7098,7186,7159
ITC33,Genova,2021,4768,4837,4932,5401,5473,5663,6010,6064,6391,6290,6653,6957,7058,6824,7013,6905,6881,6887,7150,7182,7293
ITC33,Genova,2022,4679,4826,4883,4970,5421,5443,5652,6057,6091,6395,6328,6675,6995,7088,6868,7021,6930,6994,6923,7165,7209
ITC33,Genova,2023,4663,4717,4911,4983,5067,5493,5521,5708,6133,6133,6449,6372,6744,7057,7148,6932,7063,7017,7120,7040,7302
ITC33,Genova,2024,4626,4729,4807,5000,5057,5166,5583,5620,5811,6213,6242,6541,6464,6855,7161,7233,7046,7223,7217,7290,7230
ITC33,Genova,2025,4647,4698,4804,4899,5073,5162,5281,5647,5699,5905,6277,6330,6616,6566,6935,7254,7319,7210,7390,7443,7484
ITC33,Genova,2026,4659,4711,4787,4908,4980,5151,5261,5362,5733,5784,5976,6342,6391,6688,6650,7033,7346,7437,7325,7565,7648
ITD43,Gorizia,2019,895,966,963,1030,987,1008,1063,1147,1178,1122,1184,1199,1209,1189,1153,1186,1194,1246,1234,1162,1222
ITD43,Gorizia,2020,834,908,981,981,1046,999,1024,1092,1161,1173,1139,1195,1210,1226,1197,1166,1184,1202,1261,1250,1189
ITD43,Gorizia,2021,898,855,933,992,991,1057,1019,1038,1096,1181,1183,1153,1219,1216,1236,1223,1187,1210,1226,1287,1278
ITD43,Gorizia,2022,823,903,885,947,1014,993,1069,1014,1048,1119,1193,1195,1162,1233,1221,1248,1241,1192,1225,1250,1314
ITD43,Gorizia,2023,932,833,909,893,956,1027,1003,1088,1030,1054,1140,1217,1210,1174,1247,1236,1262,1256,1214,1252,1262
ITD43,Gorizia,2024,920,946,842,931,915,974,1038,1016,1107,1038,1080,1146,1230,1221,1180,1261,1243,1283,1285,1249,1270
ITD43,Gorizia,2025,824,932,969,857,938,927,974,1054,1031,1111,1037,1084,1166,1230,1219,1198,1264,1246,1311,1311,1290
ITD43,Gorizia,2026,892,821,949,972,868,951,942,992,1068,1040,1119,1042,1093,1176,1245,1222,1224,1286,1264,1327,1332
ITC31,Imperia,2019,1219,1326,1387,1391,1472,1466,1548,1546,1591,1676,1715,1730,1648,1755,1742,1657,1656,1785,1806,1870,1917
ITC31,Imperia,2020,1181,1248,1358,1394,1403,1488,1499,1551,1557,1606,1681,1719,1740,1656,1768,1760,1676,1665,1810,1835,1883
ITC31,Imperia,2021,1316,1249,1315,1407,1474,1484,1513,1547,1575,1606,1663,1717,1755,1760,1681,1812,1796,1684,1682,1829,1859
ITC31,Imperia,2022,1248,1339,1264,1330,1419,1462,1486,1537,1551,1611,1614,1667,1727,1780,1786,1705,1825,1828,1666,1708,1850
ITC31,Imperia,2023,1231,1271,1352,1293,1357,1455,1496,1514,1567,1588,1643,1654,1683,1746,1806,1805,1717,1859,1842,1712,1728
ITC31,Imperia,2024,1155,1241,1285,1361,1308,1371,1486,1528,1547,1596,1605,1671,1683,1720,1781,1843,1823,1747,1893,1884,1750
ITC31,Imperia,2025,1213,1187,1266,1315,1381,1342,1406,1516,1580,1566,1631,1645,1698,1707,1743,1810,1886,1867,1772,1924,1902
ITC31,Imperia,2026,1095,1250,1217,1295,1339,1411,1364,1419,1542,1605,1598,1650,1670,1708,1745,1762,1839,1921,1888,1813,1975
ITF21,Isernia,2019,560,582,574,604,605,616,631,610,644,625,646,657,646,686,647,630,690,692,752,740,878
ITF21,Isernia,2020,561,562,581,571,601,608,617,629,616,648,623,642,662,640,679,647,635,696,693,742,727
ITF21,Isernia,2021,457,552,566,586,572,608,603,627,628,612,642,625,646,656,637,683,648,657,714,692,723
ITF21,Isernia,2022,472,448,547,555,582,565,600,607,619,627,611,635,625,643,658,642,683,662,666,710,689
ITF21,Isernia,2023,503,466,449,533,553,579,573,607,597,617,626,602,644,626,639,661,643,700,672,675,732
ITF21,Isernia,2024,447,495,456,450,533,555,571,567,600,597,613,626,600,643,625,644,670,655,719,693,678
ITF21,Isernia,2025,429,446,499,461,453,534,562,568,580,598,607,619,630,593,648,626,656,684,685,737,700
ITF21,Isernia,2026,410,428,448,500,468,450,543,570,573,581,604,605,623,626,606,651,633,660,696,691,738
ITF11,L'Aquila,2019,2021,2104,2189,2302,2262,2304,2519,2439,2518,2460,2482,2420,2373,2468,2510,2436,2372,2523,2631,2683,2741
ITF11,L'Aquila,2020,1851,2020,2101,2203,2299,2255,2312,2529,2450,2508,2462,2469,2417,2372,2467,2508,2440,2388,2530,2643,2651
ITF11,L'Aquila,2021,1857,1882,2041,2124,2216,2339,2252,2291,2512,2479,2497,2466,2470,2417,2381,2467,2505,2435,2380,2523,2654
ITF11,L'Aquila,2022,1711,1864,1881,2047,2118,2197,2320,2249,2302,2525,2485,2511,2471,2479,2445,2395,2481,2531,2462,2387,2532
ITF11,L'Aquila,2023,1760,1722,1891,1887,2046,2123,2196,2319,2262,2315,2548,2488,2511,2473,2499,2457,2392,2501,2579,2486,2433
ITF11,L'Aquila,2024,1659,1753,1726,1905,1902,2047,2130,2213,2330,2292,2335,2566,2516,2532,2493,2515,2475,2428,2578,2647,2523
ITF11,L'Aquila,2025,1687,1664,1765,1745,1924,1920,2041,2141,2228,2350,2300,2373,2570,2529,2545,2492,2534,2526,2509,2635,2690
ITF11,L'Aquila,2026,1549,1719,1697,1793,1769,1952,1947,2067,2168,2260,2374,2321,2385,2587,2553,2557,2525,2554,2564,2552,2684
ITC34,La Spezia,2019,1343,1481,1518,1457,1526,1617,1680,1654,1694,1754,1808,1739,1832,1707,1809,1715,1732,1778,1823,1798,1873
ITC34,La Spezia,2020,1321,1363,1503,1512,1465,1537,1628,1687,1663,1701,1771,1822,1747,1840,1713,1822,1725,1751,1797,1833,1821
ITC34,La Spezia,2021,1312,1345,1367,1524,1551,1512,1555,1667,1710,1707,1721,1803,1829,1773,1872,1723,1849,1749,1762,1821,1852
ITC34,La Spezia,2022,1276,1319,1356,1377,1538,1550,1520,1579,1682,1732,1724,1754,1810,1842,1799,1885,1737,1875,1764,1786,1829
ITC34,La Spezia,2023,1217,1302,1331,1370,1413,1554,1567,1535,1591,1701,1742,1741,1759,1824,1862,1814,1909,1758,1918,1812,1812
ITC34,La Spezia,2024,1233,1220,1311,1351,1385,1432,1581,1582,1569,1608,1724,1762,1762,1783,1835,1883,1833,1947,1791,1976,1868
ITC34,La Spezia,2025,1228,1252,1226,1300,1370,1402,1458,1598,1592,1579,1628,1735,1777,1787,1792,1851,1901,1860,1974,1835,2020
ITC34,La Spezia,2026,1089,1241,1260,1241,1325,1393,1422,1482,1596,1611,1595,1643,1743,1774,1792,1809,1879,1916,1895,1996,1881
ITE44,Latina,2019,4407,4625,4730,4713,4959,5158,5270,5278,5453,5393,5338,5288,5324,5178,5170,5275,5220,5307,5523,5688,5571
ITE44,Latina,2020,4083,4459,4634,4735,4729,4971,5160,5272,5300,5469,5392,5342,5298,5338,5178,5203,5319,5236,5365,5586,5718
ITE44,Latina,2021,3964,4224,4589,4771,4908,4896,5012,5226,5305,5423,5601,5540,5472,5453,5491,5310,5340,5446,5335,5501,5683
ITE44,Latina,2022,4054,3972,4225,4570,4778,4887,4854,5119,5296,5391,5483,5631,5590,5533,5494,5515,5338,5396,5428,5344,5496
ITE44,Latina,2023,3818,4073,3982,4258,4598,4808,4902,4857,5113,5293,5388,5503,5640,5606,5549,5500,5547,5372,5474,5516,5435
ITE44,Latina,2024,3706,3837,4057,4022,4292,4609,4812,4908,4872,5133,5324,5423,5528,5671,5642,5598,5564,5619,5446,5537,5625
ITE44,Latina,2025,3432,3731,3848,4079,4019,4326,4631,4816,4925,4884,5124,5340,5440,5559,5678,5639,5613,5587,5680,5539,5658
ITE44,Latina,2026,3371,3457,3762,3892,4127,4059,4327,4641,4837,4951,4928,5151,5397,5468,5588,5703,5702,5678,5638,5749,5631
ITF45,Lecce,2019,5237,5362,5585,5688,5883,6241,6522,6555,6837,6778,7069,7164,7035,7223,7603,7629,7565,7981,8135,7936,8217
ITF45,Lecce,2020,4981,5284,5392,5590,5692,5926,6246,6520,6565,6883,6782,7077,7175,7058,7247,7634,7649,7600,8037,8150,7932
ITF45,Lecce,2021,4821,5075,5365,5499,5723,5816,5991,6312,6581,6634,6960,6834,7154,7230,7124,7316,7700,7747,7647,8057,8140
ITF45,Lecce,2022,4842,4877,5118,5391,5512,5743,5794,6045,6354,6621,6686,7001,6893,7201,7257,7176,7358,7790,7762,7653,8033
ITF45,Lecce,2023,4832,4889,4910,5164,5436,5537,5771,5817,6071,6380,6652,6712,7047,6915,7209,7271,7211,7434,7898,7777,7639
ITF45,Lecce,2024,4618,4876,4905,4949,5212,5476,5576,5784,5849,6092,6394,6684,6730,7065,6933,7244,7293,7301,7486,7896,7754
ITF45,Lecce,2025,4533,4644,4932,4961,4998,5245,5524,5607,5836,5872,6114,6434,6707,6765,7081,6952,7294,7384,7375,7523,7912
ITF45,Lecce,2026,4313,4560,4673,4948,4983,5014,5260,5556,5633,5855,5898,6144,6454,6723,6797,7119,6970,7307,7442,7420,7560
ITC43,Lecco,2019,2350,2631,2576,2837,2769,2874,3073,3117,3267,3315,3340,3287,3207,3295,3167,3162,3297,3234,3318,3304,3285
ITC43,Lecco,2020,2296,2382,2634,2586,2840,2749,2901,3057,3123,3284,3313,3342,3307,3208,3313,3167,3166,3323,3249,3346,3315
ITC43,Lecco,2021,2161,2342,2410,2663,2633,2879,2770,2918,3075,3125,3313,3343,3363,3318,3239,3324,3174,3168,3333,3277,3350
ITC43,Lecco,2022,2069,2171,2343,2426,2660,2638,2882,2791,2932,3086,3145,3317,3335,3380,3329,3253,3330,3195,3177,3354,3288
ITC43,Lecco,2023,2099,2087,2193,2382,2440,2684,2651,2907,2801,2946,3094,3159,3333,3341,3409,3354,3275,3344,3230,3218,3397
ITC43,Lecco,2024,2049,2126,2138,2234,2402,2458,2716,2655,2941,2807,2967,3116,3180,3359,3362,3416,3384,3309,3388,3270,3278
ITC43,Lecco,2025,2060,2080,2141,2158,2248,2433,2472,2728,2670,2969,2820,2981,3135,3198,3380,3371,3445,3396,3334,3458,3314
ITC43,Lecco,2026,1995,2093,2103,2170,2191,2289,2446,2481,2733,2709,2979,2839,3002,3167,3199,3397,3392,3485,3398,3366,3510
ITE16,Livorno,2019,2088,2191,2234,2354,2443,2464,2666,2698,2825,2892,2849,2949,2920,2750,2921,2762,2743,2828,2766,2745,2801
ITE16,Livorno,2020,1927,2114,2197,2245,2356,2467,2478,2689,2689,2837,2895,2864,2971,2928,2776,2936,2779,2763,2850,2794,2757
ITE16,Livorno,2021,1817,1971,2152,2236,2278,2404,2471,2503,2691,2714,2856,2900,2887,2988,2956,2813,2953,2793,2783,2849,2781
ITE16,Livorno,2022,1857,1814,1971,2162,2244,2276,2403,2490,2529,2706,2743,2884,2928,2909,3007,2984,2833,2988,2802,2785,2850
ITE16,Livorno,2023,1821,1888,1841,1989,2168,2269,2300,2411,2505,2536,2749,2765,2887,2944,2933,3035,3019,2880,3030,2830,2803
ITE16,Livorno,2024,1721,1850,1890,1860,2002,2181,2294,2320,2425,2533,2559,2767,2782,2902,2967,2971,3058,3047,2938,3077,2883
ITE16,Livorno,2025,1709,1732,1865,1921,1875,2029,2204,2309,2336,2450,2550,2570,2774,2799,2931,2982,2993,3087,3112,2974,3124
ITE16,Livorno,2026,1606,1732,1773,1902,1937,1895,2052,2206,2334,2347,2471,2555,2598,2786,2832,2955,3001,3040,3130,3138,3010
ITC49,Lodi,2019,1781,1876,1958,1957,2051,2032,2101,2145,2192,2374,2223,2212,2213,2213,2220,2135,2029,2114,2122,2140,2128
ITC49,Lodi,2020,1662,1810,1891,1978,1980,2071,2061,2128,2152,2195,2365,2225,2237,2225,2208,2217,2150,2037,2142,2141,2161
ITC49,Lodi,2021,1582,1727,1835,1939,2044,2029,2100,2092,2133,2173,2231,2417,2257,2263,2259,2232,2230,2176,2059,2141,2165
ITC49,Lodi,2022,1656,1615,1752,1832,1945,2050,2025,2116,2092,2167,2200,2224,2430,2280,2293,2268,2246,2249,2170,2072,2150
ITC49,Lodi,2023,1624,1676,1638,1787,1838,1962,2062,2037,2142,2103,2179,2203,2231,2442,2280,2315,2290,2269,2294,2210,2111
ITC49,Lodi,2024,1543,1652,1709,1665,1815,1860,1982,2081,2094,2173,2125,2198,2234,2259,2460,2306,2340,2312,2305,2345,2264
ITC49,Lodi,2025,1574,1547,1661,1726,1696,1854,1852,1988,2099,2124,2191,2140,2211,2250,2274,2473,2329,2376,2346,2351,2369
ITC49,Lodi,2026,1384,1611,1548,1682,1721,1711,1875,1850,1989,2114,2132,2222,2154,2239,2252,2296,2501,2351,2406,2373,2416
ITE12,Lucca,2019,2346,2515,2669,2674,2797,2945,3189,3139,3252,3218,3521,3418,3385,3414,3292,3274,3284,3375,3271,3323,3462
ITE12,Lucca,2020,2344,2371,2517,2682,2693,2825,2969,3208,3161,3286,3219,3517,3429,3398,3458,3309,3289,3305,3408,3315,3360
ITE12,Lucca,2021,2161,2408,2447,2594,2785,2790,2883,3031,3282,3224,3347,3280,3596,3483,3453,3518,3357,3354,3353,3449,3359
ITE12,Lucca,2022,2254,2168,2415,2460,2611,2768,2785,2929,3060,3317,3245,3370,3309,3611,3504,3483,3535,3380,3350,3356,3452
ITE12,Lucca,2023,2057,2279,2194,2461,2494,2642,2782,2808,2955,3083,3347,3268,3392,3336,3642,3531,3533,3584,3436,3406,3404
ITE12,Lucca,2024,2026,2100,2313,2232,2490,2518,2679,2811,2846,2976,3129,3384,3283,3414,3355,3676,3568,3581,3616,3484,3464
ITE12,Lucca,2025,2010,2043,2121,2325,2254,2512,2556,2719,2832,2862,2997,3151,3401,3297,3423,3367,3691,3608,3621,3668,3552
ITE12,Lucca,2026,1926,2040,2066,2143,2359,2264,2526,2577,2729,2835,2865,3006,3164,3431,3317,3440,3378,3729,3652,3647,3745
ITE33,Macerata,2019,2156,2312,2414,2477,2567,2533,2652,2767,2846,2906,2810,2864,2783,2774,2752,2795,2786,2745,2878,2903,2895
ITE33,Macerata,2020,2087,2144,2323,2394,2456,2560,2514,2640,2757,2833,2881,2789,2860,2775,2765,2746,2808,2785,2774,2904,2898
ITE33,Macerata,2021,2059,2103,2176,2341,2421,2474,2546,2497,2614,2760,2808,2868,2778,2864,2743,2768,2738,2828,2787,2790,2913
ITE33,Macerata,2022,2007,2062,2107,2175,2335,2429,2447,2562,2496,2627,2760,2832,2884,2795,2883,2764,2781,2757,2837,2802,2765
ITE33,Macerata,2023,1860,2022,2076,2125,2177,2357,2438,2452,2576,2511,2625,2759,2837,2883,2810,2889,2769,2783,2785,2879,2839
ITE33,Macerata,2024,1896,1869,2056,2088,2130,2208,2381,2464,2461,2584,2527,2646,2769,2852,2915,2841,2912,2798,2796,2809,2917
ITE33,Macerata,2025,1797,1905,1905,2078,2088,2137,2224,2388,2477,2485,2597,2542,2658,2807,2873,2946,2841,2931,2839,2866,2883
ITE33,Macerata,2026,1753,1804,1903,1908,2080,2105,2158,2246,2397,2500,2491,2611,2558,2688,2822,2896,2969,2870,2961,2885,2903
ITE11,Massa-Carrara,2019,1067,1218,1195,1180,1319,1400,1503,1517,1520,1451,1666,1589,1614,1588,1531,1539,1624,1559,1549,1583,1666
ITE11,Massa-Carrara,2020,965,1104,1233,1193,1190,1324,1411,1500,1527,1521,1456,1668,1587,1608,1598,1533,1539,1629,1561,1566,1586
ITE11,Massa-Carrara,2021,960,1014,1133,1251,1225,1226,1315,1426,1494,1524,1541,1466,1693,1593,1624,1617,1535,1542,1628,1584,1624
ITE11,Massa-Carrara,2022,980,968,1018,1151,1246,1231,1210,1337,1436,1504,1540,1541,1476,1696,1601,1626,1623,1539,1546,1625,1570
ITE11,Massa-Carrara,2023,985,991,988,1029,1151,1249,1241,1218,1344,1436,1518,1541,1549,1489,1695,1605,1629,1639,1566,1564,1662
ITE11,Massa-Carrara,2024,918,997,1009,996,1047,1158,1261,1261,1234,1345,1443,1544,1564,1561,1504,1707,1607,1644,1652,1601,1604
ITE11,Massa-Carrara,2025,942,941,1016,1026,1003,1050,1159,1259,1271,1240,1353,1452,1543,1564,1579,1513,1722,1631,1680,1691,1620
ITE11,Massa-Carrara,2026,897,952,950,1045,1040,1025,1057,1168,1266,1285,1264,1372,1444,1559,1581,1597,1528,1745,1656,1714,1709
ITF52,Matera,2019,1361,1373,1485,1438,1487,1514,1600,1615,1668,1667,1772,1711,1814,1790,1934,1959,1984,1958,2124,2071,2062
ITF52,Matera,2020,1321,1353,1393,1496,1436,1493,1528,1602,1619,1681,1683,1786,1714,1811,1799,1941,1965,1999,1980,2121,2068
ITF52,Matera,2021,1269,1337,1366,1413,1526,1469,1485,1535,1601,1621,1676,1694,1780,1732,1826,1800,1964,2000,2014,1997,2127
ITF52,Matera,2022,1283,1275,1346,1371,1419,1499,1468,1507,1528,1608,1628,1689,1705,1777,1734,1830,1798,1999,2030,2027,1971
ITF52,Matera,2023,1149,1294,1291,1352,1386,1443,1519,1477,1529,1541,1615,1641,1702,1728,1808,1753,1850,1832,2032,2053,2045
ITF52,Matera,2024,1132,1151,1294,1305,1355,1393,1438,1532,1478,1541,1544,1626,1638,1707,1742,1807,1773,1880,1888,2077,2079
ITF52,Matera,2025,1146,1129,1152,1300,1302,1356,1395,1442,1536,1484,1547,1554,1633,1645,1717,1750,1829,1811,1923,1918,2085
ITF52,Matera,2026,1143,1140,1130,1159,1312,1299,1348,1393,1436,1536,1490,1556,1545,1636,1658,1721,1758,1832,1811,1928,1915
ITG13,Messina,2019,4462,4657,4530,4659,4929,4888,5090,5119,5376,5299,5520,5554,5575,5525,5664,5708,5702,5943,6088,6199,6047
ITG13,Messina,2020,4163,4458,4649,4501,4639,4929,4881,5066,5101,5352,5292,5516,5553,5580,5505,5676,5713,5716,5979,6116,6154
ITG13,Messina,2021,4104,4207,4501,4718,4571,4714,4944,4915,5065,5132,5347,5305,5550,5587,5599,5502,5700,5726,5715,5970,6045
ITG13,Messina,2022,4096,4128,4242,4510,4734,4551,4683,4985,4933,5119,5162,5404,5335,5588,5605,5635,5563,5749,5745,5716,5935
ITG13,Messina,2023,3908,4102,4150,4267,4530,4749,4566,4684,4983,4921,5121,5158,5419,5343,5578,5617,5668,5605,5890,5830,5791
ITG13,Messina,2024,3835,3922,4140,4192,4286,4535,4756,4573,4702,5001,4953,5130,5163,5445,5360,5604,5669,5748,5716,5972,5859
ITG13,Messina,2025,3583,3842,3947,4143,4198,4313,4545,4764,4576,4701,5022,4967,5129,5176,5458,5383,5653,5783,5817,5774,6019
ITG13,Messina,2026,3488,3596,3865,3962,4194,4227,4345,4558,4771,4622,4720,5051,4983,5149,5182,5498,5423,5684,5821,5888,5803
ITC45,Milano,2019,25136,26252,27031,27651,28454,28538,29475,29815,30469,31179,31361,30910,31108,30379,30588,29696,29066,29386,29777,29524,29806
ITC45,Milano,2020,24124,25507,26350,27132,27724,28496,28632,29556,29917,30586,31224,31421,30967,31233,30488,30733,29861,29236,29776,30389,30248
ITC45,Milano,2021,23130,24322,25713,26498,27499,28181,28393,28559,29535,29897,30589,31308,31528,31074,31346,30578,30578,29660,29219,30158,31084
ITC45,Milano,2022,23107,23157,24293,25597,26384,27253,27909,28587,28641,29642,29935,30658,31359,31644,31133,31462,30678,30931,29642,29431,30062
ITC45,Milano,2023,22653,23206,23179,24345,25605,26427,27326,28072,28648,28724,29766,29966,30775,31497,31766,31207,31594,30863,31417,30493,30304
ITC45,Milano,2024,21850,22724,23275,23215,24444,25718,26437,27382,28208,28740,28857,29886,30131,30939,31601,31965,31434,31883,31392,32482,31557
ITC45,Milano,2025,21335,21742,22678,23224,23273,24479,25726,26532,27439,28289,28817,28907,29925,30306,31063,31808,32122,31652,32297,32033,33167
ITC45,Milano,2026,21444,21460,21868,22884,23448,23448,24646,25913,26748,27618,28515,29005,29109,30134,30544,31322,32027,32484,32001,32713,32559
ITD54,Modena,2019,5448,5650,5971,6016,6081,6388,6746,6896,7062,7045,7155,6927,6851,6778,6693,6492,6515,6634,6730,6490,6620
ITD54,Modena,2020,5060,5490,5690,5987,6014,6093,6388,6738,6881,7047,7023,7137,6948,6837,6773,6718,6509,6579,6708,6812,6590
ITD54,Modena,2021,4979,5112,5537,5752,6043,6062,6089,6368,6714,6798,7009,6997,7097,6909,6804,6751,6680,6507,6572,6697,6815
ITD54,Modena,2022,5113,5029,5116,5545,5762,6030,6039,6142,6366,6744,6833,7054,6977,7114,6956,6824,6797,6734,6519,6612,6739
ITD54,Modena,2023,5139,5151,5067,5146,5568,5792,6026,6062,6174,6378,6758,6848,7063,7001,7158,6989,6855,6841,6800,6640,6711
ITD54,Modena,2024,4761,5180,5178,5106,5192,5596,5829,6053,6078,6199,6396,6808,6870,7096,7052,7179,7032,6892,6932,6896,6750
ITD54,Modena,2025,4816,4786,5232,5217,5138,5223,5620,5843,6100,6122,6229,6436,6846,6896,7139,7078,7233,7135,6992,7056,7058
ITD54,Modena,2026,4769,4835,4853,5282,5261,5186,5268,5684,5908,6136,6150,6273,6481,6886,6951,7200,7124,7333,7242,7099,7215
ITF33,Napoli,2019,26185,27505,27413,28017,28441,28978,30525,31146,31909,32905,33341,34235,34436,34660,35613,36243,35770,36656,37396,37520,37710
ITF33,Napoli,2020,25673,26155,27479,27341,28032,28363,28943,30500,31139,31881,32871,33317,34231,34405,34659,35626,36214,35796,36736,37414,37403
ITF33,Napoli,2021,25035,26116,26541,27901,27965,28704,28645,29268,30926,31587,32363,33384,33835,34810,34920,35184,36031,36439,35411,35975,36378
ITF33,Napoli,2022,24157,25031,26074,26517,27855,27771,28455,28791,29328,30973,31668,32391,33371,33768,34807,34970,35245,36247,35919,35093,35665
ITF33,Napoli,2023,24600,24139,25030,26070,26521,27804,27772,28398,28765,29376,30950,31599,32381,33393,33767,34815,35006,35262,36331,36104,35185
ITF33,Napoli,2024,23487,24566,24134,25035,26066,26580,27764,27777,28403,28746,29411,30931,31623,32404,33404,33792,34855,35059,35361,36306,35935
ITF33,Napoli,2025,22909,23421,24553,24152,25073,26099,26589,27751,27768,28350,28749,29361,30892,31610,32376,33397,33795,34949,35168,35383,36296
ITF33,Napoli,2026,21925,22862,23345,24516,24155,25035,26117,26552,27750,27795,28333,28729,29364,30918,31626,32386,33432,33850,35031,35243,35447
ITC15,Novara,2019,2583,2715,2850,2882,3015,3134,3244,3271,3270,3360,3387,3540,3386,3300,3294,3254,3281,3210,3388,3376,3443
ITC15,Novara,2020,2521,2600,2740,2862,2903,3021,3132,3268,3277,3283,3354,3382,3554,3363,3310,3295,3247,3276,3246,3426,3421
ITC15,Novara,2021,2407,2569,2656,2799,2913,2972,3052,3157,3294,3291,3288,3390,3390,3572,3378,3342,3321,3258,3294,3247,3448
ITC15,Novara,2022,2363,2431,2583,2693,2793,2915,2975,3055,3173,3307,3318,3314,3401,3403,3605,3392,3362,3370,3284,3309,3268
ITC15,Novara,2023,2343,2411,2454,2626,2733,2815,2939,2995,3068,3202,3309,3343,3326,3423,3417,3623,3424,3405,3415,3349,3349
ITC15,Novara,2024,2251,2371,2463,2495,2658,2748,2826,2971,3016,3122,3215,3336,3372,3337,3466,3437,3649,3466,3494,3517,3439
ITC15,Novara,2025,2216,2286,2403,2495,2517,2693,2779,2842,2994,3043,3158,3254,3356,3409,3368,3500,3467,3688,3542,3560,3537
ITC15,Novara,2026,2215,2248,2341,2437,2533,2572,2720,2812,2884,3011,3066,3186,3292,3390,3431,3413,3545,3526,3764,3605,3652
ITG26,Nuoro,2019,1256,1359,1357,1400,1491,1555,1611,1701,1761,1745,1785,1713,1829,1873,1816,1884,1775,1991,1991,1990,1993
ITG26,Nuoro,2020,1190,1269,1359,1362,1406,1494,1547,1603,1700,1758,1747,1778,1716,1822,1866,1816,1874,1777,1985,1985,1962
ITG26,Nuoro,2021,1090,1209,1269,1364,1386,1424,1494,1562,1606,1697,1764,1753,1789,1735,1816,1866,1819,1890,1780,1977,1973
ITG26,Nuoro,2022,1102,1103,1205,1262,1368,1373,1426,1511,1562,1613,1699,1765,1755,1799,1734,1829,1887,1829,1885,1776,1965
ITG26,Nuoro,2023,1003,1107,1099,1209,1272,1368,1374,1430,1518,1565,1624,1701,1779,1760,1793,1742,1830,1889,1831,1885,1775
ITG26,Nuoro,2024,989,1007,1111,1104,1221,1280,1373,1378,1434,1517,1571,1631,1704,1784,1766,1791,1747,1834,1894,1838,1878
ITG26,Nuoro,2025,951,993,1009,1122,1108,1210,1284,1373,1384,1428,1513,1561,1629,1698,1779,1769,1795,1750,1833,1897,1831
ITG26,Nuoro,2026,939,957,1000,1010,1135,1112,1222,1288,1375,1391,1437,1518,1564,1636,1691,1777,1769,1806,1757,1851,1905
ITG28,Oristano,2019,803,924,902,927,959,1026,969,1102,1155,1124,1146,1187,1166,1219,1210,1257,1244,1311,1353,1412,1353
ITG28,Oristano,2020,755,806,922,904,925,961,1025,971,1104,1167,1120,1147,1183,1169,1229,1206,1260,1243,1308,1353,1373
ITG28,Oristano,2021,708,763,823,939,914,938,973,1023,981,1113,1172,1133,1161,1188,1170,1242,1213,1265,1236,1296,1330
ITG28,Oristano,2022,745,714,777,840,947,920,940,981,1029,975,1120,1176,1133,1165,1193,1170,1245,1218,1263,1233,1293
ITG28,Oristano,2023,670,752,723,786,841,944,935,943,985,1035,976,1133,1178,1136,1176,1201,1177,1251,1216,1268,1228
ITG28,Oristano,2024,679,670,757,742,785,853,939,935,945,978,1031,985,1124,1181,1131,1169,1204,1178,1255,1218,1267
ITG28,Oristano,2025,658,685,683,753,759,793,865,943,939,948,982,1036,988,1127,1182,1136,1169,1207,1186,1255,1216
ITG28,Oristano,2026,567,656,681,686,763,767,795,874,953,945,961,983,1031,989,1141,1183,1134,1179,1222,1188,1256
ITD36,Padova,2019,6648,6917,7239,7416,7797,8185,8422,8461,8734,8946,9013,8896,8969,8670,8855,8787,8391,8594,8861,8904,8906
ITD36,Padova,2020,6300,6713,6957,7262,7450,7828,8201,8404,8455,8754,8943,8984,8874,8958,8713,8825,8790,8404,8615,8963,8977
ITD36,Padova,2021,6014,6417,6798,7047,7342,7555,7830,8183,8407,8460,8760,8970,8992,8909,8998,8769,8838,8762,8405,8673,9120
ITD36,Padova,2022,6224,6079,6460,6864,7046,7353,7547,7896,8214,8472,8488,8805,9011,9037,8970,9023,8790,8894,8791,8475,8709
ITD36,Padova,2023,6026,6258,6086,6503,6877,7112,7378,7590,7928,8269,8497,8546,8839,9023,9076,8997,9042,8845,8960,8903,8593
ITD36,Padova,2024,5669,6082,6322,6167,6552,6901,7183,7392,7622,7958,8311,8524,8594,8867,9072,9122,9020,9062,8911,9091,9035
ITD36,Padova,2025,5671,5715,6130,6378,6212,6583,6942,7191,7424,7661,7996,8330,8556,8616,8906,9072,9165,9098,9151,9019,9271
ITD36,Padova,2026,5380,5732,5767,6182,6433,6272,6633,7022,7220,7492,7702,8043,8381,8609,8682,8961,9151,9242,9212,9261,9165
ITG12,Palermo,2019,10457,10704,10556,11111,11431,11150,11848,11822,12150,12480,12496,12477,12611,12901,13171,12877,13021,13294,13476,13727,13450
ITG12,Palermo,2020,10170,10468,10695,10544,11081,11391,11084,11790,11757,12124,12417,12455,12468,12566,12884,13135,12851,13000,13290,13391,13569
ITG12,Palermo,2021,9943,10369,10663,10891,10730,11315,11472,11258,11948,11933,12291,12603,12649,12648,12772,13050,13105,12746,12874,12956,12932
ITG12,Palermo,2022,9661,9982,10387,10669,10894,10673,11244,11589,11283,11963,11932,12330,12634,12632,12657,12773,13092,13374,12613,12767,12835
ITG12,Palermo,2023,9698,9666,10016,10392,10682,10896,10703,11251,11591,11278,11954,11920,12333,12611,12647,12654,12782,13101,13408,12677,12791
ITG12,Palermo,2024,9348,9775,9700,10050,10413,10707,10898,10715,11291,11611,11294,11951,11942,12331,12631,12658,12685,12842,13189,13437,12690
ITG12,Palermo,2025,8749,9434,9799,9760,10087,10447,10722,10937,10742,11302,11623,11318,11945,11952,12337,12664,12700,12768,12903,13190,13402
ITG12,Palermo,2026,8448,8771,9432,9786,9755,10099,10442,10718,10945,10767,11331,11665,11324,11953,11980,12352,12693,12733,12791,12940,13218
ITD52,Parma,2019,3418,3559,3757,3826,3909,3945,4011,4047,4326,4350,4202,4269,4074,4126,3964,3885,3832,3879,3995,4027,3976
ITD52,Parma,2020,3438,3511,3619,3797,3870,3948,3982,4021,4077,4361,4352,4238,4294,4112,4154,4003,3923,3858,3947,4115,4140
ITD52,Parma,2021,3318,3484,3536,3658,3838,3904,3927,3959,4001,4066,4309,4316,4212,4281,4077,4162,3972,3901,3863,3967,4173
ITD52,Parma,2022,3310,3350,3519,3556,3692,3851,3897,3987,3994,4064,4112,4330,4363,4260,4332,4124,4195,4033,3925,3937,4016
ITD52,Parma,2023,3232,3363,3394,3558,3592,3728,3898,3931,4021,4018,4084,4163,4360,4388,4304,4382,4165,4239,4105,4035,4035
ITD52,Parma,2024,3202,3236,3415,3413,3598,3623,3762,3926,3989,4047,4070,4116,4193,4400,4441,4333,4408,4211,4301,4213,4153
ITD52,Parma,2025,3057,3212,3248,3444,3428,3602,3632,3787,3957,3998,4067,4096,4146,4215,4417,4477,4368,4446,4286,4424,4324
ITD52,Parma,2026,3078,3080,3243,3290,3492,3482,3627,3666,3808,3990,4028,4107,4115,4183,4252,4445,4534,4404,4490,4380,4524
ITC48,Pavia,2019,3697,3850,3985,4231,4165,4339,4496,4504,4656,4812,4887,4708,4728,4702,4654,4530,4521,4640,4712,4671,4862
ITC48,Pavia,2020,3545,3735,3887,4012,4238,4179,4321,4498,4516,4667,4832,4900,4722,4730,4745,4663,4544,4548,4721,4771,4790
ITC48,Pavia,2021,3426,3636,3835,3961,4104,4368,4188,4384,4527,4559,4697,4868,4934,4750,4800,4785,4678,4496,4555,4742,4834
ITC48,Pavia,2022,3339,3453,3694,3881,3968,4111,4344,4252,4414,4537,4589,4731,4925,4976,4781,4819,4837,4761,4515,4607,4782
ITC48,Pavia,2023,3412,3414,3521,3748,3928,4038,4193,4404,4329,4470,4592,4626,4774,4995,5019,4837,4871,4871,4828,4657,4738
ITC48,Pavia,2024,3291,3482,3494,3595,3815,3998,4071,4272,4478,4401,4525,4669,4707,4853,5074,5089,4907,4933,4984,4937,4812
ITC48,Pavia,2025,3320,3350,3592,3552,3665,3885,4073,4151,4354,4555,4481,4613,4768,4764,4907,5125,5157,5010,5038,5132,5101
ITC48,Pavia,2026,3325,3416,3449,3695,3649,3721,3962,4155,4211,4430,4626,4535,4687,4839,4806,4968,5200,5253,5140,5136,5284
ITE21,Perugia,2019,4349,4638,4892,4997,5234,5428,5710,5790,5813,5929,6216,6070,6034,6017,5817,5785,5718,5706,5816,5751,5868
ITE21,Perugia,2020,4219,4365,4625,4919,4986,5241,5434,5698,5799,5825,5917,6216,6058,6047,6040,5823,5811,5721,5757,5864,5798
ITE21,Perugia,2021,4017,4331,4467,4715,5030,5114,5302,5472,5717,5808,5863,5954,6243,6098,6090,6077,5875,5843,5787,5903,6021
ITE21,Perugia,2022,4017,4029,4355,4469,4738,5016,5067,5327,5502,5757,5834,5888,5975,6292,6127,6110,6097,5884,5851,5786,5876
ITE21,Perugia,2023,3793,4062,4073,4384,4502,4760,5046,5109,5362,5544,5779,5863,5901,5984,6309,6147,6125,6112,5944,5940,5866
ITE21,Perugia,2024,3657,3828,4083,4099,4406,4546,4782,5064,5115,5390,5556,5830,5886,5937,6013,6309,6168,6157,6180,6045,6033
ITE21,Perugia,2025,3595,3687,3865,4125,4130,4454,4573,4805,5094,5154,5417,5589,5850,5917,5955,6054,6341,6224,6221,6313,6159
ITE21,Perugia,2026,3409,3650,3734,3938,4174,4174,4519,4611,4855,5134,5177,5469,5632,5900,5948,5994,6103,6391,6288,6302,6399
ITE31,Pesaro e Urbino,2019,2371,2536,2721,2875,2920,3055,3115,3363,3298,3345,3443,3320,3374,3406,3306,3329,3297,3292,3482,3351,3380
ITE31,Pesaro e Urbino,2020,2262,2387,2542,2727,2864,2922,3055,3088,3356,3283,3359,3433,3324,3365,3417,3312,3335,3308,3309,3490,3336
ITE31,Pesaro e Urbino,2021,2189,2299,2426,2580,2765,2882,2925,3072,3081,3363,3282,3359,3425,3331,3375,3448,3337,3359,3349,3357,3524
ITE31,Pesaro e Urbino,2022,2197,2207,2305,2401,2583,2751,2837,2934,3080,3071,3358,3270,3363,3415,3329,3377,3438,3330,3346,3346,3321
ITE31,Pesaro e Urbino,2023,2137,2237,2231,2354,2434,2602,2769,2856,2943,3096,3090,3372,3272,3371,3439,3344,3394,3476,3396,3407,3404
ITE31,Pesaro e Urbino,2024,2031,2159,2281,2265,2386,2463,2635,2784,2905,2957,3138,3127,3398,3282,3369,3461,3378,3438,3563,3467,3473
ITE31,Pesaro e Urbino,2025,1895,2053,2193,2308,2289,2396,2478,2653,2807,2907,2972,3186,3142,3430,3295,3380,3488,3419,3508,3613,3503
ITE31,Pesaro e Urbino,2026,1894,1913,2085,2217,2337,2300,2430,2483,2681,2820,2916,2984,3204,3144,3459,3310,3405,3517,3443,3539,3663
ITF13,Pescara,2019,2157,2348,2529,2550,2673,2671,2709,2873,2944,2840,3070,2964,2980,2928,2997,2928,2928,3010,3021,3005,3136
ITF13,Pescara,2020,2140,2207,2364,2556,2548,2684,2691,2701,2887,2932,2854,3071,2973,2987,2916,3014,2956,2946,3023,3040,2997
ITF13,Pescara,2021,2137,2215,2244,2417,2581,2606,2702,2701,2750,2897,2938,2881,3099,2996,3015,2947,3040,2987,2976,3015,3040
ITF13,Pescara,2022,2190,2159,2248,2256,2431,2581,2619,2731,2736,2759,2911,2950,2896,3133,3010,3048,2958,3081,3002,2973,3008
ITF13,Pescara,2023,2064,2197,2212,2262,2284,2445,2602,2636,2756,2745,2803,2927,2965,2916,3144,3029,3068,2989,3101,3023,2969
ITF13,Pescara,2024,1832,2091,2219,2226,2263,2325,2453,2622,2643,2774,2756,2817,2947,2969,2934,3156,3045,3102,3019,3119,3027
ITF13,Pescara,2025,1825,1857,2116,2223,2236,2294,2334,2442,2625,2654,2786,2772,2825,2951,2980,2945,3167,3078,3125,3061,3162
ITF13,Pescara,2026,1763,1838,1899,2131,2248,2251,2317,2351,2460,2634,2677,2791,2806,2841,2964,2991,2949,3184,3107,3151,3083
ITD51,Piacenza,2019,2135,2080,2201,2306,2383,2423,2452,2414,2487,2632,2512,2544,2540,2483,2471,2491,2462,2447,2515,2531,2657
ITD51,Piacenza,2020,2046,2159,2099,2248,2316,2410,2436,2465,2424,2504,2660,2534,2544,2544,2513,2475,2507,2481,2499,2573,2555
ITD51,Piacenza,2021,1906,2101,2187,2138,2281,2345,2406,2457,2475,2409,2504,2617,2547,2556,2556,2509,2493,2517,2510,2503,2639
ITD51,Piacenza,2022,1846,1935,2130,2213,2176,2299,2362,2451,2478,2504,2448,2530,2638,2558,2575,2588,2531,2532,2524,2534,2550
ITD51,Piacenza,2023,1974,1860,1980,2139,2217,2187,2346,2391,2476,2488,2525,2460,2570,2647,2560,2597,2610,2567,2567,2581,2590
ITD51,Piacenza,2024,2015,1983,1885,2027,2185,2272,2215,2363,2410,2514,2502,2562,2487,2600,2676,2584,2636,2644,2612,2638,2640
ITD51,Piacenza,2025,1912,2042,2012,1898,2036,2223,2291,2222,2378,2430,2531,2528,2575,2530,2614,2696,2621,2657,2700,2683,2740
ITD51,Piacenza,2026,1925,1933,2055,2051,1919,2063,2225,2314,2241,2397,2457,2554,2555,2592,2570,2649,2726,2649,2728,2753,2757
ITE17,Pisa,2019,2873,3094,3246,3364,3522,3572,3627,3726,3888,3843,3926,3876,3746,3753,3712,3576,3608,3531,3688,3670,3619
ITE17,Pisa,2020,2792,2908,3124,3261,3382,3541,3567,3656,3732,3916,3854,3926,3891,3763,3775,3739,3598,3637,3579,3750,3715
ITE17,Pisa,2021,2742,2824,2986,3168,3334,3452,3569,3623,3698,3768,3947,3904,3971,3934,3784,3797,3766,3644,3665,3625,3818
ITE17,Pisa,2022,2749,2764,2830,3003,3151,3325,3433,3620,3640,3692,3802,3958,3945,3980,3969,3823,3833,3812,3664,3715,3641
ITE17,Pisa,2023,2597,2732,2796,2841,3040,3185,3349,3453,3644,3641,3701,3816,3977,3943,4010,3978,3823,3851,3869,3737,3780
ITE17,Pisa,2024,2645,2613,2769,2835,2875,3076,3210,3373,3488,3664,3669,3734,3836,4006,3961,4029,3991,3846,3880,3922,3804
ITE17,Pisa,2025,2548,2669,2635,2803,2854,2904,3107,3220,3384,3519,3687,3698,3774,3842,4039,3966,4053,4023,3903,3955,4009
ITE17,Pisa,2026,2499,2584,2715,2683,2844,2899,2950,3138,3267,3399,3557,3723,3738,3804,3879,4073,4009,4099,4070,3966,4047
ITE13,Pistoia,2019,2009,2074,2092,2235,2341,2314,2461,2580,2564,2611,2730,2639,2609,2582,2594,2507,2562,2532,2638,2532,2646
ITE13,Pistoia,2020,1835,2039,2102,2118,2266,2358,2336,2495,2603,2570,2617,2747,2651,2630,2596,2607,2534,2571,2577,2686,2551
ITE13,Pistoia,2021,1772,1865,2087,2144,2155,2315,2366,2333,2506,2621,2601,2628,2773,2675,2652,2610,2631,2555,2594,2611,2705
ITE13,Pistoia,2022,1764,1783,1893,2089,2142,2151,2315,2398,2361,2543,2619,2599,2647,2786,2691,2676,2632,2635,2572,2626,2632
ITE13,Pistoia,2023,1733,1806,1814,1904,2100,2157,2158,2331,2406,2374,2559,2644,2624,2659,2799,2705,2716,2640,2697,2598,2666
ITE13,Pistoia,2024,1683,1768,1823,1850,1954,2140,2186,2188,2362,2451,2398,2589,2659,2641,2684,2815,2736,2730,2674,2741,2642
ITE13,Pistoia,2025,1589,1680,1807,1833,1876,1973,2168,2200,2206,2402,2470,2416,2623,2686,2670,2711,2830,2766,2769,2734,2780
ITE13,Pistoia,2026,1594,1617,1715,1832,1854,1891,2012,2169,2230,2237,2421,2478,2443,2640,2708,2694,2734,2869,2829,2829,2785
ITD41,Pordenone,2019,2227,2343,2481,2503,2669,2766,2768,2889,2951,3082,3021,3098,3001,2885,2955,2819,2774,2844,2927,2865,2839
ITD41,Pordenone,2020,2173,2229,2342,2488,2508,2688,2764,2758,2891,2958,3071,3027,3095,2988,2897,2966,2829,2785,2871,2966,2887
ITD41,Pordenone,2021,2089,2211,2251,2372,2531,2547,2705,2781,2778,2900,2966,3094,3045,3096,3015,2902,2977,2837,2791,2899,3021
ITD41,Pordenone,2022,2127,2116,2222,2248,2384,2550,2545,2706,2787,2792,2916,2989,3106,3055,3117,3039,2910,3011,2878,2836,2940
ITD41,Pordenone,2023,2024,2149,2145,2242,2280,2419,2573,2560,2728,2814,2814,2924,3003,3114,3075,3142,3051,2927,3057,2900,2877
ITD41,Pordenone,2024,1988,2037,2163,2171,2261,2334,2431,2584,2575,2744,2828,2827,2945,3017,3149,3103,3157,3076,2975,3083,2946
ITD41,Pordenone,2025,1879,1991,2072,2167,2178,2290,2346,2440,2587,2583,2755,2842,2834,2947,3024,3145,3127,3171,3142,3021,3130
ITD41,Pordenone,2026,1833,1889,2016,2079,2187,2202,2307,2364,2448,2599,2603,2768,2851,2855,2970,3051,3175,3159,3212,3180,3060
ITF51,Potenza,2019,2295,2514,2494,2576,2548,2513,2814,2767,2841,3038,3077,3092,3152,3128,3301,3334,3461,3537,3644,3754,3763
ITF51,Potenza,2020,2309,2286,2505,2472,2560,2552,2498,2804,2755,2846,3039,3066,3078,3142,3121,3305,3324,3467,3549,3627,3707
ITF51,Potenza,2021,2230,2293,2309,2509,2495,2593,2543,2502,2799,2759,2838,3030,3078,3090,3136,3138,3316,3335,3488,3560,3606
ITF51,Potenza,2022,2040,2224,2301,2311,2499,2491,2579,2549,2504,2809,2765,2852,3034,3090,3092,3140,3150,3356,3346,3481,3544
ITF51,Potenza,2023,2046,2043,2220,2305,2334,2503,2493,2579,2550,2510,2816,2769,2858,3024,3082,3105,3155,3190,3440,3375,3476
ITF51,Potenza,2024,1966,2056,2048,2223,2315,2332,2502,2487,2587,2550,2513,2817,2775,2871,3025,3092,3142,3194,3231,3420,3378
ITF51,Potenza,2025,1912,1969,2073,2051,2229,2326,2331,2496,2498,2601,2562,2518,2818,2788,2876,3032,3129,3210,3259,3267,3416
ITF51,Potenza,2026,1825,1906,1967,2073,2050,2231,2321,2328,2505,2483,2600,2569,2539,2832,2795,2876,3026,3135,3218,3270,3269
ITE15,Prato,2019,1887,2097,2169,2169,2272,2280,2440,2436,2574,2558,2655,2633,2690,2615,2486,2517,2466,2425,2486,2397,2449
ITE15,Prato,2020,1758,1911,2115,2181,2178,2306,2286,2434,2440,2610,2596,2688,2670,2731,2658,2534,2538,2514,2470,2538,2402
ITE15,Prato,2021,1675,1796,1937,2135,2215,2204,2322,2319,2478,2502,2675,2657,2772,2730,2824,2771,2609,2592,2560,2508,2584
ITE15,Prato,2022,1607,1687,1815,1949,2129,2195,2185,2310,2309,2467,2488,2659,2663,2741,2695,2801,2745,2606,2525,2536,2472
ITE15,Prato,2023,1494,1641,1700,1839,1952,2132,2214,2196,2300,2296,2476,2498,2658,2692,2745,2734,2828,2770,2631,2591,2595
ITE15,Prato,2024,1507,1497,1654,1716,1835,1955,2126,2198,2155,2297,2306,2498,2518,2683,2727,2761,2771,2862,2843,2669,2620
ITE15,Prato,2025,1389,1532,1509,1678,1735,1823,1968,2123,2198,2154,2300,2333,2527,2538,2720,2748,2792,2801,2904,2866,2682
ITE15,Prato,2026,1395,1405,1544,1546,1695,1763,1852,1999,2134,2218,2187,2326,2336,2563,2552,2741,2779,2823,2860,2967,2888
ITG18,Ragusa,2019,2643,2813,2801,2818,2818,2838,2954,3065,3060,3200,3185,3063,3219,3164,3171,3295,3249,3326,3494,3600,3537
ITG18,Ragusa,2020,2557,2693,2833,2832,2840,2827,2864,2965,3068,3056,3213,3200,3066,3230,3173,3179,3309,3261,3389,3549,3640
ITG18,Ragusa,2021,2584,2617,2762,2916,2929,2948,2875,2914,3023,3103,3108,3283,3259,3109,3276,3230,3220,3338,3288,3431,3599
ITG18,Ragusa,2022,2694,2609,2638,2790,2915,2909,2939,2910,2932,3028,3120,3121,3298,3277,3123,3306,3271,3284,3373,3323,3442
ITG18,Ragusa,2023,2651,2725,2667,2674,2824,2941,2946,2960,2924,2954,3048,3139,3150,3308,3298,3145,3328,3311,3380,3438,3371
ITG18,Ragusa,2024,2516,2696,2775,2705,2718,2849,2965,2966,2968,2948,2970,3073,3175,3178,3330,3334,3190,3373,3420,3478,3491
ITG18,Ragusa,2025,2449,2552,2735,2812,2747,2776,2887,2998,2991,3005,3006,3018,3116,3226,3206,3372,3390,3292,3508,3492,3510
ITG18,Ragusa,2026,2310,2463,2576,2760,2859,2794,2802,2913,3025,3028,3040,3026,3046,3165,3259,3231,3406,3435,3335,3566,3565
ITD57,Ravenna,2019,2654,2776,2821,2968,3074,3114,3303,3367,3528,3606,3630,3553,3646,3423,3390,3403,3366,3377,3370,3293,3379
ITD57,Ravenna,2020,2500,2711,2801,2847,2993,3081,3142,3294,3410,3520,3626,3640,3558,3651,3425,3409,3422,3400,3415,3448,3317
ITD57,Ravenna,2021,2440,2556,2790,2823,2904,3034,3103,3184,3287,3432,3544,3646,3657,3587,3680,3433,3423,3457,3405,3467,3532
ITD57,Ravenna,2022,2458,2494,2572,2802,2841,2891,3038,3126,3204,3304,3460,3569,3666,3668,3587,3696,3465,3499,3504,3454,3524
ITD57,Ravenna,2023,2316,2504,2549,2604,2852,2880,2932,3078,3185,3240,3325,3500,3597,3691,3710,3611,3731,3519,3575,3547,3517
ITD57,Ravenna,2024,2300,2331,2522,2589,2626,2874,2925,2951,3099,3193,3269,3345,3519,3627,3721,3737,3668,3804,3605,3657,3643
ITD57,Ravenna,2025,2207,2300,2370,2521,2593,2653,2901,2945,2977,3116,3215,3284,3357,3554,3665,3739,3782,3736,3871,3673,3737
ITD57,Ravenna,2026,2055,2250,2328,2403,2557,2632,2691,2929,2980,2997,3147,3230,3320,3370,3587,3681,3763,3836,3790,3926,3743
ITF65,Reggio di Calabria,2019,4381,4545,4444,4701,4706,4798,4801,4929,5214,5165,5172,5288,5355,5324,5326,5376,5344,5616,5929,6016,5961
ITF65,Reggio di Calabria,2020,4184,4369,4512,4423,4667,4685,4767,4773,4886,5159,5133,5154,5279,5346,5298,5334,5372,5346,5645,5876,5914
ITF65,Reggio di Calabria,2021,4127,4271,4449,4608,4507,4786,4663,4814,4767,4928,5188,5173,5195,5329,5407,5356,5396,5411,5395,5640,5868
ITF65,Reggio di Calabria,2022,3818,4123,4268,4451,4567,4469,4743,4721,4827,4823,4960,5213,5209,5244,5359,5445,5390,5431,5384,5339,5570
ITF65,Reggio di Calabria,2023,3927,3841,4114,4259,4422,4555,4465,4740,4714,4806,4823,4955,5219,5218,5236,5378,5469,5412,5468,5417,5339
ITF65,Reggio di Calabria,2024,4044,3919,3835,4102,4263,4419,4532,4456,4724,4725,4806,4807,4962,5219,5204,5250,5388,5471,5435,5497,5399
ITF65,Reggio di Calabria,2025,3842,4064,3936,3847,4106,4268,4422,4545,4460,4726,4720,4792,4831,4969,5222,5213,5262,5402,5527,5445,5475
ITF65,Reggio di Calabria,2026,3613,3826,4031,3930,3833,4094,4266,4426,4533,4445,4714,4719,4807,4841,4977,5233,5223,5264,5435,5552,5477
ITD53,Reggio nell'Emilia,2019,3979,4267,4511,4810,4769,5011,5206,5282,5560,5535,5580,5523,5440,5364,5378,5179,5289,5055,5249,5091,5281
ITD53,Reggio nell'Emilia,2020,3915,4003,4297,4515,4808,4749,4992,5200,5267,5520,5513,5546,5490,5432,5348,5364,5180,5278,5091,5275,5112
ITD53,Reggio nell'Emilia,2021,3811,3951,4068,4333,4544,4824,4737,4978,5196,5233,5508,5483,5515,5476,5411,5345,5379,5197,5279,5099,5271
ITD53,Reggio nell'Emilia,2022,3781,3857,3965,4042,4324,4516,4800,4751,4982,5187,5225,5499,5494,5494,5474,5400,5354,5407,5200,5283,5097
ITD53,Reggio nell'Emilia,2023,3674,3832,3870,4007,4062,4332,4532,4800,4745,4999,5181,5239,5512,5481,5501,5480,5413,5390,5445,5251,5347
ITD53,Reggio nell'Emilia,2024,3575,3718,3865,3923,4048,4100,4356,4554,4834,4780,5061,5193,5278,5551,5518,5539,5518,5487,5483,5511,5317
ITD53,Reggio nell'Emilia,2025,3538,3599,3764,3908,3963,4087,4137,4392,4573,4879,4829,5088,5235,5309,5585,5570,5598,5593,5595,5584,5621
ITD53,Reggio nell'Emilia,2026,3435,3575,3660,3794,3944,3991,4129,4180,4430,4604,4907,4862,5129,5264,5339,5613,5620,5636,5642,5658,5662
ITE42,Rieti,2019,880,985,1023,1063,1094,1110,1173,1234,1193,1266,1268,1237,1316,1210,1267,1285,1292,1244,1343,1394,1440
ITE42,Rieti,2020,917,892,976,1004,1051,1100,1114,1167,1228,1205,1264,1270,1241,1314,1221,1261,1289,1314,1259,1360,1392
ITE42,Rieti,2021,896,931,913,990,1031,1082,1099,1112,1151,1213,1201,1263,1277,1240,1313,1233,1267,1293,1313,1281,1382
ITE42,Rieti,2022,856,890,936,921,990,1032,1077,1119,1120,1178,1222,1207,1291,1285,1256,1326,1253,1296,1303,1318,1302
ITE42,Rieti,2023,847,861,904,934,922,1009,1020,1083,1124,1132,1180,1230,1208,1291,1293,1267,1329,1270,1317,1331,1342
ITE42,Rieti,2024,819,862,871,915,940,933,1021,1019,1084,1132,1135,1203,1243,1208,1299,1313,1280,1344,1313,1363,1354
ITE42,Rieti,2025,812,843,880,889,925,962,939,1028,1025,1091,1135,1152,1189,1252,1226,1312,1318,1308,1379,1341,1404
ITE42,Rieti,2026,799,820,855,891,904,943,961,948,1038,1025,1102,1152,1164,1201,1273,1246,1330,1337,1310,1400,1368
ITD59,Rimini,2019,2331,2451,2585,2756,2887,2945,3012,3046,3283,3223,3294,3287,3169,3183,3076,3048,3077,3125,3175,3209,3011
ITD59,Rimini,2020,2208,2361,2487,2586,2767,2895,2951,3013,3047,3305,3242,3327,3282,3169,3186,3090,3055,3098,3153,3216,3224
ITD59,Rimini,2021,2162,2250,2401,2526,2645,2843,2912,3008,3044,3071,3321,3284,3379,3339,3212,3298,3240,3188,3265,3327,3311
ITD59,Rimini,2022,2049,2192,2285,2420,2547,2658,2886,2958,3012,3078,3113,3363,3307,3409,3372,3215,3260,3164,3130,3194,3241
ITD59,Rimini,2023,2047,2055,2205,2330,2456,2557,2683,2890,2982,3008,3111,3125,3376,3307,3420,3392,3248,3282,3183,3203,3208
ITD59,Rimini,2024,1953,2076,2094,2219,2347,2480,2570,2698,2914,3012,3041,3125,3162,3399,3344,3445,3415,3293,3330,3271,3256
ITD59,Rimini,2025,1914,1958,2093,2096,2242,2362,2495,2590,2711,2936,3033,3045,3168,3171,3421,3366,3471,3449,3344,3390,3332
ITD59,Rimini,2026,1760,1938,1977,2119,2131,2267,2388,2523,2611,2740,2951,3053,3067,3182,3197,3445,3395,3493,3488,3407,3426
ITE43,Roma,2019,29188,32864,34754,35899,37264,37904,40342,40269,41068,41271,41608,42006,41485,40126,40261,39699,38769,38989,39288,38528,39556
ITE43,Roma,2020,28166,31609,32979,34777,35854,37234,37794,40262,40149,40968,41236,41546,41926,41449,40130,40302,39705,38862,39192,39613,38810
ITE43,Roma,2021,28264,30023,32355,33765,35688,36962,37070,37838,40288,40383,41120,41336,41707,42118,41678,40343,40336,39544,38630,39132,39904
ITE43,Roma,2022,27800,28703,30204,32313,33742,35321,36472,37812,38265,40765,40782,41563,41687,42072,42424,42095,40692,40913,39299,38617,38889
ITE43,Roma,2023,26887,28522,29056,30529,32488,33867,35521,36627,37956,38393,40861,40889,41664,41802,42218,42534,42193,40884,41104,39803,39105
ITE43,Roma,2024,25521,27453,28821,29239,30741,32668,33910,35609,36775,38137,38466,40951,41015,41756,41947,42399,42650,42360,41174,41495,40282
ITE43,Roma,2025,25447,26698,27721,29001,29416,30857,32793,34027,35696,36813,38258,38520,41008,41051,41844,42065,42431,42795,42735,41635,42090
ITE43,Roma,2026,24026,25617,26932,27956,29222,29675,31125,32974,34220,35893,36978,38453,38733,41173,41235,42069,42306,42666,43155,43157,42083
ITD37,Rovigo,2019,1316,1500,1459,1549,1576,1666,1822,1768,1917,1923,1940,1843,1786,1847,1855,1784,1762,1780,1910,1834,1927
ITD37,Rovigo,2020,1209,1322,1513,1469,1559,1584,1659,1811,1784,1919,1913,1938,1846,1781,1852,1863,1794,1759,1798,1921,1839
ITD37,Rovigo,2021,1178,1230,1353,1535,1502,1592,1604,1685,1812,1789,1930,1928,1952,1862,1790,1862,1862,1795,1755,1819,1932
ITD37,Rovigo,2022,1182,1191,1250,1362,1550,1502,1596,1623,1706,1840,1809,1956,1948,1954,1872,1791,1867,1877,1787,1762,1840
ITD37,Rovigo,2023,1172,1191,1211,1276,1387,1576,1531,1613,1637,1727,1854,1825,1974,1957,1967,1891,1795,1881,1894,1797,1786
ITD37,Rovigo,2024,1187,1199,1232,1225,1292,1407,1596,1557,1628,1649,1748,1859,1843,2002,1969,1975,1906,1807,1908,1920,1828
ITD37,Rovigo,2025,1108,1210,1225,1261,1248,1327,1418,1611,1578,1656,1649,1768,1874,1857,2015,1972,1997,1942,1842,1932,1979
ITD37,Rovigo,2026,1146,1138,1234,1237,1284,1262,1342,1449,1631,1592,1682,1672,1786,1886,1874,2051,1990,2013,1985,1894,1980
ITF35,Salerno,2019,8323,8705,8847,8899,9209,9164,9660,9760,9850,10167,10295,10353,10418,10664,10943,11085,11000,11383,11819,11996,11832
ITF35,Salerno,2020,8308,8339,8718,8825,8903,9248,9158,9656,9768,9878,10156,10311,10379,10435,10652,10945,11091,11014,11420,11852,11986
ITF35,Salerno,2021,7965,8413,8463,8833,9001,9066,9252,9196,9688,9780,9916,10201,10357,10405,10469,10704,11026,11163,11042,11420,11795
ITF35,Salerno,2022,7771,8013,8453,8493,8867,8945,9000,9332,9232,9734,9854,9966,10242,10397,10459,10527,10755,11087,11138,11013,11361
ITF35,Salerno,2023,7793,7790,8091,8495,8506,8913,8958,9032,9372,9245,9756,9893,9999,10258,10411,10478,10566,10806,11173,11178,11054
ITF35,Salerno,2024,7683,7773,7848,8133,8525,8547,8962,8985,9072,9392,9262,9772,9949,10006,10275,10458,10521,10646,10912,11231,11205
ITF35,Salerno,2025,7298,7715,7822,7878,8182,8579,8566,8980,8999,9098,9421,9280,9764,9962,10043,10280,10499,10630,10737,11037,11267
ITF35,Salerno,2026,7010,7305,7720,7831,7909,8207,8608,8595,9009,9022,9149,9457,9325,9809,9985,10068,10333,10556,10705,10844,11132
ITG25,Sassari,2019,2910,3187,3280,3426,3519,3563,3838,4046,4163,4136,4190,4253,4139,4172,4106,4272,4149,4126,4313,4475,4367
ITG25,Sassari,2020,2803,2937,3206,3292,3434,3516,3553,3838,4051,4168,4137,4204,4256,4136,4182,4105,4279,4161,4130,4325,4438
ITG25,Sassari,2021,2576,2846,2982,3251,3341,3486,3527,3549,3814,4051,4173,4114,4200,4253,4135,4186,4118,4278,4147,4090,4275
ITG25,Sassari,2022,2586,2572,2852,2993,3254,3344,3475,3565,3583,3870,4083,4213,4178,4259,4277,4167,4224,4142,4271,4155,4096
ITG25,Sassari,2023,2492,2611,2593,2866,3007,3262,3350,3479,3563,3586,3871,4094,4223,4169,4255,4281,4159,4221,4147,4286,4180
ITG25,Sassari,2024,2305,2506,2624,2604,2877,3017,3281,3347,3486,3574,3601,3876,4104,4246,4167,4271,4284,4168,4252,4177,4338
ITG25,Sassari,2025,2242,2324,2519,2644,2605,2871,3013,3281,3340,3487,3588,3604,3898,4100,4244,4175,4261,4312,4204,4287,4210
ITG25,Sassari,2026,2125,2269,2359,2568,2673,2621,2901,3044,3303,3357,3503,3602,3611,3921,4130,4270,4203,4279,4332,4236,4340
ITC32,Savona,2019,1499,1581,1681,1808,1908,1890,2053,2016,2077,2180,2229,2252,2242,2299,2272,2277,2298,2207,2354,2252,2315
ITC32,Savona,2020,1407,1534,1576,1681,1823,1918,1889,2064,2019,2089,2179,2242,2257,2249,2311,2277,2282,2302,2237,2385,2275
ITC32,Savona,2021,1422,1428,1566,1598,1706,1867,1937,1896,2072,2041,2107,2204,2278,2289,2271,2338,2306,2300,2329,2269,2404
ITC32,Savona,2022,1359,1438,1440,1582,1614,1709,1879,1950,1919,2110,2066,2120,2226,2290,2302,2289,2352,2326,2323,2353,2286
ITC32,Savona,2023,1402,1397,1464,1457,1595,1635,1744,1914,1974,1935,2135,2094,2135,2252,2321,2327,2322,2369,2348,2361,2381
ITC32,Savona,2024,1361,1428,1420,1504,1490,1638,1671,1775,1914,1993,1962,2164,2120,2148,2265,2352,2337,2359,2423,2381,2421
ITC32,Savona,2025,1307,1368,1449,1432,1521,1513,1668,1700,1803,1939,2024,1985,2200,2131,2176,2287,2379,2365,2418,2493,2437
ITC32,Savona,2026,1300,1340,1392,1476,1461,1546,1532,1694,1733,1823,1961,2043,1997,2221,2151,2201,2323,2413,2395,2458,2560
ITE19,Siena,2019,1768,1850,1968,2025,2142,2161,2260,2289,2373,2394,2329,2395,2299,2305,2283,2277,2188,2249,2344,2294,2300
ITE19,Siena,2020,1748,1790,1876,1959,2051,2141,2172,2269,2312,2380,2402,2331,2398,2313,2309,2305,2270,2218,2280,2377,2313
ITE19,Siena,2021,1593,1766,1788,1887,1964,2071,2159,2162,2271,2305,2390,2391,2326,2401,2325,2324,2312,2275,2230,2330,2484
ITE19,Siena,2022,1691,1597,1766,1801,1889,1947,2062,2165,2174,2296,2312,2414,2412,2339,2420,2330,2336,2331,2281,2249,2330
ITE19,Siena,2023,1582,1697,1617,1788,1810,1897,1958,2063,2152,2180,2298,2317,2429,2420,2349,2426,2335,2358,2363,2354,2303
ITE19,Siena,2024,1515,1595,1702,1616,1777,1814,1916,1977,2067,2157,2204,2306,2335,2430,2450,2374,2444,2366,2403,2430,2407
ITE19,Siena,2025,1536,1524,1619,1719,1629,1787,1830,1932,1971,2077,2170,2214,2320,2332,2448,2459,2377,2464,2419,2472,2501
ITE19,Siena,2026,1479,1562,1540,1634,1741,1651,1797,1855,1947,1974,2090,2189,2230,2328,2346,2469,2475,2401,2512,2484,2507
ITG19,Siracusa,2019,3026,3088,3209,3245,3356,3369,3582,3543,3665,3691,3752,3681,3839,3829,3885,4012,3914,4047,4166,4177,4142
ITG19,Siracusa,2020,2917,3029,3092,3193,3233,3353,3378,3578,3555,3668,3692,3753,3684,3849,3851,3888,4020,3935,4053,4139,4130
ITG19,Siracusa,2021,2889,2989,3090,3155,3275,3315,3390,3408,3605,3601,3717,3739,3809,3742,3890,3914,3938,4031,3945,4031,4069
ITG19,Siracusa,2022,2917,2915,3019,3100,3159,3258,3306,3436,3420,3637,3627,3738,3763,3853,3761,3901,3942,3988,4030,3904,4003
ITG19,Siracusa,2023,2789,2944,2931,3037,3113,3164,3263,3310,3447,3404,3643,3627,3725,3773,3857,3763,3916,3973,4062,4090,3943
ITG19,Siracusa,2024,2613,2820,2965,2966,3049,3131,3166,3278,3317,3447,3409,3655,3626,3720,3785,3884,3779,3942,4007,4090,4073
ITG19,Siracusa,2025,2448,2635,2847,2996,2972,3049,3146,3180,3309,3351,3461,3432,3673,3652,3731,3806,3909,3831,3983,4042,4097
ITG19,Siracusa,2026,2424,2446,2662,2866,3011,2986,3064,3153,3191,3307,3349,3459,3454,3670,3652,3750,3826,3940,3861,4007,4047
ITC44,Sondrio,2019,1337,1420,1452,1440,1513,1482,1585,1617,1640,1536,1690,1624,1721,1648,1659,1721,1706,1671,1795,1777,1834
ITC44,Sondrio,2020,1313,1337,1429,1458,1458,1525,1489,1596,1631,1649,1551,1690,1623,1721,1652,1660,1730,1702,1681,1811,1783
ITC44,Sondrio,2021,1192,1324,1346,1446,1466,1478,1538,1498,1596,1643,1654,1546,1686,1628,1728,1656,1661,1733,1706,1682,1823
ITC44,Sondrio,2022,1227,1200,1320,1370,1445,1461,1474,1538,1509,1605,1643,1654,1550,1694,1629,1738,1656,1665,1751,1711,1693
ITC44,Sondrio,2023,1205,1223,1205,1330,1375,1445,1476,1479,1535,1515,1620,1646,1663,1561,1703,1628,1747,1668,1687,1768,1734
ITC44,Sondrio,2024,1142,1204,1222,1226,1343,1391,1467,1494,1482,1566,1535,1631,1663,1674,1572,1726,1640,1755,1689,1714,1773
ITC44,Sondrio,2025,1140,1153,1222,1220,1242,1356,1396,1475,1512,1494,1574,1551,1643,1687,1686,1582,1742,1656,1771,1720,1734
ITC44,Sondrio,2026,1060,1155,1180,1244,1225,1253,1360,1414,1481,1520,1500,1578,1559,1658,1691,1696,1590,1752,1673,1791,1758
ITF43,Taranto,2019,3848,4171,4241,4373,4733,4676,5009,5171,5295,5296,5324,5438,5479,5569,5695,5804,5755,5883,5972,6037,6034
ITF43,Taranto,2020,3727,3862,4169,4240,4385,4743,4675,5014,5164,5294,5288,5322,5416,5476,5572,5684,5801,5738,5881,5965,5979
ITF43,Taranto,2021,3589,3795,3941,4244,4325,4467,4787,4727,5062,5220,5380,5375,5397,5510,5563,5663,5735,5883,5778,5904,5956
ITF43,Taranto,2022,3598,3592,3810,3945,4263,4327,4469,4820,4738,5089,5245,5376,5388,5411,5517,5553,5682,5775,5882,5777,5861
ITF43,Taranto,2023,3463,3600,3605,3817,3949,4267,4333,4476,4816,4743,5090,5256,5383,5394,5426,5518,5553,5695,5796,5911,5785
ITF43,Taranto,2024,3390,3483,3625,3638,3834,3973,4266,4344,4491,4831,4755,5111,5263,5412,5391,5429,5530,5566,5720,5823,5915
ITF43,Taranto,2025,3220,3405,3482,3639,3659,3867,3992,4282,4357,4486,4851,4761,5113,5264,5426,5391,5447,5547,5606,5751,5854
ITF43,Taranto,2026,3050,3218,3405,3490,3661,3660,3874,4013,4296,4373,4486,4858,4772,5103,5267,5446,5406,5452,5582,5617,5769
ITF12,Teramo,2019,2060,2281,2352,2365,2421,2489,2545,2587,2664,2647,2735,2702,2664,2793,2785,2723,2742,2803,2829,2808,2969
ITF12,Teramo,2020,1991,2078,2270,2372,2364,2424,2487,2546,2585,2660,2637,2743,2713,2653,2801,2794,2734,2751,2825,2850,2812
ITF12,Teramo,2021,1966,2051,2103,2319,2425,2419,2442,2502,2559,2590,2661,2645,2748,2727,2657,2818,2803,2739,2764,2841,2865
ITF12,Teramo,2022,1967,2010,2069,2109,2319,2417,2414,2461,2522,2594,2615,2683,2659,2779,2749,2676,2837,2820,2735,2760,2839
ITF12,Teramo,2023,1929,1977,2048,2076,2119,2331,2421,2409,2476,2516,2604,2634,2690,2667,2776,2746,2689,2856,2853,2793,2795
ITF12,Teramo,2024,1910,1946,1998,2058,2112,2126,2356,2441,2434,2510,2541,2641,2651,2723,2677,2796,2768,2700,2886,2893,2820
ITF12,Teramo,2025,1752,1920,1975,2020,2085,2151,2161,2380,2470,2465,2527,2563,2663,2660,2747,2698,2826,2798,2766,2942,2980
ITF12,Teramo,2026,1699,1776,1927,1987,2042,2083,2165,2173,2397,2483,2477,2532,2571,2687,2670,2770,2717,2857,2821,2808,2978
ITE22,Terni,2019,1341,1354,1460,1444,1605,1694,1762,1758,1909,1794,1922,2034,1920,1915,1914,1837,1926,1838,1951,2019,2012
ITE22,Terni,2020,1269,1334,1367,1462,1442,1604,1684,1763,1753,1917,1789,1916,2039,1935,1908,1920,1845,1947,1843,1961,2020
ITE22,Terni,2021,1251,1294,1344,1392,1480,1465,1605,1676,1764,1746,1903,1786,1887,2040,1935,1905,1921,1846,1945,1852,1939
ITE22,Terni,2022,1226,1267,1300,1355,1399,1479,1455,1632,1694,1788,1755,1913,1788,1921,2054,1949,1912,1941,1844,1958,1859
ITE22,Terni,2023,1133,1232,1273,1316,1359,1396,1499,1459,1656,1688,1793,1759,1929,1800,1930,2057,1963,1920,1964,1875,1986
ITE22,Terni,2024,1099,1149,1249,1291,1337,1371,1413,1510,1469,1660,1716,1809,1775,1935,1822,1936,2082,1987,1958,1982,1894
ITE22,Terni,2025,1116,1128,1179,1255,1291,1344,1388,1426,1518,1478,1673,1731,1829,1796,1943,1829,1956,2116,2040,1990,2019
ITE22,Terni,2026,1089,1130,1140,1188,1276,1311,1343,1403,1428,1530,1484,1668,1733,1853,1804,1945,1843,1992,2137,2050,2017
ITC11,Torino,2019,14767,16073,16688,17304,17947,18506,19138,19432,19930,20346,20639,20379,20045,20029,19932,20041,19615,19483,20276,19869,20336
ITC11,Torino,2020,14497,15144,16151,16721,17269,17932,18436,19081,19341,19887,20320,20580,20338,20057,20072,19952,20080,19621,19634,20479,20113
ITC11,Torino,2021,14309,14804,15359,16367,17050,17551,17879,18522,19157,19454,20024,20486,20664,20405,20185,20180,20030,20054,19633,19747,20842
ITC11,Torino,2022,13982,14355,14845,15349,16316,16914,17411,18113,18634,19243,19516,20075,20568,20757,20516,20248,20312,20209,20066,19751,19780
ITC11,Torino,2023,13511,14102,14463,14928,15426,16363,16994,17469,18154,18723,19314,19561,20114,20615,20804,20535,20322,20380,20363,20364,20083
ITC11,Torino,2024,13007,13640,14211,14585,14998,15493,16364,17083,17586,18223,18826,19390,19646,20205,20688,20925,20645,20457,20595,20710,20850
ITC11,Torino,2025,12828,13138,13817,14288,14660,15123,15555,16400,17132,17635,18312,18890,19443,19714,20269,20774,20993,20780,20708,20968,21236
ITC11,Torino,2026,12350,12951,13284,13956,14425,14795,15256,15703,16558,17285,17732,18434,18987,19551,19843,20443,20930,21185,21013,20942,21310
ITG11,Trapani,2019,3128,3225,3313,3298,3412,3402,3499,3506,3648,3877,3888,3963,4003,4131,4345,4376,4393,4495,4865,4992,4880
ITG11,Trapani,2020,3078,3135,3254,3308,3301,3423,3407,3497,3512,3651,3863,3893,3967,4007,4147,4333,4403,4400,4520,4878,4962
ITG11,Trapani,2021,3070,3128,3195,3315,3405,3397,3458,3450,3536,3554,3677,3926,3943,4028,4043,4211,4395,4450,4430,4559,4852
ITG11,Trapani,2022,3031,3086,3135,3214,3327,3397,3394,3504,3481,3582,3587,3716,3942,3980,4048,4067,4231,4429,4443,4392,4506
ITG11,Trapani,2023,3013,3046,3101,3144,3245,3339,3407,3390,3495,3488,3596,3606,3723,3953,3993,4057,4079,4259,4544,4519,4407
ITG11,Trapani,2024,2976,3030,3070,3111,3174,3239,3359,3402,3404,3503,3499,3603,3624,3738,3961,4004,4092,4141,4371,4632,4485
ITG11,Trapani,2025,2717,2979,3053,3084,3128,3177,3269,3377,3422,3440,3522,3518,3632,3642,3762,3988,4069,4225,4299,4454,4610
ITG11,Trapani,2026,2760,2740,2992,3061,3106,3148,3191,3290,3403,3443,3434,3536,3526,3654,3657,3778,4012,4088,4260,4338,4465
ITD20,Trento,2019,4355,4560,4721,4849,4918,5195,5200,5370,5520,5465,5580,5401,5501,5532,5707,5477,5501,5565,5724,5704,5761
ITD20,Trento,2020,4243,4427,4584,4737,4878,4944,5211,5234,5377,5559,5490,5601,5426,5536,5578,5737,5501,5549,5610,5764,5724
ITD20,Trento,2021,4044,4271,4423,4583,4755,4882,4859,5191,5262,5370,5563,5508,5612,5449,5518,5579,5706,5479,5530,5613,5767
ITD20,Trento,2022,4191,4073,4285,4422,4573,4763,4876,4965,5201,5296,5384,5597,5530,5611,5474,5527,5605,5747,5512,5567,5635
ITD20,Trento,2023,4014,4211,4139,4311,4433,4626,4804,4901,5010,5246,5334,5426,5629,5582,5653,5499,5559,5636,5792,5574,5594
ITD20,Trento,2024,3801,4038,4244,4156,4336,4439,4659,4835,4912,5035,5267,5368,5457,5654,5621,5676,5519,5595,5696,5841,5640
ITD20,Trento,2025,3750,3818,4074,4255,4185,4371,4476,4682,4866,4959,5058,5300,5418,5494,5684,5648,5683,5552,5628,5749,5872
ITD20,Trento,2026,3736,3782,3841,4123,4296,4222,4385,4510,4702,4909,4983,5080,5333,5452,5527,5698,5669,5728,5609,5710,5845
ITD34,Treviso,2019,6583,6966,7207,7375,7734,7949,8361,8403,8753,8836,9081,9071,9141,9044,9032,8995,8832,8545,9165,8779,9038
ITD34,Treviso,2020,6174,6642,7008,7238,7403,7741,7976,8350,8399,8729,8812,9076,9055,9133,9057,9034,9000,8866,8605,9226,8819
ITD34,Treviso,2021,6192,6271,6673,7068,7315,7457,7766,7985,8345,8383,8679,8781,9068,9074,9127,9035,9006,8979,8858,8669,9270
ITD34,Treviso,2022,6095,6246,6296,6686,7089,7282,7465,7823,8024,8392,8412,8723,8814,9084,9107,9185,9065,9092,8993,8920,8705
ITD34,Treviso,2023,6010,6132,6308,6346,6751,7128,7327,7527,7875,8081,8432,8462,8759,8851,9130,9158,9223,9093,9140,9084,9039
ITD34,Treviso,2024,5748,6041,6153,6343,6387,6755,7156,7354,7561,7903,8115,8465,8485,8784,8904,9176,9190,9270,9205,9231,9195
ITD34,Treviso,2025,5540,5797,6073,6194,6388,6413,6760,7181,7385,7586,7952,8169,8503,8515,8817,8931,9230,9204,9345,9309,9400
ITD34,Treviso,2026,5525,5582,5819,6083,6219,6402,6450,6791,7204,7388,7605,7976,8166,8508,8521,8847,8956,9234,9226,9411,9364
ITD44,Trieste,2019,1425,1475,1502,1498,1626,1577,1760,1760,1834,1779,1852,1879,1858,1807,1904,1841,1804,1830,1908,1908,1899
ITD44,Trieste,2020,1341,1433,1491,1513,1502,1626,1578,1771,1761,1833,1798,1861,1904,1873,1814,1918,1855,1826,1859,1949,1946
ITD44,Trieste,2021,1364,1367,1462,1519,1570,1554,1643,1589,1763,1788,1853,1813,1869,1896,1876,1821,1914,1854,1828,1929,1994
ITD44,Trieste,2022,1370,1384,1376,1465,1526,1556,1530,1646,1623,1781,1784,1870,1835,1883,1925,1890,1842,1941,1886,1877,1934
ITD44,Trieste,2023,1384,1368,1378,1388,1490,1546,1568,1533,1674,1632,1799,1803,1888,1836,1897,1945,1894,1860,2014,1932,1922
ITD44,Trieste,2024,1277,1382,1380,1389,1395,1506,1566,1584,1553,1680,1661,1814,1824,1914,1883,1926,1969,1933,1948,2069,1996
ITD44,Trieste,2025,1354,1297,1393,1399,1405,1402,1514,1565,1600,1566,1678,1689,1832,1843,1923,1892,1953,1996,2028,1981,2145
ITD44,Trieste,2026,1323,1367,1320,1421,1415,1424,1415,1536,1581,1614,1578,1701,1708,1847,1844,1942,1897,1965,2016,2051,2024
ITD42,Udine,2019,3222,3393,3630,3646,3931,4064,4225,4190,4455,4551,4446,4538,4602,4585,4527,4641,4570,4556,4752,4564,4649
ITD42,Udine,2020,3102,3232,3415,3633,3659,3930,4060,4223,4208,4446,4542,4451,4525,4603,4603,4530,4649,4571,4595,4779,4564
ITD42,Udine,2021,3108,3123,3263,3427,3673,3696,3927,4050,4202,4187,4442,4560,4458,4531,4605,4605,4524,4642,4572,4659,4819
ITD42,Udine,2022,2974,3148,3140,3291,3446,3672,3687,3964,4062,4227,4210,4458,4575,4456,4563,4604,4608,4554,4690,4636,4631
ITD42,Udine,2023,2961,3004,3200,3184,3317,3484,3715,3714,3983,4094,4240,4240,4488,4601,4479,4575,4624,4621,4609,4746,4682
ITD42,Udine,2024,2807,2985,3040,3235,3222,3345,3526,3731,3747,4023,4131,4273,4256,4517,4639,4518,4601,4639,4683,4689,4783
ITD42,Udine,2025,2834,2823,3015,3065,3269,3243,3410,3551,3769,3784,4062,4146,4304,4280,4539,4656,4567,4634,4707,4733,4753
ITD42,Udine,2026,2656,2877,2839,3061,3089,3291,3281,3436,3590,3798,3824,4085,4179,4337,4319,4583,4692,4606,4682,4769,4791
ITC20,Valle d'Aosta / Vallée d'Aoste,2019,884,891,958,969,1058,1032,1122,1184,1163,1229,1209,1216,1239,1146,1175,1180,1116,1181,1230,1213,1198
ITC20,Valle d'Aosta / Vallée d'Aoste,2020,835,893,888,951,961,1050,1033,1124,1182,1155,1224,1204,1207,1235,1142,1175,1182,1115,1183,1226,1192
ITC20,Valle d'Aosta / Vallée d'Aoste,2021,784,830,893,882,955,977,1043,1027,1134,1188,1160,1218,1205,1209,1238,1148,1177,1196,1113,1187,1225
ITC20,Valle d'Aosta / Vallée d'Aoste,2022,744,781,825,883,883,959,971,1051,1025,1144,1199,1159,1218,1217,1220,1246,1146,1190,1206,1127,1188
ITC20,Valle d'Aosta / Vallée d'Aoste,2023,779,752,785,816,893,890,959,979,1059,1032,1151,1205,1167,1227,1229,1234,1255,1156,1184,1224,1150
ITC20,Valle d'Aosta / Vallée d'Aoste,2024,724,787,760,791,812,897,894,960,985,1061,1039,1147,1216,1171,1232,1234,1244,1264,1177,1206,1238
ITC20,Valle d'Aosta / Vallée d'Aoste,2025,639,719,791,765,799,806,909,890,961,995,1065,1051,1158,1218,1172,1231,1236,1255,1279,1193,1220
ITC20,Valle d'Aosta / Vallée d'Aoste,2026,684,652,741,798,757,806,815,914,893,972,1003,1079,1054,1162,1230,1169,1234,1243,1274,1291,1205
ITC41,Varese,2019,6479,6682,7004,7433,7602,7951,8073,8353,8356,8768,8524,8521,8632,8364,8472,8107,8103,8099,8269,8259,8271
ITC41,Varese,2020,6265,6544,6718,7050,7489,7675,7981,8052,8369,8395,8790,8558,8517,8635,8374,8506,8129,8136,8166,8335,8337
ITC41,Varese,2021,5851,6360,6649,6855,7170,7640,7714,8019,8069,8344,8390,8804,8594,8547,8670,8392,8505,8099,8099,8109,8315
ITC41,Varese,2022,6017,5898,6423,6723,6826,7153,7596,7813,8049,8134,8437,8428,8840,8650,8608,8725,8443,8601,8084,8134,8194
ITC41,Varese,2023,5774,6113,5990,6488,6779,6884,7206,7659,7869,8121,8175,8497,8448,8896,8698,8656,8769,8494,8664,8206,8236
ITC41,Varese,2024,5517,5823,6189,6027,6559,6817,6920,7238,7710,7934,8149,8226,8545,8497,8937,8757,8692,8824,8549,8739,8326
ITC41,Varese,2025,5513,5576,5898,6264,6103,6646,6855,7001,7295,7775,7997,8211,8265,8600,8543,9002,8826,8751,8899,8686,8881
ITC41,Varese,2026,5386,5570,5657,5948,6354,6164,6692,6921,7059,7349,7839,8048,8257,8323,8640,8619,9083,8903,8844,9032,8818
ITD35,Venezia,2019,5613,5881,6125,6223,6330,6673,7136,7417,7407,7550,7818,7773,7652,7571,7846,7798,7491,7600,7857,7766,7994
ITD35,Venezia,2020,5338,5619,5916,6168,6297,6366,6713,7147,7437,7423,7592,7815,7803,7692,7581,7855,7847,7512,7676,7935,7849
ITD35,Venezia,2021,5244,5399,5705,5990,6257,6360,6404,6734,7183,7454,7452,7614,7841,7850,7718,7607,7868,7843,7520,7826,8130
ITD35,Venezia,2022,5280,5258,5407,5718,6009,6252,6326,6423,6768,7192,7476,7461,7631,7876,7875,7735,7643,7942,7889,7572,7763
ITD35,Venezia,2023,5045,5323,5304,5462,5779,6053,6322,6390,6464,6807,7199,7493,7518,7668,7924,7913,7770,7675,7972,7993,7680
ITD35,Venezia,2024,4920,5089,5374,5368,5504,5836,6090,6392,6434,6526,6846,7257,7543,7567,7721,7977,7949,7827,7744,8072,8100
ITD35,Venezia,2025,4738,4950,5149,5417,5405,5537,5875,6143,6412,6467,6580,6879,7258,7579,7614,7766,7995,7972,7913,7849,8191
ITD35,Venezia,2026,4542,4772,4982,5219,5475,5486,5616,5891,6197,6453,6520,6645,6919,7302,7625,7669,7834,8061,8045,8007,7985
ITC14,Verbano-Cusio-Ossola,2019,864,918,961,1058,1116,1117,1185,1234,1256,1311,1300,1257,1344,1323,1363,1396,1261,1400,1429,1351,1489
ITC14,Verbano-Cusio-Ossola,2020,805,875,924,973,1069,1124,1137,1167,1235,1265,1321,1303,1263,1350,1328,1364,1393,1270,1409,1429,1363
ITC14,Verbano-Cusio-Ossola,2021,874,811,883,936,995,1091,1135,1155,1177,1236,1270,1333,1312,1262,1353,1329,1366,1388,1272,1394,1424
ITC14,Verbano-Cusio-Ossola,2022,876,869,816,889,941,999,1089,1138,1156,1183,1234,1278,1337,1315,1268,1359,1342,1384,1393,1278,1400
ITC14,Verbano-Cusio-Ossola,2023,774,884,890,822,896,954,1019,1101,1147,1174,1198,1251,1289,1343,1325,1283,1374,1354,1408,1415,1306
ITC14,Verbano-Cusio-Ossola,2024,760,779,905,895,833,931,955,1041,1101,1166,1189,1215,1270,1300,1358,1339,1291,1387,1381,1428,1422
ITC14,Verbano-Cusio-Ossola,2025,749,771,788,905,908,834,938,973,1044,1111,1166,1198,1231,1270,1311,1359,1342,1293,1413,1402,1432
ITC14,Verbano-Cusio-Ossola,2026,761,753,784,814,912,922,837,951,983,1050,1122,1185,1205,1231,1268,1319,1373,1352,1314,1431,1409
ITC12,Vercelli,2019,1057,1132,1168,1182,1241,1248,1360,1285,1341,1420,1384,1463,1407,1366,1353,1426,1454,1385,1484,1491,1515
ITC12,Vercelli,2020,1030,1078,1134,1157,1194,1254,1244,1362,1274,1350,1423,1390,1452,1417,1376,1364,1424,1462,1393,1495,1495
ITC12,Vercelli,2021,1007,1024,1090,1128,1177,1216,1246,1264,1356,1289,1343,1426,1387,1454,1406,1381,1360,1427,1432,1363,1476
ITC12,Vercelli,2022,1002,1019,1029,1103,1140,1179,1223,1276,1269,1382,1300,1364,1443,1397,1476,1426,1381,1366,1432,1439,1380
ITC12,Vercelli,2023,987,1015,1011,1055,1124,1159,1198,1245,1287,1283,1395,1317,1375,1453,1408,1494,1434,1409,1403,1468,1461
ITC12,Vercelli,2024,948,995,1034,1037,1055,1140,1177,1204,1275,1298,1310,1422,1330,1386,1480,1430,1515,1463,1447,1436,1496
ITC12,Vercelli,2025,900,978,1008,1048,1048,1061,1154,1202,1225,1295,1323,1317,1441,1364,1407,1507,1448,1554,1496,1490,1462
ITC12,Vercelli,2026,948,928,998,1027,1067,1082,1086,1172,1226,1254,1304,1345,1325,1455,1383,1418,1542,1460,1590,1525,1536
ITD31,Verona,2019,7291,7592,7872,8043,8216,8182,8538,8737,9103,9129,9261,9122,9081,9045,9040,8688,8773,8699,8931,9088,9021
ITD31,Verona,2020,7048,7371,7644,7907,8069,8260,8182,8543,8750,9115,9119,9255,9118,9090,9078,9052,8717,8805,8785,8986,9145
ITD31,Verona,2021,6831,7132,7510,7775,8005,8204,8273,8247,8577,8807,9143,9165,9325,9166,9158,9126,9070,8731,8832,8835,9126
ITD31,Verona,2022,6736,6857,7156,7555,7812,7994,8218,8340,8276,8635,8855,9186,9231,9362,9187,9175,9156,9167,8770,8872,8869
ITD31,Verona,2023,6500,6794,6942,7220,7623,7825,8033,8282,8394,8325,8675,8883,9213,9273,9397,9247,9190,9216,9255,8873,8955
ITD31,Verona,2024,6233,6537,6812,6996,7239,7639,7849,8064,8332,8399,8360,8727,8899,9254,9299,9433,9265,9242,9310,9305,8996
ITD31,Verona,2025,6175,6237,6570,6870,7007,7293,7645,7887,8124,8374,8443,8413,8754,8943,9312,9356,9478,9341,9336,9448,9420
ITD31,Verona,2026,5960,6202,6269,6641,6941,7063,7331,7694,7953,8158,8446,8488,8475,8801,8989,9377,9405,9565,9410,9441,9576
ITF64,Vibo Valentia,2019,1184,1217,1216,1255,1314,1243,1376,1317,1452,1418,1517,1539,1520,1584,1590,1633,1579,1741,1809,1746,1822
ITF64,Vibo Valentia,2020,1142,1181,1201,1195,1241,1312,1235,1361,1301,1438,1408,1519,1529,1520,1582,1593,1619,1569,1722,1752,1720
ITF64,Vibo Valentia,2021,1153,1155,1212,1226,1224,1266,1321,1230,1368,1316,1436,1412,1527,1534,1534,1593,1604,1632,1571,1721,1723
ITF64,Vibo Valentia,2022,1077,1151,1162,1210,1217,1189,1263,1309,1245,1377,1330,1438,1415,1529,1541,1536,1592,1604,1639,1568,1707
ITF64,Vibo Valentia,2023,1102,1078,1150,1149,1211,1215,1196,1269,1300,1246,1379,1336,1449,1417,1530,1546,1531,1591,1611,1633,1565
ITF64,Vibo Valentia,2024,1111,1117,1086,1155,1162,1212,1210,1205,1270,1311,1250,1374,1336,1456,1415,1527,1546,1542,1606,1625,1640
ITF64,Vibo Valentia,2025,1111,1113,1116,1091,1167,1153,1204,1214,1203,1274,1316,1257,1369,1350,1460,1419,1534,1559,1570,1645,1646
ITF64,Vibo Valentia,2026,1034,1104,1119,1115,1106,1167,1141,1192,1229,1205,1284,1308,1264,1370,1347,1467,1427,1539,1569,1574,1655
ITD32,Vicenza,2019,6351,6587,6759,7108,7450,7494,7875,7978,8228,8508,8665,8576,8608,8722,8920,8534,8721,8632,8875,8752,8894
ITD32,Vicenza,2020,6032,6432,6608,6767,7084,7449,7428,7824,7954,8207,8435,8602,8536,8582,8697,8919,8530,8726,8682,8935,8796
ITD32,Vicenza,2021,6055,6127,6506,6690,6878,7178,7468,7464,7844,8002,8207,8438,8631,8562,8597,8725,8908,8532,8739,8730,8990
ITD32,Vicenza,2022,6157,6073,6145,6508,6686,6867,7131,7475,7472,7872,8023,8242,8460,8653,8554,8625,8739,8977,8564,8777,8771
ITD32,Vicenza,2023,5958,6210,6129,6215,6555,6702,6891,7176,7515,7516,7905,8038,8255,8521,8687,8597,8669,8791,9062,8680,8865
ITD32,Vicenza,2024,5668,6040,6260,6192,6288,6608,6744,6942,7197,7548,7544,7953,8068,8290,8554,8724,8636,8728,8874,9151,8766
ITD32,Vicenza,2025,5744,5725,6048,6282,6231,6314,6650,6760,6953,7240,7579,7579,7994,8107,8326,8582,8782,8712,8818,8947,9258
ITD32,Vicenza,2026,5548,5768,5753,6069,6315,6258,6386,6665,6776,6990,7281,7598,7627,8038,8158,8366,8647,8821,8792,8934,9053
ITE41,Viterbo,2019,2038,2112,2241,2338,2429,2437,2519,2558,2634,2720,2789,2683,2763,2601,2650,2619,2648,2709,2727,2727,2915
ITE41,Viterbo,2020,1847,2052,2111,2235,2340,2421,2438,2524,2552,2643,2701,2792,2682,2771,2590,2648,2625,2653,2733,2725,2744
ITE41,Viterbo,2021,1798,1913,2116,2165,2314,2394,2441,2437,2540,2592,2675,2729,2831,2712,2793,2606,2641,2632,2666,2760,2762
ITE41,Viterbo,2022,1780,1813,1930,2146,2177,2306,2384,2471,2474,2581,2622,2704,2768,2879,2725,2825,2645,2684,2636,2679,2760
ITE41,Viterbo,2023,1785,1825,1835,1943,2173,2202,2326,2404,2496,2505,2583,2637,2724,2771,2907,2747,2850,2671,2704,2660,2719
ITE41,Viterbo,2024,1689,1807,1848,1868,1965,2198,2223,2335,2413,2513,2500,2615,2673,2725,2792,2911,2759,2877,2730,2761,2712
ITE41,Viterbo,2025,1557,1727,1817,1868,1906,1976,2212,2250,2352,2443,2524,2522,2622,2683,2752,2806,2921,2787,2929,2765,2808
ITE41,Viterbo,2026,1503,1592,1754,1834,1900,1929,1993,2231,2275,2381,2470,2542,2552,2644,2716,2779,2831,2943,2817,2980,2833
