ANNOSCOLASTICO,PROVINCIA,ORDINESCUOLA,TIPOPOSTO,TIPOSUPPLENZA,FASCIAETA,CONTRATTOFINALRUOLO,CONTRATTOORARIOINTERO,DOCENTISUPPLENTIMASCHI,DOCENTISUPPLENTIFEMMINE
202425,TRAPANI,SCUOLA INFANZIA,NORMALE,ANNUALE,OLTRE 54,NO,SI,0,1
202425,TRAPANI,SCUOLA SECONDARIA II GRADO,SOSTEGNO,FINO AL TERMINE,TRA 35 E 44,NO,SI,13,93
202425,BELLUNO,SCUOLA PRIMARIA,SOSTEGNO,ANNUALE,TRA 45 E 54,SI,SI,0,2
202425,TORINO,SCUOLA PRIMARIA,SOSTEGNO,FINO AL TERMINE,TRA 45 E 54,NO,NO,4,22
202425,CHIETI,SCUOLA SECONDARIA I GRADO,SOSTEGNO,FINO AL TERMINE,OLTRE 54,NO,NO,1,1
202425,PISA,SCUOLA PRIMARIA,SOSTEGNO,FINO AL TERMINE,TRA 45 E 54,NO,SI,12,149
202425,TORINO,SCUOLA SECONDARIA II GRADO,SOSTEGNO,ANNUALE,TRA 35 E 44,SI,SI,2,3
202425,CATANIA,SCUOLA SECONDARIA II GRADO,NORMALE,ANNUALE,FINO A 34,NO,SI,11,14
202425,AGRIGENTO,SCUOLA SECONDARIA I GRADO,SOSTEGNO,FINO AL TERMINE,OLTRE 54,NO,NO,2,0
202425,SUD SARDEGNA,SCUOLA INFANZIA,SOSTEGNO,FINO AL TERMINE,TRA 35 E 44,NO,NO,0,3
202425,PISA,SCUOLA SECONDARIA II GRADO,SOSTEGNO,FINO AL TERMINE,FINO A 34,NO,NO,2,4
202425,LECCO,SCUOLA PRIMARIA,SOSTEGNO,ANNUALE,OLTRE 54,SI,SI,0,1
202425,TERAMO,SCUOLA SECONDARIA I GRADO,SOSTEGNO,FINO AL TERMINE,FINO A 34,NO,NO,1,2
202425,SIENA,SCUOLA SECONDARIA II GRADO,SOSTEGNO,ANNUALE,FINO A 34,SI,SI,0,5
202425,BOLOGNA,SCUOLA SECONDARIA I GRADO,NORMALE,FINO AL TERMINE,TRA 35 E 44,NO,SI,9,33
202425,PARMA,SCUOLA PRIMARIA,SOSTEGNO,ANNUALE,TRA 45 E 54,SI,SI,0,5
202425,TREVISO,SCUOLA SECONDARIA II GRADO,NORMALE,ANNUALE,FINO A 34,NO,SI,64,50
202425,SUD SARDEGNA,SCUOLA SECONDARIA I GRADO,SOSTEGNO,ANNUALE,TRA 35 E 44,SI,SI,0,1
202425,PADOVA,SCUOLA SECONDARIA II GRADO,NORMALE,FINO AL TERMINE,FINO A 34,NO,NO,50,65
202425,PORDENONE,SCUOLA PRIMARIA,NORMALE,ANNUALE,FINO A 34,NO,SI,1,12
202425,REGGIO EMILIA,SCUOLA INFANZIA,NORMALE,FINO AL TERMINE,TRA 35 E 44,NO,NO,0,5
202425,AREZZO,SCUOLA SECONDARIA II GRADO,SOSTEGNO,ANNUALE,FINO A 34,SI,SI,1,0
202425,ROVIGO,SCUOLA SECONDARIA I GRADO,SOSTEGNO,ANNUALE,TRA 35 E 44,SI,SI,5,12
202425,IMPERIA,SCUOLA SECONDARIA I GRADO,NORMALE,FINO AL TERMINE,FINO A 34,NO,SI,2,7
202425,VARESE,SCUOLA PRIMARIA,SOSTEGNO,ANNUALE,TRA 45 E 54,SI,SI,3,12
202425,MACERATA,SCUOLA PRIMARIA,SOSTEGNO,FINO AL TERMINE,TRA 45 E 54,NO,NO,0,15
202425,VIBO VALENTIA,SCUOLA INFANZIA,SOSTEGNO,ANNUALE,TRA 35 E 44,SI,SI,0,1
202425,PAVIA,SCUOLA PRIMARIA,NORMALE,FINO AL TERMINE,TRA 35 E 44,NO,NO,4,5
202425,PIACENZA,SCUOLA SECONDARIA II GRADO,SOSTEGNO,FINO AL TERMINE,TRA 35 E 44,NO,NO,3,5
202425,TRIESTE,SCUOLA SECONDARIA I GRADO,SOSTEGNO,FINO AL TERMINE,TRA 35 E 44,NO,SI,5,12
202425,ALESSANDRIA,SCUOLA PRIMARIA,NORMALE,FINO AL TERMINE,TRA 45 E 54,NO,NO,2,7
202425,BIELLA,SCUOLA SECONDARIA II GRADO,NORMALE,FINO AL TERMINE,FINO A 34,NO,SI,4,7
202425,L'AQUILA,SCUOLA SECONDARIA II GRADO,SOSTEGNO,FINO AL TERMINE,OLTRE 54,NO,SI,3,12
202425,MESSINA,SCUOLA SECONDARIA II GRADO,SOSTEGNO,FINO AL TERMINE,FINO A 34,NO,SI,3,21
202425,TRIESTE,SCUOLA SECONDARIA I GRADO,NORMALE,ANNUALE,OLTRE 54,NO,SI,1,0
202425,ASTI,SCUOLA SECONDARIA I GRADO,SOSTEGNO,ANNUALE,FINO A 34,SI,SI,5,11
202425,PADOVA,SCUOLA SECONDARIA II GRADO,SOSTEGNO,ANNUALE,FINO A 34,SI,SI,0,1
202425,PORDENONE,SCUOLA SECONDARIA I GRADO,SOSTEGNO,FINO AL TERMINE,TRA 35 E 44,NO,NO,0,6
202425,VENEZIA,SCUOLA SECONDARIA I GRADO,NORMALE,ANNUALE,TRA 45 E 54,NO,SI,7,37
202425,SIRACUSA,SCUOLA SECONDARIA II GRADO,SOSTEGNO,ANNUALE,FINO A 34,NO,SI,0,1
202425,SALERNO,SCUOLA PRIMARIA,NORMALE,FINO AL TERMINE,TRA 45 E 54,NO,NO,8,15
202425,PADOVA,SCUOLA INFANZIA,SOSTEGNO,FINO AL TERMINE,TRA 35 E 44,NO,NO,0,9
202425,AREZZO,SCUOLA SECONDARIA I GRADO,NORMALE,FINO AL TERMINE,TRA 45 E 54,NO,SI,1,4
202425,TERAMO,SCUOLA SECONDARIA II GRADO,NORMALE,ANNUALE,OLTRE 54,NO,SI,1,1
202425,VITERBO,SCUOLA SECONDARIA I GRADO,NORMALE,FINO AL TERMINE,FINO A 34,NO,NO,6,11
202425,NUORO,SCUOLA PRIMARIA,NORMALE,FINO AL TERMINE,TRA 35 E 44,NO,SI,0,9
202425,BIELLA,SCUOLA SECONDARIA I GRADO,NORMALE,FINO AL TERMINE,OLTRE 54,NO,SI,1,1
202425,BIELLA,SCUOLA SECONDARIA II GRADO,SOSTEGNO,FINO AL TERMINE,OLTRE 54,NO,SI,5,5
202425,ROMA,SCUOLA PRIMARIA,SOSTEGNO,ANNUALE,TRA 45 E 54,SI,SI,2,12
202425,LODI,SCUOLA INFANZIA,SOSTEGNO,ANNUALE,TRA 35 E 44,NO,SI,0,4
202425,FORLI'-CESENA,SCUOLA SECONDARIA I GRADO,SOSTEGNO,ANNUALE,TRA 45 E 54,NO,SI,0,2
202425,PAVIA,SCUOLA INFANZIA,SOSTEGNO,ANNUALE,OLTRE 54,SI,SI,0,2
202425,ROVIGO,SCUOLA PRIMARIA,SOSTEGNO,ANNUALE,OLTRE 54,NO,SI,1,23
202425,CHIETI,SCUOLA INFANZIA,NORMALE,ANNUALE,TRA 45 E 54,NO,NO,0,1
202425,ASTI,SCUOLA SECONDARIA I GRADO,SOSTEGNO,FINO AL TERMINE,TRA 35 E 44,NO,NO,0,6
202425,NAPOLI,SCUOLA PRIMARIA,NORMALE,ANNUALE,OLTRE 54,NO,SI,1,6
202425,TREVISO,SCUOLA SECONDARIA I GRADO,SOSTEGNO,ANNUALE,TRA 45 E 54,NO,SI,1,5
202425,SALERNO,SCUOLA PRIMARIA,SOSTEGNO,ANNUALE,OLTRE 54,SI,SI,1,1
202425,RIETI,SCUOLA SECONDARIA II GRADO,SOSTEGNO,FINO AL TERMINE,FINO A 34,NO,SI,7,27
202425,ANCONA,SCUOLA SECONDARIA II GRADO,SOSTEGNO,ANNUALE,TRA 35 E 44,SI,SI,0,2
202425,MANTOVA,SCUOLA INFANZIA,SOSTEGNO,FINO AL TERMINE,TRA 35 E 44,NO,SI,0,27
202425,PARMA,SCUOLA SECONDARIA I GRADO,NORMALE,ANNUALE,FINO A 34,SI,SI,0,1
202425,TRIESTE,SCUOLA SECONDARIA I GRADO,NORMALE,FINO AL TERMINE,TRA 35 E 44,NO,SI,1,3
202425,MATERA,SCUOLA SECONDARIA II GRADO,NORMALE,ANNUALE,TRA 35 E 44,NO,SI,5,14
202425,ISERNIA,SCUOLA SECONDARIA I GRADO,SOSTEGNO,ANNUALE,TRA 35 E 44,SI,SI,0,1
202425,TREVISO,SCUOLA INFANZIA,NORMALE,FINO AL TERMINE,OLTRE 54,NO,NO,0,5
202425,CAGLIARI,SCUOLA SECONDARIA I GRADO,NORMALE,FINO AL TERMINE,FINO A 34,NO,SI,0,2
202425,MILANO,SCUOLA SECONDARIA I GRADO,NORMALE,ANNUALE,TRA 35 E 44,SI,SI,1,6
202425,AREZZO,SCUOLA SECONDARIA I GRADO,SOSTEGNO,FINO AL TERMINE,TRA 35 E 44,NO,NO,3,9
202425,TERNI,SCUOLA SECONDARIA II GRADO,SOSTEGNO,FINO AL TERMINE,TRA 35 E 44,NO,SI,17,40
202425,SAVONA,SCUOLA SECONDARIA I GRADO,NORMALE,ANNUALE,FINO A 34,NO,SI,11,23
202425,FORLI'-CESENA,SCUOLA SECONDARIA I GRADO,NORMALE,ANNUALE,OLTRE 54,SI,SI,0,1
202425,VERBANO-CUSIO-OSSOLA,SCUOLA SECONDARIA II GRADO,SOSTEGNO,FINO AL TERMINE,TRA 35 E 44,NO,NO,0,7
202425,LODI,SCUOLA SECONDARIA I GRADO,SOSTEGNO,FINO AL TERMINE,OLTRE 54,NO,NO,0,2
202425,PORDENONE,SCUOLA INFANZIA,SOSTEGNO,FINO AL TERMINE,OLTRE 54,NO,NO,0,2
202425,CATANIA,SCUOLA PRIMARIA,SOSTEGNO,FINO AL TERMINE,OLTRE 54,NO,NO,0,16
202425,ASCOLI PICENO,SCUOLA SECONDARIA I GRADO,NORMALE,ANNUALE,TRA 35 E 44,NO,NO,0,1
202425,REGGIO EMILIA,SCUOLA INFANZIA,NORMALE,FINO AL TERMINE,TRA 35 E 44,NO,SI,0,5
202425,BRINDISI,SCUOLA SECONDARIA I GRADO,NORMALE,FINO AL TERMINE,OLTRE 54,NO,SI,1,9
202425,VARESE,SCUOLA SECONDARIA II GRADO,NORMALE,ANNUALE,TRA 45 E 54,NO,SI,37,39
202425,BARLETTA-ANDRIA-TRANI,SCUOLA SECONDARIA II GRADO,NORMALE,FINO AL TERMINE,TRA 45 E 54,NO,SI,8,14
202425,UDINE,SCUOLA PRIMARIA,NORMALE,FINO AL TERMINE,TRA 45 E 54,NO,SI,2,25
202425,PARMA,SCUOLA SECONDARIA II GRADO,NORMALE,FINO AL TERMINE,OLTRE 54,NO,NO,9,17
202425,AVELLINO,SCUOLA INFANZIA,SOSTEGNO,FINO AL TERMINE,TRA 45 E 54,NO,NO,0,16
202425,PALERMO,SCUOLA PRIMARIA,NORMALE,ANNUALE,TRA 35 E 44,NO,SI,0,4
202425,CAGLIARI,SCUOLA SECONDARIA I GRADO,SOSTEGNO,FINO AL TERMINE,FINO A 34,NO,SI,0,26
202425,BRESCIA,SCUOLA SECONDARIA II GRADO,SOSTEGNO,ANNUALE,FINO A 34,SI,SI,2,5
202425,MODENA,SCUOLA SECONDARIA II GRADO,NORMALE,ANNUALE,TRA 45 E 54,NO,NO,0,2
202425,SALERNO,SCUOLA SECONDARIA II GRADO,NORMALE,ANNUALE,TRA 35 E 44,NO,SI,31,43
202425,SIRACUSA,SCUOLA SECONDARIA II GRADO,NORMALE,FINO AL TERMINE,TRA 35 E 44,NO,NO,19,44
202425,CUNEO,SCUOLA SECONDARIA II GRADO,NORMALE,ANNUALE,TRA 35 E 44,NO,SI,15,15
202425,PAVIA,SCUOLA SECONDARIA II GRADO,NORMALE,FINO AL TERMINE,TRA 45 E 54,NO,NO,8,25
202425,PESARO E URBINO,SCUOLA SECONDARIA I GRADO,NORMALE,ANNUALE,TRA 35 E 44,NO,NO,1,0
202425,UDINE,SCUOLA SECONDARIA II GRADO,SOSTEGNO,FINO AL TERMINE,TRA 45 E 54,NO,SI,8,21
202425,CREMONA,SCUOLA PRIMARIA,SOSTEGNO,FINO AL TERMINE,TRA 35 E 44,NO,SI,3,46
202425,NOVARA,SCUOLA SECONDARIA I GRADO,NORMALE,FINO AL TERMINE,OLTRE 54,NO,SI,0,1
202425,FORLI'-CESENA,SCUOLA SECONDARIA II GRADO,NORMALE,ANNUALE,TRA 35 E 44,SI,SI,1,0
202425,TERAMO,SCUOLA INFANZIA,NORMALE,FINO AL TERMINE,TRA 35 E 44,NO,SI,0,1
202425,AVELLINO,SCUOLA PRIMARIA,NORMALE,FINO AL TERMINE,OLTRE 54,NO,NO,3,4
202425,GROSSETO,SCUOLA INFANZIA,SOSTEGNO,FINO AL TERMINE,FINO A 34,NO,NO,0,1
202425,SASSARI,SCUOLA SECONDARIA II GRADO,NORMALE,ANNUALE,TRA 45 E 54,NO,NO,0,2
202425,MANTOVA,SCUOLA PRIMARIA,NORMALE,FINO AL TERMINE,TRA 35 E 44,NO,NO,2,6
202425,NUORO,SCUOLA SECONDARIA I GRADO,NORMALE,FINO AL TERMINE,FINO A 34,NO,NO,6,15
202425,FROSINONE,SCUOLA PRIMARIA,SOSTEGNO,ANNUALE,TRA 45 E 54,SI,SI,0,2
202425,GENOVA,SCUOLA PRIMARIA,NORMALE,FINO AL TERMINE,TRA 45 E 54,NO,NO,5,31
202425,FORLI'-CESENA,SCUOLA SECONDARIA II GRADO,SOSTEGNO,ANNUALE,FINO A 34,SI,SI,1,2
202425,COMO,SCUOLA SECONDARIA I GRADO,SOSTEGNO,ANNUALE,TRA 45 E 54,SI,SI,9,21
202425,RAVENNA,SCUOLA SECONDARIA I GRADO,NORMALE,FINO AL TERMINE,TRA 35 E 44,NO,NO,3,20
202425,ENNA,SCUOLA PRIMARIA,NORMALE,ANNUALE,TRA 35 E 44,NO,SI,0,2
202425,MANTOVA,SCUOLA PRIMARIA,SOSTEGNO,ANNUALE,TRA 45 E 54,SI,SI,1,13
202425,FROSINONE,SCUOLA SECONDARIA I GRADO,NORMALE,ANNUALE,TRA 35 E 44,NO,SI,2,17
202425,PESCARA,SCUOLA PRIMARIA,NORMALE,FINO AL TERMINE,TRA 45 E 54,NO,SI,0,13
202425,VERBANO-CUSIO-OSSOLA,SCUOLA SECONDARIA II GRADO,NORMALE,ANNUALE,FINO A 34,NO,SI,16,22
202425,LODI,SCUOLA SECONDARIA II GRADO,NORMALE,FINO AL TERMINE,FINO A 34,NO,NO,32,31
202425,VENEZIA,SCUOLA PRIMARIA,SOSTEGNO,ANNUALE,OLTRE 54,SI,SI,0,1
202425,BERGAMO,SCUOLA INFANZIA,SOSTEGNO,ANNUALE,TRA 35 E 44,NO,SI,0,1
202425,UDINE,SCUOLA PRIMARIA,SOSTEGNO,FINO AL TERMINE,OLTRE 54,NO,NO,0,9
202425,ROMA,SCUOLA SECONDARIA I GRADO,NORMALE,ANNUALE,TRA 35 E 44,SI,NO,0,2
202425,COSENZA,SCUOLA SECONDARIA II GRADO,SOSTEGNO,FINO AL TERMINE,OLTRE 54,NO,SI,4,18
202425,LECCO,SCUOLA SECONDARIA I GRADO,SOSTEGNO,FINO AL TERMINE,TRA 45 E 54,NO,SI,6,25
202425,VERBANO-CUSIO-OSSOLA,SCUOLA INFANZIA,SOSTEGNO,FINO AL TERMINE,TRA 45 E 54,NO,SI,0,16
202425,ASTI,SCUOLA SECONDARIA I GRADO,NORMALE,FINO AL TERMINE,OLTRE 54,NO,NO,2,2
202425,BENEVENTO,SCUOLA PRIMARIA,NORMALE,FINO AL TERMINE,TRA 45 E 54,NO,SI,0,6
202425,ENNA,SCUOLA INFANZIA,SOSTEGNO,FINO AL TERMINE,TRA 35 E 44,NO,NO,0,5
202425,SIENA,SCUOLA SECONDARIA II GRADO,SOSTEGNO,ANNUALE,TRA 35 E 44,SI,SI,0,5
202425,GORIZIA,SCUOLA INFANZIA,SOSTEGNO,FINO AL TERMINE,TRA 35 E 44,NO,SI,0,12
202425,CATANIA,SCUOLA SECONDARIA I GRADO,SOSTEGNO,FINO AL TERMINE,OLTRE 54,NO,NO,0,1
202425,FROSINONE,SCUOLA SECONDARIA II GRADO,NORMALE,ANNUALE,OLTRE 54,NO,SI,6,1
202425,CASERTA,SCUOLA SECONDARIA II GRADO,NORMALE,ANNUALE,TRA 35 E 44,NO,SI,18,23
202425,RIMINI,SCUOLA SECONDARIA I GRADO,NORMALE,ANNUALE,TRA 45 E 54,NO,SI,1,3
202425,IMPERIA,SCUOLA PRIMARIA,NORMALE,ANNUALE,OLTRE 54,NO,SI,2,11
202425,VENEZIA,SCUOLA SECONDARIA II GRADO,SOSTEGNO,FINO AL TERMINE,OLTRE 54,NO,NO,0,2
202425,TORINO,SCUOLA SECONDARIA I GRADO,SOSTEGNO,ANNUALE,OLTRE 54,NO,SI,1,1
202425,CALTANISSETTA,SCUOLA SECONDARIA II GRADO,NORMALE,ANNUALE,FINO A 34,NO,NO,0,1
202425,PIACENZA,SCUOLA INFANZIA,SOSTEGNO,FINO AL TERMINE,TRA 35 E 44,NO,SI,0,10
202425,FOGGIA,SCUOLA PRIMARIA,NORMALE,FINO AL TERMINE,FINO A 34,NO,SI,0,17
202425,VARESE,SCUOLA PRIMARIA,NORMALE,ANNUALE,FINO A 34,NO,SI,4,19
202425,NOVARA,SCUOLA SECONDARIA II GRADO,NORMALE,ANNUALE,OLTRE 54,NO,SI,13,3
202425,CREMONA,SCUOLA SECONDARIA I GRADO,SOSTEGNO,ANNUALE,TRA 35 E 44,SI,NO,0,3
202425,SONDRIO,SCUOLA SECONDARIA I GRADO,SOSTEGNO,FINO AL TERMINE,OLTRE 54,NO,NO,1,0
202425,ASTI,SCUOLA SECONDARIA I GRADO,SOSTEGNO,ANNUALE,TRA 45 E 54,SI,SI,0,7
202425,MATERA,SCUOLA SECONDARIA II GRADO,SOSTEGNO,FINO AL TERMINE,FINO A 34,NO,SI,0,5
202425,PORDENONE,SCUOLA PRIMARIA,SOSTEGNO,ANNUALE,TRA 45 E 54,SI,SI,0,7
202425,COSENZA,SCUOLA INFANZIA,NORMALE,FINO AL TERMINE,TRA 45 E 54,NO,NO,0,4
202425,GORIZIA,SCUOLA SECONDARIA II GRADO,SOSTEGNO,FINO AL TERMINE,FINO A 34,NO,NO,0,1
202425,AREZZO,SCUOLA SECONDARIA II GRADO,NORMALE,FINO AL TERMINE,OLTRE 54,NO,SI,2,2
202425,PISA,SCUOLA SECONDARIA I GRADO,NORMALE,ANNUALE,TRA 45 E 54,NO,SI,2,10
202425,LECCE,SCUOLA PRIMARIA,NORMALE,FINO AL TERMINE,OLTRE 54,NO,SI,0,6
202425,CAMPOBASSO,SCUOLA PRIMARIA,SOSTEGNO,FINO AL TERMINE,TRA 45 E 54,NO,NO,0,3
202425,ALESSANDRIA,SCUOLA SECONDARIA I GRADO,SOSTEGNO,ANNUALE,TRA 35 E 44,NO,SI,0,3
202425,PESCARA,SCUOLA INFANZIA,SOSTEGNO,ANNUALE,TRA 35 E 44,SI,SI,0,2
202425,LA SPEZIA,SCUOLA PRIMARIA,NORMALE,FINO AL TERMINE,TRA 45 E 54,NO,NO,2,9
202425,BARLETTA-ANDRIA-TRANI,SCUOLA INFANZIA,SOSTEGNO,FINO AL TERMINE,TRA 45 E 54,NO,NO,0,7
202425,SONDRIO,SCUOLA SECONDARIA II GRADO,NORMALE,ANNUALE,TRA 45 E 54,NO,NO,0,1
202425,FIRENZE,SCUOLA INFANZIA,NORMALE,ANNUALE,TRA 35 E 44,NO,SI,0,12
202425,NAPOLI,SCUOLA SECONDARIA II GRADO,SOSTEGNO,FINO AL TERMINE,OLTRE 54,NO,NO,3,10
202425,COMO,SCUOLA SECONDARIA I GRADO,NORMALE,FINO AL TERMINE,TRA 45 E 54,NO,SI,1,8
202425,CALTANISSETTA,SCUOLA PRIMARIA,SOSTEGNO,FINO AL TERMINE,TRA 35 E 44,NO,NO,0,10
202425,SIENA,SCUOLA SECONDARIA I GRADO,NORMALE,ANNUALE,TRA 45 E 54,NO,SI,1,2
202425,NUORO,SCUOLA INFANZIA,SOSTEGNO,FINO AL TERMINE,TRA 35 E 44,NO,SI,0,7
202425,VICENZA,SCUOLA SECONDARIA II GRADO,SOSTEGNO,ANNUALE,FINO A 34,NO,SI,1,0
202425,BRESCIA,SCUOLA PRIMARIA,NORMALE,ANNUALE,OLTRE 54,NO,SI,0,2
202425,BOLOGNA,SCUOLA PRIMARIA,NORMALE,FINO AL TERMINE,TRA 45 E 54,NO,NO,5,12
202425,SUD SARDEGNA,SCUOLA SECONDARIA II GRADO,NORMALE,ANNUALE,FINO A 34,NO,SI,30,38
202425,IMPERIA,SCUOLA SECONDARIA I GRADO,SOSTEGNO,FINO AL TERMINE,FINO A 34,NO,NO,3,10
202425,PORDENONE,SCUOLA SECONDARIA I GRADO,SOSTEGNO,ANNUALE,TRA 45 E 54,SI,SI,0,3
202425,BELLUNO,SCUOLA SECONDARIA II GRADO,NORMALE,FINO AL TERMINE,TRA 45 E 54,NO,NO,5,15
202425,PALERMO,SCUOLA SECONDARIA II GRADO,SOSTEGNO,ANNUALE,TRA 45 E 54,SI,SI,0,4
202425,ROVIGO,SCUOLA SECONDARIA II GRADO,NORMALE,ANNUALE,FINO A 34,NO,SI,19,25
202425,VARESE,SCUOLA SECONDARIA I GRADO,NORMALE,ANNUALE,FINO A 34,NO,SI,33,52
202425,PISA,SCUOLA SECONDARIA II GRADO,SOSTEGNO,ANNUALE,FINO A 34,SI,SI,0,1
202425,SIRACUSA,SCUOLA INFANZIA,NORMALE,FINO AL TERMINE,TRA 35 E 44,NO,SI,0,2
202425,GENOVA,SCUOLA SECONDARIA II GRADO,SOSTEGNO,ANNUALE,TRA 45 E 54,NO,SI,0,2
202425,LUCCA,SCUOLA INFANZIA,SOSTEGNO,FINO AL TERMINE,FINO A 34,NO,NO,0,1
202425,FIRENZE,SCUOLA SECONDARIA I GRADO,NORMALE,ANNUALE,TRA 45 E 54,NO,NO,0,1
202425,GENOVA,SCUOLA PRIMARIA,SOSTEGNO,FINO AL TERMINE,TRA 35 E 44,NO,NO,4,12
202425,ALESSANDRIA,SCUOLA PRIMARIA,SOSTEGNO,FINO AL TERMINE,OLTRE 54,NO,NO,1,1
202425,ROMA,SCUOLA PRIMARIA,SOSTEGNO,ANNUALE,OLTRE 54,NO,SI,0,2
202425,ROMA,SCUOLA SECONDARIA I GRADO,SOSTEGNO,ANNUALE,TRA 35 E 44,NO,SI,2,2
202425,VERONA,SCUOLA SECONDARIA I GRADO,NORMALE,FINO AL TERMINE,OLTRE 54,NO,NO,4,5
202425,TREVISO,SCUOLA SECONDARIA II GRADO,NORMALE,FINO AL TERMINE,TRA 45 E 54,NO,NO,35,41
202425,MASSA-CARRARA,SCUOLA SECONDARIA II GRADO,NORMALE,ANNUALE,FINO A 34,NO,NO,1,1
202425,PORDENONE,SCUOLA PRIMARIA,SOSTEGNO,ANNUALE,TRA 35 E 44,NO,SI,1,8
202425,CATANIA,SCUOLA PRIMARIA,SOSTEGNO,FINO AL TERMINE,TRA 45 E 54,NO,NO,6,32
202425,MASSA-CARRARA,SCUOLA PRIMARIA,SOSTEGNO,FINO AL TERMINE,FINO A 34,NO,SI,1,8
202425,MONZA E DELLA BRIANZA,SCUOLA INFANZIA,NORMALE,FINO AL TERMINE,TRA 35 E 44,NO,SI,0,6
202425,RIETI,SCUOLA PRIMARIA,SOSTEGNO,FINO AL TERMINE,OLTRE 54,NO,SI,0,40
202425,AREZZO,SCUOLA PRIMARIA,NORMALE,ANNUALE,OLTRE 54,NO,SI,0,1
202425,CATANIA,SCUOLA SECONDARIA II GRADO,NORMALE,FINO AL TERMINE,OLTRE 54,NO,SI,22,1
202425,LUCCA,SCUOLA SECONDARIA II GRADO,NORMALE,FINO AL TERMINE,OLTRE 54,NO,NO,7,7
202425,LUCCA,SCUOLA SECONDARIA II GRADO,NORMALE,FINO AL TERMINE,TRA 45 E 54,NO,SI,7,14
202425,PRATO,SCUOLA SECONDARIA I GRADO,SOSTEGNO,FINO AL TERMINE,TRA 45 E 54,NO,NO,1,6
202425,ORISTANO,SCUOLA PRIMARIA,NORMALE,FINO AL TERMINE,OLTRE 54,NO,SI,0,1
202425,AVELLINO,SCUOLA SECONDARIA II GRADO,NORMALE,FINO AL TERMINE,FINO A 34,NO,SI,7,12
202425,PESCARA,SCUOLA SECONDARIA I GRADO,NORMALE,FINO AL TERMINE,TRA 45 E 54,NO,SI,3,4
202425,LODI,SCUOLA PRIMARIA,NORMALE,ANNUALE,FINO A 34,NO,SI,1,7
202425,AGRIGENTO,SCUOLA SECONDARIA II GRADO,NORMALE,ANNUALE,TRA 35 E 44,NO,NO,1,2
202425,REGGIO EMILIA,SCUOLA SECONDARIA II GRADO,NORMALE,ANNUALE,OLTRE 54,NO,SI,14,1
202425,LECCE,SCUOLA SECONDARIA II GRADO,NORMALE,ANNUALE,TRA 35 E 44,NO,SI,15,31
202425,FOGGIA,SCUOLA PRIMARIA,SOSTEGNO,FINO AL TERMINE,TRA 45 E 54,NO,NO,0,26
202425,VICENZA,SCUOLA SECONDARIA II GRADO,SOSTEGNO,FINO AL TERMINE,TRA 35 E 44,NO,NO,7,9
202425,GENOVA,SCUOLA PRIMARIA,SOSTEGNO,ANNUALE,FINO A 34,NO,SI,2,32
202425,ROMA,SCUOLA SECONDARIA II GRADO,SOSTEGNO,FINO AL TERMINE,FINO A 34,NO,SI,123,480
202425,BIELLA,SCUOLA PRIMARIA,SOSTEGNO,ANNUALE,FINO A 34,NO,SI,0,3
202425,ANCONA,SCUOLA PRIMARIA,NORMALE,FINO AL TERMINE,TRA 35 E 44,NO,NO,6,9
202425,TERNI,SCUOLA PRIMARIA,NORMALE,ANNUALE,OLTRE 54,NO,SI,0,1
202425,GORIZIA,SCUOLA PRIMARIA,SOSTEGNO,FINO AL TERMINE,TRA 45 E 54,NO,NO,0,3
202425,TRIESTE,SCUOLA SECONDARIA II GRADO,NORMALE,FINO AL TERMINE,FINO A 34,NO,NO,25,28
202425,CUNEO,SCUOLA PRIMARIA,SOSTEGNO,ANNUALE,TRA 45 E 54,NO,SI,3,27
202425,FORLI'-CESENA,SCUOLA INFANZIA,SOSTEGNO,FINO AL TERMINE,TRA 45 E 54,NO,NO,1,18
202425,PRATO,SCUOLA PRIMARIA,NORMALE,FINO AL TERMINE,OLTRE 54,NO,NO,1,1
202425,COSENZA,SCUOLA SECONDARIA II GRADO,NORMALE,FINO AL TERMINE,TRA 45 E 54,NO,NO,26,48
202425,SASSARI,SCUOLA INFANZIA,SOSTEGNO,ANNUALE,TRA 35 E 44,SI,SI,0,1
202425,ORISTANO,SCUOLA SECONDARIA II GRADO,NORMALE,ANNUALE,TRA 45 E 54,NO,SI,10,8
202425,VARESE,SCUOLA SECONDARIA II GRADO,NORMALE,FINO AL TERMINE,OLTRE 54,NO,SI,5,14
202425,PISTOIA,SCUOLA PRIMARIA,SOSTEGNO,FINO AL TERMINE,OLTRE 54,NO,NO,0,5
202425,BARLETTA-ANDRIA-TRANI,SCUOLA SECONDARIA I GRADO,NORMALE,FINO AL TERMINE,OLTRE 54,NO,NO,1,0
202425,PAVIA,SCUOLA INFANZIA,SOSTEGNO,FINO AL TERMINE,TRA 45 E 54,NO,SI,0,37
202425,RAGUSA,SCUOLA PRIMARIA,SOSTEGNO,FINO AL TERMINE,FINO A 34,NO,NO,0,1
202425,GENOVA,SCUOLA SECONDARIA I GRADO,NORMALE,FINO AL TERMINE,OLTRE 54,NO,NO,1,15
202425,ROMA,SCUOLA SECONDARIA I GRADO,SOSTEGNO,FINO AL TERMINE,TRA 45 E 54,NO,NO,6,21
202425,LA SPEZIA,SCUOLA PRIMARIA,SOSTEGNO,FINO AL TERMINE,OLTRE 54,NO,NO,0,5
202425,POTENZA,SCUOLA SECONDARIA I GRADO,NORMALE,FINO AL TERMINE,FINO A 34,NO,NO,6,10
202425,CATANZARO,SCUOLA SECONDARIA I GRADO,SOSTEGNO,FINO AL TERMINE,TRA 35 E 44,NO,SI,4,32
202425,ASTI,SCUOLA SECONDARIA II GRADO,NORMALE,ANNUALE,TRA 45 E 54,NO,SI,9,10
202425,MONZA E DELLA BRIANZA,SCUOLA SECONDARIA I GRADO,NORMALE,ANNUALE,TRA 35 E 44,NO,SI,13,22
202425,TRAPANI,SCUOLA PRIMARIA,SOSTEGNO,FINO AL TERMINE,TRA 45 E 54,NO,NO,1,17
202425,MASSA-CARRARA,SCUOLA INFANZIA,NORMALE,FINO AL TERMINE,TRA 45 E 54,NO,SI,0,4
202425,SALERNO,SCUOLA SECONDARIA I GRADO,NORMALE,ANNUALE,TRA 45 E 54,NO,NO,0,3
202425,SALERNO,SCUOLA PRIMARIA,SOSTEGNO,FINO AL TERMINE,TRA 35 E 44,NO,SI,3,190
202425,MODENA,SCUOLA SECONDARIA II GRADO,SOSTEGNO,ANNUALE,FINO A 34,NO,SI,2,1
202425,ASCOLI PICENO,SCUOLA INFANZIA,NORMALE,ANNUALE,OLTRE 54,NO,SI,0,3
202425,LECCE,SCUOLA PRIMARIA,NORMALE,ANNUALE,OLTRE 54,NO,SI,0,2
202425,PISA,SCUOLA SECONDARIA I GRADO,SOSTEGNO,FINO AL TERMINE,FINO A 34,NO,SI,25,30
202425,PISA,SCUOLA SECONDARIA II GRADO,NORMALE,ANNUALE,TRA 45 E 54,NO,NO,2,2
202425,CAMPOBASSO,SCUOLA SECONDARIA I GRADO,NORMALE,FINO AL TERMINE,TRA 35 E 44,NO,NO,1,7
202425,MACERATA,SCUOLA SECONDARIA I GRADO,NORMALE,FINO AL TERMINE,OLTRE 54,NO,SI,2,3
202425,PISTOIA,SCUOLA SECONDARIA I GRADO,NORMALE,ANNUALE,FINO A 34,NO,SI,6,13
202425,MILANO,SCUOLA SECONDARIA I GRADO,NORMALE,FINO AL TERMINE,TRA 45 E 54,NO,NO,40,124
202425,UDINE,SCUOLA PRIMARIA,SOSTEGNO,FINO AL TERMINE,TRA 45 E 54,NO,NO,2,13
202425,ROMA,SCUOLA PRIMARIA,NORMALE,ANNUALE,OLTRE 54,NO,SI,0,28
202425,ALESSANDRIA,SCUOLA PRIMARIA,SOSTEGNO,FINO AL TERMINE,FINO A 34,NO,SI,12,103
202425,ALESSANDRIA,SCUOLA SECONDARIA II GRADO,NORMALE,ANNUALE,TRA 35 E 44,NO,SI,22,22
202425,NOVARA,SCUOLA PRIMARIA,NORMALE,ANNUALE,TRA 45 E 54,NO,SI,2,1
202425,MASSA-CARRARA,SCUOLA SECONDARIA II GRADO,SOSTEGNO,FINO AL TERMINE,TRA 35 E 44,NO,SI,10,36
202425,LODI,SCUOLA PRIMARIA,SOSTEGNO,ANNUALE,FINO A 34,NO,SI,7,21
202425,AVELLINO,SCUOLA PRIMARIA,SOSTEGNO,ANNUALE,TRA 45 E 54,SI,SI,0,2
202425,PALERMO,SCUOLA PRIMARIA,NORMALE,FINO AL TERMINE,TRA 45 E 54,NO,SI,2,53
202425,TREVISO,SCUOLA SECONDARIA I GRADO,NORMALE,ANNUALE,FINO A 34,NO,SI,16,34
202425,RAGUSA,SCUOLA SECONDARIA II GRADO,NORMALE,FINO AL TERMINE,FINO A 34,NO,SI,2,2
202425,REGGIO EMILIA,SCUOLA PRIMARIA,NORMALE,FINO AL TERMINE,OLTRE 54,NO,SI,0,9
202425,ASCOLI PICENO,SCUOLA SECONDARIA I GRADO,NORMALE,FINO AL TERMINE,TRA 45 E 54,NO,NO,7,12
202425,MANTOVA,SCUOLA INFANZIA,NORMALE,ANNUALE,TRA 45 E 54,NO,SI,0,12
202425,SONDRIO,SCUOLA PRIMARIA,NORMALE,FINO AL TERMINE,TRA 35 E 44,NO,NO,3,7
202425,VIBO VALENTIA,SCUOLA SECONDARIA I GRADO,NORMALE,FINO AL TERMINE,TRA 45 E 54,NO,NO,1,3
202425,CATANZARO,SCUOLA PRIMARIA,SOSTEGNO,FINO AL TERMINE,FINO A 34,NO,NO,0,3
202425,LA SPEZIA,SCUOLA SECONDARIA II GRADO,NORMALE,FINO AL TERMINE,TRA 45 E 54,NO,NO,3,15
202425,PERUGIA,SCUOLA INFANZIA,NORMALE,FINO AL TERMINE,TRA 45 E 54,NO,SI,1,12
202425,VERCELLI,SCUOLA SECONDARIA II GRADO,NORMALE,FINO AL TERMINE,OLTRE 54,NO,NO,2,5
202425,ANCONA,SCUOLA PRIMARIA,SOSTEGNO,FINO AL TERMINE,TRA 35 E 44,NO,SI,5,97
202425,PARMA,SCUOLA SECONDARIA II GRADO,NORMALE,FINO AL TERMINE,FINO A 34,NO,SI,28,30
202425,CREMONA,SCUOLA PRIMARIA,NORMALE,FINO AL TERMINE,FINO A 34,NO,NO,8,19
202425,SUD SARDEGNA,SCUOLA SECONDARIA I GRADO,NORMALE,ANNUALE,TRA 45 E 54,NO,SI,6,25
202425,IMPERIA,SCUOLA SECONDARIA II GRADO,SOSTEGNO,FINO AL TERMINE,OLTRE 54,NO,SI,4,10
202425,GROSSETO,SCUOLA PRIMARIA,NORMALE,FINO AL TERMINE,TRA 35 E 44,NO,SI,3,8
202425,BERGAMO,SCUOLA PRIMARIA,SOSTEGNO,FINO AL TERMINE,TRA 45 E 54,NO,SI,5,99
202425,SIRACUSA,SCUOLA PRIMARIA,NORMALE,FINO AL TERMINE,OLTRE 54,NO,SI,0,8
202425,FIRENZE,SCUOLA SECONDARIA I GRADO,SOSTEGNO,ANNUALE,FINO A 34,NO,SI,0,2
202425,NAPOLI,SCUOLA SECONDARIA II GRADO,SOSTEGNO,FINO AL TERMINE,TRA 45 E 54,NO,SI,83,406
202425,TREVISO,SCUOLA SECONDARIA II GRADO,SOSTEGNO,FINO AL TERMINE,TRA 45 E 54,NO,NO,0,5
202425,PALERMO,SCUOLA INFANZIA,NORMALE,FINO AL TERMINE,TRA 35 E 44,NO,SI,0,5
202425,PRATO,SCUOLA INFANZIA,NORMALE,FINO AL TERMINE,FINO A 34,NO,NO,0,2
202425,MATERA,SCUOLA SECONDARIA II GRADO,NORMALE,FINO AL TERMINE,TRA 45 E 54,NO,NO,17,35
202425,MONZA E DELLA BRIANZA,SCUOLA SECONDARIA II GRADO,SOSTEGNO,ANNUALE,TRA 45 E 54,SI,NO,1,0
202425,FERMO,SCUOLA INFANZIA,NORMALE,ANNUALE,OLTRE 54,NO,SI,0,2
202425,FERRARA,SCUOLA PRIMARIA,SOSTEGNO,FINO AL TERMINE,OLTRE 54,NO,NO,0,4
202425,PADOVA,SCUOLA PRIMARIA,SOSTEGNO,ANNUALE,TRA 45 E 54,NO,SI,3,28
202425,PADOVA,SCUOLA SECONDARIA I GRADO,NORMALE,ANNUALE,FINO A 34,SI,NO,0,1
202425,L'AQUILA,SCUOLA INFANZIA,NORMALE,FINO AL TERMINE,FINO A 34,NO,SI,0,1
202425,NOVARA,SCUOLA SECONDARIA I GRADO,SOSTEGNO,ANNUALE,TRA 35 E 44,NO,SI,3,12
202425,CATANZARO,SCUOLA PRIMARIA,SOSTEGNO,FINO AL TERMINE,TRA 35 E 44,NO,SI,1,106
202425,MONZA E DELLA BRIANZA,SCUOLA SECONDARIA II GRADO,NORMALE,ANNUALE,TRA 35 E 44,NO,SI,44,44
202425,VENEZIA,SCUOLA SECONDARIA II GRADO,NORMALE,ANNUALE,TRA 35 E 44,NO,NO,0,3
202425,SALERNO,SCUOLA SECONDARIA II GRADO,SOSTEGNO,FINO AL TERMINE,OLTRE 54,NO,NO,0,1
202425,ASCOLI PICENO,SCUOLA INFANZIA,SOSTEGNO,FINO AL TERMINE,TRA 35 E 44,NO,SI,0,11
202425,ASTI,SCUOLA PRIMARIA,NORMALE,ANNUALE,FINO A 34,NO,SI,0,4
202425,VITERBO,SCUOLA SECONDARIA II GRADO,SOSTEGNO,FINO AL TERMINE,TRA 45 E 54,NO,NO,2,3
202425,LECCE,SCUOLA SECONDARIA II GRADO,SOSTEGNO,ANNUALE,TRA 45 E 54,NO,SI,1,1
202425,PISTOIA,SCUOLA PRIMARIA,NORMALE,FINO AL TERMINE,OLTRE 54,NO,NO,2,1
202425,MANTOVA,SCUOLA PRIMARIA,SOSTEGNO,ANNUALE,TRA 45 E 54,NO,SI,4,47
202425,MODENA,SCUOLA PRIMARIA,NORMALE,FINO AL TERMINE,OLTRE 54,NO,SI,0,6
202425,FOGGIA,SCUOLA SECONDARIA I GRADO,NORMALE,FINO AL TERMINE,TRA 35 E 44,NO,SI,6,23
202425,BOLOGNA,SCUOLA SECONDARIA II GRADO,NORMALE,FINO AL TERMINE,FINO A 34,NO,NO,65,75
202425,PAVIA,SCUOLA SECONDARIA I GRADO,NORMALE,ANNUALE,TRA 35 E 44,SI,SI,1,2
202425,VERONA,SCUOLA SECONDARIA II GRADO,NORMALE,FINO AL TERMINE,FINO A 34,NO,SI,25,23
202425,NOVARA,SCUOLA INFANZIA,NORMALE,FINO AL TERMINE,TRA 35 E 44,NO,SI,0,3
202425,MILANO,SCUOLA INFANZIA,SOSTEGNO,FINO AL TERMINE,TRA 45 E 54,NO,NO,0,19
202425,BARI,SCUOLA PRIMARIA,SOSTEGNO,FINO AL TERMINE,TRA 45 E 54,NO,SI,16,478
202425,TARANTO,SCUOLA SECONDARIA I GRADO,SOSTEGNO,ANNUALE,TRA 45 E 54,SI,SI,0,4
202425,MESSINA,SCUOLA PRIMARIA,NORMALE,FINO AL TERMINE,TRA 35 E 44,NO,NO,6,9
202425,MONZA E DELLA BRIANZA,SCUOLA SECONDARIA I GRADO,NORMALE,FINO AL TERMINE,OLTRE 54,NO,NO,9,18
202425,COSENZA,SCUOLA PRIMARIA,SOSTEGNO,FINO AL TERMINE,TRA 35 E 44,NO,NO,1,16
202425,BRINDISI,SCUOLA SECONDARIA II GRADO,SOSTEGNO,ANNUALE,TRA 45 E 54,NO,SI,1,1
202425,VERBANO-CUSIO-OSSOLA,SCUOLA PRIMARIA,SOSTEGNO,ANNUALE,TRA 45 E 54,NO,SI,3,18
202425,LECCO,SCUOLA SECONDARIA II GRADO,SOSTEGNO,FINO AL TERMINE,OLTRE 54,NO,SI,3,3
202425,SASSARI,SCUOLA SECONDARIA I GRADO,SOSTEGNO,FINO AL TERMINE,OLTRE 54,NO,SI,18,59
202425,BRESCIA,SCUOLA SECONDARIA II GRADO,SOSTEGNO,FINO AL TERMINE,TRA 35 E 44,NO,SI,47,99
202425,CUNEO,SCUOLA SECONDARIA I GRADO,NORMALE,FINO AL TERMINE,TRA 35 E 44,NO,SI,6,10
202425,TORINO,SCUOLA SECONDARIA I GRADO,SOSTEGNO,FINO AL TERMINE,TRA 45 E 54,NO,NO,7,23
202425,MILANO,SCUOLA SECONDARIA II GRADO,NORMALE,ANNUALE,FINO A 34,NO,SI,251,266
202425,BOLOGNA,SCUOLA SECONDARIA I GRADO,SOSTEGNO,ANNUALE,TRA 35 E 44,NO,SI,0,3
202425,PAVIA,SCUOLA SECONDARIA II GRADO,SOSTEGNO,ANNUALE,TRA 45 E 54,SI,SI,1,4
202425,LATINA,SCUOLA SECONDARIA I GRADO,NORMALE,ANNUALE,TRA 35 E 44,NO,SI,6,19
202425,AGRIGENTO,SCUOLA PRIMARIA,NORMALE,FINO AL TERMINE,OLTRE 54,NO,SI,0,7
202425,TERAMO,SCUOLA INFANZIA,SOSTEGNO,FINO AL TERMINE,TRA 35 E 44,NO,SI,0,20
202425,VERCELLI,SCUOLA PRIMARIA,NORMALE,FINO AL TERMINE,OLTRE 54,NO,SI,0,3
202425,RIMINI,SCUOLA SECONDARIA I GRADO,SOSTEGNO,FINO AL TERMINE,OLTRE 54,NO,SI,7,13
202425,ASTI,SCUOLA INFANZIA,NORMALE,FINO AL TERMINE,TRA 45 E 54,NO,SI,0,8
202425,SASSARI,SCUOLA PRIMARIA,SOSTEGNO,ANNUALE,OLTRE 54,NO,SI,0,3
202425,CHIETI,SCUOLA INFANZIA,SOSTEGNO,FINO AL TERMINE,TRA 35 E 44,NO,SI,0,19
202425,VICENZA,SCUOLA SECONDARIA I GRADO,SOSTEGNO,ANNUALE,TRA 45 E 54,NO,SI,0,4
202425,BOLOGNA,SCUOLA SECONDARIA I GRADO,SOSTEGNO,FINO AL TERMINE,FINO A 34,NO,SI,18,57
202425,PERUGIA,SCUOLA INFANZIA,SOSTEGNO,FINO AL TERMINE,TRA 35 E 44,NO,NO,0,8
202425,FORLI'-CESENA,SCUOLA SECONDARIA II GRADO,SOSTEGNO,FINO AL TERMINE,TRA 45 E 54,NO,SI,12,18
202425,NAPOLI,SCUOLA PRIMARIA,SOSTEGNO,FINO AL TERMINE,TRA 45 E 54,NO,NO,5,105
202425,RAVENNA,SCUOLA SECONDARIA I GRADO,NORMALE,FINO AL TERMINE,TRA 45 E 54,NO,SI,4,12
202425,PIACENZA,SCUOLA SECONDARIA I GRADO,SOSTEGNO,FINO AL TERMINE,FINO A 34,NO,SI,12,11
202425,NUORO,SCUOLA SECONDARIA I GRADO,SOSTEGNO,FINO AL TERMINE,FINO A 34,NO,SI,3,5
202425,CUNEO,SCUOLA PRIMARIA,SOSTEGNO,FINO AL TERMINE,TRA 45 E 54,NO,NO,1,12
202425,PESCARA,SCUOLA INFANZIA,NORMALE,FINO AL TERMINE,OLTRE 54,NO,SI,0,6
202425,RAGUSA,SCUOLA SECONDARIA II GRADO,SOSTEGNO,FINO AL TERMINE,TRA 35 E 44,NO,SI,3,33
202425,POTENZA,SCUOLA INFANZIA,NORMALE,FINO AL TERMINE,TRA 45 E 54,NO,SI,0,8
202425,CROTONE,SCUOLA SECONDARIA II GRADO,NORMALE,FINO AL TERMINE,TRA 45 E 54,NO,NO,14,15
202425,LIVORNO,SCUOLA SECONDARIA I GRADO,SOSTEGNO,FINO AL TERMINE,FINO A 34,NO,NO,3,7
202425,COSENZA,SCUOLA INFANZIA,SOSTEGNO,FINO AL TERMINE,TRA 45 E 54,NO,SI,2,88
202425,NAPOLI,SCUOLA PRIMARIA,SOSTEGNO,ANNUALE,FINO A 34,SI,NO,0,1
202425,RIMINI,SCUOLA SECONDARIA II GRADO,NORMALE,ANNUALE,OLTRE 54,NO,SI,2,3
202425,ENNA,SCUOLA PRIMARIA,NORMALE,FINO AL TERMINE,TRA 45 E 54,NO,SI,0,4
202425,GENOVA,SCUOLA SECONDARIA II GRADO,NORMALE,FINO AL TERMINE,TRA 35 E 44,NO,SI,6,20
202425,ORISTANO,SCUOLA PRIMARIA,SOSTEGNO,FINO AL TERMINE,OLTRE 54,NO,SI,0,7
202425,VERONA,SCUOLA SECONDARIA I GRADO,SOSTEGNO,FINO AL TERMINE,FINO A 34,NO,SI,30,92
202425,VERCELLI,SCUOLA INFANZIA,NORMALE,FINO AL TERMINE,TRA 35 E 44,NO,NO,0,1
202425,LECCE,SCUOLA PRIMARIA,SOSTEGNO,FINO AL TERMINE,TRA 45 E 54,NO,SI,8,168
202425,IMPERIA,SCUOLA PRIMARIA,NORMALE,FINO AL TERMINE,TRA 45 E 54,NO,NO,1,3
202425,PADOVA,SCUOLA SECONDARIA I GRADO,NORMALE,FINO AL TERMINE,TRA 45 E 54,NO,SI,0,16
202425,TORINO,SCUOLA SECONDARIA I GRADO,SOSTEGNO,ANNUALE,TRA 35 E 44,SI,SI,22,69
202425,NUORO,SCUOLA SECONDARIA I GRADO,SOSTEGNO,ANNUALE,TRA 45 E 54,NO,NO,0,1
202425,SAVONA,SCUOLA INFANZIA,SOSTEGNO,FINO AL TERMINE,TRA 45 E 54,NO,SI,0,9
202425,LIVORNO,SCUOLA SECONDARIA I GRADO,NORMALE,FINO AL TERMINE,OLTRE 54,NO,NO,5,3
202425,LODI,SCUOLA PRIMARIA,SOSTEGNO,ANNUALE,TRA 35 E 44,NO,SI,0,20
202425,CREMONA,SCUOLA SECONDARIA I GRADO,SOSTEGNO,FINO AL TERMINE,TRA 45 E 54,NO,NO,3,12
202425,PISTOIA,SCUOLA SECONDARIA I GRADO,SOSTEGNO,FINO AL TERMINE,TRA 45 E 54,NO,SI,18,45
202425,CASERTA,SCUOLA SECONDARIA II GRADO,SOSTEGNO,FINO AL TERMINE,TRA 35 E 44,NO,SI,1,9
202425,NAPOLI,SCUOLA SECONDARIA I GRADO,NORMALE,FINO AL TERMINE,TRA 35 E 44,NO,NO,19,70
202425,ROVIGO,SCUOLA SECONDARIA II GRADO,NORMALE,FINO AL TERMINE,OLTRE 54,NO,SI,2,0
202425,PISA,SCUOLA INFANZIA,NORMALE,FINO AL TERMINE,TRA 45 E 54,NO,SI,0,2
202425,LECCO,SCUOLA PRIMARIA,NORMALE,FINO AL TERMINE,TRA 35 E 44,NO,NO,0,12
202425,CALTANISSETTA,SCUOLA SECONDARIA II GRADO,NORMALE,FINO AL TERMINE,TRA 45 E 54,NO,SI,12,9
202425,TRIESTE,SCUOLA SECONDARIA II GRADO,SOSTEGNO,FINO AL TERMINE,TRA 45 E 54,NO,NO,1,0
202425,GORIZIA,SCUOLA SECONDARIA I GRADO,NORMALE,FINO AL TERMINE,TRA 35 E 44,NO,SI,0,3
202425,FROSINONE,SCUOLA SECONDARIA I GRADO,SOSTEGNO,ANNUALE,OLTRE 54,SI,SI,0,1
202425,SUD SARDEGNA,SCUOLA PRIMARIA,NORMALE,FINO AL TERMINE,FINO A 34,NO,SI,0,7
202425,CASERTA,SCUOLA SECONDARIA I GRADO,SOSTEGNO,FINO AL TERMINE,FINO A 34,NO,NO,1,9
202425,TRAPANI,SCUOLA SECONDARIA II GRADO,NORMALE,ANNUALE,TRA 35 E 44,NO,SI,11,10
202425,ROVIGO,SCUOLA SECONDARIA II GRADO,SOSTEGNO,ANNUALE,FINO A 34,SI,SI,1,2
202425,BRESCIA,SCUOLA SECONDARIA II GRADO,NORMALE,ANNUALE,FINO A 34,NO,NO,1,2
202425,LA SPEZIA,SCUOLA SECONDARIA I GRADO,SOSTEGNO,FINO AL TERMINE,TRA 45 E 54,NO,NO,0,7
202425,ASTI,SCUOLA SECONDARIA II GRADO,NORMALE,FINO AL TERMINE,TRA 35 E 44,NO,SI,3,3
202425,TRAPANI,SCUOLA SECONDARIA I GRADO,NORMALE,ANNUALE,TRA 35 E 44,NO,NO,0,2
202425,SUD SARDEGNA,SCUOLA SECONDARIA II GRADO,NORMALE,FINO AL TERMINE,OLTRE 54,NO,SI,3,3
202425,PISTOIA,SCUOLA SECONDARIA I GRADO,NORMALE,FINO AL TERMINE,TRA 45 E 54,NO,NO,4,2
202425,AREZZO,SCUOLA INFANZIA,SOSTEGNO,ANNUALE,TRA 45 E 54,SI,NO,0,1
202425,VICENZA,SCUOLA PRIMARIA,SOSTEGNO,ANNUALE,OLTRE 54,SI,SI,0,1
202425,BRINDISI,SCUOLA SECONDARIA II GRADO,NORMALE,FINO AL TERMINE,OLTRE 54,NO,NO,5,11
202425,PAVIA,SCUOLA INFANZIA,SOSTEGNO,FINO AL TERMINE,OLTRE 54,NO,NO,0,5
202425,LUCCA,SCUOLA PRIMARIA,NORMALE,ANNUALE,OLTRE 54,NO,SI,1,1
202425,ALESSANDRIA,SCUOLA INFANZIA,SOSTEGNO,FINO AL TERMINE,OLTRE 54,NO,NO,0,1
202425,ALESSANDRIA,SCUOLA SECONDARIA I GRADO,NORMALE,FINO AL TERMINE,FINO A 34,NO,NO,7,18
202425,BIELLA,SCUOLA SECONDARIA I GRADO,NORMALE,FINO AL TERMINE,TRA 45 E 54,NO,SI,2,2
202425,LODI,SCUOLA INFANZIA,NORMALE,FINO AL TERMINE,FINO A 34,NO,SI,0,1
202425,PAVIA,SCUOLA INFANZIA,NORMALE,FINO AL TERMINE,FINO A 34,NO,NO,0,2
202425,TRIESTE,SCUOLA PRIMARIA,SOSTEGNO,ANNUALE,OLTRE 54,NO,SI,0,4
202425,FORLI'-CESENA,SCUOLA PRIMARIA,NORMALE,FINO AL TERMINE,TRA 35 E 44,NO,SI,2,10
202425,PALERMO,SCUOLA SECONDARIA I GRADO,NORMALE,ANNUALE,TRA 35 E 44,NO,NO,1,0
202425,ASCOLI PICENO,SCUOLA PRIMARIA,NORMALE,ANNUALE,OLTRE 54,NO,SI,0,4
202425,MODENA,SCUOLA SECONDARIA I GRADO,SOSTEGNO,FINO AL TERMINE,TRA 35 E 44,NO,NO,3,17
202425,BRINDISI,SCUOLA PRIMARIA,NORMALE,FINO AL TERMINE,TRA 35 E 44,NO,SI,0,15
202425,CASERTA,SCUOLA INFANZIA,SOSTEGNO,FINO AL TERMINE,FINO A 34,NO,NO,0,4
202425,MANTOVA,SCUOLA INFANZIA,SOSTEGNO,ANNUALE,OLTRE 54,SI,SI,0,1
202425,SIENA,SCUOLA PRIMARIA,SOSTEGNO,FINO AL TERMINE,FINO A 34,NO,SI,2,29
202425,RAVENNA,SCUOLA SECONDARIA II GRADO,NORMALE,FINO AL TERMINE,TRA 45 E 54,NO,SI,8,17
202425,FROSINONE,SCUOLA INFANZIA,NORMALE,FINO AL TERMINE,OLTRE 54,NO,SI,0,11
202425,VITERBO,SCUOLA PRIMARIA,NORMALE,FINO AL TERMINE,TRA 35 E 44,NO,SI,0,7
202425,LATINA,SCUOLA INFANZIA,NORMALE,FINO AL TERMINE,FINO A 34,NO,NO,0,2
202425,ALESSANDRIA,SCUOLA SECONDARIA II GRADO,SOSTEGNO,ANNUALE,TRA 45 E 54,SI,SI,0,2
202425,LODI,SCUOLA SECONDARIA I GRADO,NORMALE,ANNUALE,FINO A 34,NO,NO,1,0
202425,BERGAMO,SCUOLA INFANZIA,SOSTEGNO,FINO AL TERMINE,TRA 45 E 54,NO,SI,1,44
202425,AVELLINO,SCUOLA PRIMARIA,NORMALE,FINO AL TERMINE,TRA 45 E 54,NO,SI,0,10
202425,PORDENONE,SCUOLA SECONDARIA I GRADO,NORMALE,ANNUALE,TRA 35 E 44,NO,SI,7,8
202425,ISERNIA,SCUOLA INFANZIA,NORMALE,ANNUALE,TRA 45 E 54,NO,SI,0,1
202425,ISERNIA,SCUOLA INFANZIA,SOSTEGNO,FINO AL TERMINE,OLTRE 54,NO,SI,0,2
202425,ASTI,SCUOLA PRIMARIA,SOSTEGNO,FINO AL TERMINE,FINO A 34,NO,NO,0,5
202425,CROTONE,SCUOLA INFANZIA,SOSTEGNO,FINO AL TERMINE,OLTRE 54,NO,SI,0,19
202425,UDINE,SCUOLA INFANZIA,NORMALE,FINO AL TERMINE,TRA 45 E 54,NO,SI,0,15
202425,TERNI,SCUOLA SECONDARIA I GRADO,NORMALE,FINO AL TERMINE,TRA 35 E 44,NO,NO,5,10
202425,GORIZIA,SCUOLA PRIMARIA,NORMALE,FINO AL TERMINE,TRA 45 E 54,NO,SI,0,3
202425,BRESCIA,SCUOLA INFANZIA,SOSTEGNO,ANNUALE,TRA 45 E 54,SI,NO,0,1
202425,GENOVA,SCUOLA SECONDARIA I GRADO,SOSTEGNO,ANNUALE,TRA 35 E 44,SI,NO,0,1
202425,ROMA,SCUOLA PRIMARIA,NORMALE,ANNUALE,TRA 45 E 54,NO,SI,3,43
202425,BIELLA,SCUOLA PRIMARIA,NORMALE,FINO AL TERMINE,TRA 35 E 44,NO,SI,0,6
202425,CREMONA,SCUOLA PRIMARIA,SOSTEGNO,ANNUALE,TRA 45 E 54,SI,SI,0,1
202425,PESCARA,SCUOLA SECONDARIA II GRADO,NORMALE,ANNUALE,OLTRE 54,NO,NO,0,1
202425,POTENZA,SCUOLA SECONDARIA I GRADO,SOSTEGNO,FINO AL TERMINE,FINO A 34,NO,SI,0,5
202425,VERBANO-CUSIO-OSSOLA,SCUOLA SECONDARIA I GRADO,SOSTEGNO,ANNUALE,TRA 35 E 44,SI,SI,2,16
202425,ASTI,SCUOLA SECONDARIA I GRADO,SOSTEGNO,ANNUALE,OLTRE 54,SI,SI,2,1
202425,COMO,SCUOLA SECONDARIA II GRADO,NORMALE,ANNUALE,TRA 45 E 54,NO,NO,1,0
202425,SALERNO,SCUOLA PRIMARIA,NORMALE,ANNUALE,FINO A 34,NO,SI,0,2
202425,BRINDISI,SCUOLA INFANZIA,SOSTEGNO,FINO AL TERMINE,TRA 35 E 44,NO,SI,0,24
202425,ANCONA,SCUOLA SECONDARIA II GRADO,NORMALE,ANNUALE,FINO A 34,NO,SI,30,19
202425,VARESE,SCUOLA SECONDARIA I GRADO,NORMALE,FINO AL TERMINE,FINO A 34,NO,NO,16,44
202425,AREZZO,SCUOLA SECONDARIA I GRADO,SOSTEGNO,ANNUALE,FINO A 34,NO,SI,0,2
202425,PISA,SCUOLA INFANZIA,NORMALE,ANNUALE,OLTRE 54,NO,SI,0,1
202425,TRIESTE,SCUOLA SECONDARIA II GRADO,NORMALE,ANNUALE,TRA 35 E 44,NO,SI,5,13
202425,UDINE,SCUOLA PRIMARIA,NORMALE,ANNUALE,TRA 35 E 44,NO,SI,1,19
202425,TRAPANI,SCUOLA SECONDARIA I GRADO,SOSTEGNO,ANNUALE,TRA 35 E 44,NO,SI,0,1
202425,SUD SARDEGNA,SCUOLA SECONDARIA II GRADO,SOSTEGNO,FINO AL TERMINE,OLTRE 54,NO,NO,2,1
202425,REGGIO EMILIA,SCUOLA SECONDARIA I GRADO,SOSTEGNO,FINO AL TERMINE,FINO A 34,NO,NO,8,22
202425,ASCOLI PICENO,SCUOLA PRIMARIA,NORMALE,FINO AL TERMINE,OLTRE 54,NO,SI,0,6
202425,TORINO,SCUOLA PRIMARIA,NORMALE,FINO AL TERMINE,TRA 45 E 54,NO,NO,9,32
202425,VARESE,SCUOLA SECONDARIA I GRADO,SOSTEGNO,ANNUALE,TRA 35 E 44,SI,SI,29,60
202425,MILANO,SCUOLA SECONDARIA II GRADO,SOSTEGNO,FINO AL TERMINE,TRA 35 E 44,NO,SI,103,376
202425,FIRENZE,SCUOLA SECONDARIA II GRADO,SOSTEGNO,ANNUALE,TRA 45 E 54,NO,SI,1,2
202425,PAVIA,SCUOLA SECONDARIA I GRADO,NORMALE,FINO AL TERMINE,OLTRE 54,NO,NO,1,3
202425,UDINE,SCUOLA SECONDARIA II GRADO,NORMALE,FINO AL TERMINE,TRA 45 E 54,NO,SI,11,13
202425,RAGUSA,SCUOLA SECONDARIA I GRADO,NORMALE,ANNUALE,TRA 45 E 54,NO,NO,1,0
202425,BARI,SCUOLA INFANZIA,SOSTEGNO,FINO AL TERMINE,OLTRE 54,NO,SI,0,86
202425,NOVARA,SCUOLA SECONDARIA I GRADO,SOSTEGNO,ANNUALE,FINO A 34,NO,SI,0,1
202425,FORLI'-CESENA,SCUOLA PRIMARIA,SOSTEGNO,FINO AL TERMINE,FINO A 34,NO,SI,0,40
202425,MATERA,SCUOLA SECONDARIA I GRADO,NORMALE,FINO AL TERMINE,FINO A 34,NO,NO,1,6
202425,TARANTO,SCUOLA SECONDARIA I GRADO,SOSTEGNO,FINO AL TERMINE,TRA 35 E 44,NO,SI,25,111
202425,PALERMO,SCUOLA PRIMARIA,NORMALE,ANNUALE,FINO A 34,NO,SI,6,6
202425,SALERNO,SCUOLA SECONDARIA I GRADO,SOSTEGNO,ANNUALE,FINO A 34,NO,SI,0,1
202425,LECCO,SCUOLA INFANZIA,NORMALE,FINO AL TERMINE,TRA 45 E 54,NO,NO,0,5
202425,CASERTA,SCUOLA INFANZIA,NORMALE,FINO AL TERMINE,TRA 35 E 44,NO,NO,0,2
202425,SONDRIO,SCUOLA INFANZIA,SOSTEGNO,FINO AL TERMINE,TRA 45 E 54,NO,NO,0,6
202425,PAVIA,SCUOLA SECONDARIA I GRADO,SOSTEGNO,ANNUALE,TRA 35 E 44,NO,SI,3,0
202425,LA SPEZIA,SCUOLA SECONDARIA II GRADO,NORMALE,ANNUALE,OLTRE 54,NO,SI,7,5
202425,ROMA,SCUOLA SECONDARIA I GRADO,SOSTEGNO,ANNUALE,FINO A 34,NO,SI,0,1
202425,TARANTO,SCUOLA SECONDARIA II GRADO,NORMALE,ANNUALE,TRA 45 E 54,NO,SI,22,37
202425,FERRARA,SCUOLA SECONDARIA I GRADO,SOSTEGNO,FINO AL TERMINE,TRA 35 E 44,NO,SI,8,16
202425,FORLI'-CESENA,SCUOLA SECONDARIA I GRADO,NORMALE,ANNUALE,TRA 35 E 44,NO,SI,4,8
202425,COMO,SCUOLA PRIMARIA,SOSTEGNO,FINO AL TERMINE,FINO A 34,NO,SI,9,98
202425,RAVENNA,SCUOLA PRIMARIA,NORMALE,FINO AL TERMINE,OLTRE 54,NO,SI,0,2
202425,BRINDISI,SCUOLA SECONDARIA I GRADO,NORMALE,FINO AL TERMINE,TRA 35 E 44,NO,NO,4,8
202425,MONZA E DELLA BRIANZA,SCUOLA PRIMARIA,SOSTEGNO,ANNUALE,TRA 45 E 54,NO,SI,5,68
202425,SASSARI,SCUOLA SECONDARIA I GRADO,SOSTEGNO,ANNUALE,TRA 45 E 54,SI,SI,0,2
202425,BARLETTA-ANDRIA-TRANI,SCUOLA SECONDARIA II GRADO,SOSTEGNO,ANNUALE,TRA 35 E 44,SI,SI,0,1
202425,AVELLINO,SCUOLA INFANZIA,NORMALE,ANNUALE,TRA 45 E 54,NO,SI,0,2
202425,FERMO,SCUOLA SECONDARIA I GRADO,NORMALE,FINO AL TERMINE,TRA 35 E 44,NO,NO,1,4
202425,AVELLINO,SCUOLA INFANZIA,SOSTEGNO,FINO AL TERMINE,TRA 45 E 54,NO,SI,2,52
202425,PALERMO,SCUOLA SECONDARIA I GRADO,SOSTEGNO,ANNUALE,FINO A 34,SI,SI,1,0
202425,VENEZIA,SCUOLA PRIMARIA,NORMALE,FINO AL TERMINE,OLTRE 54,NO,NO,0,16
202425,GORIZIA,SCUOLA SECONDARIA II GRADO,SOSTEGNO,FINO AL TERMINE,TRA 45 E 54,NO,NO,1,3
202425,PISA,SCUOLA SECONDARIA II GRADO,SOSTEGNO,FINO AL TERMINE,TRA 45 E 54,NO,NO,2,9
202425,BENEVENTO,SCUOLA PRIMARIA,NORMALE,ANNUALE,TRA 45 E 54,NO,SI,0,4
202425,GENOVA,SCUOLA INFANZIA,SOSTEGNO,ANNUALE,FINO A 34,SI,SI,0,2
202425,VARESE,SCUOLA INFANZIA,NORMALE,FINO AL TERMINE,FINO A 34,NO,NO,0,4
202425,PARMA,SCUOLA SECONDARIA II GRADO,NORMALE,ANNUALE,TRA 45 E 54,NO,SI,7,11
202425,LECCO,SCUOLA PRIMARIA,SOSTEGNO,FINO AL TERMINE,OLTRE 54,NO,NO,0,1
202425,MONZA E DELLA BRIANZA,SCUOLA SECONDARIA II GRADO,SOSTEGNO,ANNUALE,TRA 35 E 44,NO,SI,0,1
202425,PADOVA,SCUOLA SECONDARIA II GRADO,NORMALE,FINO AL TERMINE,TRA 35 E 44,NO,SI,21,23
202425,TREVISO,SCUOLA PRIMARIA,SOSTEGNO,ANNUALE,TRA 35 E 44,NO,SI,1,21
202425,MACERATA,SCUOLA SECONDARIA II GRADO,SOSTEGNO,ANNUALE,TRA 35 E 44,SI,SI,2,3
202425,ORISTANO,SCUOLA SECONDARIA II GRADO,NORMALE,FINO AL TERMINE,OLTRE 54,NO,SI,4,0
202425,NUORO,SCUOLA SECONDARIA II GRADO,NORMALE,FINO AL TERMINE,OLTRE 54,NO,NO,13,7
202425,FROSINONE,SCUOLA PRIMARIA,SOSTEGNO,FINO AL TERMINE,FINO A 34,NO,SI,1,33
202425,PESCARA,SCUOLA PRIMARIA,NORMALE,ANNUALE,TRA 35 E 44,NO,SI,0,2
202425,LODI,SCUOLA SECONDARIA I GRADO,SOSTEGNO,ANNUALE,TRA 35 E 44,SI,NO,0,2
202425,BOLOGNA,SCUOLA PRIMARIA,SOSTEGNO,ANNUALE,OLTRE 54,SI,SI,0,2
202425,VERCELLI,SCUOLA PRIMARIA,SOSTEGNO,ANNUALE,TRA 45 E 54,SI,SI,0,2
202425,PERUGIA,SCUOLA SECONDARIA I GRADO,SOSTEGNO,FINO AL TERMINE,OLTRE 54,NO,NO,5,6
202425,ISERNIA,SCUOLA PRIMARIA,NORMALE,FINO AL TERMINE,TRA 35 E 44,NO,NO,2,3
202425,CAGLIARI,SCUOLA INFANZIA,SOSTEGNO,FINO AL TERMINE,FINO A 34,NO,SI,0,2
202425,VENEZIA,SCUOLA SECONDARIA II GRADO,NORMALE,FINO AL TERMINE,OLTRE 54,NO,SI,7,8
202425,PADOVA,SCUOLA PRIMARIA,NORMALE,FINO AL TERMINE,FINO A 34,NO,NO,24,35
202425,CUNEO,SCUOLA SECONDARIA I GRADO,SOSTEGNO,FINO AL TERMINE,TRA 35 E 44,NO,SI,19,75
202425,NUORO,SCUOLA PRIMARIA,NORMALE,FINO AL TERMINE,TRA 35 E 44,NO,NO,5,8
202425,VICENZA,SCUOLA SECONDARIA I GRADO,SOSTEGNO,FINO AL TERMINE,TRA 45 E 54,NO,SI,17,45
202425,GORIZIA,SCUOLA SECONDARIA I GRADO,NORMALE,ANNUALE,TRA 45 E 54,NO,SI,2,4
202425,GENOVA,SCUOLA INFANZIA,NORMALE,FINO AL TERMINE,OLTRE 54,NO,SI,0,5
202425,BOLOGNA,SCUOLA SECONDARIA II GRADO,NORMALE,ANNUALE,OLTRE 54,NO,SI,5,5
202425,BELLUNO,SCUOLA PRIMARIA,SOSTEGNO,ANNUALE,FINO A 34,NO,SI,1,17
202425,BERGAMO,SCUOLA SECONDARIA II GRADO,SOSTEGNO,FINO AL TERMINE,TRA 45 E 54,NO,NO,0,2
202425,VERONA,SCUOLA SECONDARIA II GRADO,SOSTEGNO,ANNUALE,OLTRE 54,NO,SI,0,1
202425,NOVARA,SCUOLA PRIMARIA,SOSTEGNO,FINO AL TERMINE,TRA 45 E 54,NO,SI,5,79
202425,CREMONA,SCUOLA SECONDARIA I GRADO,SOSTEGNO,FINO AL TERMINE,FINO A 34,NO,SI,16,27
202425,COSENZA,SCUOLA INFANZIA,SOSTEGNO,FINO AL TERMINE,OLTRE 54,NO,NO,0,8
202425,PISA,SCUOLA PRIMARIA,SOSTEGNO,FINO AL TERMINE,FINO A 34,NO,NO,0,4
202425,ENNA,SCUOLA SECONDARIA I GRADO,NORMALE,FINO AL TERMINE,TRA 45 E 54,NO,NO,2,5
202425,BERGAMO,SCUOLA INFANZIA,SOSTEGNO,ANNUALE,TRA 45 E 54,SI,SI,0,1
202425,SONDRIO,SCUOLA SECONDARIA I GRADO,SOSTEGNO,ANNUALE,TRA 35 E 44,SI,NO,0,1
202425,GORIZIA,SCUOLA INFANZIA,NORMALE,FINO AL TERMINE,OLTRE 54,NO,SI,0,1
202425,VICENZA,SCUOLA SECONDARIA II GRADO,NORMALE,ANNUALE,OLTRE 54,SI,SI,1,0
202425,BARLETTA-ANDRIA-TRANI,SCUOLA SECONDARIA I GRADO,SOSTEGNO,FINO AL TERMINE,OLTRE 54,NO,SI,8,7
202425,CUNEO,SCUOLA PRIMARIA,NORMALE,ANNUALE,FINO A 34,NO,SI,0,12
202425,L'AQUILA,SCUOLA SECONDARIA I GRADO,NORMALE,ANNUALE,TRA 45 E 54,NO,SI,3,4
202425,MASSA-CARRARA,SCUOLA SECONDARIA I GRADO,SOSTEGNO,FINO AL TERMINE,OLTRE 54,NO,NO,0,3
202425,BOLOGNA,SCUOLA PRIMARIA,NORMALE,ANNUALE,TRA 45 E 54,NO,SI,2,23
202425,COSENZA,SCUOLA SECONDARIA I GRADO,SOSTEGNO,ANNUALE,TRA 35 E 44,SI,NO,0,1
202425,VERBANO-CUSIO-OSSOLA,SCUOLA PRIMARIA,NORMALE,ANNUALE,FINO A 34,NO,SI,0,7
202425,CALTANISSETTA,SCUOLA SECONDARIA I GRADO,NORMALE,ANNUALE,TRA 35 E 44,NO,SI,5,6
202425,RIETI,SCUOLA INFANZIA,SOSTEGNO,ANNUALE,OLTRE 54,NO,SI,0,1
202425,SIENA,SCUOLA INFANZIA,SOSTEGNO,FINO AL TERMINE,TRA 35 E 44,NO,NO,0,3
202425,PAVIA,SCUOLA SECONDARIA I GRADO,SOSTEGNO,FINO AL TERMINE,FINO A 34,NO,NO,1,2
202425,ANCONA,SCUOLA SECONDARIA I GRADO,SOSTEGNO,FINO AL TERMINE,OLTRE 54,NO,NO,0,3
202425,SUD SARDEGNA,SCUOLA PRIMARIA,SOSTEGNO,FINO AL TERMINE,OLTRE 54,NO,SI,2,33
202425,LATINA,SCUOLA SECONDARIA II GRADO,NORMALE,FINO AL TERMINE,FINO A 34,NO,SI,9,24
202425,BELLUNO,SCUOLA PRIMARIA,SOSTEGNO,FINO AL TERMINE,FINO A 34,NO,NO,5,12
202425,COSENZA,SCUOLA SECONDARIA II GRADO,NORMALE,ANNUALE,FINO A 34,NO,SI,23,28
202425,GROSSETO,SCUOLA SECONDARIA I GRADO,SOSTEGNO,FINO AL TERMINE,TRA 35 E 44,NO,NO,1,5
202425,PISA,SCUOLA SECONDARIA I GRADO,NORMALE,ANNUALE,FINO A 34,NO,SI,6,10
202425,CAMPOBASSO,SCUOLA INFANZIA,SOSTEGNO,FINO AL TERMINE,FINO A 34,NO,NO,0,1
202425,PISTOIA,SCUOLA INFANZIA,SOSTEGNO,FINO AL TERMINE,OLTRE 54,NO,SI,1,29
202425,MODENA,SCUOLA INFANZIA,NORMALE,FINO AL TERMINE,TRA 45 E 54,NO,SI,0,15
202425,ALESSANDRIA,SCUOLA PRIMARIA,SOSTEGNO,FINO AL TERMINE,TRA 45 E 54,NO,SI,7,106
202425,GENOVA,SCUOLA INFANZIA,SOSTEGNO,FINO AL TERMINE,FINO A 34,NO,NO,3,8
202425,PESCARA,SCUOLA SECONDARIA II GRADO,NORMALE,FINO AL TERMINE,FINO A 34,NO,NO,6,14
202425,AGRIGENTO,SCUOLA SECONDARIA II GRADO,NORMALE,ANNUALE,TRA 45 E 54,NO,NO,0,2
202425,PADOVA,SCUOLA SECONDARIA II GRADO,SOSTEGNO,FINO AL TERMINE,TRA 45 E 54,NO,NO,0,5
202425,RIMINI,SCUOLA SECONDARIA II GRADO,SOSTEGNO,ANNUALE,TRA 45 E 54,SI,SI,1,1
202425,REGGIO CALABRIA,SCUOLA SECONDARIA II GRADO,SOSTEGNO,FINO AL TERMINE,OLTRE 54,NO,NO,0,1
202425,SASSARI,SCUOLA PRIMARIA,NORMALE,ANNUALE,OLTRE 54,NO,SI,0,10
202425,SIRACUSA,SCUOLA SECONDARIA II GRADO,NORMALE,FINO AL TERMINE,FINO A 34,NO,SI,6,7
202425,CAMPOBASSO,SCUOLA PRIMARIA,NORMALE,FINO AL TERMINE,OLTRE 54,NO,SI,0,4
202425,CUNEO,SCUOLA SECONDARIA II GRADO,NORMALE,FINO AL TERMINE,OLTRE 54,NO,NO,8,13
202425,ORISTANO,SCUOLA SECONDARIA II GRADO,SOSTEGNO,FINO AL TERMINE,TRA 35 E 44,NO,NO,0,4
202425,VITERBO,SCUOLA SECONDARIA I GRADO,SOSTEGNO,FINO AL TERMINE,TRA 45 E 54,NO,SI,6,42
202425,ALESSANDRIA,SCUOLA INFANZIA,SOSTEGNO,FINO AL TERMINE,TRA 45 E 54,NO,SI,1,51
202425,VERCELLI,SCUOLA SECONDARIA I GRADO,NORMALE,ANNUALE,TRA 45 E 54,NO,SI,3,7
202425,BIELLA,SCUOLA SECONDARIA I GRADO,SOSTEGNO,FINO AL TERMINE,TRA 35 E 44,NO,SI,7,22
202425,ISERNIA,SCUOLA SECONDARIA I GRADO,NORMALE,FINO AL TERMINE,TRA 35 E 44,NO,SI,0,1
202425,AREZZO,SCUOLA INFANZIA,NORMALE,FINO AL TERMINE,TRA 35 E 44,NO,SI,0,5
202425,GORIZIA,SCUOLA SECONDARIA I GRADO,SOSTEGNO,FINO AL TERMINE,TRA 45 E 54,NO,NO,0,2
202425,TRIESTE,SCUOLA SECONDARIA I GRADO,SOSTEGNO,FINO AL TERMINE,TRA 45 E 54,NO,NO,1,3
202425,CUNEO,SCUOLA INFANZIA,NORMALE,FINO AL TERMINE,OLTRE 54,NO,NO,0,3
202425,TRIESTE,SCUOLA SECONDARIA I GRADO,NORMALE,ANNUALE,TRA 35 E 44,NO,SI,6,7
202425,MATERA,SCUOLA SECONDARIA I GRADO,NORMALE,ANNUALE,OLTRE 54,NO,SI,0,2
202425,IMPERIA,SCUOLA SECONDARIA I GRADO,SOSTEGNO,FINO AL TERMINE,FINO A 34,NO,SI,9,13
202425,PORDENONE,SCUOLA INFANZIA,NORMALE,FINO AL TERMINE,TRA 35 E 44,NO,SI,0,3
202425,GENOVA,SCUOLA SECONDARIA II GRADO,SOSTEGNO,FINO AL TERMINE,FINO A 34,NO,NO,4,7
202425,TERAMO,SCUOLA SECONDARIA II GRADO,NORMALE,ANNUALE,TRA 35 E 44,NO,NO,0,1
202425,LATINA,SCUOLA INFANZIA,SOSTEGNO,FINO AL TERMINE,FINO A 34,NO,NO,0,2
202425,CUNEO,SCUOLA INFANZIA,SOSTEGNO,ANNUALE,FINO A 34,NO,SI,1,2
202425,PESCARA,SCUOLA PRIMARIA,SOSTEGNO,FINO AL TERMINE,OLTRE 54,NO,NO,0,2
202425,CHIETI,SCUOLA INFANZIA,NORMALE,ANNUALE,TRA 45 E 54,NO,SI,0,6
202425,COSENZA,SCUOLA SECONDARIA I GRADO,NORMALE,FINO AL TERMINE,FINO A 34,NO,SI,7,9
202425,AREZZO,SCUOLA SECONDARIA II GRADO,NORMALE,ANNUALE,TRA 45 E 54,NO,NO,2,0
202425,IMPERIA,SCUOLA INFANZIA,NORMALE,FINO AL TERMINE,OLTRE 54,NO,SI,0,5
202425,BRESCIA,SCUOLA SECONDARIA II GRADO,NORMALE,FINO AL TERMINE,TRA 45 E 54,NO,NO,36,60
202425,LECCE,SCUOLA SECONDARIA I GRADO,NORMALE,FINO AL TERMINE,TRA 45 E 54,NO,SI,2,10
202425,SALERNO,SCUOLA SECONDARIA II GRADO,NORMALE,ANNUALE,OLTRE 54,NO,NO,1,0
202425,PISA,SCUOLA SECONDARIA II GRADO,SOSTEGNO,FINO AL TERMINE,FINO A 34,NO,SI,21,57
202425,CASERTA,SCUOLA INFANZIA,NORMALE,FINO AL TERMINE,TRA 45 E 54,NO,SI,0,8
202425,LECCO,SCUOLA PRIMARIA,SOSTEGNO,ANNUALE,TRA 35 E 44,NO,SI,2,25
202425,PAVIA,SCUOLA PRIMARIA,NORMALE,ANNUALE,TRA 45 E 54,NO,SI,2,21
202425,MONZA E DELLA BRIANZA,SCUOLA SECONDARIA I GRADO,NORMALE,ANNUALE,FINO A 34,SI,SI,0,1
202425,SUD SARDEGNA,SCUOLA SECONDARIA I GRADO,SOSTEGNO,ANNUALE,TRA 45 E 54,NO,SI,0,1
202425,PISTOIA,SCUOLA SECONDARIA II GRADO,SOSTEGNO,FINO AL TERMINE,TRA 45 E 54,NO,SI,25,80
202425,AREZZO,SCUOLA SECONDARIA II GRADO,SOSTEGNO,ANNUALE,TRA 35 E 44,SI,SI,0,1
202425,ROVIGO,SCUOLA SECONDARIA I GRADO,SOSTEGNO,ANNUALE,TRA 45 E 54,NO,SI,2,3
202425,CHIETI,SCUOLA SECONDARIA I GRADO,NORMALE,FINO AL TERMINE,TRA 35 E 44,NO,SI,5,9
202425,RAVENNA,SCUOLA PRIMARIA,NORMALE,ANNUALE,OLTRE 54,NO,SI,1,4
202425,PISA,SCUOLA PRIMARIA,SOSTEGNO,ANNUALE,OLTRE 54,SI,SI,0,3
202425,CALTANISSETTA,SCUOLA SECONDARIA II GRADO,SOSTEGNO,FINO AL TERMINE,TRA 35 E 44,NO,NO,1,7
202425,MILANO,SCUOLA SECONDARIA I GRADO,NORMALE,ANNUALE,TRA 45 E 54,NO,NO,0,2
202425,PAVIA,SCUOLA PRIMARIA,NORMALE,FINO AL TERMINE,TRA 35 E 44,NO,SI,2,16
202425,TERNI,SCUOLA SECONDARIA II GRADO,SOSTEGNO,FINO AL TERMINE,TRA 45 E 54,NO,NO,0,2
202425,LATINA,SCUOLA INFANZIA,SOSTEGNO,FINO AL TERMINE,FINO A 34,NO,SI,0,6
202425,ALESSANDRIA,SCUOLA PRIMARIA,NORMALE,FINO AL TERMINE,TRA 45 E 54,NO,SI,0,16
202425,BIELLA,SCUOLA SECONDARIA II GRADO,NORMALE,FINO AL TERMINE,OLTRE 54,NO,NO,5,5
202425,L'AQUILA,SCUOLA SECONDARIA II GRADO,SOSTEGNO,FINO AL TERMINE,TRA 35 E 44,NO,NO,4,8
202425,SAVONA,SCUOLA SECONDARIA I GRADO,NORMALE,ANNUALE,OLTRE 54,NO,SI,2,4
202425,VERBANO-CUSIO-OSSOLA,SCUOLA SECONDARIA II GRADO,SOSTEGNO,FINO AL TERMINE,TRA 35 E 44,NO,SI,9,29
202425,ASTI,SCUOLA SECONDARIA I GRADO,SOSTEGNO,ANNUALE,OLTRE 54,NO,SI,2,4
202425,PADOVA,SCUOLA SECONDARIA II GRADO,SOSTEGNO,ANNUALE,OLTRE 54,SI,SI,0,1
202425,REGGIO CALABRIA,SCUOLA PRIMARIA,SOSTEGNO,FINO AL TERMINE,TRA 45 E 54,NO,SI,7,131
202425,SALERNO,SCUOLA SECONDARIA II GRADO,SOSTEGNO,FINO AL TERMINE,TRA 45 E 54,NO,SI,9,75
202425,CATANIA,SCUOLA PRIMARIA,SOSTEGNO,FINO AL TERMINE,OLTRE 54,NO,SI,9,174
202425,MODENA,SCUOLA SECONDARIA II GRADO,NORMALE,FINO AL TERMINE,OLTRE 54,NO,NO,14,15
202425,IMPERIA,SCUOLA SECONDARIA I GRADO,SOSTEGNO,ANNUALE,OLTRE 54,SI,SI,1,0
202425,ASCOLI PICENO,SCUOLA SECONDARIA I GRADO,NORMALE,ANNUALE,TRA 35 E 44,NO,SI,2,1
202425,TORINO,SCUOLA PRIMARIA,SOSTEGNO,FINO AL TERMINE,OLTRE 54,NO,SI,21,189
202425,SIRACUSA,SCUOLA SECONDARIA II GRADO,SOSTEGNO,ANNUALE,TRA 35 E 44,SI,NO,0,1
202425,SALERNO,SCUOLA PRIMARIA,NORMALE,FINO AL TERMINE,TRA 45 E 54,NO,SI,2,27
202425,VARESE,SCUOLA SECONDARIA II GRADO,NORMALE,ANNUALE,TRA 45 E 54,SI,NO,1,0
202425,MILANO,SCUOLA SECONDARIA I GRADO,NORMALE,FINO AL TERMINE,FINO A 34,NO,NO,93,153
202425,VITERBO,SCUOLA SECONDARIA I GRADO,NORMALE,FINO AL TERMINE,FINO A 34,NO,SI,7,6
202425,PAVIA,SCUOLA SECONDARIA I GRADO,SOSTEGNO,FINO AL TERMINE,TRA 45 E 54,NO,NO,1,6
202425,LATINA,SCUOLA INFANZIA,SOSTEGNO,FINO AL TERMINE,TRA 45 E 54,NO,SI,0,151
202425,UDINE,SCUOLA PRIMARIA,SOSTEGNO,ANNUALE,FINO A 34,NO,SI,0,4
202425,NOVARA,SCUOLA SECONDARIA I GRADO,SOSTEGNO,FINO AL TERMINE,TRA 45 E 54,NO,SI,8,58
202425,FORLI'-CESENA,SCUOLA SECONDARIA I GRADO,SOSTEGNO,FINO AL TERMINE,FINO A 34,NO,NO,0,5
202425,ISERNIA,SCUOLA PRIMARIA,SOSTEGNO,FINO AL TERMINE,TRA 35 E 44,NO,NO,0,2
202425,MONZA E DELLA BRIANZA,SCUOLA SECONDARIA I GRADO,NORMALE,ANNUALE,FINO A 34,NO,NO,1,2
202425,PISTOIA,SCUOLA PRIMARIA,NORMALE,FINO AL TERMINE,TRA 45 E 54,NO,NO,2,4
202425,RIETI,SCUOLA SECONDARIA II GRADO,SOSTEGNO,FINO AL TERMINE,OLTRE 54,NO,NO,1,0
202425,SIENA,SCUOLA SECONDARIA II GRADO,NORMALE,FINO AL TERMINE,TRA 35 E 44,NO,SI,8,11
202425,MANTOVA,SCUOLA INFANZIA,SOSTEGNO,FINO AL TERMINE,TRA 45 E 54,NO,NO,0,5
202425,CROTONE,SCUOLA PRIMARIA,NORMALE,FINO AL TERMINE,FINO A 34,NO,NO,3,1
202425,MODENA,SCUOLA INFANZIA,NORMALE,FINO AL TERMINE,TRA 35 E 44,NO,NO,0,5
202425,ROMA,SCUOLA SECONDARIA I GRADO,SOSTEGNO,FINO AL TERMINE,TRA 45 E 54,NO,SI,90,350
202425,ANCONA,SCUOLA INFANZIA,NORMALE,ANNUALE,TRA 35 E 44,NO,SI,0,1
202425,PESCARA,SCUOLA SECONDARIA II GRADO,SOSTEGNO,FINO AL TERMINE,OLTRE 54,NO,NO,0,1
202425,TREVISO,SCUOLA SECONDARIA I GRADO,SOSTEGNO,FINO AL TERMINE,TRA 45 E 54,NO,NO,2,6
202425,MATERA,SCUOLA SECONDARIA II GRADO,NORMALE,ANNUALE,TRA 45 E 54,NO,NO,1,2
202425,IMPERIA,SCUOLA SECONDARIA I GRADO,NORMALE,ANNUALE,TRA 35 E 44,NO,SI,5,8
202425,SASSARI,SCUOLA SECONDARIA II GRADO,NORMALE,ANNUALE,TRA 45 E 54,NO,SI,28,24
202425,ASTI,SCUOLA SECONDARIA I GRADO,NORMALE,ANNUALE,TRA 45 E 54,NO,SI,3,8
202425,LUCCA,SCUOLA SECONDARIA I GRADO,NORMALE,FINO AL TERMINE,TRA 45 E 54,NO,SI,1,2
202425,BOLOGNA,SCUOLA SECONDARIA I GRADO,SOSTEGNO,FINO AL TERMINE,TRA 45 E 54,NO,SI,22,37
202425,LIVORNO,SCUOLA SECONDARIA II GRADO,SOSTEGNO,FINO AL TERMINE,FINO A 34,NO,NO,0,5
202425,TARANTO,SCUOLA PRIMARIA,NORMALE,FINO AL TERMINE,TRA 35 E 44,NO,SI,0,30
202425,MONZA E DELLA BRIANZA,SCUOLA SECONDARIA II GRADO,SOSTEGNO,FINO AL TERMINE,TRA 45 E 54,NO,NO,1,4
202425,VENEZIA,SCUOLA SECONDARIA I GRADO,NORMALE,ANNUALE,TRA 35 E 44,SI,NO,0,2
202425,VICENZA,SCUOLA PRIMARIA,NORMALE,FINO AL TERMINE,OLTRE 54,NO,NO,2,4
202425,MODENA,SCUOLA PRIMARIA,SOSTEGNO,ANNUALE,TRA 35 E 44,SI,SI,2,18
202425,FOGGIA,SCUOLA PRIMARIA,NORMALE,ANNUALE,TRA 35 E 44,NO,SI,0,3
202425,ALESSANDRIA,SCUOLA SECONDARIA II GRADO,SOSTEGNO,FINO AL TERMINE,TRA 45 E 54,NO,NO,1,2
202425,ANCONA,SCUOLA PRIMARIA,SOSTEGNO,FINO AL TERMINE,TRA 45 E 54,NO,NO,2,26
202425,VERBANO-CUSIO-OSSOLA,SCUOLA SECONDARIA II GRADO,NORMALE,ANNUALE,OLTRE 54,NO,SI,2,1
202425,FERMO,SCUOLA SECONDARIA II GRADO,NORMALE,ANNUALE,TRA 45 E 54,NO,SI,2,0
202425,RIMINI,SCUOLA PRIMARIA,SOSTEGNO,FINO AL TERMINE,TRA 35 E 44,NO,SI,4,60
202425,BERGAMO,SCUOLA SECONDARIA I GRADO,NORMALE,ANNUALE,FINO A 34,SI,SI,1,2
202425,VENEZIA,SCUOLA PRIMARIA,SOSTEGNO,ANNUALE,TRA 35 E 44,NO,SI,3,38
202425,PADOVA,SCUOLA PRIMARIA,SOSTEGNO,ANNUALE,OLTRE 54,NO,SI,1,14
202425,TERAMO,SCUOLA SECONDARIA II GRADO,SOSTEGNO,FINO AL TERMINE,OLTRE 54,NO,SI,6,13
202425,BELLUNO,SCUOLA INFANZIA,NORMALE,ANNUALE,FINO A 34,NO,SI,0,1
202425,NUORO,SCUOLA SECONDARIA I GRADO,NORMALE,ANNUALE,FINO A 34,NO,SI,4,13
202425,UDINE,SCUOLA PRIMARIA,SOSTEGNO,FINO AL TERMINE,OLTRE 54,NO,SI,2,31
202425,CREMONA,SCUOLA PRIMARIA,SOSTEGNO,FINO AL TERMINE,TRA 45 E 54,NO,NO,0,4
202425,BARI,SCUOLA PRIMARIA,NORMALE,FINO AL TERMINE,FINO A 34,NO,SI,2,28
202425,POTENZA,SCUOLA SECONDARIA II GRADO,NORMALE,FINO AL TERMINE,TRA 45 E 54,NO,SI,6,5
202425,PRATO,SCUOLA INFANZIA,NORMALE,FINO AL TERMINE,OLTRE 54,NO,SI,0,3
202425,CHIETI,SCUOLA PRIMARIA,SOSTEGNO,FINO AL TERMINE,FINO A 34,NO,SI,0,25
202425,TARANTO,SCUOLA INFANZIA,SOSTEGNO,FINO AL TERMINE,TRA 35 E 44,NO,NO,0,5
202425,MONZA E DELLA BRIANZA,SCUOLA SECONDARIA II GRADO,SOSTEGNO,FINO AL TERMINE,TRA 35 E 44,NO,SI,29,72
202425,NAPOLI,SCUOLA PRIMARIA,SOSTEGNO,ANNUALE,TRA 45 E 54,SI,SI,1,3
202425,COMO,SCUOLA SECONDARIA I GRADO,NORMALE,FINO AL TERMINE,TRA 35 E 44,NO,NO,9,20
202425,ASCOLI PICENO,SCUOLA SECONDARIA II GRADO,SOSTEGNO,FINO AL TERMINE,OLTRE 54,NO,NO,1,0
202425,PISTOIA,SCUOLA INFANZIA,NORMALE,FINO AL TERMINE,TRA 35 E 44,NO,SI,0,2
202425,PADOVA,SCUOLA PRIMARIA,SOSTEGNO,ANNUALE,TRA 45 E 54,SI,SI,0,20
202425,VARESE,SCUOLA SECONDARIA I GRADO,SOSTEGNO,FINO AL TERMINE,TRA 35 E 44,NO,NO,4,25
202425,MANTOVA,SCUOLA PRIMARIA,NORMALE,FINO AL TERMINE,TRA 35 E 44,NO,SI,4,9
202425,NOVARA,SCUOLA SECONDARIA I GRADO,SOSTEGNO,ANNUALE,TRA 35 E 44,SI,SI,11,16
202425,TERAMO,SCUOLA PRIMARIA,NORMALE,FINO AL TERMINE,TRA 45 E 54,NO,NO,3,3
202425,COSENZA,SCUOLA PRIMARIA,NORMALE,FINO AL TERMINE,TRA 35 E 44,NO,SI,1,39
202425,NAPOLI,SCUOLA INFANZIA,SOSTEGNO,ANNUALE,TRA 35 E 44,NO,SI,0,1
202425,RIMINI,SCUOLA SECONDARIA I GRADO,NORMALE,ANNUALE,TRA 45 E 54,SI,NO,0,1
202425,CAGLIARI,SCUOLA SECONDARIA II GRADO,SOSTEGNO,FINO AL TERMINE,FINO A 34,NO,SI,1,29
202425,ENNA,SCUOLA PRIMARIA,NORMALE,FINO AL TERMINE,FINO A 34,NO,NO,2,1
202425,PIACENZA,SCUOLA INFANZIA,SOSTEGNO,FINO AL TERMINE,TRA 45 E 54,NO,NO,0,8
202425,MODENA,SCUOLA PRIMARIA,NORMALE,FINO AL TERMINE,TRA 35 E 44,NO,NO,6,8
202425,POTENZA,SCUOLA INFANZIA,SOSTEGNO,ANNUALE,TRA 45 E 54,SI,SI,0,3
202425,MILANO,SCUOLA INFANZIA,SOSTEGNO,ANNUALE,TRA 35 E 44,NO,SI,0,15
202425,BRESCIA,SCUOLA INFANZIA,SOSTEGNO,FINO AL TERMINE,OLTRE 54,NO,NO,0,6
202425,TARANTO,SCUOLA PRIMARIA,NORMALE,ANNUALE,TRA 45 E 54,NO,SI,2,2
202425,BRINDISI,SCUOLA SECONDARIA II GRADO,SOSTEGNO,FINO AL TERMINE,FINO A 34,NO,SI,1,26
202425,SALERNO,SCUOLA PRIMARIA,NORMALE,ANNUALE,TRA 45 E 54,NO,SI,0,9
202425,VARESE,SCUOLA SECONDARIA II GRADO,SOSTEGNO,ANNUALE,FINO A 34,NO,SI,0,1
202425,VICENZA,SCUOLA INFANZIA,NORMALE,FINO AL TERMINE,OLTRE 54,NO,SI,0,5
202425,FIRENZE,SCUOLA SECONDARIA II GRADO,SOSTEGNO,FINO AL TERMINE,TRA 45 E 54,NO,NO,4,13
202425,PAVIA,SCUOLA SECONDARIA II GRADO,NORMALE,FINO AL TERMINE,OLTRE 54,NO,SI,5,3
202425,BOLOGNA,SCUOLA SECONDARIA I GRADO,NORMALE,FINO AL TERMINE,TRA 45 E 54,NO,NO,17,41
202425,BIELLA,SCUOLA PRIMARIA,NORMALE,FINO AL TERMINE,OLTRE 54,NO,NO,0,1
202425,ROMA,SCUOLA SECONDARIA I GRADO,NORMALE,ANNUALE,TRA 35 E 44,SI,SI,0,7
202425,COSENZA,SCUOLA SECONDARIA II GRADO,SOSTEGNO,FINO AL TERMINE,TRA 35 E 44,NO,NO,1,6
202425,TERAMO,SCUOLA INFANZIA,NORMALE,FINO AL TERMINE,OLTRE 54,NO,NO,0,4
202425,PALERMO,SCUOLA SECONDARIA I GRADO,NORMALE,FINO AL TERMINE,TRA 45 E 54,NO,NO,15,21
202425,LECCE,SCUOLA INFANZIA,SOSTEGNO,FINO AL TERMINE,TRA 45 E 54,NO,NO,0,8
202425,SONDRIO,SCUOLA SECONDARIA I GRADO,NORMALE,ANNUALE,TRA 35 E 44,SI,SI,0,1
202425,ENNA,SCUOLA INFANZIA,SOSTEGNO,FINO AL TERMINE,TRA 35 E 44,NO,SI,0,4
202425,REGGIO CALABRIA,SCUOLA PRIMARIA,NORMALE,FINO AL TERMINE,TRA 45 E 54,NO,SI,1,6
202425,NUORO,SCUOLA SECONDARIA I GRADO,NORMALE,FINO AL TERMINE,TRA 45 E 54,NO,NO,4,13
202425,NUORO,SCUOLA SECONDARIA II GRADO,SOSTEGNO,FINO AL TERMINE,FINO A 34,NO,NO,0,4
202425,VARESE,SCUOLA INFANZIA,SOSTEGNO,FINO AL TERMINE,OLTRE 54,NO,NO,0,4
202425,LODI,SCUOLA SECONDARIA I GRADO,SOSTEGNO,FINO AL TERMINE,TRA 45 E 54,NO,SI,9,16
202425,NAPOLI,SCUOLA SECONDARIA II GRADO,NORMALE,FINO AL TERMINE,OLTRE 54,NO,NO,46,59
202425,RAVENNA,SCUOLA SECONDARIA I GRADO,NORMALE,FINO AL TERMINE,FINO A 34,NO,SI,6,16
202425,SASSARI,SCUOLA SECONDARIA II GRADO,SOSTEGNO,FINO AL TERMINE,FINO A 34,NO,SI,17,45
202425,PADOVA,SCUOLA INFANZIA,SOSTEGNO,FINO AL TERMINE,TRA 35 E 44,NO,SI,0,20
202425,CREMONA,SCUOLA SECONDARIA II GRADO,NORMALE,ANNUALE,OLTRE 54,NO,NO,1,1
202425,TORINO,SCUOLA SECONDARIA I GRADO,SOSTEGNO,FINO AL TERMINE,FINO A 34,NO,SI,191,339
202425,TERNI,SCUOLA INFANZIA,SOSTEGNO,FINO AL TERMINE,TRA 45 E 54,NO,NO,0,6
202425,NUORO,SCUOLA PRIMARIA,NORMALE,FINO AL TERMINE,TRA 45 E 54,NO,NO,2,12
202425,NUORO,SCUOLA SECONDARIA I GRADO,SOSTEGNO,FINO AL TERMINE,OLTRE 54,NO,NO,1,3
202425,FROSINONE,SCUOLA SECONDARIA I GRADO,NORMALE,FINO AL TERMINE,FINO A 34,NO,SI,4,8
202425,BERGAMO,SCUOLA SECONDARIA II GRADO,SOSTEGNO,FINO AL TERMINE,OLTRE 54,NO,SI,0,2
202425,CUNEO,SCUOLA PRIMARIA,SOSTEGNO,ANNUALE,TRA 35 E 44,NO,NO,0,1
202425,PAVIA,SCUOLA INFANZIA,SOSTEGNO,ANNUALE,TRA 35 E 44,NO,SI,0,5
202425,CASERTA,SCUOLA SECONDARIA I GRADO,NORMALE,FINO AL TERMINE,TRA 35 E 44,NO,NO,4,20
202425,NAPOLI,SCUOLA PRIMARIA,NORMALE,ANNUALE,TRA 35 E 44,NO,SI,2,1
202425,COSENZA,SCUOLA SECONDARIA II GRADO,NORMALE,FINO AL TERMINE,OLTRE 54,NO,SI,9,14
202425,ROMA,SCUOLA INFANZIA,NORMALE,ANNUALE,TRA 35 E 44,NO,SI,0,8
202425,TREVISO,SCUOLA SECONDARIA I GRADO,SOSTEGNO,ANNUALE,TRA 45 E 54,SI,SI,2,18
202425,CAGLIARI,SCUOLA SECONDARIA I GRADO,NORMALE,ANNUALE,FINO A 34,NO,SI,0,5
202425,AREZZO,SCUOLA PRIMARIA,NORMALE,FINO AL TERMINE,FINO A 34,NO,NO,12,18
202425,FROSINONE,SCUOLA PRIMARIA,NORMALE,ANNUALE,TRA 35 E 44,NO,SI,0,1
202425,BARLETTA-ANDRIA-TRANI,SCUOLA INFANZIA,SOSTEGNO,FINO AL TERMINE,TRA 45 E 54,NO,SI,0,124
202425,TRAPANI,SCUOLA PRIMARIA,SOSTEGNO,FINO AL TERMINE,OLTRE 54,NO,SI,2,31
202425,CAGLIARI,SCUOLA SECONDARIA I GRADO,NORMALE,FINO AL TERMINE,OLTRE 54,NO,NO,3,2
202425,LUCCA,SCUOLA SECONDARIA II GRADO,SOSTEGNO,FINO AL TERMINE,FINO A 34,NO,NO,2,13
202425,ENNA,SCUOLA PRIMARIA,SOSTEGNO,FINO AL TERMINE,FINO A 34,NO,NO,0,4
202425,VICENZA,SCUOLA SECONDARIA II GRADO,SOSTEGNO,FINO AL TERMINE,TRA 35 E 44,NO,SI,46,84
202425,ORISTANO,SCUOLA PRIMARIA,SOSTEGNO,FINO AL TERMINE,TRA 35 E 44,NO,NO,0,2
202425,PERUGIA,SCUOLA SECONDARIA I GRADO,NORMALE,ANNUALE,OLTRE 54,NO,NO,1,0
202425,BRESCIA,SCUOLA PRIMARIA,NORMALE,ANNUALE,TRA 35 E 44,NO,SI,0,3
202425,PISA,SCUOLA SECONDARIA II GRADO,SOSTEGNO,ANNUALE,OLTRE 54,SI,SI,0,1
202425,CAMPOBASSO,SCUOLA SECONDARIA II GRADO,NORMALE,ANNUALE,TRA 45 E 54,NO,NO,1,0
202425,ROMA,SCUOLA PRIMARIA,SOSTEGNO,ANNUALE,OLTRE 54,SI,SI,0,2
202425,GENOVA,SCUOLA PRIMARIA,SOSTEGNO,FINO AL TERMINE,TRA 35 E 44,NO,SI,13,122
202425,TARANTO,SCUOLA PRIMARIA,SOSTEGNO,ANNUALE,FINO A 34,SI,SI,0,2
202425,LIVORNO,SCUOLA SECONDARIA I GRADO,NORMALE,FINO AL TERMINE,OLTRE 54,NO,SI,0,8
202425,FORLI'-CESENA,SCUOLA INFANZIA,SOSTEGNO,FINO AL TERMINE,TRA 45 E 54,NO,SI,0,19
202425,CASERTA,SCUOLA SECONDARIA II GRADO,SOSTEGNO,FINO AL TERMINE,TRA 45 E 54,NO,NO,1,5
202425,CATANIA,SCUOLA PRIMARIA,SOSTEGNO,FINO AL TERMINE,TRA 45 E 54,NO,SI,26,600
202425,RAVENNA,SCUOLA PRIMARIA,SOSTEGNO,ANNUALE,TRA 35 E 44,SI,SI,2,9
202425,IMPERIA,SCUOLA INFANZIA,NORMALE,FINO AL TERMINE,OLTRE 54,NO,NO,0,1
202425,MONZA E DELLA BRIANZA,SCUOLA INFANZIA,NORMALE,FINO AL TERMINE,TRA 45 E 54,NO,NO,0,9
202425,VERBANO-CUSIO-OSSOLA,SCUOLA INFANZIA,NORMALE,FINO AL TERMINE,TRA 45 E 54,NO,SI,0,3
202425,BRESCIA,SCUOLA SECONDARIA II GRADO,SOSTEGNO,FINO AL TERMINE,FINO A 34,NO,SI,35,105
202425,CALTANISSETTA,SCUOLA SECONDARIA II GRADO,SOSTEGNO,ANNUALE,TRA 35 E 44,SI,SI,0,1
202425,BARLETTA-ANDRIA-TRANI,SCUOLA SECONDARIA I GRADO,NORMALE,FINO AL TERMINE,OLTRE 54,NO,SI,1,3
202425,LODI,SCUOLA SECONDARIA II GRADO,SOSTEGNO,ANNUALE,TRA 45 E 54,SI,SI,1,6
202425,PRATO,SCUOLA SECONDARIA I GRADO,SOSTEGNO,FINO AL TERMINE,TRA 45 E 54,NO,SI,12,21
202425,CUNEO,SCUOLA INFANZIA,SOSTEGNO,FINO AL TERMINE,OLTRE 54,NO,SI,0,32
202425,ORISTANO,SCUOLA PRIMARIA,NORMALE,FINO AL TERMINE,TRA 35 E 44,NO,NO,0,6
202425,PESARO E URBINO,SCUOLA SECONDARIA I GRADO,NORMALE,ANNUALE,TRA 35 E 44,NO,SI,3,7
202425,ASTI,SCUOLA SECONDARIA II GRADO,NORMALE,FINO AL TERMINE,FINO A 34,NO,NO,15,22
202425,PERUGIA,SCUOLA SECONDARIA II GRADO,NORMALE,ANNUALE,OLTRE 54,NO,SI,9,9
202425,PORDENONE,SCUOLA INFANZIA,SOSTEGNO,FINO AL TERMINE,TRA 35 E 44,NO,SI,0,3
202425,VENEZIA,SCUOLA INFANZIA,SOSTEGNO,ANNUALE,OLTRE 54,NO,SI,0,1
202425,NAPOLI,SCUOLA SECONDARIA II GRADO,SOSTEGNO,ANNUALE,FINO A 34,NO,SI,0,1
202425,GROSSETO,SCUOLA INFANZIA,SOSTEGNO,FINO AL TERMINE,FINO A 34,NO,SI,0,1
202425,ASCOLI PICENO,SCUOLA INFANZIA,NORMALE,ANNUALE,TRA 35 E 44,NO,SI,0,3
202425,SALERNO,SCUOLA PRIMARIA,SOSTEGNO,FINO AL TERMINE,TRA 45 E 54,NO,NO,3,35
202425,PISA,SCUOLA SECONDARIA I GRADO,SOSTEGNO,FINO AL TERMINE,OLTRE 54,NO,NO,0,4
202425,PIACENZA,SCUOLA SECONDARIA II GRADO,SOSTEGNO,FINO AL TERMINE,FINO A 34,NO,SI,13,22
202425,TRIESTE,SCUOLA SECONDARIA I GRADO,SOSTEGNO,FINO AL TERMINE,OLTRE 54,NO,SI,0,7
202425,GENOVA,SCUOLA PRIMARIA,SOSTEGNO,ANNUALE,FINO A 34,SI,SI,0,5
202425,ALESSANDRIA,SCUOLA SECONDARIA II GRADO,NORMALE,ANNUALE,TRA 35 E 44,SI,SI,0,1
202425,BELLUNO,SCUOLA SECONDARIA II GRADO,NORMALE,FINO AL TERMINE,OLTRE 54,NO,SI,4,3
202425,CALTANISSETTA,SCUOLA SECONDARIA I GRADO,NORMALE,FINO AL TERMINE,OLTRE 54,NO,SI,2,3
202425,SONDRIO,SCUOLA PRIMARIA,NORMALE,FINO AL TERMINE,TRA 35 E 44,NO,SI,1,11
202425,CROTONE,SCUOLA PRIMARIA,SOSTEGNO,FINO AL TERMINE,TRA 45 E 54,NO,NO,1,5
202425,TRIESTE,SCUOLA SECONDARIA II GRADO,NORMALE,FINO AL TERMINE,FINO A 34,NO,SI,10,4
202425,VERCELLI,SCUOLA SECONDARIA II GRADO,NORMALE,FINO AL TERMINE,OLTRE 54,NO,SI,1,1
202425,IMPERIA,SCUOLA SECONDARIA II GRADO,NORMALE,FINO AL TERMINE,OLTRE 54,NO,NO,2,10
202425,VENEZIA,SCUOLA SECONDARIA I GRADO,SOSTEGNO,ANNUALE,FINO A 34,NO,SI,0,1
202425,ORISTANO,SCUOLA SECONDARIA II GRADO,NORMALE,FINO AL TERMINE,FINO A 34,NO,NO,3,13
202425,GORIZIA,SCUOLA INFANZIA,SOSTEGNO,FINO AL TERMINE,FINO A 34,NO,NO,0,6
202425,FIRENZE,SCUOLA SECONDARIA I GRADO,SOSTEGNO,ANNUALE,TRA 35 E 44,NO,SI,1,2
202425,UDINE,SCUOLA SECONDARIA II GRADO,NORMALE,ANNUALE,OLTRE 54,NO,NO,1,0
202425,NOVARA,SCUOLA INFANZIA,NORMALE,ANNUALE,TRA 35 E 44,NO,SI,0,2
202425,TARANTO,SCUOLA SECONDARIA I GRADO,NORMALE,FINO AL TERMINE,TRA 35 E 44,NO,SI,4,18
202425,CATANZARO,SCUOLA SECONDARIA I GRADO,SOSTEGNO,FINO AL TERMINE,TRA 45 E 54,NO,NO,1,1
202425,LECCO,SCUOLA SECONDARIA II GRADO,NORMALE,ANNUALE,FINO A 34,NO,NO,0,2
202425,FERMO,SCUOLA INFANZIA,NORMALE,ANNUALE,TRA 45 E 54,NO,SI,0,2
202425,CAMPOBASSO,SCUOLA SECONDARIA I GRADO,NORMALE,FINO AL TERMINE,TRA 35 E 44,NO,SI,2,9
202425,AREZZO,SCUOLA PRIMARIA,SOSTEGNO,FINO AL TERMINE,TRA 35 E 44,NO,NO,0,10
202425,GORIZIA,SCUOLA INFANZIA,SOSTEGNO,FINO AL TERMINE,TRA 45 E 54,NO,SI,0,19
202425,MILANO,SCUOLA SECONDARIA I GRADO,NORMALE,FINO AL TERMINE,TRA 45 E 54,NO,SI,18,56
202425,UDINE,SCUOLA PRIMARIA,SOSTEGNO,FINO AL TERMINE,TRA 45 E 54,NO,SI,6,70
202425,RAGUSA,SCUOLA INFANZIA,SOSTEGNO,FINO AL TERMINE,FINO A 34,NO,SI,0,5
202425,AVELLINO,SCUOLA PRIMARIA,SOSTEGNO,FINO AL TERMINE,FINO A 34,NO,NO,0,4
202425,VERBANO-CUSIO-OSSOLA,SCUOLA PRIMARIA,NORMALE,FINO AL TERMINE,FINO A 34,NO,SI,1,13
202425,ASCOLI PICENO,SCUOLA INFANZIA,SOSTEGNO,FINO AL TERMINE,TRA 45 E 54,NO,NO,0,9
202425,ASCOLI PICENO,SCUOLA SECONDARIA I GRADO,NORMALE,FINO AL TERMINE,TRA 45 E 54,NO,SI,0,1
202425,BRINDISI,SCUOLA INFANZIA,SOSTEGNO,FINO AL TERMINE,TRA 45 E 54,NO,NO,0,12
202425,LECCE,SCUOLA SECONDARIA II GRADO,SOSTEGNO,FINO AL TERMINE,FINO A 34,NO,NO,1,3
202425,MANTOVA,SCUOLA INFANZIA,NORMALE,FINO AL TERMINE,FINO A 34,NO,NO,1,10
202425,CATANZARO,SCUOLA PRIMARIA,SOSTEGNO,FINO AL TERMINE,FINO A 34,NO,SI,3,19
202425,PAVIA,SCUOLA PRIMARIA,SOSTEGNO,FINO AL TERMINE,OLTRE 54,NO,SI,3,25
202425,FOGGIA,SCUOLA SECONDARIA I GRADO,NORMALE,FINO AL TERMINE,TRA 45 E 54,NO,NO,4,18
202425,VITERBO,SCUOLA INFANZIA,SOSTEGNO,FINO AL TERMINE,OLTRE 54,NO,SI,0,28
202425,LA SPEZIA,SCUOLA SECONDARIA II GRADO,NORMALE,FINO AL TERMINE,TRA 45 E 54,NO,SI,3,6
202425,PERUGIA,SCUOLA INFANZIA,SOSTEGNO,ANNUALE,FINO A 34,SI,SI,0,1
202425,TARANTO,SCUOLA SECONDARIA I GRADO,SOSTEGNO,FINO AL TERMINE,FINO A 34,NO,NO,2,4
202425,MESSINA,SCUOLA PRIMARIA,NORMALE,FINO AL TERMINE,TRA 35 E 44,NO,SI,0,8
202425,SUD SARDEGNA,SCUOLA SECONDARIA I GRADO,NORMALE,FINO AL TERMINE,FINO A 34,NO,NO,4,6
202425,PORDENONE,SCUOLA PRIMARIA,SOSTEGNO,FINO AL TERMINE,FINO A 34,NO,NO,3,19
202425,GROSSETO,SCUOLA PRIMARIA,NORMALE,FINO AL TERMINE,TRA 45 E 54,NO,NO,2,5
202425,COSENZA,SCUOLA PRIMARIA,SOSTEGNO,FINO AL TERMINE,TRA 35 E 44,NO,SI,6,109
202425,BERGAMO,SCUOLA SECONDARIA I GRADO,NORMALE,ANNUALE,FINO A 34,NO,SI,12,35
202425,LECCO,SCUOLA SECONDARIA II GRADO,SOSTEGNO,FINO AL TERMINE,TRA 35 E 44,NO,NO,0,6
202425,SIRACUSA,SCUOLA PRIMARIA,NORMALE,FINO AL TERMINE,TRA 35 E 44,NO,NO,4,3
202425,BOLOGNA,SCUOLA SECONDARIA II GRADO,SOSTEGNO,ANNUALE,FINO A 34,SI,SI,0,2
202425,LATINA,SCUOLA SECONDARIA I GRADO,NORMALE,ANNUALE,TRA 35 E 44,SI,SI,0,3
202425,TREVISO,SCUOLA SECONDARIA II GRADO,SOSTEGNO,FINO AL TERMINE,TRA 45 E 54,NO,SI,9,32
202425,PALERMO,SCUOLA INFANZIA,NORMALE,FINO AL TERMINE,TRA 45 E 54,NO,NO,1,8
202425,SALERNO,SCUOLA SECONDARIA II GRADO,NORMALE,FINO AL TERMINE,TRA 35 E 44,NO,SI,18,44
202425,PISTOIA,SCUOLA SECONDARIA I GRADO,NORMALE,FINO AL TERMINE,FINO A 34,NO,SI,6,9
202425,FOGGIA,SCUOLA INFANZIA,SOSTEGNO,FINO AL TERMINE,FINO A 34,NO,SI,0,4
202425,POTENZA,SCUOLA PRIMARIA,NORMALE,ANNUALE,OLTRE 54,NO,SI,3,3
202425,L'AQUILA,SCUOLA INFANZIA,NORMALE,FINO AL TERMINE,OLTRE 54,NO,NO,0,3
202425,MILANO,SCUOLA INFANZIA,SOSTEGNO,FINO AL TERMINE,TRA 35 E 44,NO,NO,0,26
202425,ROMA,SCUOLA SECONDARIA II GRADO,NORMALE,FINO AL TERMINE,OLTRE 54,NO,NO,61,75
202425,LODI,SCUOLA PRIMARIA,NORMALE,FINO AL TERMINE,TRA 45 E 54,NO,NO,1,5
202425,CATANZARO,SCUOLA PRIMARIA,SOSTEGNO,FINO AL TERMINE,TRA 45 E 54,NO,NO,1,11
202425,BOLOGNA,SCUOLA INFANZIA,NORMALE,FINO AL TERMINE,OLTRE 54,NO,NO,0,6
202425,ASTI,SCUOLA SECONDARIA II GRADO,SOSTEGNO,ANNUALE,TRA 45 E 54,SI,SI,0,1
202425,VERCELLI,SCUOLA INFANZIA,NORMALE,FINO AL TERMINE,FINO A 34,NO,SI,0,4
202425,IMPERIA,SCUOLA SECONDARIA I GRADO,SOSTEGNO,FINO AL TERMINE,TRA 45 E 54,NO,NO,1,4
202425,MONZA E DELLA BRIANZA,SCUOLA SECONDARIA II GRADO,NORMALE,ANNUALE,TRA 35 E 44,SI,SI,0,2
202425,VENEZIA,SCUOLA SECONDARIA II GRADO,NORMALE,ANNUALE,TRA 35 E 44,NO,SI,41,32
202425,COMO,SCUOLA PRIMARIA,SOSTEGNO,FINO AL TERMINE,OLTRE 54,NO,SI,0,16
202425,BERGAMO,SCUOLA INFANZIA,NORMALE,FINO AL TERMINE,TRA 35 E 44,NO,NO,0,11
202425,NUORO,SCUOLA SECONDARIA I GRADO,SOSTEGNO,ANNUALE,OLTRE 54,SI,SI,0,1
202425,UDINE,SCUOLA SECONDARIA II GRADO,NORMALE,FINO AL TERMINE,FINO A 34,NO,NO,33,45
202425,ROMA,SCUOLA SECONDARIA I GRADO,SOSTEGNO,ANNUALE,TRA 35 E 44,SI,NO,0,1
202425,ALESSANDRIA,SCUOLA SECONDARIA I GRADO,NORMALE,FINO AL TERMINE,TRA 35 E 44,NO,SI,7,9
202425,VERONA,SCUOLA SECONDARIA II GRADO,NORMALE,FINO AL TERMINE,OLTRE 54,NO,NO,12,23
202425,TRIESTE,SCUOLA INFANZIA,NORMALE,FINO AL TERMINE,TRA 45 E 54,NO,SI,0,1
202425,BARI,SCUOLA SECONDARIA I GRADO,NORMALE,ANNUALE,FINO A 34,NO,NO,0,1
202425,CREMONA,SCUOLA PRIMARIA,NORMALE,ANNUALE,OLTRE 54,NO,SI,0,3
202425,PISTOIA,SCUOLA SECONDARIA I GRADO,SOSTEGNO,FINO AL TERMINE,TRA 35 E 44,NO,NO,5,7
202425,NAPOLI,SCUOLA SECONDARIA I GRADO,NORMALE,FINO AL TERMINE,FINO A 34,NO,SI,16,54
202425,PALERMO,SCUOLA SECONDARIA I GRADO,NORMALE,FINO AL TERMINE,FINO A 34,NO,SI,13,21
202425,BRINDISI,SCUOLA SECONDARIA II GRADO,SOSTEGNO,FINO AL TERMINE,FINO A 34,NO,NO,0,2
202425,VERBANO-CUSIO-OSSOLA,SCUOLA PRIMARIA,SOSTEGNO,FINO AL TERMINE,FINO A 34,NO,NO,0,6
202425,PISA,SCUOLA INFANZIA,NORMALE,FINO AL TERMINE,TRA 35 E 44,NO,NO,0,4
202425,ASTI,SCUOLA INFANZIA,NORMALE,ANNUALE,OLTRE 54,NO,SI,0,1
202425,RIETI,SCUOLA INFANZIA,NORMALE,ANNUALE,TRA 45 E 54,NO,SI,0,3
202425,MANTOVA,SCUOLA SECONDARIA I GRADO,NORMALE,ANNUALE,FINO A 34,NO,NO,0,4
202425,TORINO,SCUOLA SECONDARIA I GRADO,SOSTEGNO,FINO AL TERMINE,TRA 45 E 54,NO,SI,73,200
202425,TORINO,SCUOLA SECONDARIA II GRADO,NORMALE,ANNUALE,TRA 35 E 44,NO,NO,2,5
202425,FROSINONE,SCUOLA INFANZIA,SOSTEGNO,FINO AL TERMINE,OLTRE 54,NO,SI,0,27
202425,BOLOGNA,SCUOLA SECONDARIA I GRADO,SOSTEGNO,ANNUALE,TRA 35 E 44,SI,SI,0,2
202425,VITERBO,SCUOLA SECONDARIA II GRADO,NORMALE,FINO AL TERMINE,OLTRE 54,NO,NO,10,7
202425,PESARO E URBINO,SCUOLA SECONDARIA I GRADO,NORMALE,FINO AL TERMINE,TRA 35 E 44,NO,SI,5,9
202425,TERAMO,SCUOLA INFANZIA,SOSTEGNO,FINO AL TERMINE,TRA 45 E 54,NO,NO,0,5
202425,RIMINI,SCUOLA SECONDARIA I GRADO,SOSTEGNO,FINO AL TERMINE,TRA 35 E 44,NO,NO,0,12
202425,COSENZA,SCUOLA PRIMARIA,NORMALE,ANNUALE,FINO A 34,NO,SI,4,4
202425,REGGIO EMILIA,SCUOLA SECONDARIA II GRADO,NORMALE,ANNUALE,TRA 35 E 44,NO,SI,27,19
202425,ORISTANO,SCUOLA SECONDARIA II GRADO,NORMALE,FINO AL TERMINE,TRA 35 E 44,NO,SI,3,7
202425,LA SPEZIA,SCUOLA SECONDARIA I GRADO,SOSTEGNO,FINO AL TERMINE,OLTRE 54,NO,SI,1,16
202425,GENOVA,SCUOLA SECONDARIA I GRADO,SOSTEGNO,ANNUALE,FINO A 34,SI,SI,6,14
202425,NOVARA,SCUOLA PRIMARIA,NORMALE,FINO AL TERMINE,TRA 35 E 44,NO,NO,0,13
202425,ANCONA,SCUOLA PRIMARIA,NORMALE,FINO AL TERMINE,TRA 35 E 44,NO,SI,1,10
202425,FORLI'-CESENA,SCUOLA SECONDARIA II GRADO,NORMALE,FINO AL TERMINE,TRA 45 E 54,NO,NO,14,32
202425,REGGIO EMILIA,SCUOLA PRIMARIA,SOSTEGNO,ANNUALE,TRA 35 E 44,SI,NO,0,1
202425,RAGUSA,SCUOLA SECONDARIA II GRADO,NORMALE,FINO AL TERMINE,TRA 45 E 54,NO,NO,17,14
202425,SASSARI,SCUOLA SECONDARIA II GRADO,SOSTEGNO,FINO AL TERMINE,FINO A 34,NO,NO,3,3
202425,PADOVA,SCUOLA SECONDARIA I GRADO,NORMALE,ANNUALE,TRA 35 E 44,NO,SI,14,27
202425,BELLUNO,SCUOLA PRIMARIA,NORMALE,ANNUALE,OLTRE 54,NO,SI,0,1
202425,GENOVA,SCUOLA INFANZIA,NORMALE,FINO AL TERMINE,TRA 35 E 44,NO,SI,0,3
202425,BELLUNO,SCUOLA PRIMARIA,SOSTEGNO,ANNUALE,OLTRE 54,NO,SI,0,10
202425,ALESSANDRIA,SCUOLA INFANZIA,SOSTEGNO,ANNUALE,TRA 45 E 54,NO,SI,0,6
202425,PRATO,SCUOLA PRIMARIA,NORMALE,FINO AL TERMINE,OLTRE 54,NO,SI,1,5
202425,FERRARA,SCUOLA SECONDARIA I GRADO,NORMALE,ANNUALE,TRA 35 E 44,NO,SI,1,2
202425,BOLOGNA,SCUOLA INFANZIA,SOSTEGNO,FINO AL TERMINE,FINO A 34,NO,SI,1,19
202425,RAGUSA,SCUOLA SECONDARIA II GRADO,SOSTEGNO,FINO AL TERMINE,TRA 45 E 54,NO,NO,0,1
202425,CAGLIARI,SCUOLA SECONDARIA II GRADO,SOSTEGNO,FINO AL TERMINE,TRA 45 E 54,NO,SI,37,111
202425,SASSARI,SCUOLA INFANZIA,SOSTEGNO,ANNUALE,TRA 45 E 54,NO,SI,0,2
202425,CUNEO,SCUOLA SECONDARIA I GRADO,NORMALE,FINO AL TERMINE,FINO A 34,NO,SI,9,28
202425,PISTOIA,SCUOLA PRIMARIA,SOSTEGNO,FINO AL TERMINE,OLTRE 54,NO,SI,3,53
202425,POTENZA,SCUOLA INFANZIA,SOSTEGNO,ANNUALE,TRA 35 E 44,SI,SI,0,1
202425,VARESE,SCUOLA PRIMARIA,NORMALE,FINO AL TERMINE,TRA 35 E 44,NO,SI,3,37
202425,BIELLA,SCUOLA PRIMARIA,SOSTEGNO,ANNUALE,TRA 45 E 54,NO,SI,0,9
202425,LIVORNO,SCUOLA SECONDARIA I GRADO,SOSTEGNO,FINO AL TERMINE,FINO A 34,NO,SI,13,23
202425,BOLOGNA,SCUOLA PRIMARIA,NORMALE,FINO AL TERMINE,FINO A 34,NO,NO,25,50
202425,GROSSETO,SCUOLA SECONDARIA I GRADO,NORMALE,ANNUALE,TRA 35 E 44,NO,SI,4,9
202425,PARMA,SCUOLA INFANZIA,NORMALE,ANNUALE,TRA 35 E 44,NO,SI,0,1
202425,CAMPOBASSO,SCUOLA SECONDARIA II GRADO,SOSTEGNO,FINO AL TERMINE,TRA 45 E 54,NO,SI,10,50
202425,SIENA,SCUOLA SECONDARIA I GRADO,NORMALE,ANNUALE,OLTRE 54,NO,SI,2,2
202425,CHIETI,SCUOLA INFANZIA,SOSTEGNO,FINO AL TERMINE,OLTRE 54,NO,NO,0,3
202425,FROSINONE,SCUOLA SECONDARIA I GRADO,SOSTEGNO,FINO AL TERMINE,TRA 45 E 54,NO,SI,11,32
202425,ALESSANDRIA,SCUOLA SECONDARIA I GRADO,SOSTEGNO,FINO AL TERMINE,TRA 35 E 44,NO,SI,10,42
202425,LATINA,SCUOLA SECONDARIA I GRADO,SOSTEGNO,ANNUALE,TRA 35 E 44,NO,SI,0,1
202425,ISERNIA,SCUOLA SECONDARIA II GRADO,SOSTEGNO,FINO AL TERMINE,TRA 45 E 54,NO,NO,0,2
202425,IMPERIA,SCUOLA INFANZIA,SOSTEGNO,FINO AL TERMINE,TRA 35 E 44,NO,SI,0,9
202425,PADOVA,SCUOLA SECONDARIA I GRADO,SOSTEGNO,ANNUALE,FINO A 34,NO,SI,0,2
202425,PIACENZA,SCUOLA SECONDARIA I GRADO,SOSTEGNO,ANNUALE,TRA 45 E 54,SI,NO,1,2
202425,LUCCA,SCUOLA INFANZIA,NORMALE,FINO AL TERMINE,TRA 35 E 44,NO,SI,0,1
202425,GENOVA,SCUOLA PRIMARIA,SOSTEGNO,FINO AL TERMINE,OLTRE 54,NO,NO,2,4
202425,CUNEO,SCUOLA INFANZIA,SOSTEGNO,ANNUALE,TRA 45 E 54,NO,SI,0,8
202425,PESCARA,SCUOLA INFANZIA,NORMALE,ANNUALE,TRA 45 E 54,NO,SI,0,1
202425,LECCO,SCUOLA SECONDARIA II GRADO,NORMALE,ANNUALE,OLTRE 54,NO,SI,3,2
202425,VENEZIA,SCUOLA PRIMARIA,NORMALE,ANNUALE,TRA 45 E 54,NO,SI,1,12
202425,LECCE,SCUOLA PRIMARIA,NORMALE,FINO AL TERMINE,FINO A 34,NO,NO,7,9
202425,FIRENZE,SCUOLA SECONDARIA II GRADO,SOSTEGNO,ANNUALE,TRA 35 E 44,NO,SI,1,3
202425,VERONA,SCUOLA SECONDARIA I GRADO,SOSTEGNO,ANNUALE,OLTRE 54,SI,SI,0,4
202425,SUD SARDEGNA,SCUOLA PRIMARIA,NORMALE,FINO AL TERMINE,OLTRE 54,NO,NO,0,4
202425,FERRARA,SCUOLA SECONDARIA II GRADO,SOSTEGNO,FINO AL TERMINE,TRA 45 E 54,NO,SI,8,22
202425,FERMO,SCUOLA PRIMARIA,SOSTEGNO,FINO AL TERMINE,OLTRE 54,NO,NO,1,4
202425,BERGAMO,SCUOLA PRIMARIA,NORMALE,ANNUALE,FINO A 34,NO,SI,4,12
202425,MANTOVA,SCUOLA SECONDARIA I GRADO,SOSTEGNO,ANNUALE,FINO A 34,SI,SI,18,40
202425,BRESCIA,SCUOLA SECONDARIA II GRADO,NORMALE,ANNUALE,FINO A 34,NO,SI,100,108
202425,TERAMO,SCUOLA SECONDARIA I GRADO,NORMALE,FINO AL TERMINE,TRA 35 E 44,NO,NO,3,15
202425,TORINO,SCUOLA SECONDARIA II GRADO,NORMALE,FINO AL TERMINE,OLTRE 54,NO,SI,28,33
202425,TERNI,SCUOLA SECONDARIA I GRADO,NORMALE,FINO AL TERMINE,TRA 35 E 44,NO,SI,2,9
202425,L'AQUILA,SCUOLA INFANZIA,SOSTEGNO,FINO AL TERMINE,TRA 35 E 44,NO,NO,1,2
202425,PERUGIA,SCUOLA INFANZIA,NORMALE,FINO AL TERMINE,OLTRE 54,NO,NO,0,3
202425,BIELLA,SCUOLA PRIMARIA,NORMALE,FINO AL TERMINE,TRA 45 E 54,NO,NO,2,5
202425,AVELLINO,SCUOLA SECONDARIA II GRADO,SOSTEGNO,FINO AL TERMINE,TRA 35 E 44,NO,SI,5,32
202425,POTENZA,SCUOLA SECONDARIA I GRADO,SOSTEGNO,FINO AL TERMINE,OLTRE 54,NO,NO,0,2
202425,VERBANO-CUSIO-OSSOLA,SCUOLA SECONDARIA I GRADO,SOSTEGNO,ANNUALE,TRA 45 E 54,NO,NO,0,1
202425,ROMA,SCUOLA SECONDARIA II GRADO,NORMALE,FINO AL TERMINE,TRA 35 E 44,NO,NO,131,195
202425,TERAMO,SCUOLA PRIMARIA,SOSTEGNO,FINO AL TERMINE,FINO A 34,NO,NO,0,3
202425,TRAPANI,SCUOLA INFANZIA,NORMALE,ANNUALE,TRA 45 E 54,NO,SI,0,5
202425,ASCOLI PICENO,SCUOLA SECONDARIA I GRADO,NORMALE,FINO AL TERMINE,OLTRE 54,NO,NO,2,3
202425,IMPERIA,SCUOLA PRIMARIA,NORMALE,FINO AL TERMINE,OLTRE 54,NO,SI,2,6
202425,SALERNO,SCUOLA SECONDARIA I GRADO,SOSTEGNO,FINO AL TERMINE,FINO A 34,NO,SI,20,42
202425,VITERBO,SCUOLA SECONDARIA II GRADO,SOSTEGNO,FINO AL TERMINE,TRA 45 E 54,NO,SI,23,63
202425,LECCO,SCUOLA PRIMARIA,NORMALE,ANNUALE,OLTRE 54,NO,SI,1,5
202425,VARESE,SCUOLA PRIMARIA,SOSTEGNO,FINO AL TERMINE,TRA 45 E 54,NO,NO,1,12
202425,PISTOIA,SCUOLA SECONDARIA I GRADO,NORMALE,FINO AL TERMINE,TRA 45 E 54,NO,SI,1,4
202425,VARESE,SCUOLA SECONDARIA I GRADO,NORMALE,FINO AL TERMINE,FINO A 34,NO,SI,14,15
202425,LUCCA,SCUOLA PRIMARIA,NORMALE,ANNUALE,TRA 45 E 54,NO,NO,0,1
202425,FORLI'-CESENA,SCUOLA PRIMARIA,NORMALE,FINO AL TERMINE,TRA 45 E 54,NO,NO,2,6
202425,SONDRIO,SCUOLA SECONDARIA II GRADO,SOSTEGNO,FINO AL TERMINE,TRA 45 E 54,NO,NO,0,2
202425,MONZA E DELLA BRIANZA,SCUOLA SECONDARIA II GRADO,NORMALE,FINO AL TERMINE,FINO A 34,NO,SI,24,31
202425,MASSA-CARRARA,SCUOLA SECONDARIA I GRADO,NORMALE,ANNUALE,OLTRE 54,NO,SI,2,2
202425,ASCOLI PICENO,SCUOLA PRIMARIA,NORMALE,ANNUALE,TRA 35 E 44,NO,SI,1,6
202425,TORINO,SCUOLA PRIMARIA,NORMALE,FINO AL TERMINE,TRA 45 E 54,NO,SI,4,90
202425,LECCE,SCUOLA SECONDARIA I GRADO,SOSTEGNO,ANNUALE,TRA 35 E 44,SI,SI,0,2
202425,BRINDISI,SCUOLA PRIMARIA,NORMALE,FINO AL TERMINE,TRA 45 E 54,NO,NO,4,4
202425,PISA,SCUOLA SECONDARIA II GRADO,SOSTEGNO,FINO AL TERMINE,OLTRE 54,NO,SI,9,21
202425,CASERTA,SCUOLA INFANZIA,SOSTEGNO,FINO AL TERMINE,FINO A 34,NO,SI,0,2
202425,RIETI,SCUOLA SECONDARIA I GRADO,NORMALE,ANNUALE,TRA 45 E 54,SI,SI,1,0
202425,RAVENNA,SCUOLA SECONDARIA II GRADO,SOSTEGNO,ANNUALE,FINO A 34,SI,SI,0,2
202425,MILANO,SCUOLA SECONDARIA II GRADO,SOSTEGNO,FINO AL TERMINE,TRA 45 E 54,NO,NO,4,11
202425,ALESSANDRIA,SCUOLA SECONDARIA II GRADO,SOSTEGNO,FINO AL TERMINE,FINO A 34,NO,NO,0,1
202425,AVELLINO,SCUOLA PRIMARIA,SOSTEGNO,ANNUALE,FINO A 34,NO,SI,0,4
202425,PORDENONE,SCUOLA SECONDARIA I GRADO,NORMALE,ANNUALE,TRA 45 E 54,NO,NO,0,1
202425,ROVIGO,SCUOLA SECONDARIA II GRADO,SOSTEGNO,ANNUALE,TRA 45 E 54,SI,SI,1,4
202425,FERRARA,SCUOLA PRIMARIA,NORMALE,FINO AL TERMINE,TRA 45 E 54,NO,SI,0,14
202425,ASTI,SCUOLA PRIMARIA,SOSTEGNO,FINO AL TERMINE,FINO A 34,NO,SI,4,26
202425,CROTONE,SCUOLA INFANZIA,SOSTEGNO,FINO AL TERMINE,TRA 35 E 44,NO,SI,0,6
202425,FIRENZE,SCUOLA SECONDARIA I GRADO,SOSTEGNO,FINO AL TERMINE,TRA 35 E 44,NO,SI,33,92
202425,BRESCIA,SCUOLA INFANZIA,SOSTEGNO,ANNUALE,TRA 45 E 54,SI,SI,0,4
202425,ROMA,SCUOLA PRIMARIA,NORMALE,FINO AL TERMINE,FINO A 34,NO,NO,90,133
202425,PESCARA,SCUOLA SECONDARIA II GRADO,NORMALE,ANNUALE,OLTRE 54,NO,SI,2,1
202425,FERMO,SCUOLA SECONDARIA II GRADO,NORMALE,FINO AL TERMINE,FINO A 34,NO,SI,1,2
202425,SALERNO,SCUOLA PRIMARIA,NORMALE,ANNUALE,OLTRE 54,NO,NO,1,0
202425,PISTOIA,SCUOLA PRIMARIA,NORMALE,ANNUALE,FINO A 34,NO,SI,1,4
202425,ANCONA,SCUOLA SECONDARIA II GRADO,NORMALE,ANNUALE,OLTRE 54,NO,NO,1,0
202425,RAVENNA,SCUOLA SECONDARIA II GRADO,SOSTEGNO,ANNUALE,TRA 35 E 44,SI,SI,1,4
202425,FIRENZE,SCUOLA SECONDARIA II GRADO,NORMALE,FINO AL TERMINE,FINO A 34,NO,NO,38,46
202425,CUNEO,SCUOLA PRIMARIA,SOSTEGNO,FINO AL TERMINE,TRA 45 E 54,NO,SI,9,101
202425,LA SPEZIA,SCUOLA PRIMARIA,SOSTEGNO,ANNUALE,TRA 35 E 44,NO,NO,0,1
202425,LODI,SCUOLA PRIMARIA,SOSTEGNO,FINO AL TERMINE,FINO A 34,NO,SI,16,106
202425,TRIESTE,SCUOLA PRIMARIA,NORMALE,FINO AL TERMINE,TRA 45 E 54,NO,SI,0,2
202425,AVELLINO,SCUOLA INFANZIA,NORMALE,FINO AL TERMINE,OLTRE 54,NO,SI,0,13
202425,NUORO,SCUOLA PRIMARIA,NORMALE,ANNUALE,TRA 35 E 44,NO,SI,1,4
202425,RAGUSA,SCUOLA PRIMARIA,NORMALE,FINO AL TERMINE,TRA 45 E 54,NO,NO,4,5
202425,BARLETTA-ANDRIA-TRANI,SCUOLA SECONDARIA I GRADO,SOSTEGNO,FINO AL TERMINE,FINO A 34,NO,NO,2,6
202425,GORIZIA,SCUOLA SECONDARIA I GRADO,SOSTEGNO,FINO AL TERMINE,FINO A 34,NO,SI,2,5
202425,LUCCA,SCUOLA SECONDARIA I GRADO,NORMALE,FINO AL TERMINE,FINO A 34,NO,SI,5,0
202425,BARI,SCUOLA INFANZIA,SOSTEGNO,FINO AL TERMINE,TRA 35 E 44,NO,NO,0,8
202425,PARMA,SCUOLA SECONDARIA II GRADO,NORMALE,FINO AL TERMINE,FINO A 34,NO,NO,32,31
202425,LODI,SCUOLA SECONDARIA I GRADO,NORMALE,ANNUALE,TRA 35 E 44,NO,SI,5,8
202425,POTENZA,SCUOLA SECONDARIA I GRADO,NORMALE,ANNUALE,FINO A 34,NO,SI,3,7
202425,FORLI'-CESENA,SCUOLA PRIMARIA,SOSTEGNO,FINO AL TERMINE,OLTRE 54,NO,NO,0,5
202425,MONZA E DELLA BRIANZA,SCUOLA SECONDARIA II GRADO,SOSTEGNO,ANNUALE,TRA 35 E 44,SI,NO,0,1
202425,TREVISO,SCUOLA PRIMARIA,SOSTEGNO,ANNUALE,TRA 35 E 44,SI,SI,0,6
202425,SALERNO,SCUOLA SECONDARIA I GRADO,NORMALE,ANNUALE,OLTRE 54,NO,SI,2,7
202425,LECCO,SCUOLA INFANZIA,NORMALE,FINO AL TERMINE,TRA 45 E 54,NO,SI,0,8
202425,PISA,SCUOLA SECONDARIA II GRADO,NORMALE,ANNUALE,OLTRE 54,NO,SI,6,4
202425,ANCONA,SCUOLA SECONDARIA I GRADO,SOSTEGNO,ANNUALE,TRA 45 E 54,SI,SI,0,4
202425,TARANTO,SCUOLA SECONDARIA II GRADO,NORMALE,FINO AL TERMINE,FINO A 34,NO,NO,5,9
202425,VERCELLI,SCUOLA PRIMARIA,SOSTEGNO,FINO AL TERMINE,FINO A 34,NO,NO,1,2
202425,CAGLIARI,SCUOLA INFANZIA,SOSTEGNO,FINO AL TERMINE,OLTRE 54,NO,SI,1,10
202425,COMO,SCUOLA PRIMARIA,SOSTEGNO,FINO AL TERMINE,OLTRE 54,NO,NO,0,1
202425,VENEZIA,SCUOLA SECONDARIA II GRADO,NORMALE,FINO AL TERMINE,TRA 35 E 44,NO,NO,23,48
202425,TORINO,SCUOLA SECONDARIA II GRADO,SOSTEGNO,ANNUALE,FINO A 34,SI,SI,1,2
202425,TERNI,SCUOLA SECONDARIA II GRADO,NORMALE,ANNUALE,TRA 35 E 44,NO,SI,14,19
202425,BOLOGNA,SCUOLA SECONDARIA II GRADO,NORMALE,ANNUALE,TRA 35 E 44,NO,SI,30,30
202425,BIELLA,SCUOLA SECONDARIA I GRADO,SOSTEGNO,ANNUALE,TRA 45 E 54,NO,SI,1,1
202425,SAVONA,SCUOLA PRIMARIA,NORMALE,ANNUALE,FINO A 34,NO,SI,1,2
202425,CREMONA,SCUOLA SECONDARIA I GRADO,SOSTEGNO,FINO AL TERMINE,OLTRE 54,NO,NO,1,5
202425,VERBANO-CUSIO-OSSOLA,SCUOLA SECONDARIA II GRADO,NORMALE,ANNUALE,TRA 35 E 44,NO,SI,6,9
202425,SUD SARDEGNA,SCUOLA SECONDARIA II GRADO,SOSTEGNO,ANNUALE,TRA 45 E 54,SI,SI,0,3
202425,FERMO,SCUOLA SECONDARIA I GRADO,NORMALE,FINO AL TERMINE,TRA 35 E 44,NO,SI,1,3
202425,NAPOLI,SCUOLA SECONDARIA I GRADO,SOSTEGNO,ANNUALE,TRA 35 E 44,SI,SI,0,9
202425,COSENZA,SCUOLA INFANZIA,SOSTEGNO,FINO AL TERMINE,OLTRE 54,NO,SI,2,67
202425,GORIZIA,SCUOLA SECONDARIA II GRADO,SOSTEGNO,FINO AL TERMINE,TRA 45 E 54,NO,SI,1,4
202425,ROVIGO,SCUOLA SECONDARIA II GRADO,NORMALE,FINO AL TERMINE,TRA 35 E 44,NO,NO,10,12
202425,BRINDISI,SCUOLA PRIMARIA,SOSTEGNO,ANNUALE,TRA 35 E 44,NO,SI,0,1
202425,BENEVENTO,SCUOLA PRIMARIA,NORMALE,FINO AL TERMINE,FINO A 34,NO,NO,4,7
202425,VARESE,SCUOLA SECONDARIA I GRADO,SOSTEGNO,ANNUALE,OLTRE 54,SI,SI,4,2
202425,TRIESTE,SCUOLA SECONDARIA II GRADO,SOSTEGNO,FINO AL TERMINE,TRA 45 E 54,NO,SI,2,6
202425,GENOVA,SCUOLA SECONDARIA II GRADO,NORMALE,ANNUALE,OLTRE 54,NO,SI,22,12
202425,FORLI'-CESENA,SCUOLA PRIMARIA,SOSTEGNO,FINO AL TERMINE,TRA 35 E 44,NO,SI,0,34
202425,TRAPANI,SCUOLA SECONDARIA II GRADO,NORMALE,ANNUALE,TRA 45 E 54,NO,NO,0,1
202425,VENEZIA,SCUOLA SECONDARIA II GRADO,NORMALE,FINO AL TERMINE,FINO A 34,NO,NO,62,58
202425,CAGLIARI,SCUOLA SECONDARIA I GRADO,SOSTEGNO,FINO AL TERMINE,FINO A 34,NO,NO,1,2
202425,CALTANISSETTA,SCUOLA SECONDARIA I GRADO,NORMALE,ANNUALE,TRA 45 E 54,NO,NO,2,0
202425,MACERATA,SCUOLA SECONDARIA II GRADO,SOSTEGNO,ANNUALE,TRA 45 E 54,SI,SI,1,0
202425,ORISTANO,SCUOLA SECONDARIA II GRADO,NORMALE,FINO AL TERMINE,TRA 35 E 44,NO,NO,7,10
202425,CUNEO,SCUOLA SECONDARIA I GRADO,SOSTEGNO,ANNUALE,TRA 35 E 44,NO,SI,0,2
202425,MILANO,SCUOLA SECONDARIA II GRADO,NORMALE,ANNUALE,TRA 45 E 54,SI,SI,0,1
202425,NUORO,SCUOLA SECONDARIA II GRADO,NORMALE,FINO AL TERMINE,OLTRE 54,NO,SI,1,2
202425,PAVIA,SCUOLA SECONDARIA I GRADO,SOSTEGNO,FINO AL TERMINE,FINO A 34,NO,SI,51,50
202425,LODI,SCUOLA SECONDARIA I GRADO,SOSTEGNO,ANNUALE,TRA 35 E 44,SI,SI,8,16
202425,FORLI'-CESENA,SCUOLA SECONDARIA II GRADO,SOSTEGNO,FINO AL TERMINE,TRA 35 E 44,NO,NO,0,3
202425,RIMINI,SCUOLA PRIMARIA,SOSTEGNO,FINO AL TERMINE,OLTRE 54,NO,NO,0,2
202425,ISERNIA,SCUOLA PRIMARIA,NORMALE,FINO AL TERMINE,TRA 35 E 44,NO,SI,0,4
202425,ASTI,SCUOLA INFANZIA,SOSTEGNO,FINO AL TERMINE,TRA 35 E 44,NO,SI,0,12
202425,SASSARI,SCUOLA SECONDARIA I GRADO,SOSTEGNO,ANNUALE,FINO A 34,NO,SI,0,1
202425,CUNEO,SCUOLA SECONDARIA I GRADO,SOSTEGNO,FINO AL TERMINE,TRA 45 E 54,NO,NO,2,7
202425,GORIZIA,SCUOLA SECONDARIA I GRADO,NORMALE,FINO AL TERMINE,FINO A 34,NO,NO,4,8
202425,GENOVA,SCUOLA INFANZIA,NORMALE,FINO AL TERMINE,TRA 35 E 44,NO,NO,0,6
202425,FOGGIA,SCUOLA SECONDARIA I GRADO,SOSTEGNO,FINO AL TERMINE,TRA 35 E 44,NO,NO,2,11
202425,BRESCIA,SCUOLA INFANZIA,SOSTEGNO,FINO AL TERMINE,TRA 35 E 44,NO,NO,0,21
202425,BERGAMO,SCUOLA SECONDARIA II GRADO,NORMALE,FINO AL TERMINE,TRA 35 E 44,NO,SI,21,31
202425,TRAPANI,SCUOLA SECONDARIA II GRADO,NORMALE,FINO AL TERMINE,TRA 45 E 54,NO,SI,12,26
202425,ENNA,SCUOLA SECONDARIA I GRADO,NORMALE,FINO AL TERMINE,TRA 45 E 54,NO,SI,4,8
202425,SIENA,SCUOLA INFANZIA,NORMALE,FINO AL TERMINE,TRA 35 E 44,NO,SI,0,5
202425,VERONA,SCUOLA SECONDARIA II GRADO,SOSTEGNO,FINO AL TERMINE,OLTRE 54,NO,SI,6,10
202425,FROSINONE,SCUOLA PRIMARIA,NORMALE,FINO AL TERMINE,TRA 35 E 44,NO,NO,7,20
202425,ORISTANO,SCUOLA PRIMARIA,SOSTEGNO,ANNUALE,OLTRE 54,SI,SI,0,2
202425,CUNEO,SCUOLA PRIMARIA,NORMALE,ANNUALE,OLTRE 54,NO,SI,1,1
202425,PRATO,SCUOLA PRIMARIA,SOSTEGNO,ANNUALE,TRA 35 E 44,SI,NO,0,2
202425,VERBANO-CUSIO-OSSOLA,SCUOLA SECONDARIA I GRADO,SOSTEGNO,ANNUALE,FINO A 34,NO,SI,1,3
202425,VERCELLI,SCUOLA PRIMARIA,NORMALE,FINO AL TERMINE,FINO A 34,NO,NO,8,11
202425,COSENZA,SCUOLA SECONDARIA I GRADO,SOSTEGNO,ANNUALE,TRA 35 E 44,SI,SI,0,2
202425,GROSSETO,SCUOLA SECONDARIA I GRADO,SOSTEGNO,ANNUALE,TRA 35 E 44,NO,SI,0,1
202425,NUORO,SCUOLA SECONDARIA II GRADO,SOSTEGNO,FINO AL TERMINE,FINO A 34,NO,SI,4,9
202425,GENOVA,SCUOLA PRIMARIA,SOSTEGNO,ANNUALE,TRA 45 E 54,NO,SI,4,83
202425,FORLI'-CESENA,SCUOLA SECONDARIA I GRADO,NORMALE,FINO AL TERMINE,OLTRE 54,NO,NO,3,8
202425,LECCO,SCUOLA SECONDARIA I GRADO,NORMALE,FINO AL TERMINE,TRA 35 E 44,NO,NO,5,12
202425,NAPOLI,SCUOLA INFANZIA,NORMALE,FINO AL TERMINE,OLTRE 54,NO,SI,0,39
202425,PORDENONE,SCUOLA INFANZIA,NORMALE,FINO AL TERMINE,TRA 45 E 54,NO,NO,0,8
202425,CATANIA,SCUOLA PRIMARIA,SOSTEGNO,FINO AL TERMINE,FINO A 34,NO,NO,2,25
202425,NAPOLI,SCUOLA SECONDARIA II GRADO,NORMALE,FINO AL TERMINE,OLTRE 54,NO,SI,43,28
202425,CAMPOBASSO,SCUOLA INFANZIA,SOSTEGNO,FINO AL TERMINE,FINO A 34,NO,SI,0,3
202425,GENOVA,SCUOLA INFANZIA,SOSTEGNO,FINO AL TERMINE,FINO A 34,NO,SI,2,7
202425,BARI,SCUOLA SECONDARIA II GRADO,SOSTEGNO,FINO AL TERMINE,TRA 35 E 44,NO,SI,50,263
202425,CASERTA,SCUOLA SECONDARIA I GRADO,NORMALE,FINO AL TERMINE,TRA 35 E 44,NO,SI,4,17
202425,CAGLIARI,SCUOLA PRIMARIA,NORMALE,FINO AL TERMINE,TRA 45 E 54,NO,SI,1,12
202425,BRESCIA,SCUOLA SECONDARIA II GRADO,NORMALE,FINO AL TERMINE,TRA 45 E 54,NO,SI,18,18
202425,TORINO,SCUOLA SECONDARIA I GRADO,NORMALE,FINO AL TERMINE,TRA 35 E 44,NO,NO,22,59
202425,SIRACUSA,SCUOLA SECONDARIA II GRADO,NORMALE,FINO AL TERMINE,OLTRE 54,NO,NO,11,8
202425,SASSARI,SCUOLA PRIMARIA,NORMALE,ANNUALE,TRA 35 E 44,NO,SI,1,7
202425,CUNEO,SCUOLA SECONDARIA II GRADO,NORMALE,FINO AL TERMINE,OLTRE 54,NO,SI,6,9
202425,PERUGIA,SCUOLA INFANZIA,SOSTEGNO,FINO AL TERMINE,TRA 45 E 54,NO,SI,2,104
202425,NOVARA,SCUOLA SECONDARIA I GRADO,SOSTEGNO,ANNUALE,FINO A 34,SI,SI,6,24
202425,PORDENONE,SCUOLA INFANZIA,NORMALE,FINO AL TERMINE,FINO A 34,NO,NO,0,1
202425,PISA,SCUOLA PRIMARIA,SOSTEGNO,ANNUALE,TRA 35 E 44,SI,NO,0,2
202425,SIENA,SCUOLA SECONDARIA I GRADO,NORMALE,FINO AL TERMINE,TRA 45 E 54,NO,NO,7,11
202425,VICENZA,SCUOLA SECONDARIA II GRADO,SOSTEGNO,ANNUALE,FINO A 34,SI,SI,0,2
202425,CUNEO,SCUOLA INFANZIA,NORMALE,FINO AL TERMINE,OLTRE 54,NO,SI,0,6
202425,LIVORNO,SCUOLA PRIMARIA,SOSTEGNO,ANNUALE,OLTRE 54,SI,SI,0,1
202425,REGGIO CALABRIA,SCUOLA SECONDARIA I GRADO,NORMALE,ANNUALE,FINO A 34,NO,SI,8,30
202425,LATINA,SCUOLA SECONDARIA II GRADO,NORMALE,ANNUALE,TRA 45 E 54,NO,SI,20,12
202425,GROSSETO,SCUOLA SECONDARIA II GRADO,NORMALE,ANNUALE,FINO A 34,NO,SI,13,10
202425,MILANO,SCUOLA SECONDARIA I GRADO,NORMALE,FINO AL TERMINE,FINO A 34,NO,SI,47,71
202425,PRATO,SCUOLA SECONDARIA I GRADO,NORMALE,FINO AL TERMINE,FINO A 34,NO,NO,13,20
202425,NUORO,SCUOLA SECONDARIA II GRADO,SOSTEGNO,FINO AL TERMINE,TRA 45 E 54,NO,NO,1,6
202425,PESCARA,SCUOLA PRIMARIA,SOSTEGNO,FINO AL TERMINE,OLTRE 54,NO,SI,1,38
202425,LODI,SCUOLA INFANZIA,NORMALE,ANNUALE,OLTRE 54,NO,SI,0,3
202425,VERBANO-CUSIO-OSSOLA,SCUOLA SECONDARIA I GRADO,SOSTEGNO,FINO AL TERMINE,TRA 45 E 54,NO,SI,5,22
202425,VENEZIA,SCUOLA PRIMARIA,SOSTEGNO,ANNUALE,FINO A 34,SI,SI,0,2
202425,IMPERIA,SCUOLA INFANZIA,NORMALE,FINO AL TERMINE,TRA 35 E 44,NO,NO,0,2
202425,PISTOIA,SCUOLA PRIMARIA,NORMALE,FINO AL TERMINE,TRA 45 E 54,NO,SI,1,9
202425,FIRENZE,SCUOLA SECONDARIA I GRADO,NORMALE,ANNUALE,TRA 35 E 44,NO,SI,11,24
202425,LODI,SCUOLA SECONDARIA II GRADO,SOSTEGNO,FINO AL TERMINE,FINO A 34,NO,NO,1,2
202425,UDINE,SCUOLA PRIMARIA,SOSTEGNO,FINO AL TERMINE,FINO A 34,NO,NO,3,24
202425,ALESSANDRIA,SCUOLA PRIMARIA,NORMALE,FINO AL TERMINE,FINO A 34,NO,NO,7,29
202425,GENOVA,SCUOLA INFANZIA,SOSTEGNO,ANNUALE,OLTRE 54,SI,NO,0,1
202425,PESCARA,SCUOLA SECONDARIA II GRADO,SOSTEGNO,FINO AL TERMINE,OLTRE 54,NO,SI,3,10
202425,ROMA,SCUOLA SECONDARIA I GRADO,NORMALE,ANNUALE,TRA 35 E 44,NO,NO,2,1
202425,COSENZA,SCUOLA SECONDARIA II GRADO,SOSTEGNO,FINO AL TERMINE,FINO A 34,NO,SI,5,16
202425,MONZA E DELLA BRIANZA,SCUOLA SECONDARIA I GRADO,NORMALE,ANNUALE,OLTRE 54,NO,SI,0,1
202425,LECCO,SCUOLA PRIMARIA,SOSTEGNO,FINO AL TERMINE,OLTRE 54,NO,SI,1,12
202425,PALERMO,SCUOLA INFANZIA,SOSTEGNO,FINO AL TERMINE,OLTRE 54,NO,NO,0,9
202425,ROMA,SCUOLA INFANZIA,NORMALE,FINO AL TERMINE,TRA 35 E 44,NO,NO,0,4
202425,TORINO,SCUOLA PRIMARIA,SOSTEGNO,ANNUALE,TRA 45 E 54,SI,NO,0,1
202425,SIENA,SCUOLA INFANZIA,NORMALE,ANNUALE,TRA 45 E 54,NO,SI,0,11
202425,AREZZO,SCUOLA INFANZIA,NORMALE,FINO AL TERMINE,OLTRE 54,NO,NO,0,3
202425,TERAMO,SCUOLA SECONDARIA I GRADO,SOSTEGNO,FINO AL TERMINE,OLTRE 54,NO,SI,3,11
202425,GORIZIA,SCUOLA PRIMARIA,NORMALE,FINO AL TERMINE,FINO A 34,NO,SI,2,8
202425,CATANIA,SCUOLA SECONDARIA I GRADO,SOSTEGNO,FINO AL TERMINE,FINO A 34,NO,NO,1,10
202425,LUCCA,SCUOLA SECONDARIA I GRADO,SOSTEGNO,ANNUALE,TRA 35 E 44,SI,SI,0,1
202425,VITERBO,SCUOLA PRIMARIA,SOSTEGNO,FINO AL TERMINE,TRA 35 E 44,NO,SI,2,76
202425,CHIETI,SCUOLA PRIMARIA,NORMALE,FINO AL TERMINE,TRA 45 E 54,NO,SI,0,9
202425,TORINO,SCUOLA SECONDARIA II GRADO,SOSTEGNO,FINO AL TERMINE,TRA 45 E 54,NO,NO,3,13
202425,SUD SARDEGNA,SCUOLA SECONDARIA I GRADO,NORMALE,ANNUALE,FINO A 34,NO,NO,0,1
202425,TARANTO,SCUOLA PRIMARIA,NORMALE,FINO AL TERMINE,TRA 45 E 54,NO,NO,5,13
202425,ISERNIA,SCUOLA SECONDARIA II GRADO,NORMALE,FINO AL TERMINE,FINO A 34,NO,SI,1,3
202425,REGGIO EMILIA,SCUOLA SECONDARIA I GRADO,SOSTEGNO,FINO AL TERMINE,TRA 35 E 44,NO,SI,22,56
202425,COSENZA,SCUOLA SECONDARIA II GRADO,NORMALE,ANNUALE,TRA 45 E 54,NO,NO,3,1
202425,TORINO,SCUOLA PRIMARIA,SOSTEGNO,FINO AL TERMINE,TRA 35 E 44,NO,NO,6,35
202425,IMPERIA,SCUOLA SECONDARIA I GRADO,SOSTEGNO,ANNUALE,TRA 35 E 44,NO,NO,0,1
202425,SALERNO,SCUOLA INFANZIA,SOSTEGNO,FINO AL TERMINE,TRA 45 E 54,NO,NO,1,25
202425,VICENZA,SCUOLA SECONDARIA II GRADO,NORMALE,ANNUALE,FINO A 34,NO,NO,4,6
202425,PAVIA,SCUOLA INFANZIA,SOSTEGNO,ANNUALE,TRA 45 E 54,SI,SI,0,6
202425,GORIZIA,SCUOLA SECONDARIA II GRADO,NORMALE,FINO AL TERMINE,OLTRE 54,NO,NO,3,7
202425,UDINE,SCUOLA INFANZIA,SOSTEGNO,FINO AL TERMINE,TRA 45 E 54,NO,SI,1,31
202425,FOGGIA,SCUOLA PRIMARIA,NORMALE,ANNUALE,TRA 45 E 54,NO,SI,0,7
202425,PRATO,SCUOLA SECONDARIA I GRADO,SOSTEGNO,FINO AL TERMINE,FINO A 34,NO,NO,4,5
202425,ALESSANDRIA,SCUOLA SECONDARIA II GRADO,SOSTEGNO,FINO AL TERMINE,TRA 45 E 54,NO,SI,17,34
202425,LA SPEZIA,SCUOLA PRIMARIA,SOSTEGNO,ANNUALE,OLTRE 54,SI,SI,1,1
202425,NOVARA,SCUOLA SECONDARIA II GRADO,NORMALE,ANNUALE,FINO A 34,NO,NO,0,1
202425,VERONA,SCUOLA SECONDARIA II GRADO,SOSTEGNO,ANNUALE,TRA 35 E 44,NO,SI,3,10
202425,MATERA,SCUOLA SECONDARIA II GRADO,NORMALE,FINO AL TERMINE,TRA 45 E 54,NO,SI,6,9
202425,SUD SARDEGNA,SCUOLA INFANZIA,SOSTEGNO,FINO AL TERMINE,FINO A 34,NO,SI,0,1
202425,FERMO,SCUOLA SECONDARIA II GRADO,NORMALE,FINO AL TERMINE,FINO A 34,NO,NO,5,8
202425,PORDENONE,SCUOLA PRIMARIA,SOSTEGNO,FINO AL TERMINE,TRA 35 E 44,NO,SI,4,32
202425,MANTOVA,SCUOLA SECONDARIA II GRADO,NORMALE,FINO AL TERMINE,FINO A 34,NO,NO,21,22
202425,IMPERIA,SCUOLA PRIMARIA,SOSTEGNO,FINO AL TERMINE,TRA 45 E 54,NO,NO,0,1
202425,PISA,SCUOLA PRIMARIA,SOSTEGNO,FINO AL TERMINE,FINO A 34,NO,SI,4,53
202425,CAMPOBASSO,SCUOLA PRIMARIA,SOSTEGNO,FINO AL TERMINE,FINO A 34,NO,NO,0,1
202425,SIENA,SCUOLA SECONDARIA II GRADO,NORMALE,FINO AL TERMINE,TRA 45 E 54,NO,NO,20,23
202425,BELLUNO,SCUOLA INFANZIA,NORMALE,ANNUALE,TRA 45 E 54,NO,SI,0,1
202425,MODENA,SCUOLA INFANZIA,NORMALE,FINO AL TERMINE,TRA 35 E 44,NO,SI,0,6
202425,RAGUSA,SCUOLA PRIMARIA,SOSTEGNO,FINO AL TERMINE,TRA 45 E 54,NO,SI,3,95
202425,VERCELLI,SCUOLA SECONDARIA II GRADO,NORMALE,ANNUALE,OLTRE 54,NO,SI,2,3
202425,L'AQUILA,SCUOLA SECONDARIA I GRADO,NORMALE,FINO AL TERMINE,FINO A 34,NO,NO,4,8
202425,TREVISO,SCUOLA SECONDARIA I GRADO,SOSTEGNO,FINO AL TERMINE,TRA 45 E 54,NO,SI,21,51
202425,BARI,SCUOLA PRIMARIA,NORMALE,FINO AL TERMINE,OLTRE 54,NO,NO,2,9
202425,POTENZA,SCUOLA SECONDARIA II GRADO,SOSTEGNO,FINO AL TERMINE,FINO A 34,NO,NO,0,3
202425,CHIETI,SCUOLA PRIMARIA,SOSTEGNO,FINO AL TERMINE,OLTRE 54,NO,NO,0,9
202425,TARANTO,SCUOLA INFANZIA,SOSTEGNO,FINO AL TERMINE,TRA 35 E 44,NO,SI,0,40
202425,COMO,SCUOLA SECONDARIA I GRADO,NORMALE,FINO AL TERMINE,TRA 35 E 44,NO,SI,4,13
202425,IMPERIA,SCUOLA SECONDARIA I GRADO,NORMALE,ANNUALE,TRA 45 E 54,NO,SI,5,6
202425,ASCOLI PICENO,SCUOLA PRIMARIA,SOSTEGNO,FINO AL TERMINE,OLTRE 54,NO,SI,0,15
202425,BRINDISI,SCUOLA INFANZIA,NORMALE,ANNUALE,OLTRE 54,NO,SI,0,6
202425,SALERNO,SCUOLA SECONDARIA I GRADO,NORMALE,FINO AL TERMINE,TRA 35 E 44,NO,SI,4,12
202425,ASCOLI PICENO,SCUOLA SECONDARIA II GRADO,SOSTEGNO,FINO AL TERMINE,OLTRE 54,NO,SI,2,6
202425,PISTOIA,SCUOLA INFANZIA,NORMALE,FINO AL TERMINE,TRA 45 E 54,NO,NO,0,1
202425,VARESE,SCUOLA SECONDARIA I GRADO,SOSTEGNO,FINO AL TERMINE,TRA 35 E 44,NO,SI,24,99
202425,PAVIA,SCUOLA SECONDARIA II GRADO,SOSTEGNO,FINO AL TERMINE,TRA 35 E 44,NO,NO,1,6
202425,BOLOGNA,SCUOLA SECONDARIA II GRADO,NORMALE,ANNUALE,FINO A 34,NO,NO,2,1
202425,BIELLA,SCUOLA SECONDARIA II GRADO,NORMALE,ANNUALE,TRA 45 E 54,NO,SI,3,4
202425,ROMA,SCUOLA SECONDARIA I GRADO,NORMALE,FINO AL TERMINE,TRA 35 E 44,NO,SI,36,93
202425,ASTI,SCUOLA SECONDARIA I GRADO,NORMALE,FINO AL TERMINE,TRA 45 E 54,NO,SI,0,1
202425,PALERMO,SCUOLA SECONDARIA I GRADO,SOSTEGNO,FINO AL TERMINE,TRA 35 E 44,NO,NO,12,41
202425,MANTOVA,SCUOLA SECONDARIA II GRADO,SOSTEGNO,ANNUALE,FINO A 34,SI,SI,1,1
202425,VENEZIA,SCUOLA SECONDARIA I GRADO,NORMALE,ANNUALE,TRA 35 E 44,SI,SI,0,3
202425,SALERNO,SCUOLA PRIMARIA,NORMALE,FINO AL TERMINE,TRA 35 E 44,NO,NO,11,20
202425,CHIETI,SCUOLA SECONDARIA II GRADO,SOSTEGNO,FINO AL TERMINE,OLTRE 54,NO,SI,5,11
202425,SONDRIO,SCUOLA SECONDARIA I GRADO,SOSTEGNO,ANNUALE,OLTRE 54,SI,SI,0,1
202425,ANCONA,SCUOLA SECONDARIA II GRADO,NORMALE,FINO AL TERMINE,FINO A 34,NO,SI,19,41
202425,MODENA,SCUOLA PRIMARIA,SOSTEGNO,ANNUALE,TRA 45 E 54,NO,SI,5,39
202425,FIRENZE,SCUOLA SECONDARIA I GRADO,NORMALE,FINO AL TERMINE,OLTRE 54,NO,SI,3,5
202425,PAVIA,SCUOLA PRIMARIA,SOSTEGNO,FINO AL TERMINE,TRA 35 E 44,NO,NO,1,5
202425,LATINA,SCUOLA PRIMARIA,NORMALE,FINO AL TERMINE,OLTRE 54,NO,NO,5,9
202425,ALESSANDRIA,SCUOLA SECONDARIA I GRADO,NORMALE,ANNUALE,FINO A 34,NO,SI,6,23
202425,PARMA,SCUOLA SECONDARIA II GRADO,NORMALE,ANNUALE,FINO A 34,NO,SI,29,28
202425,FORLI'-CESENA,SCUOLA SECONDARIA I GRADO,NORMALE,FINO AL TERMINE,TRA 45 E 54,NO,NO,4,12
202425,ISERNIA,SCUOLA SECONDARIA I GRADO,NORMALE,ANNUALE,OLTRE 54,NO,SI,1,1
202425,SASSARI,SCUOLA SECONDARIA II GRADO,NORMALE,ANNUALE,FINO A 34,NO,NO,1,0
202425,PADOVA,SCUOLA PRIMARIA,SOSTEGNO,ANNUALE,OLTRE 54,SI,SI,0,1
202425,TERAMO,SCUOLA SECONDARIA II GRADO,SOSTEGNO,FINO AL TERMINE,TRA 35 E 44,NO,NO,1,10
202425,VITERBO,SCUOLA SECONDARIA II GRADO,NORMALE,ANNUALE,FINO A 34,NO,NO,1,1
202425,PRATO,SCUOLA SECONDARIA II GRADO,NORMALE,ANNUALE,TRA 45 E 54,NO,SI,9,6
202425,LATINA,SCUOLA PRIMARIA,SOSTEGNO,FINO AL TERMINE,OLTRE 54,NO,NO,1,12
202425,NUORO,SCUOLA SECONDARIA I GRADO,NORMALE,ANNUALE,FINO A 34,SI,SI,0,1
202425,VERCELLI,SCUOLA SECONDARIA I GRADO,NORMALE,FINO AL TERMINE,FINO A 34,NO,NO,13,11
202425,ISERNIA,SCUOLA SECONDARIA I GRADO,NORMALE,FINO AL TERMINE,TRA 45 E 54,NO,NO,0,1
202425,NAPOLI,SCUOLA PRIMARIA,SOSTEGNO,FINO AL TERMINE,FINO A 34,NO,NO,1,60
202425,REGGIO EMILIA,SCUOLA PRIMARIA,SOSTEGNO,ANNUALE,FINO A 34,NO,NO,0,1
202425,PAVIA,SCUOLA INFANZIA,SOSTEGNO,FINO AL TERMINE,TRA 35 E 44,NO,SI,2,20
202425,GORIZIA,SCUOLA SECONDARIA I GRADO,SOSTEGNO,FINO AL TERMINE,TRA 45 E 54,NO,SI,1,9
202425,FROSINONE,SCUOLA PRIMARIA,SOSTEGNO,FINO AL TERMINE,TRA 35 E 44,NO,SI,2,116
202425,PIACENZA,SCUOLA INFANZIA,NORMALE,FINO AL TERMINE,TRA 45 E 54,NO,NO,0,7
202425,FERRARA,SCUOLA SECONDARIA I GRADO,SOSTEGNO,FINO AL TERMINE,FINO A 34,NO,SI,8,16
202425,COSENZA,SCUOLA PRIMARIA,NORMALE,FINO AL TERMINE,TRA 45 E 54,NO,NO,8,19
202425,BRINDISI,SCUOLA SECONDARIA I GRADO,NORMALE,FINO AL TERMINE,FINO A 34,NO,SI,7,9
202425,SASSARI,SCUOLA SECONDARIA I GRADO,NORMALE,FINO AL TERMINE,TRA 45 E 54,NO,SI,1,4
202425,PAVIA,SCUOLA SECONDARIA II GRADO,NORMALE,ANNUALE,TRA 35 E 44,NO,SI,32,33
202425,CUNEO,SCUOLA PRIMARIA,SOSTEGNO,ANNUALE,TRA 35 E 44,NO,SI,0,16
202425,BRESCIA,SCUOLA INFANZIA,SOSTEGNO,FINO AL TERMINE,OLTRE 54,NO,SI,1,29
202425,TARANTO,SCUOLA SECONDARIA II GRADO,SOSTEGNO,FINO AL TERMINE,TRA 35 E 44,NO,SI,27,122
202425,TARANTO,SCUOLA PRIMARIA,NORMALE,FINO AL TERMINE,FINO A 34,NO,NO,8,10
202425,COSENZA,SCUOLA SECONDARIA II GRADO,NORMALE,FINO AL TERMINE,TRA 35 E 44,NO,NO,23,64
202425,SALERNO,SCUOLA SECONDARIA II GRADO,NORMALE,ANNUALE,OLTRE 54,NO,SI,14,8
202425,SALERNO,SCUOLA PRIMARIA,NORMALE,FINO AL TERMINE,FINO A 34,NO,NO,12,19
202425,VARESE,SCUOLA SECONDARIA II GRADO,SOSTEGNO,ANNUALE,FINO A 34,SI,SI,2,0
202425,PAVIA,SCUOLA SECONDARIA II GRADO,NORMALE,FINO AL TERMINE,TRA 35 E 44,NO,NO,15,28
202425,GENOVA,SCUOLA SECONDARIA I GRADO,NORMALE,FINO AL TERMINE,FINO A 34,NO,NO,5,22
202425,PESARO E URBINO,SCUOLA SECONDARIA I GRADO,NORMALE,ANNUALE,OLTRE 54,NO,NO,0,1
202425,FORLI'-CESENA,SCUOLA SECONDARIA II GRADO,NORMALE,ANNUALE,TRA 35 E 44,NO,NO,0,1
202425,TERAMO,SCUOLA INFANZIA,NORMALE,FINO AL TERMINE,OLTRE 54,NO,SI,0,7
202425,MONZA E DELLA BRIANZA,SCUOLA SECONDARIA I GRADO,NORMALE,FINO AL TERMINE,FINO A 34,NO,SI,4,17
202425,FERMO,SCUOLA SECONDARIA II GRADO,SOSTEGNO,FINO AL TERMINE,FINO A 34,NO,NO,0,1
202425,PALERMO,SCUOLA SECONDARIA I GRADO,NORMALE,FINO AL TERMINE,TRA 45 E 54,NO,SI,12,22
202425,RAVENNA,SCUOLA SECONDARIA I GRADO,NORMALE,ANNUALE,TRA 35 E 44,NO,SI,2,7
202425,PISA,SCUOLA SECONDARIA I GRADO,SOSTEGNO,ANNUALE,TRA 45 E 54,SI,SI,1,2
202425,LECCE,SCUOLA INFANZIA,SOSTEGNO,FINO AL TERMINE,TRA 45 E 54,NO,SI,0,105
202425,SASSARI,SCUOLA SECONDARIA I GRADO,SOSTEGNO,FINO AL TERMINE,OLTRE 54,NO,NO,0,4
202425,RIETI,SCUOLA INFANZIA,NORMALE,FINO AL TERMINE,TRA 45 E 54,NO,NO,0,1
202425,SONDRIO,SCUOLA SECONDARIA I GRADO,NORMALE,ANNUALE,TRA 45 E 54,NO,SI,0,3
202425,MANTOVA,SCUOLA PRIMARIA,NORMALE,FINO AL TERMINE,OLTRE 54,NO,NO,0,1
202425,BRINDISI,SCUOLA SECONDARIA I GRADO,SOSTEGNO,FINO AL TERMINE,TRA 35 E 44,NO,SI,8,52
202425,LATINA,SCUOLA INFANZIA,SOSTEGNO,FINO AL TERMINE,OLTRE 54,NO,NO,0,14
202425,NUORO,SCUOLA SECONDARIA I GRADO,NORMALE,FINO AL TERMINE,TRA 45 E 54,NO,SI,1,9
202425,PERUGIA,SCUOLA SECONDARIA I GRADO,NORMALE,ANNUALE,OLTRE 54,NO,SI,0,2
202425,VARESE,SCUOLA INFANZIA,SOSTEGNO,FINO AL TERMINE,OLTRE 54,NO,SI,0,15
202425,SASSARI,SCUOLA SECONDARIA II GRADO,NORMALE,FINO AL TERMINE,TRA 35 E 44,NO,SI,13,16
202425,COMO,SCUOLA SECONDARIA I GRADO,SOSTEGNO,ANNUALE,TRA 45 E 54,NO,SI,1,0
202425,VERBANO-CUSIO-OSSOLA,SCUOLA PRIMARIA,NORMALE,FINO AL TERMINE,TRA 45 E 54,NO,NO,1,2
202425,RAVENNA,SCUOLA SECONDARIA I GRADO,NORMALE,FINO AL TERMINE,OLTRE 54,NO,NO,1,11
202425,SASSARI,SCUOLA SECONDARIA II GRADO,SOSTEGNO,FINO AL TERMINE,OLTRE 54,NO,NO,4,1
202425,SIENA,SCUOLA PRIMARIA,NORMALE,FINO AL TERMINE,FINO A 34,NO,SI,1,25
202425,CREMONA,SCUOLA SECONDARIA II GRADO,NORMALE,ANNUALE,OLTRE 54,NO,SI,4,5
202425,ENNA,SCUOLA INFANZIA,SOSTEGNO,FINO AL TERMINE,TRA 45 E 54,NO,NO,0,3
202425,FROSINONE,SCUOLA SECONDARIA I GRADO,NORMALE,FINO AL TERMINE,OLTRE 54,NO,NO,3,3
202425,BARLETTA-ANDRIA-TRANI,SCUOLA INFANZIA,SOSTEGNO,ANNUALE,TRA 45 E 54,SI,SI,0,2
202425,FERMO,SCUOLA SECONDARIA II GRADO,SOSTEGNO,FINO AL TERMINE,FINO A 34,NO,SI,4,26
202425,GROSSETO,SCUOLA PRIMARIA,SOSTEGNO,FINO AL TERMINE,FINO A 34,NO,SI,0,11
202425,BELLUNO,SCUOLA SECONDARIA I GRADO,NORMALE,ANNUALE,OLTRE 54,NO,SI,2,4
202425,CAGLIARI,SCUOLA SECONDARIA I GRADO,NORMALE,ANNUALE,OLTRE 54,NO,SI,1,0
202425,BENEVENTO,SCUOLA SECONDARIA I GRADO,SOSTEGNO,FINO AL TERMINE,TRA 35 E 44,NO,NO,1,6
202425,SIRACUSA,SCUOLA PRIMARIA,NORMALE,FINO AL TERMINE,FINO A 34,NO,SI,0,2
202425,CUNEO,SCUOLA INFANZIA,SOSTEGNO,FINO AL TERMINE,TRA 35 E 44,NO,NO,0,13
202425,TREVISO,SCUOLA SECONDARIA II GRADO,SOSTEGNO,FINO AL TERMINE,TRA 35 E 44,NO,NO,2,8
202425,LECCO,SCUOLA SECONDARIA I GRADO,SOSTEGNO,FINO AL TERMINE,TRA 35 E 44,NO,SI,9,18
202425,VITERBO,SCUOLA SECONDARIA II GRADO,SOSTEGNO,FINO AL TERMINE,FINO A 34,NO,NO,0,1
202425,VERBANO-CUSIO-OSSOLA,SCUOLA INFANZIA,SOSTEGNO,FINO AL TERMINE,TRA 35 E 44,NO,SI,0,5
202425,CALTANISSETTA,SCUOLA SECONDARIA I GRADO,SOSTEGNO,ANNUALE,TRA 45 E 54,SI,SI,0,1
202425,LUCCA,SCUOLA SECONDARIA II GRADO,SOSTEGNO,FINO AL TERMINE,FINO A 34,NO,SI,19,43
202425,PADOVA,SCUOLA PRIMARIA,SOSTEGNO,FINO AL TERMINE,TRA 35 E 44,NO,NO,1,10
202425,ASTI,SCUOLA SECONDARIA I GRADO,NORMALE,FINO AL TERMINE,FINO A 34,NO,NO,7,21
202425,ENNA,SCUOLA INFANZIA,SOSTEGNO,FINO AL TERMINE,FINO A 34,NO,SI,1,10
202425,FOGGIA,SCUOLA INFANZIA,SOSTEGNO,FINO AL TERMINE,TRA 45 E 54,NO,NO,0,14
202425,PERUGIA,SCUOLA SECONDARIA II GRADO,SOSTEGNO,FINO AL TERMINE,TRA 35 E 44,NO,SI,40,152
202425,NAPOLI,SCUOLA INFANZIA,SOSTEGNO,FINO AL TERMINE,OLTRE 54,NO,SI,0,208
202425,IMPERIA,SCUOLA INFANZIA,SOSTEGNO,FINO AL TERMINE,TRA 45 E 54,NO,SI,0,18
202425,ASCOLI PICENO,SCUOLA INFANZIA,SOSTEGNO,FINO AL TERMINE,OLTRE 54,NO,SI,0,7
202425,PISA,SCUOLA PRIMARIA,SOSTEGNO,FINO AL TERMINE,TRA 35 E 44,NO,SI,3,64
202425,LECCE,SCUOLA SECONDARIA II GRADO,SOSTEGNO,ANNUALE,OLTRE 54,NO,SI,0,1
202425,ORISTANO,SCUOLA PRIMARIA,NORMALE,ANNUALE,OLTRE 54,NO,SI,0,1
202425,SUD SARDEGNA,SCUOLA INFANZIA,NORMALE,FINO AL TERMINE,OLTRE 54,NO,NO,0,3
202425,LECCO,SCUOLA SECONDARIA II GRADO,NORMALE,ANNUALE,TRA 35 E 44,NO,NO,1,0
202425,RIMINI,SCUOLA PRIMARIA,SOSTEGNO,FINO AL TERMINE,TRA 45 E 54,NO,NO,0,9
202425,LECCE,SCUOLA PRIMARIA,NORMALE,FINO AL TERMINE,FINO A 34,NO,SI,0,3
202425,BRESCIA,SCUOLA SECONDARIA II GRADO,SOSTEGNO,FINO AL TERMINE,OLTRE 54,NO,SI,12,6
202425,TERNI,SCUOLA PRIMARIA,SOSTEGNO,FINO AL TERMINE,FINO A 34,NO,SI,0,25
202425,BIELLA,SCUOLA INFANZIA,SOSTEGNO,FINO AL TERMINE,FINO A 34,NO,NO,0,5
202425,L'AQUILA,SCUOLA SECONDARIA II GRADO,NORMALE,FINO AL TERMINE,OLTRE 54,NO,NO,7,9
202425,VERBANO-CUSIO-OSSOLA,SCUOLA SECONDARIA I GRADO,NORMALE,ANNUALE,TRA 35 E 44,NO,SI,2,10
202425,SUD SARDEGNA,SCUOLA SECONDARIA I GRADO,SOSTEGNO,ANNUALE,TRA 35 E 44,NO,SI,0,1
202425,ROVIGO,SCUOLA SECONDARIA I GRADO,NORMALE,FINO AL TERMINE,FINO A 34,NO,NO,5,12
202425,MANTOVA,SCUOLA SECONDARIA I GRADO,NORMALE,ANNUALE,TRA 45 E 54,NO,SI,5,16
202425,PORDENONE,SCUOLA INFANZIA,SOSTEGNO,FINO AL TERMINE,TRA 45 E 54,NO,NO,0,6
202425,NAPOLI,SCUOLA SECONDARIA II GRADO,SOSTEGNO,FINO AL TERMINE,FINO A 34,NO,NO,4,12
202425,ROVIGO,SCUOLA SECONDARIA I GRADO,SOSTEGNO,ANNUALE,OLTRE 54,SI,SI,1,3
202425,VARESE,SCUOLA PRIMARIA,SOSTEGNO,ANNUALE,TRA 35 E 44,SI,SI,1,17
202425,LUCCA,SCUOLA INFANZIA,NORMALE,ANNUALE,TRA 45 E 54,NO,SI,0,6
202425,PIACENZA,SCUOLA SECONDARIA II GRADO,SOSTEGNO,FINO AL TERMINE,OLTRE 54,NO,NO,0,1
202425,LIVORNO,SCUOLA SECONDARIA I GRADO,NORMALE,ANNUALE,FINO A 34,NO,SI,3,13
202425,FORLI'-CESENA,SCUOLA INFANZIA,SOSTEGNO,FINO AL TERMINE,FINO A 34,NO,NO,0,5
202425,SUD SARDEGNA,SCUOLA SECONDARIA I GRADO,SOSTEGNO,FINO AL TERMINE,TRA 45 E 54,NO,SI,18,46
202425,PORDENONE,SCUOLA SECONDARIA I GRADO,NORMALE,FINO AL TERMINE,TRA 45 E 54,NO,SI,2,7
202425,TRAPANI,SCUOLA INFANZIA,SOSTEGNO,FINO AL TERMINE,FINO A 34,NO,SI,0,10
202425,BELLUNO,SCUOLA SECONDARIA II GRADO,NORMALE,FINO AL TERMINE,TRA 35 E 44,NO,NO,7,17
202425,IMPERIA,SCUOLA SECONDARIA I GRADO,SOSTEGNO,ANNUALE,FINO A 34,SI,SI,4,8
202425,CAGLIARI,SCUOLA SECONDARIA II GRADO,SOSTEGNO,FINO AL TERMINE,OLTRE 54,NO,NO,1,4
202425,VARESE,SCUOLA PRIMARIA,SOSTEGNO,FINO AL TERMINE,TRA 45 E 54,NO,SI,9,101
202425,PISA,SCUOLA SECONDARIA II GRADO,NORMALE,FINO AL TERMINE,TRA 45 E 54,NO,NO,16,20
202425,LUCCA,SCUOLA SECONDARIA II GRADO,NORMALE,ANNUALE,FINO A 34,NO,SI,19,23
202425,ROMA,SCUOLA PRIMARIA,SOSTEGNO,ANNUALE,FINO A 34,SI,NO,0,3
202425,BIELLA,SCUOLA SECONDARIA II GRADO,SOSTEGNO,FINO AL TERMINE,FINO A 34,NO,NO,0,1
202425,LODI,SCUOLA INFANZIA,SOSTEGNO,ANNUALE,FINO A 34,SI,SI,0,1
202425,IMPERIA,SCUOLA SECONDARIA II GRADO,NORMALE,FINO AL TERMINE,OLTRE 54,NO,SI,4,3
202425,BRESCIA,SCUOLA SECONDARIA I GRADO,NORMALE,ANNUALE,TRA 35 E 44,SI,SI,0,2
202425,LECCO,SCUOLA INFANZIA,NORMALE,ANNUALE,TRA 35 E 44,NO,SI,0,1
202425,PISTOIA,SCUOLA PRIMARIA,NORMALE,FINO AL TERMINE,TRA 35 E 44,NO,NO,3,7
202425,GORIZIA,SCUOLA INFANZIA,SOSTEGNO,FINO AL TERMINE,FINO A 34,NO,SI,0,7
202425,FOGGIA,SCUOLA PRIMARIA,SOSTEGNO,ANNUALE,TRA 45 E 54,NO,NO,0,1
202425,BOLOGNA,SCUOLA SECONDARIA II GRADO,SOSTEGNO,ANNUALE,TRA 35 E 44,NO,SI,0,2
202425,BIELLA,SCUOLA PRIMARIA,NORMALE,FINO AL TERMINE,FINO A 34,NO,NO,6,9
202425,AVELLINO,SCUOLA SECONDARIA II GRADO,NORMALE,ANNUALE,TRA 45 E 54,NO,SI,5,14
202425,CREMONA,SCUOLA INFANZIA,NORMALE,ANNUALE,TRA 45 E 54,NO,SI,0,6
202425,TRAPANI,SCUOLA SECONDARIA I GRADO,NORMALE,FINO AL TERMINE,OLTRE 54,NO,NO,2,1
202425,ROMA,SCUOLA INFANZIA,SOSTEGNO,ANNUALE,TRA 35 E 44,SI,SI,0,21
202425,COMO,SCUOLA INFANZIA,NORMALE,ANNUALE,TRA 45 E 54,SI,SI,0,1
202425,CROTONE,SCUOLA SECONDARIA II GRADO,NORMALE,ANNUALE,OLTRE 54,NO,NO,0,1
202425,AREZZO,SCUOLA PRIMARIA,SOSTEGNO,FINO AL TERMINE,TRA 35 E 44,NO,SI,4,59
202425,UDINE,SCUOLA INFANZIA,SOSTEGNO,FINO AL TERMINE,FINO A 34,NO,NO,1,6
202425,RAGUSA,SCUOLA INFANZIA,SOSTEGNO,FINO AL TERMINE,OLTRE 54,NO,NO,0,2
202425,CUNEO,SCUOLA PRIMARIA,NORMALE,FINO AL TERMINE,TRA 45 E 54,NO,SI,1,19
202425,VERBANO-CUSIO-OSSOLA,SCUOLA SECONDARIA II GRADO,SOSTEGNO,FINO AL TERMINE,FINO A 34,NO,SI,0,7
202425,VERCELLI,SCUOLA INFANZIA,NORMALE,FINO AL TERMINE,OLTRE 54,NO,NO,0,1
202425,TARANTO,SCUOLA PRIMARIA,NORMALE,FINO AL TERMINE,OLTRE 54,NO,SI,2,17
202425,SALERNO,SCUOLA PRIMARIA,NORMALE,FINO AL TERMINE,OLTRE 54,NO,SI,4,15
202425,VARESE,SCUOLA SECONDARIA II GRADO,NORMALE,ANNUALE,TRA 35 E 44,SI,SI,0,3
202425,TERNI,SCUOLA INFANZIA,SOSTEGNO,FINO AL TERMINE,TRA 45 E 54,NO,SI,1,32
202425,NUORO,SCUOLA SECONDARIA I GRADO,SOSTEGNO,ANNUALE,TRA 35 E 44,NO,SI,1,2
202425,TRIESTE,SCUOLA SECONDARIA II GRADO,NORMALE,FINO AL TERMINE,TRA 45 E 54,NO,NO,8,12
202425,VITERBO,SCUOLA INFANZIA,SOSTEGNO,FINO AL TERMINE,TRA 35 E 44,NO,NO,0,4
202425,UDINE,SCUOLA PRIMARIA,NORMALE,FINO AL TERMINE,TRA 35 E 44,NO,SI,2,10
202425,MESSINA,SCUOLA SECONDARIA I GRADO,SOSTEGNO,FINO AL TERMINE,FINO A 34,NO,SI,11,44
202425,LIVORNO,SCUOLA SECONDARIA I GRADO,SOSTEGNO,ANNUALE,FINO A 34,SI,SI,1,0
202425,FORLI'-CESENA,SCUOLA PRIMARIA,NORMALE,FINO AL TERMINE,FINO A 34,NO,SI,3,47
202425,TRIESTE,SCUOLA INFANZIA,SOSTEGNO,FINO AL TERMINE,FINO A 34,NO,SI,0,2
202425,POTENZA,SCUOLA PRIMARIA,SOSTEGNO,FINO AL TERMINE,TRA 35 E 44,NO,NO,0,7
202425,PRATO,SCUOLA PRIMARIA,NORMALE,FINO AL TERMINE,FINO A 34,NO,NO,8,12
202425,NAPOLI,SCUOLA SECONDARIA I GRADO,NORMALE,FINO AL TERMINE,OLTRE 54,NO,NO,6,22
202425,SASSARI,SCUOLA INFANZIA,NORMALE,FINO AL TERMINE,TRA 45 E 54,NO,SI,0,8
202425,MACERATA,SCUOLA SECONDARIA II GRADO,NORMALE,FINO AL TERMINE,TRA 35 E 44,NO,NO,16,45
202425,PISTOIA,SCUOLA PRIMARIA,SOSTEGNO,FINO AL TERMINE,FINO A 34,NO,NO,0,11
202425,FROSINONE,SCUOLA SECONDARIA I GRADO,NORMALE,FINO AL TERMINE,TRA 45 E 54,NO,NO,9,14
202425,TRAPANI,SCUOLA PRIMARIA,SOSTEGNO,FINO AL TERMINE,TRA 35 E 44,NO,NO,0,12
202425,MASSA-CARRARA,SCUOLA INFANZIA,NORMALE,FINO AL TERMINE,TRA 35 E 44,NO,NO,0,1
202425,SALERNO,SCUOLA SECONDARIA II GRADO,NORMALE,FINO AL TERMINE,TRA 45 E 54,NO,NO,31,57
202425,BRINDISI,SCUOLA INFANZIA,SOSTEGNO,ANNUALE,OLTRE 54,SI,SI,0,1
202425,PISTOIA,SCUOLA SECONDARIA I GRADO,NORMALE,FINO AL TERMINE,OLTRE 54,NO,NO,1,1
202425,CUNEO,SCUOLA SECONDARIA I GRADO,SOSTEGNO,ANNUALE,TRA 45 E 54,SI,SI,7,7
202425,LA SPEZIA,SCUOLA SECONDARIA I GRADO,SOSTEGNO,FINO AL TERMINE,TRA 35 E 44,NO,NO,0,7
202425,ROMA,SCUOLA SECONDARIA II GRADO,NORMALE,FINO AL TERMINE,OLTRE 54,NO,SI,47,48
202425,NOVARA,SCUOLA PRIMARIA,NORMALE,FINO AL TERMINE,TRA 35 E 44,NO,SI,2,10
202425,LODI,SCUOLA PRIMARIA,NORMALE,FINO AL TERMINE,TRA 45 E 54,NO,SI,0,14
202425,FORLI'-CESENA,SCUOLA SECONDARIA II GRADO,NORMALE,FINO AL TERMINE,TRA 45 E 54,NO,SI,9,21
202425,VERBANO-CUSIO-OSSOLA,SCUOLA SECONDARIA I GRADO,SOSTEGNO,FINO AL TERMINE,OLTRE 54,NO,SI,4,5
202425,BOLOGNA,SCUOLA INFANZIA,NORMALE,FINO AL TERMINE,OLTRE 54,NO,SI,0,5
202425,ASTI,SCUOLA SECONDARIA II GRADO,SOSTEGNO,FINO AL TERMINE,FINO A 34,NO,NO,1,5
202425,CAMPOBASSO,SCUOLA SECONDARIA II GRADO,NORMALE,ANNUALE,TRA 45 E 54,NO,SI,8,5
202425,BERGAMO,SCUOLA INFANZIA,NORMALE,FINO AL TERMINE,TRA 35 E 44,NO,SI,0,8
202425,BELLUNO,SCUOLA PRIMARIA,NORMALE,ANNUALE,TRA 35 E 44,NO,SI,0,2
202425,UDINE,SCUOLA SECONDARIA II GRADO,NORMALE,FINO AL TERMINE,FINO A 34,NO,SI,12,21
202425,SAVONA,SCUOLA SECONDARIA II GRADO,NORMALE,ANNUALE,TRA 35 E 44,NO,SI,13,14
202425,CREMONA,SCUOLA PRIMARIA,NORMALE,ANNUALE,TRA 35 E 44,NO,SI,2,12
202425,FERMO,SCUOLA PRIMARIA,SOSTEGNO,FINO AL TERMINE,TRA 35 E 44,NO,NO,0,6
202425,RIMINI,SCUOLA SECONDARIA II GRADO,SOSTEGNO,FINO AL TERMINE,TRA 35 E 44,NO,NO,2,6
202425,MASSA-CARRARA,SCUOLA SECONDARIA I GRADO,NORMALE,FINO AL TERMINE,FINO A 34,NO,SI,0,2
202425,VENEZIA,SCUOLA SECONDARIA I GRADO,SOSTEGNO,ANNUALE,TRA 35 E 44,NO,SI,5,3
202425,VERBANO-CUSIO-OSSOLA,SCUOLA PRIMARIA,SOSTEGNO,FINO AL TERMINE,TRA 35 E 44,NO,SI,1,27
202425,ASTI,SCUOLA INFANZIA,NORMALE,FINO AL TERMINE,FINO A 34,NO,NO,0,2
202425,MANTOVA,SCUOLA SECONDARIA I GRADO,NORMALE,ANNUALE,FINO A 34,NO,SI,27,37
202425,CROTONE,SCUOLA SECONDARIA I GRADO,SOSTEGNO,ANNUALE,TRA 35 E 44,SI,SI,0,1
202425,PIACENZA,SCUOLA PRIMARIA,NORMALE,FINO AL TERMINE,OLTRE 54,NO,SI,1,6
202425,MODENA,SCUOLA PRIMARIA,SOSTEGNO,ANNUALE,OLTRE 54,SI,SI,0,7
202425,FROSINONE,SCUOLA INFANZIA,SOSTEGNO,FINO AL TERMINE,TRA 35 E 44,NO,NO,0,7
202425,VARESE,SCUOLA PRIMARIA,NORMALE,FINO AL TERMINE,TRA 45 E 54,NO,NO,2,15
202425,VITERBO,SCUOLA SECONDARIA II GRADO,NORMALE,FINO AL TERMINE,OLTRE 54,NO,SI,4,2
202425,BOLOGNA,SCUOLA PRIMARIA,SOSTEGNO,ANNUALE,TRA 35 E 44,NO,SI,0,1
202425,PRATO,SCUOLA INFANZIA,NORMALE,ANNUALE,OLTRE 54,NO,SI,0,6
202425,VENEZIA,SCUOLA INFANZIA,SOSTEGNO,ANNUALE,OLTRE 54,SI,SI,0,1
202425,GROSSETO,SCUOLA SECONDARIA I GRADO,NORMALE,ANNUALE,TRA 45 E 54,NO,SI,2,6
202425,CAGLIARI,SCUOLA INFANZIA,NORMALE,FINO AL TERMINE,OLTRE 54,NO,SI,0,2
202425,ASTI,SCUOLA PRIMARIA,SOSTEGNO,FINO AL TERMINE,TRA 45 E 54,NO,SI,1,30
202425,FROSINONE,SCUOLA SECONDARIA II GRADO,NORMALE,ANNUALE,FINO A 34,NO,NO,2,0
202425,BRESCIA,SCUOLA INFANZIA,NORMALE,FINO AL TERMINE,FINO A 34,NO,SI,0,1
202425,GENOVA,SCUOLA SECONDARIA I GRADO,SOSTEGNO,ANNUALE,OLTRE 54,NO,SI,0,5
202425,MATERA,SCUOLA PRIMARIA,NORMALE,FINO AL TERMINE,OLTRE 54,NO,NO,1,1
202425,MONZA E DELLA BRIANZA,SCUOLA SECONDARIA II GRADO,NORMALE,ANNUALE,OLTRE 54,NO,SI,20,8
202425,BELLUNO,SCUOLA PRIMARIA,SOSTEGNO,FINO AL TERMINE,TRA 35 E 44,NO,SI,2,11
202425,TREVISO,SCUOLA SECONDARIA I GRADO,NORMALE,FINO AL TERMINE,OLTRE 54,NO,SI,3,6
202425,BRINDISI,SCUOLA PRIMARIA,NORMALE,ANNUALE,TRA 45 E 54,NO,SI,2,10
202425,PADOVA,SCUOLA SECONDARIA I GRADO,NORMALE,ANNUALE,TRA 35 E 44,SI,NO,1,0
202425,ANCONA,SCUOLA SECONDARIA I GRADO,SOSTEGNO,FINO AL TERMINE,TRA 45 E 54,NO,SI,6,47
202425,VIBO VALENTIA,SCUOLA SECONDARIA II GRADO,SOSTEGNO,FINO AL TERMINE,OLTRE 54,NO,SI,1,1
202425,CUNEO,SCUOLA INFANZIA,SOSTEGNO,ANNUALE,TRA 45 E 54,SI,SI,0,5
202425,FERRARA,SCUOLA SECONDARIA I GRADO,NORMALE,ANNUALE,TRA 35 E 44,SI,SI,0,1
202425,VERCELLI,SCUOLA INFANZIA,SOSTEGNO,FINO AL TERMINE,TRA 45 E 54,NO,SI,0,16
202425,COSENZA,SCUOLA SECONDARIA I GRADO,NORMALE,ANNUALE,OLTRE 54,NO,SI,6,3
202425,VENEZIA,SCUOLA SECONDARIA I GRADO,SOSTEGNO,ANNUALE,FINO A 34,SI,SI,7,27
202425,BRINDISI,SCUOLA SECONDARIA II GRADO,NORMALE,FINO AL TERMINE,TRA 45 E 54,NO,SI,4,15
202425,CUNEO,SCUOLA SECONDARIA I GRADO,NORMALE,FINO AL TERMINE,OLTRE 54,NO,NO,2,3
202425,VICENZA,SCUOLA SECONDARIA I GRADO,SOSTEGNO,ANNUALE,FINO A 34,NO,SI,2,2
202425,NUORO,SCUOLA SECONDARIA II GRADO,NORMALE,ANNUALE,TRA 35 E 44,NO,NO,2,3
202425,UDINE,SCUOLA SECONDARIA II GRADO,NORMALE,ANNUALE,OLTRE 54,NO,SI,15,10
202425,BOLOGNA,SCUOLA SECONDARIA I GRADO,NORMALE,FINO AL TERMINE,TRA 45 E 54,NO,SI,4,10
202425,VERONA,SCUOLA SECONDARIA I GRADO,SOSTEGNO,ANNUALE,TRA 35 E 44,NO,SI,0,2
202425,TARANTO,SCUOLA SECONDARIA I GRADO,NORMALE,FINO AL TERMINE,TRA 45 E 54,NO,NO,2,13
202425,SONDRIO,SCUOLA SECONDARIA II GRADO,NORMALE,ANNUALE,TRA 35 E 44,NO,SI,9,18
202425,FIRENZE,SCUOLA INFANZIA,NORMALE,ANNUALE,FINO A 34,NO,SI,0,11
202425,PISTOIA,SCUOLA SECONDARIA II GRADO,NORMALE,FINO AL TERMINE,TRA 45 E 54,NO,NO,5,16
202425,NAPOLI,SCUOLA PRIMARIA,NORMALE,FINO AL TERMINE,TRA 45 E 54,NO,SI,6,97
202425,NAPOLI,SCUOLA SECONDARIA I GRADO,SOSTEGNO,FINO AL TERMINE,OLTRE 54,NO,SI,27,52
202425,PISA,SCUOLA PRIMARIA,NORMALE,ANNUALE,TRA 45 E 54,NO,SI,2,3
202425,CASERTA,SCUOLA INFANZIA,NORMALE,FINO AL TERMINE,OLTRE 54,NO,NO,0,1
202425,SIENA,SCUOLA SECONDARIA I GRADO,NORMALE,ANNUALE,TRA 35 E 44,NO,NO,0,1
202425,TORINO,SCUOLA SECONDARIA II GRADO,NORMALE,FINO AL TERMINE,TRA 35 E 44,NO,NO,101,148
202425,CHIETI,SCUOLA INFANZIA,SOSTEGNO,FINO AL TERMINE,OLTRE 54,NO,SI,0,13
202425,VICENZA,SCUOLA SECONDARIA I GRADO,SOSTEGNO,ANNUALE,TRA 35 E 44,NO,SI,2,2
202425,L'AQUILA,SCUOLA INFANZIA,SOSTEGNO,FINO AL TERMINE,TRA 35 E 44,NO,SI,0,21
202425,LATINA,SCUOLA SECONDARIA I GRADO,SOSTEGNO,ANNUALE,TRA 35 E 44,SI,SI,0,3
202425,PESARO E URBINO,SCUOLA SECONDARIA I GRADO,SOSTEGNO,FINO AL TERMINE,TRA 45 E 54,NO,NO,4,11
202425,TERAMO,SCUOLA PRIMARIA,SOSTEGNO,FINO AL TERMINE,FINO A 34,NO,SI,3,77
202425,PESARO E URBINO,SCUOLA INFANZIA,NORMALE,FINO AL TERMINE,TRA 35 E 44,NO,NO,0,2
202425,RIMINI,SCUOLA SECONDARIA II GRADO,NORMALE,FINO AL TERMINE,TRA 45 E 54,NO,NO,16,20
202425,CAGLIARI,SCUOLA PRIMARIA,NORMALE,ANNUALE,TRA 35 E 44,NO,SI,0,3
202425,IMPERIA,SCUOLA INFANZIA,SOSTEGNO,FINO AL TERMINE,TRA 45 E 54,NO,NO,0,5
202425,REGGIO EMILIA,SCUOLA SECONDARIA II GRADO,SOSTEGNO,FINO AL TERMINE,FINO A 34,NO,NO,4,9
202425,PIACENZA,SCUOLA SECONDARIA I GRADO,SOSTEGNO,ANNUALE,TRA 45 E 54,SI,SI,0,9
202425,LUCCA,SCUOLA INFANZIA,NORMALE,FINO AL TERMINE,TRA 45 E 54,NO,NO,0,7
202425,VITERBO,SCUOLA SECONDARIA I GRADO,NORMALE,FINO AL TERMINE,TRA 45 E 54,NO,NO,4,18
202425,GENOVA,SCUOLA PRIMARIA,SOSTEGNO,FINO AL TERMINE,OLTRE 54,NO,SI,9,52
202425,PESCARA,SCUOLA INFANZIA,NORMALE,FINO AL TERMINE,FINO A 34,NO,SI,0,2
202425,SUD SARDEGNA,SCUOLA INFANZIA,SOSTEGNO,FINO AL TERMINE,TRA 45 E 54,NO,SI,1,22
202425,VENEZIA,SCUOLA PRIMARIA,NORMALE,FINO AL TERMINE,FINO A 34,NO,NO,21,48
202425,PISA,SCUOLA SECONDARIA II GRADO,SOSTEGNO,FINO AL TERMINE,TRA 35 E 44,NO,NO,4,15
202425,VIBO VALENTIA,SCUOLA SECONDARIA I GRADO,SOSTEGNO,FINO AL TERMINE,FINO A 34,NO,SI,1,11
202425,SIRACUSA,SCUOLA PRIMARIA,SOSTEGNO,FINO AL TERMINE,OLTRE 54,NO,SI,1,56
202425,PARMA,SCUOLA PRIMARIA,SOSTEGNO,FINO AL TERMINE,OLTRE 54,NO,NO,0,3
202425,LIVORNO,SCUOLA SECONDARIA I GRADO,SOSTEGNO,ANNUALE,TRA 35 E 44,SI,SI,1,2
202425,PADOVA,SCUOLA SECONDARIA II GRADO,NORMALE,FINO AL TERMINE,OLTRE 54,NO,SI,7,9
202425,LECCE,SCUOLA SECONDARIA I GRADO,SOSTEGNO,FINO AL TERMINE,TRA 45 E 54,NO,SI,10,69
202425,IMPERIA,SCUOLA SECONDARIA I GRADO,NORMALE,FINO AL TERMINE,TRA 35 E 44,NO,SI,0,1
202425,TERAMO,SCUOLA SECONDARIA I GRADO,NORMALE,FINO AL TERMINE,TRA 35 E 44,NO,SI,2,4
202425,MILANO,SCUOLA PRIMARIA,SOSTEGNO,FINO AL TERMINE,OLTRE 54,NO,SI,9,109
202425,ENNA,SCUOLA PRIMARIA,NORMALE,FINO AL TERMINE,TRA 35 E 44,NO,NO,4,5
202425,SIENA,SCUOLA SECONDARIA I GRADO,NORMALE,FINO AL TERMINE,TRA 45 E 54,NO,SI,0,3
202425,GENOVA,SCUOLA SECONDARIA II GRADO,NORMALE,FINO AL TERMINE,OLTRE 54,NO,SI,10,9
202425,LUCCA,SCUOLA SECONDARIA I GRADO,NORMALE,ANNUALE,FINO A 34,NO,NO,0,1
202425,NUORO,SCUOLA SECONDARIA II GRADO,SOSTEGNO,ANNUALE,FINO A 34,SI,NO,0,1
202425,ORISTANO,SCUOLA PRIMARIA,SOSTEGNO,FINO AL TERMINE,FINO A 34,NO,SI,0,2
202425,LODI,SCUOLA SECONDARIA I GRADO,NORMALE,FINO AL TERMINE,TRA 45 E 54,NO,SI,4,13
202425,ISERNIA,SCUOLA PRIMARIA,NORMALE,FINO AL TERMINE,FINO A 34,NO,SI,0,2
202425,GROSSETO,SCUOLA PRIMARIA,NORMALE,ANNUALE,TRA 45 E 54,NO,SI,0,9
202425,IMPERIA,SCUOLA PRIMARIA,NORMALE,FINO AL TERMINE,TRA 35 E 44,NO,NO,1,3
202425,SALERNO,SCUOLA SECONDARIA I GRADO,SOSTEGNO,FINO AL TERMINE,OLTRE 54,NO,NO,2,1
202425,RIETI,SCUOLA SECONDARIA II GRADO,NORMALE,FINO AL TERMINE,OLTRE 54,NO,NO,6,8
202425,PRATO,SCUOLA SECONDARIA I GRADO,NORMALE,FINO AL TERMINE,FINO A 34,NO,SI,2,11
202425,GORIZIA,SCUOLA SECONDARIA I GRADO,NORMALE,ANNUALE,OLTRE 54,NO,SI,1,1
202425,FROSINONE,SCUOLA SECONDARIA II GRADO,SOSTEGNO,FINO AL TERMINE,FINO A 34,NO,NO,1,2
202425,ALESSANDRIA,SCUOLA SECONDARIA II GRADO,NORMALE,FINO AL TERMINE,TRA 45 E 54,NO,SI,8,16
202425,TRIESTE,SCUOLA PRIMARIA,SOSTEGNO,FINO AL TERMINE,OLTRE 54,NO,SI,1,8
202425,PISTOIA,SCUOLA SECONDARIA I GRADO,SOSTEGNO,FINO AL TERMINE,TRA 35 E 44,NO,SI,16,42
202425,CASERTA,SCUOLA SECONDARIA II GRADO,SOSTEGNO,FINO AL TERMINE,OLTRE 54,NO,SI,2,4
202425,AREZZO,SCUOLA SECONDARIA II GRADO,NORMALE,ANNUALE,TRA 45 E 54,NO,SI,11,16
202425,CALTANISSETTA,SCUOLA INFANZIA,SOSTEGNO,FINO AL TERMINE,FINO A 34,NO,NO,0,1
202425,PISA,SCUOLA INFANZIA,NORMALE,FINO AL TERMINE,TRA 35 E 44,NO,SI,0,3
202425,CALTANISSETTA,SCUOLA SECONDARIA II GRADO,NORMALE,FINO AL TERMINE,TRA 35 E 44,NO,SI,6,11
202425,RIETI,SCUOLA INFANZIA,NORMALE,FINO AL TERMINE,FINO A 34,NO,NO,0,1
202425,TRIESTE,SCUOLA SECONDARIA II GRADO,SOSTEGNO,FINO AL TERMINE,TRA 35 E 44,NO,NO,2,2
202425,BARLETTA-ANDRIA-TRANI,SCUOLA SECONDARIA I GRADO,SOSTEGNO,FINO AL TERMINE,FINO A 34,NO,SI,34,100
202425,TERNI,SCUOLA SECONDARIA I GRADO,NORMALE,ANNUALE,TRA 45 E 54,NO,NO,0,2
202425,RAGUSA,SCUOLA PRIMARIA,NORMALE,FINO AL TERMINE,TRA 45 E 54,NO,SI,1,18
202425,BIELLA,SCUOLA PRIMARIA,NORMALE,ANNUALE,TRA 45 E 54,NO,SI,0,3
202425,PESARO E URBINO,SCUOLA SECONDARIA I GRADO,NORMALE,FINO AL TERMINE,TRA 45 E 54,NO,NO,6,16
202425,POTENZA,SCUOLA SECONDARIA I GRADO,NORMALE,ANNUALE,TRA 35 E 44,NO,SI,6,9
202425,BOLOGNA,SCUOLA PRIMARIA,NORMALE,FINO AL TERMINE,TRA 35 E 44,NO,SI,10,31
202425,TRAPANI,SCUOLA SECONDARIA II GRADO,NORMALE,ANNUALE,OLTRE 54,NO,SI,3,1
202425,TARANTO,SCUOLA INFANZIA,NORMALE,FINO AL TERMINE,TRA 35 E 44,NO,NO,0,2
202425,SALERNO,SCUOLA SECONDARIA I GRADO,NORMALE,ANNUALE,TRA 35 E 44,NO,NO,1,1
202425,ROVIGO,SCUOLA SECONDARIA II GRADO,SOSTEGNO,FINO AL TERMINE,FINO A 34,NO,NO,3,2
202425,TORINO,SCUOLA PRIMARIA,SOSTEGNO,ANNUALE,TRA 45 E 54,SI,SI,2,24
202425,FERRARA,SCUOLA PRIMARIA,SOSTEGNO,ANNUALE,FINO A 34,SI,SI,1,1
202425,MACERATA,SCUOLA PRIMARIA,NORMALE,FINO AL TERMINE,FINO A 34,NO,SI,1,4
202425,PISA,SCUOLA SECONDARIA II GRADO,NORMALE,ANNUALE,TRA 35 E 44,NO,NO,2,0
202425,VARESE,SCUOLA SECONDARIA II GRADO,NORMALE,ANNUALE,FINO A 34,SI,SI,1,1
202425,TERAMO,SCUOLA SECONDARIA I GRADO,SOSTEGNO,FINO AL TERMINE,TRA 35 E 44,NO,NO,2,6
202425,VITERBO,SCUOLA PRIMARIA,SOSTEGNO,FINO AL TERMINE,TRA 45 E 54,NO,SI,5,148
202425,PAVIA,SCUOLA SECONDARIA I GRADO,SOSTEGNO,ANNUALE,TRA 45 E 54,SI,NO,1,0
202425,ALESSANDRIA,SCUOLA SECONDARIA II GRADO,NORMALE,ANNUALE,FINO A 34,NO,SI,34,41
202425,ANCONA,SCUOLA SECONDARIA I GRADO,SOSTEGNO,FINO AL TERMINE,FINO A 34,NO,NO,0,13
202425,PESCARA,SCUOLA SECONDARIA II GRADO,NORMALE,FINO AL TERMINE,TRA 35 E 44,NO,NO,13,30
202425,AGRIGENTO,SCUOLA PRIMARIA,SOSTEGNO,FINO AL TERMINE,FINO A 34,NO,NO,0,8
202425,FIRENZE,SCUOLA PRIMARIA,NORMALE,FINO AL TERMINE,OLTRE 54,NO,SI,0,27
202425,FERMO,SCUOLA SECONDARIA I GRADO,NORMALE,FINO AL TERMINE,OLTRE 54,NO,SI,0,2
202425,SUD SARDEGNA,SCUOLA SECONDARIA I GRADO,NORMALE,ANNUALE,FINO A 34,NO,SI,12,32
202425,SUD SARDEGNA,SCUOLA SECONDARIA II GRADO,NORMALE,FINO AL TERMINE,FINO A 34,NO,SI,8,11
202425,REGGIO CALABRIA,SCUOLA SECONDARIA II GRADO,NORMALE,ANNUALE,TRA 45 E 54,NO,NO,1,4
202425,PISTOIA,SCUOLA PRIMARIA,NORMALE,ANNUALE,OLTRE 54,NO,SI,0,3
202425,MANTOVA,SCUOLA INFANZIA,NORMALE,ANNUALE,OLTRE 54,NO,SI,0,4
202425,PAVIA,SCUOLA INFANZIA,SOSTEGNO,FINO AL TERMINE,FINO A 34,NO,NO,0,5
202425,LA SPEZIA,SCUOLA SECONDARIA II GRADO,NORMALE,FINO AL TERMINE,TRA 35 E 44,NO,NO,10,18
202425,ALESSANDRIA,SCUOLA INFANZIA,SOSTEGNO,ANNUALE,TRA 45 E 54,SI,SI,0,1
202425,BIELLA,SCUOLA SECONDARIA I GRADO,SOSTEGNO,ANNUALE,TRA 45 E 54,SI,SI,1,1
202425,LA SPEZIA,SCUOLA PRIMARIA,SOSTEGNO,ANNUALE,TRA 35 E 44,NO,SI,0,1
202425,TRIESTE,SCUOLA PRIMARIA,SOSTEGNO,ANNUALE,FINO A 34,NO,SI,1,10
202425,IMPERIA,SCUOLA SECONDARIA II GRADO,SOSTEGNO,FINO AL TERMINE,FINO A 34,NO,SI,5,13
202425,MANTOVA,SCUOLA SECONDARIA II GRADO,NORMALE,FINO AL TERMINE,FINO A 34,NO,SI,17,16
202425,IMPERIA,SCUOLA PRIMARIA,SOSTEGNO,ANNUALE,FINO A 34,NO,SI,1,5
202425,MODENA,SCUOLA SECONDARIA I GRADO,SOSTEGNO,FINO AL TERMINE,OLTRE 54,NO,NO,1,0
202425,BRINDISI,SCUOLA PRIMARIA,NORMALE,FINO AL TERMINE,OLTRE 54,NO,SI,0,5
202425,SASSARI,SCUOLA INFANZIA,SOSTEGNO,FINO AL TERMINE,TRA 45 E 54,NO,SI,0,74
202425,ORISTANO,SCUOLA SECONDARIA II GRADO,SOSTEGNO,FINO AL TERMINE,OLTRE 54,NO,NO,0,2
202425,CUNEO,SCUOLA SECONDARIA II GRADO,NORMALE,FINO AL TERMINE,FINO A 34,NO,NO,56,75
202425,NUORO,SCUOLA PRIMARIA,NORMALE,ANNUALE,TRA 45 E 54,NO,NO,0,1
202425,LUCCA,SCUOLA SECONDARIA I GRADO,NORMALE,FINO AL TERMINE,OLTRE 54,NO,NO,3,6
202425,VITERBO,SCUOLA PRIMARIA,NORMALE,FINO AL TERMINE,OLTRE 54,NO,SI,0,5
202425,TERAMO,SCUOLA INFANZIA,SOSTEGNO,ANNUALE,FINO A 34,SI,SI,0,2
202425,FORLI'-CESENA,SCUOLA PRIMARIA,SOSTEGNO,FINO AL TERMINE,TRA 45 E 54,NO,NO,3,18
202425,MATERA,SCUOLA PRIMARIA,SOSTEGNO,FINO AL TERMINE,OLTRE 54,NO,SI,0,3
202425,ROVIGO,SCUOLA INFANZIA,NORMALE,FINO AL TERMINE,TRA 35 E 44,NO,NO,0,2
202425,AVELLINO,SCUOLA PRIMARIA,NORMALE,FINO AL TERMINE,TRA 35 E 44,NO,SI,4,9
202425,PORDENONE,SCUOLA SECONDARIA I GRADO,NORMALE,ANNUALE,FINO A 34,NO,SI,9,15
202425,COMO,SCUOLA SECONDARIA I GRADO,SOSTEGNO,FINO AL TERMINE,TRA 35 E 44,NO,NO,2,9
202425,VENEZIA,SCUOLA PRIMARIA,SOSTEGNO,ANNUALE,TRA 45 E 54,NO,SI,2,71
202425,ASCOLI PICENO,SCUOLA PRIMARIA,SOSTEGNO,FINO AL TERMINE,TRA 35 E 44,NO,NO,0,11
202425,RIETI,SCUOLA SECONDARIA I GRADO,SOSTEGNO,FINO AL TERMINE,TRA 35 E 44,NO,SI,9,38
202425,AREZZO,SCUOLA SECONDARIA I GRADO,NORMALE,FINO AL TERMINE,FINO A 34,NO,NO,8,14
202425,UDINE,SCUOLA INFANZIA,NORMALE,FINO AL TERMINE,TRA 35 E 44,NO,SI,0,4
202425,TERNI,SCUOLA SECONDARIA I GRADO,SOSTEGNO,FINO AL TERMINE,OLTRE 54,NO,NO,2,1
202425,ROMA,SCUOLA PRIMARIA,NORMALE,ANNUALE,TRA 35 E 44,NO,NO,1,0
202425,PESCARA,SCUOLA SECONDARIA II GRADO,NORMALE,ANNUALE,FINO A 34,NO,NO,1,1
202425,VERBANO-CUSIO-OSSOLA,SCUOLA SECONDARIA I GRADO,SOSTEGNO,FINO AL TERMINE,OLTRE 54,NO,NO,0,1
202425,VENEZIA,SCUOLA SECONDARIA II GRADO,NORMALE,ANNUALE,OLTRE 54,NO,SI,30,22
202425,ASTI,SCUOLA INFANZIA,SOSTEGNO,FINO AL TERMINE,TRA 45 E 54,NO,NO,0,4
202425,SONDRIO,SCUOLA SECONDARIA I GRADO,SOSTEGNO,ANNUALE,TRA 35 E 44,NO,SI,1,0
202425,FIRENZE,SCUOLA SECONDARIA II GRADO,NORMALE,FINO AL TERMINE,TRA 35 E 44,NO,SI,22,28
202425,FOGGIA,SCUOLA SECONDARIA I GRADO,NORMALE,FINO AL TERMINE,OLTRE 54,NO,SI,0,3
202425,TERNI,SCUOLA SECONDARIA II GRADO,NORMALE,ANNUALE,TRA 45 E 54,NO,NO,1,0
202425,PAVIA,SCUOLA SECONDARIA I GRADO,NORMALE,ANNUALE,TRA 35 E 44,NO,SI,10,18
202425,L'AQUILA,SCUOLA INFANZIA,SOSTEGNO,FINO AL TERMINE,OLTRE 54,NO,NO,0,3
202425,TARANTO,SCUOLA SECONDARIA I GRADO,SOSTEGNO,ANNUALE,TRA 35 E 44,NO,SI,1,0
202425,VERBANO-CUSIO-OSSOLA,SCUOLA SECONDARIA II GRADO,NORMALE,ANNUALE,TRA 45 E 54,NO,SI,8,4
202425,MONZA E DELLA BRIANZA,SCUOLA SECONDARIA II GRADO,NORMALE,FINO AL TERMINE,TRA 45 E 54,NO,NO,22,38
202425,SUD SARDEGNA,SCUOLA SECONDARIA II GRADO,SOSTEGNO,FINO AL TERMINE,FINO A 34,NO,NO,0,1
202425,BERGAMO,SCUOLA SECONDARIA II GRADO,NORMALE,FINO AL TERMINE,TRA 45 E 54,NO,NO,26,48
202425,SALERNO,SCUOLA SECONDARIA II GRADO,NORMALE,ANNUALE,TRA 45 E 54,NO,SI,16,29
202425,BRINDISI,SCUOLA PRIMARIA,SOSTEGNO,FINO AL TERMINE,FINO A 34,NO,NO,0,4
202425,VARESE,SCUOLA SECONDARIA I GRADO,SOSTEGNO,ANNUALE,TRA 35 E 44,NO,SI,2,2
202425,FIRENZE,SCUOLA SECONDARIA II GRADO,SOSTEGNO,ANNUALE,TRA 35 E 44,SI,SI,4,6
202425,BARI,SCUOLA SECONDARIA I GRADO,NORMALE,FINO AL TERMINE,OLTRE 54,NO,SI,3,1
202425,NOVARA,SCUOLA SECONDARIA I GRADO,NORMALE,FINO AL TERMINE,TRA 45 E 54,NO,NO,1,7
202425,MATERA,SCUOLA SECONDARIA I GRADO,NORMALE,ANNUALE,TRA 35 E 44,NO,SI,3,4
202425,PRATO,SCUOLA PRIMARIA,SOSTEGNO,ANNUALE,TRA 35 E 44,SI,SI,0,8
202425,VERCELLI,SCUOLA PRIMARIA,NORMALE,FINO AL TERMINE,FINO A 34,NO,SI,3,14
202425,FERMO,SCUOLA PRIMARIA,SOSTEGNO,FINO AL TERMINE,OLTRE 54,NO,SI,0,21
202425,BERGAMO,SCUOLA PRIMARIA,SOSTEGNO,FINO AL TERMINE,FINO A 34,NO,SI,30,300
202425,BELLUNO,SCUOLA SECONDARIA I GRADO,NORMALE,FINO AL TERMINE,TRA 45 E 54,NO,NO,3,6
202425,MANTOVA,SCUOLA SECONDARIA I GRADO,SOSTEGNO,ANNUALE,OLTRE 54,SI,SI,2,3
202425,RAVENNA,SCUOLA INFANZIA,SOSTEGNO,FINO AL TERMINE,TRA 45 E 54,NO,SI,0,13
202425,SASSARI,SCUOLA PRIMARIA,NORMALE,FINO AL TERMINE,TRA 45 E 54,NO,SI,5,15
202425,MILANO,SCUOLA SECONDARIA II GRADO,NORMALE,FINO AL TERMINE,FINO A 34,NO,NO,144,138
202425,BARLETTA-ANDRIA-TRANI,SCUOLA SECONDARIA II GRADO,NORMALE,FINO AL TERMINE,FINO A 34,NO,NO,8,24
202425,RAGUSA,SCUOLA SECONDARIA I GRADO,NORMALE,FINO AL TERMINE,FINO A 34,NO,SI,2,7
202425,BRESCIA,SCUOLA INFANZIA,NORMALE,FINO AL TERMINE,FINO A 34,NO,NO,0,6
202425,VERCELLI,SCUOLA PRIMARIA,SOSTEGNO,FINO AL TERMINE,TRA 35 E 44,NO,NO,0,3
202425,AVELLINO,SCUOLA SECONDARIA II GRADO,SOSTEGNO,FINO AL TERMINE,TRA 45 E 54,NO,NO,1,3
202425,POTENZA,SCUOLA SECONDARIA I GRADO,SOSTEGNO,FINO AL TERMINE,TRA 35 E 44,NO,NO,2,6
202425,FERRARA,SCUOLA SECONDARIA I GRADO,SOSTEGNO,FINO AL TERMINE,OLTRE 54,NO,SI,3,6
202425,FORLI'-CESENA,SCUOLA SECONDARIA I GRADO,NORMALE,FINO AL TERMINE,OLTRE 54,NO,SI,3,6
202425,FORLI'-CESENA,SCUOLA SECONDARIA II GRADO,SOSTEGNO,FINO AL TERMINE,TRA 35 E 44,NO,SI,19,30
202425,AVELLINO,SCUOLA INFANZIA,NORMALE,ANNUALE,OLTRE 54,NO,SI,0,3
202425,NAPOLI,SCUOLA PRIMARIA,SOSTEGNO,FINO AL TERMINE,TRA 35 E 44,NO,NO,3,85
202425,TREVISO,SCUOLA SECONDARIA I GRADO,NORMALE,FINO AL TERMINE,OLTRE 54,NO,NO,6,16
202425,ASCOLI PICENO,SCUOLA SECONDARIA I GRADO,NORMALE,FINO AL TERMINE,OLTRE 54,NO,SI,0,2
202425,LECCO,SCUOLA PRIMARIA,NORMALE,ANNUALE,TRA 35 E 44,NO,SI,1,18
202425,SASSARI,SCUOLA SECONDARIA I GRADO,SOSTEGNO,ANNUALE,FINO A 34,SI,SI,0,1
202425,VARESE,SCUOLA PRIMARIA,NORMALE,ANNUALE,TRA 45 E 54,NO,SI,2,9
202425,BARI,SCUOLA SECONDARIA II GRADO,SOSTEGNO,FINO AL TERMINE,TRA 45 E 54,NO,NO,4,21
202425,TARANTO,SCUOLA SECONDARIA II GRADO,SOSTEGNO,FINO AL TERMINE,TRA 45 E 54,NO,NO,7,16
202425,TRAPANI,SCUOLA SECONDARIA II GRADO,SOSTEGNO,ANNUALE,FINO A 34,NO,SI,0,1
202425,GORIZIA,SCUOLA SECONDARIA II GRADO,SOSTEGNO,FINO AL TERMINE,TRA 35 E 44,NO,NO,0,2
202425,LATINA,SCUOLA SECONDARIA II GRADO,SOSTEGNO,FINO AL TERMINE,TRA 45 E 54,NO,NO,2,10
202425,CHIETI,SCUOLA SECONDARIA I GRADO,NORMALE,FINO AL TERMINE,TRA 45 E 54,NO,NO,1,10
202425,RIETI,SCUOLA SECONDARIA II GRADO,SOSTEGNO,FINO AL TERMINE,FINO A 34,NO,NO,0,2
202425,SIENA,SCUOLA INFANZIA,NORMALE,FINO AL TERMINE,TRA 45 E 54,NO,NO,0,3
202425,VERONA,SCUOLA SECONDARIA II GRADO,SOSTEGNO,FINO AL TERMINE,TRA 35 E 44,NO,NO,3,11
202425,ORISTANO,SCUOLA PRIMARIA,SOSTEGNO,ANNUALE,TRA 35 E 44,NO,SI,1,0
202425,VERBANO-CUSIO-OSSOLA,SCUOLA SECONDARIA I GRADO,SOSTEGNO,ANNUALE,FINO A 34,SI,SI,8,14
202425,GROSSETO,SCUOLA SECONDARIA I GRADO,SOSTEGNO,ANNUALE,TRA 35 E 44,SI,SI,0,1
202425,ORISTANO,SCUOLA SECONDARIA II GRADO,NORMALE,FINO AL TERMINE,FINO A 34,NO,SI,3,2
202425,NOVARA,SCUOLA PRIMARIA,SOSTEGNO,ANNUALE,TRA 45 E 54,NO,SI,2,33
202425,BOLOGNA,SCUOLA PRIMARIA,SOSTEGNO,ANNUALE,FINO A 34,SI,SI,2,34
202425,LECCO,SCUOLA SECONDARIA I GRADO,NORMALE,FINO AL TERMINE,TRA 35 E 44,NO,SI,0,7
202425,NAPOLI,SCUOLA INFANZIA,NORMALE,FINO AL TERMINE,TRA 35 E 44,NO,NO,0,2
202425,RIMINI,SCUOLA SECONDARIA II GRADO,NORMALE,FINO AL TERMINE,TRA 35 E 44,NO,SI,5,20
202425,BERGAMO,SCUOLA PRIMARIA,NORMALE,ANNUALE,TRA 35 E 44,NO,SI,1,9
202425,TORINO,SCUOLA SECONDARIA II GRADO,SOSTEGNO,FINO AL TERMINE,FINO A 34,NO,NO,3,22
202425,VICENZA,SCUOLA SECONDARIA I GRADO,SOSTEGNO,FINO AL TERMINE,TRA 35 E 44,NO,SI,23,55
202425,NUORO,SCUOLA SECONDARIA II GRADO,SOSTEGNO,FINO AL TERMINE,TRA 45 E 54,NO,SI,8,41
202425,BELLUNO,SCUOLA PRIMARIA,NORMALE,FINO AL TERMINE,TRA 45 E 54,NO,NO,0,7
202425,BERGAMO,SCUOLA SECONDARIA II GRADO,SOSTEGNO,FINO AL TERMINE,TRA 35 E 44,NO,NO,1,4
202425,AGRIGENTO,SCUOLA SECONDARIA I GRADO,SOSTEGNO,FINO AL TERMINE,TRA 35 E 44,NO,SI,17,59
202425,BELLUNO,SCUOLA SECONDARIA I GRADO,NORMALE,ANNUALE,TRA 35 E 44,SI,SI,0,1
202425,CAGLIARI,SCUOLA PRIMARIA,SOSTEGNO,ANNUALE,TRA 35 E 44,SI,SI,0,1
202425,PISA,SCUOLA PRIMARIA,SOSTEGNO,ANNUALE,TRA 45 E 54,SI,NO,0,4
202425,ASTI,SCUOLA PRIMARIA,SOSTEGNO,ANNUALE,OLTRE 54,NO,SI,0,23
202425,RIETI,SCUOLA PRIMARIA,SOSTEGNO,FINO AL TERMINE,TRA 45 E 54,NO,SI,3,55
202425,CUNEO,SCUOLA INFANZIA,SOSTEGNO,FINO AL TERMINE,TRA 45 E 54,NO,NO,0,6
202425,POTENZA,SCUOLA SECONDARIA II GRADO,NORMALE,FINO AL TERMINE,TRA 35 E 44,NO,SI,5,17
202425,PISTOIA,SCUOLA SECONDARIA II GRADO,SOSTEGNO,FINO AL TERMINE,TRA 35 E 44,NO,SI,19,78
202425,NAPOLI,SCUOLA SECONDARIA II GRADO,NORMALE,ANNUALE,TRA 35 E 44,NO,SI,62,124
202425,PISTOIA,SCUOLA INFANZIA,NORMALE,FINO AL TERMINE,OLTRE 54,NO,SI,0,5
202425,SIENA,SCUOLA INFANZIA,NORMALE,FINO AL TERMINE,FINO A 34,NO,NO,0,1
202425,LIVORNO,SCUOLA PRIMARIA,SOSTEGNO,ANNUALE,TRA 35 E 44,SI,SI,0,3
202425,TORINO,SCUOLA SECONDARIA II GRADO,SOSTEGNO,FINO AL TERMINE,TRA 45 E 54,NO,SI,72,182
202425,REGGIO EMILIA,SCUOLA SECONDARIA I GRADO,SOSTEGNO,FINO AL TERMINE,TRA 45 E 54,NO,NO,0,10
202425,LATINA,SCUOLA SECONDARIA II GRADO,NORMALE,ANNUALE,TRA 45 E 54,SI,SI,0,1
202425,COSENZA,SCUOLA SECONDARIA II GRADO,NORMALE,ANNUALE,TRA 45 E 54,NO,SI,18,18
202425,GROSSETO,SCUOLA SECONDARIA II GRADO,NORMALE,ANNUALE,OLTRE 54,NO,SI,9,4
202425,BRESCIA,SCUOLA SECONDARIA II GRADO,NORMALE,FINO AL TERMINE,FINO A 34,NO,NO,96,91
202425,PISA,SCUOLA PRIMARIA,SOSTEGNO,FINO AL TERMINE,TRA 45 E 54,NO,NO,1,21
202425,ALESSANDRIA,SCUOLA PRIMARIA,SOSTEGNO,FINO AL TERMINE,TRA 35 E 44,NO,SI,6,99
202425,BIELLA,SCUOLA SECONDARIA II GRADO,SOSTEGNO,FINO AL TERMINE,TRA 45 E 54,NO,NO,3,2
202425,LODI,SCUOLA INFANZIA,NORMALE,ANNUALE,TRA 45 E 54,NO,SI,0,2
202425,BOLOGNA,SCUOLA PRIMARIA,SOSTEGNO,FINO AL TERMINE,OLTRE 54,NO,SI,11,67
202425,ASTI,SCUOLA SECONDARIA I GRADO,SOSTEGNO,FINO AL TERMINE,TRA 45 E 54,NO,SI,6,7
202425,TARANTO,SCUOLA PRIMARIA,NORMALE,ANNUALE,OLTRE 54,NO,SI,1,2
202425,PORDENONE,SCUOLA PRIMARIA,SOSTEGNO,FINO AL TERMINE,TRA 45 E 54,NO,NO,0,6
202425,CATANIA,SCUOLA INFANZIA,NORMALE,FINO AL TERMINE,TRA 45 E 54,NO,NO,0,6
202425,SALERNO,SCUOLA PRIMARIA,NORMALE,ANNUALE,OLTRE 54,NO,SI,1,7
202425,CAMPOBASSO,SCUOLA PRIMARIA,SOSTEGNO,FINO AL TERMINE,FINO A 34,NO,SI,3,52
202425,VARESE,SCUOLA SECONDARIA II GRADO,NORMALE,FINO AL TERMINE,TRA 45 E 54,NO,NO,17,34
202425,ANCONA,SCUOLA SECONDARIA II GRADO,SOSTEGNO,FINO AL TERMINE,OLTRE 54,NO,NO,1,4
202425,BIELLA,SCUOLA SECONDARIA I GRADO,SOSTEGNO,FINO AL TERMINE,OLTRE 54,NO,SI,5,10
202425,ROMA,SCUOLA SECONDARIA I GRADO,NORMALE,ANNUALE,TRA 35 E 44,NO,SI,26,102
202425,COSENZA,SCUOLA SECONDARIA II GRADO,SOSTEGNO,FINO AL TERMINE,OLTRE 54,NO,NO,1,2
202425,TRAPANI,SCUOLA SECONDARIA II GRADO,NORMALE,FINO AL TERMINE,TRA 35 E 44,NO,SI,11,23
202425,VARESE,SCUOLA PRIMARIA,SOSTEGNO,ANNUALE,TRA 45 E 54,NO,SI,8,70
202425,CROTONE,SCUOLA INFANZIA,NORMALE,FINO AL TERMINE,TRA 45 E 54,NO,SI,0,2
202425,AREZZO,SCUOLA INFANZIA,NORMALE,FINO AL TERMINE,OLTRE 54,NO,SI,0,2
202425,CATANIA,SCUOLA SECONDARIA I GRADO,SOSTEGNO,FINO AL TERMINE,FINO A 34,NO,SI,24,108
202425,TRIESTE,SCUOLA SECONDARIA I GRADO,SOSTEGNO,FINO AL TERMINE,TRA 35 E 44,NO,NO,2,0
202425,VITERBO,SCUOLA PRIMARIA,SOSTEGNO,FINO AL TERMINE,TRA 45 E 54,NO,NO,1,16
202425,CUNEO,SCUOLA INFANZIA,NORMALE,FINO AL TERMINE,FINO A 34,NO,NO,0,13
202425,POTENZA,SCUOLA SECONDARIA I GRADO,SOSTEGNO,ANNUALE,TRA 35 E 44,SI,SI,0,2
202425,LODI,SCUOLA PRIMARIA,SOSTEGNO,ANNUALE,OLTRE 54,NO,SI,0,9
202425,LODI,SCUOLA SECONDARIA I GRADO,SOSTEGNO,FINO AL TERMINE,TRA 35 E 44,NO,SI,2,26
202425,ISERNIA,SCUOLA SECONDARIA II GRADO,NORMALE,FINO AL TERMINE,OLTRE 54,NO,NO,0,5
202425,SALERNO,SCUOLA INFANZIA,SOSTEGNO,FINO AL TERMINE,TRA 45 E 54,NO,SI,3,118
202425,CAMPOBASSO,SCUOLA SECONDARIA I GRADO,NORMALE,ANNUALE,TRA 45 E 54,NO,SI,1,2
202425,SIENA,SCUOLA SECONDARIA II GRADO,NORMALE,ANNUALE,TRA 45 E 54,NO,SI,10,12
202425,TERNI,SCUOLA PRIMARIA,NORMALE,FINO AL TERMINE,FINO A 34,NO,SI,0,6
202425,LUCCA,SCUOLA SECONDARIA II GRADO,NORMALE,ANNUALE,OLTRE 54,NO,SI,11,5
202425,UDINE,SCUOLA PRIMARIA,NORMALE,ANNUALE,FINO A 34,NO,SI,6,23
202425,PRATO,SCUOLA SECONDARIA I GRADO,SOSTEGNO,FINO AL TERMINE,FINO A 34,NO,SI,6,38
202425,GENOVA,SCUOLA INFANZIA,NORMALE,FINO AL TERMINE,OLTRE 54,NO,NO,0,8
202425,LODI,SCUOLA INFANZIA,SOSTEGNO,ANNUALE,OLTRE 54,NO,SI,0,3
202425,CASERTA,SCUOLA PRIMARIA,SOSTEGNO,FINO AL TERMINE,TRA 45 E 54,NO,SI,0,24
202425,TREVISO,SCUOLA PRIMARIA,NORMALE,FINO AL TERMINE,FINO A 34,NO,SI,7,96
202425,AREZZO,SCUOLA SECONDARIA II GRADO,NORMALE,ANNUALE,TRA 35 E 44,NO,NO,4,1
202425,LECCE,SCUOLA SECONDARIA I GRADO,NORMALE,FINO AL TERMINE,TRA 35 E 44,NO,SI,4,6
202425,BRESCIA,SCUOLA SECONDARIA II GRADO,NORMALE,ANNUALE,OLTRE 54,NO,SI,17,9
202425,MODENA,SCUOLA SECONDARIA I GRADO,SOSTEGNO,FINO AL TERMINE,FINO A 34,NO,SI,18,70
202425,LECCO,SCUOLA INFANZIA,NORMALE,FINO AL TERMINE,FINO A 34,NO,SI,0,2
202425,SONDRIO,SCUOLA INFANZIA,NORMALE,FINO AL TERMINE,TRA 35 E 44,NO,NO,0,4
202425,VIBO VALENTIA,SCUOLA SECONDARIA I GRADO,NORMALE,ANNUALE,TRA 35 E 44,NO,SI,2,10
202425,PAVIA,SCUOLA PRIMARIA,NORMALE,ANNUALE,OLTRE 54,NO,SI,0,3
202425,RAGUSA,SCUOLA SECONDARIA I GRADO,NORMALE,ANNUALE,FINO A 34,NO,SI,2,4
202425,SAVONA,SCUOLA PRIMARIA,SOSTEGNO,FINO AL TERMINE,FINO A 34,NO,SI,7,32
202425,VERBANO-CUSIO-OSSOLA,SCUOLA SECONDARIA II GRADO,NORMALE,FINO AL TERMINE,TRA 45 E 54,NO,SI,7,7
202425,MANTOVA,SCUOLA SECONDARIA II GRADO,SOSTEGNO,ANNUALE,TRA 35 E 44,SI,NO,0,1
202425,VENEZIA,SCUOLA SECONDARIA I GRADO,NORMALE,ANNUALE,FINO A 34,NO,NO,0,2
202425,CHIETI,SCUOLA SECONDARIA I GRADO,NORMALE,FINO AL TERMINE,OLTRE 54,NO,SI,3,0
202425,BRINDISI,SCUOLA INFANZIA,NORMALE,ANNUALE,TRA 35 E 44,NO,SI,0,5
202425,SALERNO,SCUOLA SECONDARIA I GRADO,NORMALE,FINO AL TERMINE,TRA 45 E 54,NO,NO,10,23
202425,MACERATA,SCUOLA PRIMARIA,SOSTEGNO,FINO AL TERMINE,FINO A 34,NO,SI,3,73
202425,CROTONE,SCUOLA SECONDARIA II GRADO,NORMALE,ANNUALE,OLTRE 54,NO,SI,3,3
202425,PAVIA,SCUOLA INFANZIA,SOSTEGNO,FINO AL TERMINE,TRA 45 E 54,NO,NO,0,3
202425,BARLETTA-ANDRIA-TRANI,SCUOLA PRIMARIA,SOSTEGNO,ANNUALE,TRA 35 E 44,SI,SI,0,1
202425,TERNI,SCUOLA SECONDARIA II GRADO,SOSTEGNO,FINO AL TERMINE,TRA 35 E 44,NO,NO,1,3
202425,UDINE,SCUOLA SECONDARIA I GRADO,NORMALE,FINO AL TERMINE,OLTRE 54,NO,SI,1,5
202425,GENOVA,SCUOLA PRIMARIA,SOSTEGNO,ANNUALE,TRA 45 E 54,SI,SI,0,12
202425,BIELLA,SCUOLA SECONDARIA II GRADO,NORMALE,FINO AL TERMINE,FINO A 34,NO,NO,7,10
202425,ROMA,SCUOLA SECONDARIA I GRADO,NORMALE,FINO AL TERMINE,TRA 45 E 54,NO,NO,21,93
202425,SAVONA,SCUOLA PRIMARIA,SOSTEGNO,FINO AL TERMINE,TRA 45 E 54,NO,SI,3,39
202425,FORLI'-CESENA,SCUOLA SECONDARIA II GRADO,SOSTEGNO,ANNUALE,TRA 45 E 54,SI,SI,2,1
202425,VERBANO-CUSIO-OSSOLA,SCUOLA SECONDARIA II GRADO,SOSTEGNO,FINO AL TERMINE,OLTRE 54,NO,SI,6,5
202425,ROVIGO,SCUOLA INFANZIA,SOSTEGNO,FINO AL TERMINE,TRA 35 E 44,NO,SI,0,5
202425,ASTI,SCUOLA SECONDARIA I GRADO,SOSTEGNO,ANNUALE,FINO A 34,NO,SI,0,1
202425,CATANIA,SCUOLA PRIMARIA,SOSTEGNO,FINO AL TERMINE,FINO A 34,NO,SI,10,158
202425,SALERNO,SCUOLA SECONDARIA II GRADO,SOSTEGNO,FINO AL TERMINE,TRA 35 E 44,NO,SI,17,76
202425,BRINDISI,SCUOLA SECONDARIA I GRADO,NORMALE,FINO AL TERMINE,OLTRE 54,NO,NO,1,2
202425,SALERNO,SCUOLA PRIMARIA,NORMALE,FINO AL TERMINE,TRA 35 E 44,NO,SI,2,23
202425,VARESE,SCUOLA SECONDARIA II GRADO,NORMALE,ANNUALE,TRA 45 E 54,NO,NO,1,2
202425,MANTOVA,SCUOLA PRIMARIA,SOSTEGNO,FINO AL TERMINE,OLTRE 54,NO,NO,1,2
202425,ANCONA,SCUOLA SECONDARIA II GRADO,NORMALE,FINO AL TERMINE,OLTRE 54,NO,NO,14,20
202425,BARLETTA-ANDRIA-TRANI,SCUOLA SECONDARIA II GRADO,NORMALE,FINO AL TERMINE,TRA 45 E 54,NO,NO,11,18
202425,LATINA,SCUOLA PRIMARIA,NORMALE,FINO AL TERMINE,OLTRE 54,NO,SI,1,11
202425,UDINE,SCUOLA PRIMARIA,NORMALE,FINO AL TERMINE,TRA 45 E 54,NO,NO,3,17
202425,PARMA,SCUOLA SECONDARIA II GRADO,NORMALE,ANNUALE,FINO A 34,SI,NO,0,1
202425,FORLI'-CESENA,SCUOLA SECONDARIA I GRADO,NORMALE,FINO AL TERMINE,TRA 45 E 54,NO,SI,8,17
202425,LODI,SCUOLA SECONDARIA II GRADO,NORMALE,FINO AL TERMINE,OLTRE 54,NO,SI,8,8
202425,AVELLINO,SCUOLA INFANZIA,SOSTEGNO,FINO AL TERMINE,TRA 35 E 44,NO,SI,1,45
202425,TORINO,SCUOLA SECONDARIA I GRADO,NORMALE,FINO AL TERMINE,TRA 35 E 44,NO,SI,28,49
202425,MACERATA,SCUOLA SECONDARIA II GRADO,NORMALE,FINO AL TERMINE,TRA 35 E 44,NO,SI,6,11
202425,PRATO,SCUOLA SECONDARIA II GRADO,NORMALE,FINO AL TERMINE,FINO A 34,NO,NO,26,17
202425,PESARO E URBINO,SCUOLA SECONDARIA I GRADO,NORMALE,ANNUALE,OLTRE 54,NO,SI,2,4
202425,SUD SARDEGNA,SCUOLA PRIMARIA,NORMALE,FINO AL TERMINE,TRA 45 E 54,NO,NO,1,10
202425,REGGIO EMILIA,SCUOLA PRIMARIA,SOSTEGNO,ANNUALE,FINO A 34,NO,SI,1,9
202425,VIBO VALENTIA,SCUOLA INFANZIA,SOSTEGNO,FINO AL TERMINE,TRA 35 E 44,NO,NO,0,1
202425,BOLOGNA,SCUOLA SECONDARIA I GRADO,SOSTEGNO,FINO AL TERMINE,TRA 35 E 44,NO,SI,24,62
202425,ALESSANDRIA,SCUOLA SECONDARIA I GRADO,NORMALE,FINO AL TERMINE,TRA 45 E 54,NO,NO,5,16
202425,VERCELLI,SCUOLA SECONDARIA I GRADO,NORMALE,FINO AL TERMINE,OLTRE 54,NO,SI,0,1
202425,PIACENZA,SCUOLA INFANZIA,NORMALE,FINO AL TERMINE,TRA 45 E 54,NO,SI,0,7
202425,VERCELLI,SCUOLA PRIMARIA,SOSTEGNO,ANNUALE,TRA 45 E 54,NO,NO,0,1
202425,FERRARA,SCUOLA INFANZIA,SOSTEGNO,FINO AL TERMINE,TRA 35 E 44,NO,SI,0,8
202425,CASERTA,SCUOLA SECONDARIA I GRADO,SOSTEGNO,ANNUALE,FINO A 34,SI,SI,0,1
202425,VENEZIA,SCUOLA SECONDARIA I GRADO,NORMALE,FINO AL TERMINE,OLTRE 54,NO,NO,6,17
202425,VENEZIA,SCUOLA SECONDARIA II GRADO,NORMALE,FINO AL TERMINE,FINO A 34,NO,SI,38,40
202425,CHIETI,SCUOLA SECONDARIA I GRADO,SOSTEGNO,FINO AL TERMINE,TRA 35 E 44,NO,SI,11,65
202425,CALTANISSETTA,SCUOLA SECONDARIA I GRADO,NORMALE,FINO AL TERMINE,FINO A 34,NO,NO,6,3
202425,SIENA,SCUOLA PRIMARIA,NORMALE,FINO AL TERMINE,OLTRE 54,NO,NO,0,3
202425,RAVENNA,SCUOLA SECONDARIA I GRADO,SOSTEGNO,ANNUALE,TRA 35 E 44,SI,SI,2,8
202425,CATANIA,SCUOLA SECONDARIA II GRADO,NORMALE,ANNUALE,TRA 35 E 44,NO,SI,12,29
202425,MILANO,SCUOLA INFANZIA,SOSTEGNO,ANNUALE,FINO A 34,NO,SI,0,5
202425,CREMONA,SCUOLA SECONDARIA I GRADO,SOSTEGNO,ANNUALE,TRA 45 E 54,SI,SI,6,16
202425,VERBANO-CUSIO-OSSOLA,SCUOLA SECONDARIA II GRADO,NORMALE,ANNUALE,FINO A 34,NO,NO,1,0
202425,MATERA,SCUOLA SECONDARIA II GRADO,SOSTEGNO,FINO AL TERMINE,TRA 35 E 44,NO,SI,3,15
202425,PALERMO,SCUOLA SECONDARIA II GRADO,NORMALE,FINO AL TERMINE,TRA 35 E 44,NO,NO,38,54
202425,RIMINI,SCUOLA PRIMARIA,SOSTEGNO,FINO AL TERMINE,OLTRE 54,NO,SI,2,45
202425,COSENZA,SCUOLA INFANZIA,SOSTEGNO,ANNUALE,TRA 45 E 54,NO,SI,0,1
202425,VENEZIA,SCUOLA PRIMARIA,SOSTEGNO,ANNUALE,OLTRE 54,NO,SI,5,52
202425,VENEZIA,SCUOLA SECONDARIA I GRADO,SOSTEGNO,ANNUALE,TRA 35 E 44,SI,NO,0,2
202425,GENOVA,SCUOLA SECONDARIA I GRADO,NORMALE,FINO AL TERMINE,FINO A 34,NO,SI,4,7
202425,UDINE,SCUOLA PRIMARIA,SOSTEGNO,FINO AL TERMINE,FINO A 34,NO,SI,11,75
202425,FORLI'-CESENA,SCUOLA SECONDARIA II GRADO,NORMALE,ANNUALE,TRA 35 E 44,NO,SI,23,16
202425,MESSINA,SCUOLA INFANZIA,SOSTEGNO,ANNUALE,TRA 35 E 44,NO,SI,0,1
202425,FIRENZE,SCUOLA INFANZIA,NORMALE,FINO AL TERMINE,FINO A 34,NO,SI,0,16
202425,LECCO,SCUOLA SECONDARIA I GRADO,SOSTEGNO,FINO AL TERMINE,TRA 45 E 54,NO,NO,0,7
202425,NAPOLI,SCUOLA PRIMARIA,SOSTEGNO,ANNUALE,TRA 35 E 44,NO,SI,0,1
202425,VERBANO-CUSIO-OSSOLA,SCUOLA INFANZIA,SOSTEGNO,FINO AL TERMINE,TRA 45 E 54,NO,NO,0,2
202425,CALTANISSETTA,SCUOLA PRIMARIA,SOSTEGNO,FINO AL TERMINE,TRA 45 E 54,NO,SI,2,27
202425,CALTANISSETTA,SCUOLA SECONDARIA I GRADO,SOSTEGNO,FINO AL TERMINE,FINO A 34,NO,NO,0,4
202425,PADOVA,SCUOLA PRIMARIA,SOSTEGNO,FINO AL TERMINE,TRA 35 E 44,NO,SI,5,114
202425,MANTOVA,SCUOLA PRIMARIA,NORMALE,FINO AL TERMINE,OLTRE 54,NO,SI,3,4
202425,BRINDISI,SCUOLA SECONDARIA I GRADO,SOSTEGNO,FINO AL TERMINE,TRA 45 E 54,NO,NO,4,5
202425,RAGUSA,SCUOLA SECONDARIA I GRADO,SOSTEGNO,FINO AL TERMINE,FINO A 34,NO,NO,1,1
202425,CHIETI,SCUOLA PRIMARIA,SOSTEGNO,ANNUALE,FINO A 34,SI,NO,0,1
202425,PALERMO,SCUOLA SECONDARIA II GRADO,SOSTEGNO,FINO AL TERMINE,OLTRE 54,NO,NO,1,1
202425,SASSARI,SCUOLA SECONDARIA II GRADO,NORMALE,FINO AL TERMINE,TRA 45 E 54,NO,NO,26,31
202425,COMO,SCUOLA SECONDARIA I GRADO,SOSTEGNO,ANNUALE,TRA 45 E 54,SI,NO,0,1
202425,CAGLIARI,SCUOLA SECONDARIA II GRADO,SOSTEGNO,ANNUALE,TRA 35 E 44,SI,SI,0,1
202425,SALERNO,SCUOLA SECONDARIA I GRADO,SOSTEGNO,FINO AL TERMINE,TRA 35 E 44,NO,SI,16,101
202425,ENNA,SCUOLA INFANZIA,SOSTEGNO,FINO AL TERMINE,TRA 45 E 54,NO,SI,0,16
202425,CHIETI,SCUOLA INFANZIA,NORMALE,FINO AL TERMINE,TRA 35 E 44,NO,SI,0,5
202425,VITERBO,SCUOLA INFANZIA,SOSTEGNO,FINO AL TERMINE,FINO A 34,NO,SI,0,3
202425,VERONA,SCUOLA PRIMARIA,SOSTEGNO,FINO AL TERMINE,FINO A 34,NO,NO,9,56
202425,BARLETTA-ANDRIA-TRANI,SCUOLA INFANZIA,SOSTEGNO,FINO AL TERMINE,FINO A 34,NO,SI,0,3
202425,FERRARA,SCUOLA SECONDARIA II GRADO,NORMALE,FINO AL TERMINE,OLTRE 54,NO,NO,15,9
202425,SUD SARDEGNA,SCUOLA INFANZIA,NORMALE,FINO AL TERMINE,OLTRE 54,NO,SI,0,11
202425,SUD SARDEGNA,SCUOLA SECONDARIA I GRADO,NORMALE,ANNUALE,TRA 45 E 54,NO,NO,0,1
202425,FERMO,SCUOLA SECONDARIA II GRADO,SOSTEGNO,FINO AL TERMINE,OLTRE 54,NO,NO,1,2
202425,NAPOLI,SCUOLA SECONDARIA II GRADO,SOSTEGNO,FINO AL TERMINE,OLTRE 54,NO,SI,51,65
202425,GROSSETO,SCUOLA PRIMARIA,SOSTEGNO,FINO AL TERMINE,OLTRE 54,NO,NO,0,1
202425,COSENZA,SCUOLA SECONDARIA I GRADO,NORMALE,ANNUALE,TRA 35 E 44,NO,NO,1,0
202425,BELLUNO,SCUOLA SECONDARIA I GRADO,NORMALE,ANNUALE,TRA 35 E 44,NO,SI,5,5
202425,CHIETI,SCUOLA SECONDARIA I GRADO,SOSTEGNO,FINO AL TERMINE,TRA 45 E 54,NO,NO,1,0
202425,BRINDISI,SCUOLA SECONDARIA I GRADO,SOSTEGNO,FINO AL TERMINE,TRA 45 E 54,NO,SI,7,39
202425,BENEVENTO,SCUOLA SECONDARIA I GRADO,SOSTEGNO,FINO AL TERMINE,TRA 35 E 44,NO,SI,1,6
202425,RIETI,SCUOLA SECONDARIA I GRADO,NORMALE,FINO AL TERMINE,TRA 35 E 44,NO,NO,6,5
202425,SIRACUSA,SCUOLA PRIMARIA,NORMALE,FINO AL TERMINE,OLTRE 54,NO,NO,1,2
202425,L'AQUILA,SCUOLA SECONDARIA II GRADO,NORMALE,FINO AL TERMINE,OLTRE 54,NO,SI,7,3
202425,VERCELLI,SCUOLA SECONDARIA II GRADO,NORMALE,ANNUALE,TRA 35 E 44,NO,NO,0,1
202425,TREVISO,SCUOLA SECONDARIA II GRADO,SOSTEGNO,FINO AL TERMINE,TRA 35 E 44,NO,SI,28,74
202425,CASERTA,SCUOLA SECONDARIA I GRADO,SOSTEGNO,FINO AL TERMINE,OLTRE 54,NO,SI,7,5
202425,MANTOVA,SCUOLA SECONDARIA I GRADO,NORMALE,ANNUALE,TRA 45 E 54,SI,NO,0,1
202425,CAGLIARI,SCUOLA SECONDARIA II GRADO,SOSTEGNO,FINO AL TERMINE,TRA 45 E 54,NO,NO,6,5
202425,VITERBO,SCUOLA SECONDARIA II GRADO,SOSTEGNO,FINO AL TERMINE,FINO A 34,NO,SI,18,72
202425,ENNA,SCUOLA INFANZIA,SOSTEGNO,FINO AL TERMINE,OLTRE 54,NO,SI,0,3
202425,NOVARA,SCUOLA SECONDARIA II GRADO,SOSTEGNO,FINO AL TERMINE,TRA 45 E 54,NO,SI,12,49
202425,LUCCA,SCUOLA INFANZIA,NORMALE,FINO AL TERMINE,FINO A 34,NO,NO,0,1
202425,VICENZA,SCUOLA SECONDARIA II GRADO,NORMALE,FINO AL TERMINE,TRA 45 E 54,NO,SI,16,19
202425,PAVIA,SCUOLA SECONDARIA II GRADO,SOSTEGNO,FINO AL TERMINE,TRA 35 E 44,NO,SI,21,62
202425,NUORO,SCUOLA SECONDARIA I GRADO,NORMALE,FINO AL TERMINE,TRA 35 E 44,NO,NO,8,15
202425,VARESE,SCUOLA INFANZIA,SOSTEGNO,FINO AL TERMINE,FINO A 34,NO,NO,0,5
202425,BIELLA,SCUOLA PRIMARIA,SOSTEGNO,ANNUALE,TRA 35 E 44,NO,SI,2,7
202425,LIVORNO,SCUOLA SECONDARIA I GRADO,NORMALE,ANNUALE,OLTRE 54,NO,SI,2,7
202425,CATANZARO,SCUOLA PRIMARIA,SOSTEGNO,FINO AL TERMINE,TRA 35 E 44,NO,NO,0,8
202425,ASTI,SCUOLA SECONDARIA II GRADO,SOSTEGNO,ANNUALE,TRA 35 E 44,NO,SI,0,1
202425,RIETI,SCUOLA PRIMARIA,NORMALE,FINO AL TERMINE,TRA 35 E 44,NO,SI,0,7
202425,CREMONA,SCUOLA SECONDARIA II GRADO,NORMALE,ANNUALE,FINO A 34,NO,SI,61,41
202425,AREZZO,SCUOLA INFANZIA,SOSTEGNO,FINO AL TERMINE,FINO A 34,NO,SI,0,9
202425,VICENZA,SCUOLA PRIMARIA,SOSTEGNO,ANNUALE,TRA 45 E 54,NO,NO,0,5
202425,FROSINONE,SCUOLA SECONDARIA I GRADO,NORMALE,ANNUALE,TRA 45 E 54,NO,SI,5,7
202425,CUNEO,SCUOLA PRIMARIA,SOSTEGNO,FINO AL TERMINE,FINO A 34,NO,SI,9,183
202425,ORISTANO,SCUOLA PRIMARIA,NORMALE,ANNUALE,TRA 35 E 44,NO,SI,0,3
202425,ALESSANDRIA,SCUOLA SECONDARIA I GRADO,NORMALE,FINO AL TERMINE,OLTRE 54,NO,SI,0,3
202425,PESCARA,SCUOLA PRIMARIA,SOSTEGNO,FINO AL TERMINE,FINO A 34,NO,NO,0,3
202425,CAGLIARI,SCUOLA PRIMARIA,SOSTEGNO,FINO AL TERMINE,TRA 45 E 54,NO,NO,1,15
202425,SIENA,SCUOLA PRIMARIA,SOSTEGNO,FINO AL TERMINE,TRA 35 E 44,NO,NO,1,3
202425,TERNI,SCUOLA PRIMARIA,SOSTEGNO,FINO AL TERMINE,OLTRE 54,NO,NO,0,3
202425,RAGUSA,SCUOLA INFANZIA,SOSTEGNO,FINO AL TERMINE,TRA 35 E 44,NO,SI,0,31
202425,BIELLA,SCUOLA INFANZIA,SOSTEGNO,FINO AL TERMINE,FINO A 34,NO,SI,0,5
202425,SAVONA,SCUOLA INFANZIA,NORMALE,FINO AL TERMINE,FINO A 34,NO,SI,1,1
202425,VERBANO-CUSIO-OSSOLA,SCUOLA SECONDARIA I GRADO,NORMALE,ANNUALE,TRA 45 E 54,NO,NO,0,2
202425,POTENZA,SCUOLA PRIMARIA,SOSTEGNO,ANNUALE,OLTRE 54,SI,SI,0,1
202425,SUD SARDEGNA,SCUOLA SECONDARIA I GRADO,SOSTEGNO,ANNUALE,TRA 35 E 44,SI,NO,0,1
202425,IMPERIA,SCUOLA INFANZIA,SOSTEGNO,FINO AL TERMINE,FINO A 34,NO,NO,0,5
202425,SALERNO,SCUOLA SECONDARIA I GRADO,NORMALE,FINO AL TERMINE,FINO A 34,NO,SI,2,8
202425,ROVIGO,SCUOLA SECONDARIA I GRADO,SOSTEGNO,ANNUALE,TRA 35 E 44,NO,SI,1,0
202425,ROVIGO,SCUOLA SECONDARIA I GRADO,SOSTEGNO,FINO AL TERMINE,FINO A 34,NO,SI,4,16
202425,VARESE,SCUOLA PRIMARIA,SOSTEGNO,ANNUALE,TRA 45 E 54,NO,NO,0,1
202425,LUCCA,SCUOLA SECONDARIA II GRADO,SOSTEGNO,ANNUALE,TRA 45 E 54,NO,SI,0,3
202425,GENOVA,SCUOLA SECONDARIA I GRADO,SOSTEGNO,FINO AL TERMINE,FINO A 34,NO,SI,18,41
202425,VICENZA,SCUOLA SECONDARIA II GRADO,SOSTEGNO,FINO AL TERMINE,OLTRE 54,NO,SI,7,12
202425,NOVARA,SCUOLA PRIMARIA,NORMALE,FINO AL TERMINE,OLTRE 54,NO,NO,1,3
202425,ROMA,SCUOLA SECONDARIA II GRADO,NORMALE,FINO AL TERMINE,TRA 35 E 44,NO,SI,104,167
202425,BERGAMO,SCUOLA INFANZIA,SOSTEGNO,FINO AL TERMINE,FINO A 34,NO,NO,0,14
202425,PORDENONE,SCUOLA SECONDARIA I GRADO,SOSTEGNO,ANNUALE,TRA 35 E 44,SI,SI,1,0
202425,IMPERIA,SCUOLA SECONDARIA I GRADO,SOSTEGNO,ANNUALE,OLTRE 54,NO,SI,2,5
202425,PISA,SCUOLA SECONDARIA II GRADO,NORMALE,FINO AL TERMINE,TRA 45 E 54,NO,SI,6,12
202425,CAMPOBASSO,SCUOLA SECONDARIA II GRADO,NORMALE,ANNUALE,TRA 35 E 44,NO,NO,0,2
202425,RIETI,SCUOLA SECONDARIA II GRADO,NORMALE,FINO AL TERMINE,TRA 35 E 44,NO,NO,9,8
202425,BARLETTA-ANDRIA-TRANI,SCUOLA PRIMARIA,SOSTEGNO,FINO AL TERMINE,TRA 45 E 54,NO,SI,5,205
202425,BRINDISI,SCUOLA SECONDARIA II GRADO,NORMALE,FINO AL TERMINE,TRA 35 E 44,NO,SI,3,23
202425,ROMA,SCUOLA PRIMARIA,SOSTEGNO,ANNUALE,FINO A 34,SI,SI,1,21
202425,LIVORNO,SCUOLA SECONDARIA I GRADO,SOSTEGNO,ANNUALE,OLTRE 54,NO,SI,0,1
202425,PRATO,SCUOLA PRIMARIA,NORMALE,FINO AL TERMINE,FINO A 34,NO,SI,1,17
202425,PERUGIA,SCUOLA SECONDARIA II GRADO,NORMALE,ANNUALE,TRA 35 E 44,NO,NO,3,3
202425,ASTI,SCUOLA SECONDARIA I GRADO,SOSTEGNO,FINO AL TERMINE,OLTRE 54,NO,NO,1,2
202425,SASSARI,SCUOLA INFANZIA,SOSTEGNO,ANNUALE,OLTRE 54,NO,SI,0,1
202425,BRESCIA,SCUOLA SECONDARIA I GRADO,NORMALE,ANNUALE,TRA 45 E 54,NO,NO,0,1
202425,AREZZO,SCUOLA SECONDARIA II GRADO,NORMALE,FINO AL TERMINE,TRA 45 E 54,NO,NO,12,34
202425,ASCOLI PICENO,SCUOLA PRIMARIA,NORMALE,FINO AL TERMINE,TRA 45 E 54,NO,NO,0,4
202425,PISTOIA,SCUOLA PRIMARIA,SOSTEGNO,FINO AL TERMINE,FINO A 34,NO,SI,2,71
202425,BARLETTA-ANDRIA-TRANI,SCUOLA SECONDARIA I GRADO,NORMALE,FINO AL TERMINE,FINO A 34,NO,SI,4,19
202425,AREZZO,SCUOLA SECONDARIA I GRADO,NORMALE,FINO AL TERMINE,OLTRE 54,NO,NO,5,11
202425,PAVIA,SCUOLA SECONDARIA I GRADO,NORMALE,FINO AL TERMINE,TRA 35 E 44,NO,SI,3,2
202425,ALESSANDRIA,SCUOLA SECONDARIA I GRADO,SOSTEGNO,ANNUALE,TRA 45 E 54,SI,SI,1,16
202425,BIELLA,SCUOLA PRIMARIA,NORMALE,FINO AL TERMINE,FINO A 34,NO,SI,0,11
202425,LODI,SCUOLA SECONDARIA I GRADO,NORMALE,ANNUALE,OLTRE 54,NO,SI,1,2
202425,ASTI,SCUOLA SECONDARIA II GRADO,NORMALE,ANNUALE,TRA 45 E 54,NO,NO,0,1
202425,ALESSANDRIA,SCUOLA INFANZIA,NORMALE,FINO AL TERMINE,TRA 35 E 44,NO,NO,0,1
202425,TRAPANI,SCUOLA SECONDARIA I GRADO,NORMALE,FINO AL TERMINE,OLTRE 54,NO,SI,0,2
202425,MONZA E DELLA BRIANZA,SCUOLA SECONDARIA II GRADO,NORMALE,FINO AL TERMINE,FINO A 34,NO,NO,46,36
202425,FERRARA,SCUOLA PRIMARIA,NORMALE,FINO AL TERMINE,OLTRE 54,NO,NO,0,4
202425,ISERNIA,SCUOLA INFANZIA,NORMALE,FINO AL TERMINE,TRA 45 E 54,NO,SI,0,2
202425,PISA,SCUOLA SECONDARIA I GRADO,SOSTEGNO,FINO AL TERMINE,FINO A 34,NO,NO,5,3
202425,BRINDISI,SCUOLA INFANZIA,SOSTEGNO,ANNUALE,TRA 35 E 44,SI,SI,0,1
202425,SIENA,SCUOLA SECONDARIA II GRADO,SOSTEGNO,FINO AL TERMINE,FINO A 34,NO,SI,18,30
202425,TERNI,SCUOLA SECONDARIA II GRADO,SOSTEGNO,FINO AL TERMINE,OLTRE 54,NO,SI,5,5
202425,CUNEO,SCUOLA PRIMARIA,SOSTEGNO,ANNUALE,FINO A 34,NO,SI,0,22
202425,LATINA,SCUOLA SECONDARIA I GRADO,NORMALE,FINO AL TERMINE,TRA 45 E 54,NO,NO,3,19
202425,ALESSANDRIA,SCUOLA SECONDARIA II GRADO,NORMALE,ANNUALE,OLTRE 54,NO,SI,11,1
202425,REGGIO CALABRIA,SCUOLA SECONDARIA II GRADO,NORMALE,ANNUALE,TRA 45 E 54,NO,SI,16,27
202425,ISERNIA,SCUOLA SECONDARIA II GRADO,SOSTEGNO,FINO AL TERMINE,TRA 35 E 44,NO,NO,0,1
202425,IMPERIA,SCUOLA INFANZIA,NORMALE,FINO AL TERMINE,TRA 45 E 54,NO,SI,0,3
202425,LUCCA,SCUOLA INFANZIA,SOSTEGNO,FINO AL TERMINE,OLTRE 54,NO,SI,0,28
202425,FIRENZE,SCUOLA SECONDARIA I GRADO,NORMALE,FINO AL TERMINE,FINO A 34,NO,SI,5,15
202425,TRIESTE,SCUOLA SECONDARIA II GRADO,NORMALE,FINO AL TERMINE,TRA 45 E 54,NO,SI,1,5
202425,MESSINA,SCUOLA SECONDARIA I GRADO,SOSTEGNO,FINO AL TERMINE,OLTRE 54,NO,NO,0,1
202425,POTENZA,SCUOLA PRIMARIA,SOSTEGNO,FINO AL TERMINE,TRA 35 E 44,NO,SI,0,36
202425,MESSINA,SCUOLA PRIMARIA,NORMALE,ANNUALE,FINO A 34,NO,SI,3,5
202425,IMPERIA,SCUOLA SECONDARIA II GRADO,NORMALE,FINO AL TERMINE,FINO A 34,NO,NO,17,18
202425,MASSA-CARRARA,SCUOLA PRIMARIA,SOSTEGNO,FINO AL TERMINE,TRA 35 E 44,NO,NO,0,8
202425,VENEZIA,SCUOLA SECONDARIA I GRADO,NORMALE,FINO AL TERMINE,TRA 45 E 54,NO,NO,2,17
202425,CAMPOBASSO,SCUOLA SECONDARIA I GRADO,NORMALE,ANNUALE,OLTRE 54,NO,SI,1,0
202425,GORIZIA,SCUOLA INFANZIA,NORMALE,FINO AL TERMINE,TRA 45 E 54,NO,SI,0,8
202425,MILANO,SCUOLA SECONDARIA II GRADO,NORMALE,ANNUALE,OLTRE 54,NO,SI,58,49
202425,BARLETTA-ANDRIA-TRANI,SCUOLA SECONDARIA II GRADO,SOSTEGNO,FINO AL TERMINE,TRA 45 E 54,NO,NO,1,4
202425,LUCCA,SCUOLA SECONDARIA II GRADO,SOSTEGNO,ANNUALE,TRA 35 E 44,SI,NO,0,1
202425,UDINE,SCUOLA SECONDARIA II GRADO,NORMALE,ANNUALE,FINO A 34,NO,SI,47,29
202425,AVELLINO,SCUOLA SECONDARIA II GRADO,NORMALE,FINO AL TERMINE,TRA 35 E 44,NO,NO,13,22
202425,LODI,SCUOLA PRIMARIA,NORMALE,FINO AL TERMINE,FINO A 34,NO,NO,6,7
202425,TARANTO,SCUOLA SECONDARIA I GRADO,NORMALE,FINO AL TERMINE,OLTRE 54,NO,SI,0,4
202425,PRATO,SCUOLA INFANZIA,NORMALE,ANNUALE,TRA 45 E 54,NO,SI,0,6
202425,CHIETI,SCUOLA PRIMARIA,SOSTEGNO,ANNUALE,TRA 35 E 44,SI,SI,1,2
202425,VERCELLI,SCUOLA PRIMARIA,NORMALE,FINO AL TERMINE,TRA 45 E 54,NO,NO,0,1
202425,ASCOLI PICENO,SCUOLA SECONDARIA II GRADO,SOSTEGNO,FINO AL TERMINE,FINO A 34,NO,NO,1,0
202425,TORINO,SCUOLA SECONDARIA II GRADO,NORMALE,FINO AL TERMINE,FINO A 34,NO,SI,84,118
202425,TERNI,SCUOLA INFANZIA,SOSTEGNO,ANNUALE,OLTRE 54,NO,SI,0,1
202425,TERNI,SCUOLA SECONDARIA I GRADO,SOSTEGNO,FINO AL TERMINE,OLTRE 54,NO,SI,4,11
202425,FOGGIA,SCUOLA SECONDARIA I GRADO,NORMALE,ANNUALE,TRA 45 E 54,NO,NO,1,0
202425,RAGUSA,SCUOLA INFANZIA,NORMALE,FINO AL TERMINE,TRA 45 E 54,NO,NO,0,2
202425,LA SPEZIA,SCUOLA SECONDARIA II GRADO,NORMALE,ANNUALE,TRA 45 E 54,NO,SI,9,12
202425,BOLOGNA,SCUOLA SECONDARIA I GRADO,SOSTEGNO,FINO AL TERMINE,TRA 35 E 44,NO,NO,5,34
202425,PERUGIA,SCUOLA INFANZIA,NORMALE,FINO AL TERMINE,FINO A 34,NO,NO,0,6
202425,BARI,SCUOLA INFANZIA,NORMALE,ANNUALE,TRA 35 E 44,NO,SI,0,3
202425,CREMONA,SCUOLA INFANZIA,SOSTEGNO,FINO AL TERMINE,OLTRE 54,NO,SI,0,6
202425,VERBANO-CUSIO-OSSOLA,SCUOLA SECONDARIA I GRADO,SOSTEGNO,FINO AL TERMINE,TRA 35 E 44,NO,NO,3,5
202425,TERAMO,SCUOLA PRIMARIA,SOSTEGNO,ANNUALE,TRA 35 E 44,SI,SI,0,3
202425,SUD SARDEGNA,SCUOLA SECONDARIA II GRADO,NORMALE,ANNUALE,TRA 35 E 44,NO,NO,5,2
202425,NAPOLI,SCUOLA SECONDARIA I GRADO,NORMALE,ANNUALE,OLTRE 54,NO,SI,4,13
202425,BERGAMO,SCUOLA PRIMARIA,SOSTEGNO,FINO AL TERMINE,FINO A 34,NO,NO,4,53
202425,ASCOLI PICENO,SCUOLA INFANZIA,SOSTEGNO,FINO AL TERMINE,TRA 35 E 44,NO,NO,0,2
202425,ROVIGO,SCUOLA SECONDARIA II GRADO,NORMALE,ANNUALE,TRA 35 E 44,NO,SI,12,13
202425,VARESE,SCUOLA SECONDARIA I GRADO,NORMALE,ANNUALE,TRA 35 E 44,NO,SI,24,36
202425,BRINDISI,SCUOLA PRIMARIA,NORMALE,FINO AL TERMINE,FINO A 34,NO,NO,14,4
202425,LECCE,SCUOLA SECONDARIA II GRADO,SOSTEGNO,ANNUALE,TRA 35 E 44,NO,SI,0,6
202425,PAVIA,SCUOLA PRIMARIA,SOSTEGNO,FINO AL TERMINE,FINO A 34,NO,SI,32,192
202425,FOGGIA,SCUOLA SECONDARIA I GRADO,NORMALE,FINO AL TERMINE,TRA 35 E 44,NO,NO,5,19
202425,PAVIA,SCUOLA SECONDARIA I GRADO,NORMALE,ANNUALE,TRA 35 E 44,SI,NO,0,2
202425,NOVARA,SCUOLA PRIMARIA,NORMALE,FINO AL TERMINE,TRA 45 E 54,NO,SI,0,14
202425,VERCELLI,SCUOLA INFANZIA,NORMALE,FINO AL TERMINE,TRA 45 E 54,NO,NO,0,1
202425,TARANTO,SCUOLA SECONDARIA I GRADO,SOSTEGNO,ANNUALE,TRA 35 E 44,SI,SI,0,1
202425,MESSINA,SCUOLA PRIMARIA,NORMALE,FINO AL TERMINE,OLTRE 54,NO,SI,0,20
202425,RIMINI,SCUOLA SECONDARIA II GRADO,SOSTEGNO,FINO AL TERMINE,TRA 35 E 44,NO,SI,9,33
202425,PIACENZA,SCUOLA PRIMARIA,NORMALE,FINO AL TERMINE,TRA 35 E 44,NO,NO,3,8
202425,MODENA,SCUOLA PRIMARIA,SOSTEGNO,ANNUALE,TRA 35 E 44,NO,SI,3,20
202425,VERONA,SCUOLA INFANZIA,SOSTEGNO,ANNUALE,OLTRE 54,SI,SI,0,1
202425,BARI,SCUOLA SECONDARIA I GRADO,NORMALE,FINO AL TERMINE,TRA 35 E 44,NO,NO,11,29
202425,FORLI'-CESENA,SCUOLA SECONDARIA II GRADO,NORMALE,FINO AL TERMINE,FINO A 34,NO,NO,14,32
202425,PRATO,SCUOLA PRIMARIA,SOSTEGNO,ANNUALE,TRA 45 E 54,SI,SI,0,5
202425,ROVIGO,SCUOLA SECONDARIA I GRADO,NORMALE,FINO AL TERMINE,FINO A 34,NO,SI,3,7
202425,CAGLIARI,SCUOLA INFANZIA,NORMALE,FINO AL TERMINE,TRA 35 E 44,NO,NO,0,9
202425,SALERNO,SCUOLA SECONDARIA II GRADO,NORMALE,FINO AL TERMINE,OLTRE 54,NO,SI,11,8
202425,ASTI,SCUOLA SECONDARIA I GRADO,NORMALE,ANNUALE,FINO A 34,NO,SI,5,22
202425,BELLUNO,SCUOLA SECONDARIA II GRADO,SOSTEGNO,ANNUALE,TRA 45 E 54,SI,SI,0,4
202425,PISTOIA,SCUOLA SECONDARIA I GRADO,NORMALE,ANNUALE,TRA 45 E 54,NO,SI,1,12
202425,BRESCIA,SCUOLA INFANZIA,NORMALE,FINO AL TERMINE,OLTRE 54,NO,NO,0,12
202425,ROMA,SCUOLA SECONDARIA II GRADO,NORMALE,FINO AL TERMINE,FINO A 34,NO,NO,102,184
202425,FORLI'-CESENA,SCUOLA INFANZIA,SOSTEGNO,FINO AL TERMINE,FINO A 34,NO,SI,0,11
202425,MONZA E DELLA BRIANZA,SCUOLA SECONDARIA II GRADO,NORMALE,ANNUALE,TRA 35 E 44,NO,NO,2,1
202425,MASSA-CARRARA,SCUOLA PRIMARIA,NORMALE,FINO AL TERMINE,TRA 45 E 54,NO,NO,1,6
202425,SASSARI,SCUOLA SECONDARIA II GRADO,NORMALE,FINO AL TERMINE,OLTRE 54,NO,SI,7,1
202425,TREVISO,SCUOLA SECONDARIA I GRADO,NORMALE,FINO AL TERMINE,TRA 35 E 44,NO,NO,13,29
202425,COMO,SCUOLA INFANZIA,SOSTEGNO,FINO AL TERMINE,TRA 45 E 54,NO,NO,0,12
202425,ANCONA,SCUOLA SECONDARIA II GRADO,NORMALE,ANNUALE,FINO A 34,NO,NO,1,3
202425,TORINO,SCUOLA SECONDARIA I GRADO,SOSTEGNO,ANNUALE,TRA 45 E 54,SI,SI,5,22
202425,VIBO VALENTIA,SCUOLA SECONDARIA II GRADO,SOSTEGNO,FINO AL TERMINE,TRA 35 E 44,NO,NO,0,1
202425,BARI,SCUOLA PRIMARIA,SOSTEGNO,FINO AL TERMINE,TRA 45 E 54,NO,NO,1,42
202425,VERCELLI,SCUOLA PRIMARIA,NORMALE,ANNUALE,FINO A 34,NO,SI,1,3
202425,BRINDISI,SCUOLA SECONDARIA II GRADO,SOSTEGNO,ANNUALE,OLTRE 54,NO,SI,1,1
202425,ASCOLI PICENO,SCUOLA SECONDARIA II GRADO,SOSTEGNO,FINO AL TERMINE,TRA 45 E 54,NO,NO,1,4
202425,RIETI,SCUOLA INFANZIA,NORMALE,ANNUALE,OLTRE 54,NO,SI,0,1
202425,NUORO,SCUOLA PRIMARIA,NORMALE,ANNUALE,OLTRE 54,NO,SI,0,1
202425,CUNEO,SCUOLA SECONDARIA I GRADO,NORMALE,FINO AL TERMINE,TRA 45 E 54,NO,SI,5,10
202425,NUORO,SCUOLA SECONDARIA II GRADO,NORMALE,ANNUALE,TRA 35 E 44,NO,SI,16,23
202425,FROSINONE,SCUOLA SECONDARIA I GRADO,SOSTEGNO,FINO AL TERMINE,FINO A 34,NO,NO,1,3
202425,VICENZA,SCUOLA SECONDARIA I GRADO,SOSTEGNO,ANNUALE,FINO A 34,SI,NO,0,1
202425,BOLOGNA,SCUOLA SECONDARIA I GRADO,SOSTEGNO,ANNUALE,FINO A 34,SI,SI,0,1
202425,CREMONA,SCUOLA INFANZIA,NORMALE,FINO AL TERMINE,FINO A 34,NO,NO,0,4
202425,PISTOIA,SCUOLA SECONDARIA II GRADO,NORMALE,FINO AL TERMINE,TRA 45 E 54,NO,SI,6,9
202425,NAPOLI,SCUOLA SECONDARIA I GRADO,SOSTEGNO,FINO AL TERMINE,TRA 35 E 44,NO,NO,20,74
202425,BERGAMO,SCUOLA SECONDARIA II GRADO,NORMALE,ANNUALE,OLTRE 54,NO,SI,19,9
202425,CAGLIARI,SCUOLA SECONDARIA II GRADO,SOSTEGNO,FINO AL TERMINE,TRA 35 E 44,NO,SI,25,80
202425,LECCE,SCUOLA SECONDARIA II GRADO,NORMALE,ANNUALE,FINO A 34,NO,NO,2,1
202425,PISA,SCUOLA PRIMARIA,NORMALE,FINO AL TERMINE,FINO A 34,NO,NO,8,13
202425,ENNA,SCUOLA PRIMARIA,NORMALE,FINO AL TERMINE,TRA 45 E 54,NO,NO,1,2
202425,RAVENNA,SCUOLA SECONDARIA II GRADO,NORMALE,FINO AL TERMINE,FINO A 34,NO,SI,13,28
202425,GENOVA,SCUOLA SECONDARIA II GRADO,NORMALE,FINO AL TERMINE,TRA 35 E 44,NO,NO,27,40
202425,ORISTANO,SCUOLA PRIMARIA,SOSTEGNO,FINO AL TERMINE,OLTRE 54,NO,NO,0,4
202425,PRATO,SCUOLA INFANZIA,SOSTEGNO,FINO AL TERMINE,TRA 45 E 54,NO,SI,0,13
202425,RAGUSA,SCUOLA SECONDARIA II GRADO,NORMALE,FINO AL TERMINE,TRA 35 E 44,NO,NO,15,20
202425,SASSARI,SCUOLA SECONDARIA II GRADO,SOSTEGNO,ANNUALE,TRA 35 E 44,SI,SI,0,2
202425,MACERATA,SCUOLA INFANZIA,NORMALE,ANNUALE,TRA 35 E 44,NO,NO,0,1
202425,VITERBO,SCUOLA SECONDARIA I GRADO,NORMALE,FINO AL TERMINE,TRA 45 E 54,NO,SI,2,5
202425,BIELLA,SCUOLA SECONDARIA I GRADO,SOSTEGNO,ANNUALE,OLTRE 54,SI,SI,0,1
202425,SAVONA,SCUOLA INFANZIA,SOSTEGNO,FINO AL TERMINE,TRA 45 E 54,NO,NO,0,5
202425,LIVORNO,SCUOLA SECONDARIA II GRADO,SOSTEGNO,ANNUALE,TRA 45 E 54,NO,SI,0,1
202425,FERRARA,SCUOLA SECONDARIA II GRADO,SOSTEGNO,FINO AL TERMINE,FINO A 34,NO,SI,16,44
202425,CASERTA,SCUOLA SECONDARIA II GRADO,SOSTEGNO,FINO AL TERMINE,TRA 35 E 44,NO,NO,0,7
202425,ROVIGO,SCUOLA SECONDARIA II GRADO,NORMALE,FINO AL TERMINE,OLTRE 54,NO,NO,5,3
202425,CALTANISSETTA,SCUOLA SECONDARIA II GRADO,NORMALE,FINO AL TERMINE,TRA 45 E 54,NO,NO,16,15
202425,VIBO VALENTIA,SCUOLA SECONDARIA I GRADO,SOSTEGNO,FINO AL TERMINE,OLTRE 54,NO,SI,0,1
202425,CATANZARO,SCUOLA PRIMARIA,NORMALE,ANNUALE,FINO A 34,NO,SI,0,2
202425,TRIESTE,SCUOLA SECONDARIA II GRADO,SOSTEGNO,FINO AL TERMINE,TRA 35 E 44,NO,SI,1,10
202425,PARMA,SCUOLA PRIMARIA,SOSTEGNO,FINO AL TERMINE,OLTRE 54,NO,SI,2,31
202425,LIVORNO,SCUOLA SECONDARIA I GRADO,SOSTEGNO,ANNUALE,TRA 45 E 54,SI,SI,1,2
202425,PADOVA,SCUOLA SECONDARIA II GRADO,NORMALE,FINO AL TERMINE,TRA 35 E 44,NO,NO,23,51
202425,TRAPANI,SCUOLA SECONDARIA II GRADO,NORMALE,ANNUALE,TRA 35 E 44,NO,NO,0,1
202425,CUNEO,SCUOLA SECONDARIA I GRADO,SOSTEGNO,FINO AL TERMINE,FINO A 34,NO,NO,7,10
202425,PADOVA,SCUOLA SECONDARIA I GRADO,NORMALE,ANNUALE,TRA 35 E 44,NO,NO,0,1
202425,MILANO,SCUOLA PRIMARIA,SOSTEGNO,FINO AL TERMINE,TRA 35 E 44,NO,NO,9,39
202425,LUCCA,SCUOLA SECONDARIA I GRADO,NORMALE,ANNUALE,FINO A 34,NO,SI,6,19
202425,NUORO,SCUOLA SECONDARIA II GRADO,SOSTEGNO,ANNUALE,FINO A 34,SI,SI,1,2
202425,VICENZA,SCUOLA SECONDARIA II GRADO,SOSTEGNO,FINO AL TERMINE,OLTRE 54,NO,NO,1,3
202425,LODI,SCUOLA SECONDARIA I GRADO,SOSTEGNO,ANNUALE,FINO A 34,SI,SI,6,15
202425,SONDRIO,SCUOLA SECONDARIA II GRADO,SOSTEGNO,FINO AL TERMINE,FINO A 34,NO,NO,1,1
202425,FIRENZE,SCUOLA PRIMARIA,NORMALE,FINO AL TERMINE,TRA 35 E 44,NO,NO,7,13
202425,ISERNIA,SCUOLA PRIMARIA,NORMALE,FINO AL TERMINE,OLTRE 54,NO,SI,0,1
202425,GROSSETO,SCUOLA PRIMARIA,NORMALE,FINO AL TERMINE,FINO A 34,NO,NO,9,5
202425,RIETI,SCUOLA SECONDARIA II GRADO,NORMALE,FINO AL TERMINE,OLTRE 54,NO,SI,5,4
202425,AREZZO,SCUOLA SECONDARIA I GRADO,SOSTEGNO,FINO AL TERMINE,FINO A 34,NO,NO,1,7
202425,GORIZIA,SCUOLA SECONDARIA I GRADO,NORMALE,ANNUALE,TRA 35 E 44,NO,SI,4,5
202425,FROSINONE,SCUOLA SECONDARIA II GRADO,SOSTEGNO,FINO AL TERMINE,FINO A 34,NO,SI,1,18
202425,REGGIO EMILIA,SCUOLA SECONDARIA I GRADO,SOSTEGNO,FINO AL TERMINE,OLTRE 54,NO,SI,7,13
202425,IMPERIA,SCUOLA PRIMARIA,SOSTEGNO,ANNUALE,OLTRE 54,NO,SI,1,28
202425,BRESCIA,SCUOLA SECONDARIA I GRADO,NORMALE,ANNUALE,TRA 35 E 44,NO,NO,1,2
202425,VERONA,SCUOLA SECONDARIA II GRADO,SOSTEGNO,FINO AL TERMINE,FINO A 34,NO,SI,20,76
202425,MESSINA,SCUOLA SECONDARIA II GRADO,NORMALE,ANNUALE,TRA 35 E 44,NO,SI,18,17
202425,AGRIGENTO,SCUOLA PRIMARIA,NORMALE,FINO AL TERMINE,TRA 45 E 54,NO,NO,2,7
202425,PRATO,SCUOLA PRIMARIA,SOSTEGNO,ANNUALE,OLTRE 54,SI,SI,0,2
202425,VERBANO-CUSIO-OSSOLA,SCUOLA SECONDARIA I GRADO,NORMALE,FINO AL TERMINE,TRA 45 E 54,NO,NO,4,9
202425,VENEZIA,SCUOLA PRIMARIA,SOSTEGNO,ANNUALE,TRA 45 E 54,SI,SI,2,16
202425,MANTOVA,SCUOLA SECONDARIA I GRADO,NORMALE,FINO AL TERMINE,TRA 45 E 54,NO,SI,3,2
202425,MACERATA,SCUOLA PRIMARIA,NORMALE,FINO AL TERMINE,OLTRE 54,NO,NO,2,5
202425,AREZZO,SCUOLA PRIMARIA,SOSTEGNO,FINO AL TERMINE,OLTRE 54,NO,NO,0,6
202425,UDINE,SCUOLA INFANZIA,NORMALE,FINO AL TERMINE,TRA 45 E 54,NO,NO,0,13
202425,VICENZA,SCUOLA SECONDARIA I GRADO,NORMALE,FINO AL TERMINE,FINO A 34,NO,SI,14,17
202425,LIVORNO,SCUOLA SECONDARIA II GRADO,SOSTEGNO,FINO AL TERMINE,OLTRE 54,NO,SI,6,20
202425,POTENZA,SCUOLA SECONDARIA I GRADO,SOSTEGNO,FINO AL TERMINE,FINO A 34,NO,NO,0,2
202425,FORLI'-CESENA,SCUOLA SECONDARIA I GRADO,NORMALE,FINO AL TERMINE,FINO A 34,NO,NO,9,22
202425,MATERA,SCUOLA SECONDARIA I GRADO,SOSTEGNO,FINO AL TERMINE,TRA 45 E 54,NO,SI,6,8
202425,LECCO,SCUOLA PRIMARIA,SOSTEGNO,ANNUALE,TRA 35 E 44,SI,SI,0,4
202425,NAPOLI,SCUOLA INFANZIA,NORMALE,ANNUALE,TRA 45 E 54,NO,SI,0,2
202425,BELLUNO,SCUOLA PRIMARIA,SOSTEGNO,FINO AL TERMINE,TRA 45 E 54,NO,NO,1,3
202425,ASCOLI PICENO,SCUOLA SECONDARIA I GRADO,NORMALE,FINO AL TERMINE,FINO A 34,NO,NO,1,7
202425,BRINDISI,SCUOLA SECONDARIA I GRADO,NORMALE,FINO AL TERMINE,TRA 45 E 54,NO,SI,3,9
202425,LECCO,SCUOLA INFANZIA,SOSTEGNO,FINO AL TERMINE,TRA 45 E 54,NO,SI,0,5
202425,MANTOVA,SCUOLA INFANZIA,NORMALE,ANNUALE,TRA 35 E 44,NO,SI,0,3
202425,BARLETTA-ANDRIA-TRANI,SCUOLA SECONDARIA II GRADO,SOSTEGNO,FINO AL TERMINE,FINO A 34,NO,SI,10,72
202425,RAGUSA,SCUOLA PRIMARIA,NORMALE,ANNUALE,TRA 45 E 54,NO,SI,0,4
202425,LA SPEZIA,SCUOLA SECONDARIA II GRADO,NORMALE,FINO AL TERMINE,TRA 35 E 44,NO,SI,1,5
202425,PESARO E URBINO,SCUOLA SECONDARIA II GRADO,NORMALE,FINO AL TERMINE,TRA 45 E 54,NO,NO,22,26
202425,BARI,SCUOLA SECONDARIA II GRADO,SOSTEGNO,FINO AL TERMINE,OLTRE 54,NO,SI,15,47
202425,ENNA,SCUOLA SECONDARIA II GRADO,NORMALE,FINO AL TERMINE,OLTRE 54,NO,NO,3,5
202425,AVELLINO,SCUOLA PRIMARIA,NORMALE,FINO AL TERMINE,FINO A 34,NO,NO,10,8
202425,IMPERIA,SCUOLA SECONDARIA II GRADO,SOSTEGNO,FINO AL TERMINE,OLTRE 54,NO,NO,1,1
202425,CAGLIARI,SCUOLA PRIMARIA,NORMALE,FINO AL TERMINE,TRA 35 E 44,NO,SI,0,5
202425,SALERNO,SCUOLA SECONDARIA II GRADO,NORMALE,FINO AL TERMINE,FINO A 34,NO,NO,30,23
202425,MODENA,SCUOLA SECONDARIA I GRADO,SOSTEGNO,FINO AL TERMINE,OLTRE 54,NO,SI,4,9
202425,IMPERIA,SCUOLA PRIMARIA,SOSTEGNO,FINO AL TERMINE,TRA 45 E 54,NO,SI,0,22
202425,BRINDISI,SCUOLA PRIMARIA,NORMALE,FINO AL TERMINE,TRA 35 E 44,NO,NO,0,3
202425,SASSARI,SCUOLA PRIMARIA,NORMALE,ANNUALE,FINO A 34,NO,SI,4,3
202425,CUNEO,SCUOLA SECONDARIA II GRADO,NORMALE,FINO AL TERMINE,FINO A 34,NO,SI,34,47
202425,PISTOIA,SCUOLA INFANZIA,NORMALE,ANNUALE,TRA 35 E 44,NO,SI,0,3
202425,CREMONA,SCUOLA SECONDARIA II GRADO,SOSTEGNO,FINO AL TERMINE,TRA 45 E 54,NO,NO,3,4
202425,NOVARA,SCUOLA SECONDARIA I GRADO,NORMALE,FINO AL TERMINE,TRA 45 E 54,NO,SI,2,4
202425,AVELLINO,SCUOLA PRIMARIA,NORMALE,FINO AL TERMINE,TRA 45 E 54,NO,NO,5,7
202425,PORDENONE,SCUOLA SECONDARIA I GRADO,NORMALE,ANNUALE,OLTRE 54,NO,SI,2,1
202425,COMO,SCUOLA SECONDARIA I GRADO,SOSTEGNO,FINO AL TERMINE,TRA 35 E 44,NO,SI,17,39
202425,ROVIGO,SCUOLA SECONDARIA II GRADO,SOSTEGNO,ANNUALE,TRA 35 E 44,SI,SI,2,4
202425,FERRARA,SCUOLA PRIMARIA,NORMALE,FINO AL TERMINE,TRA 35 E 44,NO,SI,0,5
202425,AREZZO,SCUOLA SECONDARIA I GRADO,NORMALE,FINO AL TERMINE,FINO A 34,NO,SI,1,4
202425,FROSINONE,SCUOLA PRIMARIA,SOSTEGNO,FINO AL TERMINE,TRA 35 E 44,NO,NO,0,9
202425,VERCELLI,SCUOLA PRIMARIA,SOSTEGNO,FINO AL TERMINE,TRA 35 E 44,NO,SI,8,42
202425,ROMA,SCUOLA PRIMARIA,NORMALE,ANNUALE,TRA 35 E 44,NO,SI,3,30
202425,PESCARA,SCUOLA SECONDARIA II GRADO,NORMALE,ANNUALE,FINO A 34,NO,SI,4,6
202425,TRAPANI,SCUOLA SECONDARIA I GRADO,NORMALE,FINO AL TERMINE,FINO A 34,NO,NO,6,7
202425,SUD SARDEGNA,SCUOLA SECONDARIA II GRADO,NORMALE,FINO AL TERMINE,TRA 45 E 54,NO,NO,11,26
202425,VENEZIA,SCUOLA SECONDARIA II GRADO,NORMALE,ANNUALE,OLTRE 54,SI,SI,0,1
202425,UDINE,SCUOLA SECONDARIA II GRADO,NORMALE,ANNUALE,TRA 45 E 54,NO,NO,0,1
202425,PAVIA,SCUOLA INFANZIA,NORMALE,FINO AL TERMINE,TRA 35 E 44,NO,NO,0,3
202425,SAVONA,SCUOLA INFANZIA,SOSTEGNO,ANNUALE,TRA 45 E 54,SI,SI,0,4
202425,LODI,SCUOLA PRIMARIA,SOSTEGNO,ANNUALE,TRA 45 E 54,SI,SI,0,1
202425,NOVARA,SCUOLA PRIMARIA,NORMALE,FINO AL TERMINE,TRA 45 E 54,NO,NO,2,10
202425,PALERMO,SCUOLA SECONDARIA I GRADO,NORMALE,ANNUALE,TRA 45 E 54,NO,SI,7,16
202425,LECCO,SCUOLA PRIMARIA,NORMALE,FINO AL TERMINE,TRA 45 E 54,NO,SI,0,13
202425,VICENZA,SCUOLA INFANZIA,NORMALE,FINO AL TERMINE,TRA 45 E 54,NO,NO,0,12
202425,SIRACUSA,SCUOLA PRIMARIA,SOSTEGNO,FINO AL TERMINE,TRA 35 E 44,NO,NO,1,17
202425,FROSINONE,SCUOLA INFANZIA,NORMALE,FINO AL TERMINE,TRA 45 E 54,NO,SI,0,32
202425,GORIZIA,SCUOLA SECONDARIA I GRADO,SOSTEGNO,ANNUALE,TRA 35 E 44,NO,SI,0,1
202425,ANCONA,SCUOLA INFANZIA,SOSTEGNO,FINO AL TERMINE,TRA 35 E 44,NO,NO,0,8
202425,VERONA,SCUOLA PRIMARIA,NORMALE,ANNUALE,FINO A 34,NO,SI,4,8
202425,MONZA E DELLA BRIANZA,SCUOLA SECONDARIA I GRADO,NORMALE,ANNUALE,FINO A 34,NO,SI,19,43
202425,CREMONA,SCUOLA PRIMARIA,NORMALE,FINO AL TERMINE,TRA 45 E 54,NO,SI,2,4
202425,BERGAMO,SCUOLA PRIMARIA,SOSTEGNO,FINO AL TERMINE,OLTRE 54,NO,NO,0,4
202425,BELLUNO,SCUOLA SECONDARIA I GRADO,NORMALE,FINO AL TERMINE,TRA 45 E 54,NO,SI,2,2
202425,CAGLIARI,SCUOLA INFANZIA,NORMALE,ANNUALE,TRA 45 E 54,NO,SI,0,2
202425,VERBANO-CUSIO-OSSOLA,SCUOLA INFANZIA,NORMALE,FINO AL TERMINE,TRA 35 E 44,NO,NO,0,1
202425,IMPERIA,SCUOLA SECONDARIA I GRADO,NORMALE,FINO AL TERMINE,TRA 45 E 54,NO,NO,2,5
202425,SIRACUSA,SCUOLA SECONDARIA II GRADO,NORMALE,ANNUALE,TRA 35 E 44,NO,NO,1,5
202425,SASSARI,SCUOLA PRIMARIA,SOSTEGNO,ANNUALE,FINO A 34,SI,SI,0,1
202425,SIENA,SCUOLA INFANZIA,NORMALE,ANNUALE,OLTRE 54,NO,SI,0,1
202425,BARLETTA-ANDRIA-TRANI,SCUOLA SECONDARIA II GRADO,NORMALE,FINO AL TERMINE,FINO A 34,NO,SI,3,19
202425,RAGUSA,SCUOLA SECONDARIA I GRADO,NORMALE,FINO AL TERMINE,OLTRE 54,NO,NO,0,1
202425,VERCELLI,SCUOLA SECONDARIA I GRADO,NORMALE,FINO AL TERMINE,TRA 35 E 44,NO,SI,0,4
202425,SAVONA,SCUOLA INFANZIA,SOSTEGNO,FINO AL TERMINE,FINO A 34,NO,NO,0,2
202425,NOVARA,SCUOLA PRIMARIA,SOSTEGNO,ANNUALE,TRA 45 E 54,SI,SI,0,5
202425,POTENZA,SCUOLA SECONDARIA I GRADO,SOSTEGNO,FINO AL TERMINE,TRA 35 E 44,NO,SI,0,6
202425,VERCELLI,SCUOLA PRIMARIA,SOSTEGNO,ANNUALE,TRA 45 E 54,NO,SI,1,20
202425,VENEZIA,SCUOLA INFANZIA,SOSTEGNO,FINO AL TERMINE,TRA 35 E 44,NO,SI,0,22
202425,COSENZA,SCUOLA SECONDARIA II GRADO,NORMALE,ANNUALE,TRA 35 E 44,NO,NO,4,3
202425,VENEZIA,SCUOLA SECONDARIA II GRADO,NORMALE,FINO AL TERMINE,OLTRE 54,NO,NO,15,18
202425,VICENZA,SCUOLA SECONDARIA I GRADO,SOSTEGNO,FINO AL TERMINE,TRA 45 E 54,NO,NO,4,11
202425,UDINE,SCUOLA PRIMARIA,NORMALE,FINO AL TERMINE,FINO A 34,NO,SI,4,27
202425,BELLUNO,SCUOLA PRIMARIA,NORMALE,FINO AL TERMINE,TRA 45 E 54,NO,SI,0,11
202425,PORDENONE,SCUOLA SECONDARIA II GRADO,SOSTEGNO,ANNUALE,TRA 45 E 54,SI,NO,0,1
202425,VARESE,SCUOLA PRIMARIA,NORMALE,FINO AL TERMINE,FINO A 34,NO,NO,24,24
202425,TRIESTE,SCUOLA PRIMARIA,SOSTEGNO,FINO AL TERMINE,TRA 35 E 44,NO,NO,2,4
202425,CREMONA,SCUOLA SECONDARIA I GRADO,SOSTEGNO,FINO AL TERMINE,FINO A 34,NO,NO,4,9
202425,MATERA,SCUOLA SECONDARIA II GRADO,SOSTEGNO,FINO AL TERMINE,TRA 45 E 54,NO,NO,2,2
202425,COSENZA,SCUOLA INFANZIA,SOSTEGNO,FINO AL TERMINE,FINO A 34,NO,SI,0,3
202425,GORIZIA,SCUOLA SECONDARIA II GRADO,SOSTEGNO,FINO AL TERMINE,TRA 35 E 44,NO,SI,2,11
202425,ROMA,SCUOLA INFANZIA,NORMALE,FINO AL TERMINE,OLTRE 54,NO,NO,0,11
202425,PISA,SCUOLA PRIMARIA,SOSTEGNO,ANNUALE,TRA 45 E 54,SI,SI,1,20
202425,RIETI,SCUOLA SECONDARIA I GRADO,NORMALE,ANNUALE,FINO A 34,NO,SI,2,5
202425,CAMPOBASSO,SCUOLA PRIMARIA,NORMALE,FINO AL TERMINE,TRA 45 E 54,NO,NO,3,2
202425,MANTOVA,SCUOLA INFANZIA,SOSTEGNO,ANNUALE,TRA 45 E 54,NO,SI,0,7
202425,ORISTANO,SCUOLA SECONDARIA II GRADO,NORMALE,ANNUALE,TRA 35 E 44,NO,SI,10,5
202425,TERNI,SCUOLA SECONDARIA I GRADO,NORMALE,ANNUALE,TRA 45 E 54,NO,SI,2,6
202425,LATINA,SCUOLA INFANZIA,NORMALE,FINO AL TERMINE,TRA 35 E 44,NO,NO,0,1
202425,L'AQUILA,SCUOLA SECONDARIA I GRADO,NORMALE,ANNUALE,TRA 45 E 54,NO,NO,0,1
202425,FERRARA,SCUOLA SECONDARIA I GRADO,NORMALE,FINO AL TERMINE,TRA 45 E 54,NO,SI,3,6
202425,TARANTO,SCUOLA INFANZIA,NORMALE,FINO AL TERMINE,TRA 35 E 44,NO,SI,0,1
202425,ISERNIA,SCUOLA INFANZIA,SOSTEGNO,FINO AL TERMINE,TRA 45 E 54,NO,NO,0,2
202425,CAGLIARI,SCUOLA SECONDARIA I GRADO,NORMALE,FINO AL TERMINE,TRA 45 E 54,NO,NO,3,13
202425,CALTANISSETTA,SCUOLA SECONDARIA I GRADO,NORMALE,ANNUALE,FINO A 34,NO,SI,2,3
202425,ORISTANO,SCUOLA SECONDARIA II GRADO,NORMALE,FINO AL TERMINE,OLTRE 54,NO,NO,5,3
202425,CUNEO,SCUOLA SECONDARIA II GRADO,SOSTEGNO,FINO AL TERMINE,OLTRE 54,NO,NO,0,3
202425,VARESE,SCUOLA SECONDARIA II GRADO,NORMALE,ANNUALE,OLTRE 54,NO,SI,18,17
202425,PAVIA,SCUOLA SECONDARIA I GRADO,SOSTEGNO,ANNUALE,TRA 45 E 54,SI,SI,6,22
202425,BOLOGNA,SCUOLA PRIMARIA,SOSTEGNO,ANNUALE,OLTRE 54,NO,SI,0,3
202425,COMO,SCUOLA SECONDARIA II GRADO,NORMALE,FINO AL TERMINE,FINO A 34,NO,SI,7,16
202425,BERGAMO,SCUOLA PRIMARIA,NORMALE,ANNUALE,TRA 45 E 54,NO,SI,0,8
202425,RAVENNA,SCUOLA PRIMARIA,NORMALE,FINO AL TERMINE,TRA 45 E 54,NO,NO,2,6
202425,MONZA E DELLA BRIANZA,SCUOLA PRIMARIA,SOSTEGNO,FINO AL TERMINE,FINO A 34,NO,SI,42,268
202425,COMO,SCUOLA PRIMARIA,NORMALE,FINO AL TERMINE,OLTRE 54,NO,SI,1,14
202425,PADOVA,SCUOLA SECONDARIA I GRADO,NORMALE,FINO AL TERMINE,TRA 45 E 54,NO,NO,5,30
202425,ALESSANDRIA,SCUOLA PRIMARIA,SOSTEGNO,FINO AL TERMINE,TRA 45 E 54,NO,NO,0,3
202425,CUNEO,SCUOLA INFANZIA,SOSTEGNO,ANNUALE,TRA 35 E 44,NO,SI,0,5
202425,VERONA,SCUOLA PRIMARIA,SOSTEGNO,FINO AL TERMINE,FINO A 34,NO,SI,53,273
202425,ASTI,SCUOLA PRIMARIA,SOSTEGNO,ANNUALE,OLTRE 54,SI,SI,0,3
202425,SIENA,SCUOLA INFANZIA,NORMALE,FINO AL TERMINE,OLTRE 54,NO,SI,0,4
202425,VITERBO,SCUOLA SECONDARIA I GRADO,SOSTEGNO,FINO AL TERMINE,TRA 45 E 54,NO,NO,0,6
202425,PRATO,SCUOLA SECONDARIA II GRADO,NORMALE,ANNUALE,OLTRE 54,NO,SI,2,0
202425,ORISTANO,SCUOLA PRIMARIA,NORMALE,FINO AL TERMINE,TRA 45 E 54,NO,SI,1,10
202425,CUNEO,SCUOLA INFANZIA,SOSTEGNO,FINO AL TERMINE,TRA 45 E 54,NO,SI,1,38
202425,ROVIGO,SCUOLA PRIMARIA,SOSTEGNO,FINO AL TERMINE,FINO A 34,NO,SI,2,16
202425,CALTANISSETTA,SCUOLA SECONDARIA II GRADO,SOSTEGNO,FINO AL TERMINE,TRA 45 E 54,NO,SI,5,18
202425,PAVIA,SCUOLA INFANZIA,SOSTEGNO,FINO AL TERMINE,OLTRE 54,NO,SI,0,26
202425,GENOVA,SCUOLA PRIMARIA,SOSTEGNO,ANNUALE,TRA 35 E 44,NO,SI,2,32
202425,PIACENZA,SCUOLA INFANZIA,NORMALE,FINO AL TERMINE,TRA 35 E 44,NO,NO,0,3
202425,FERRARA,SCUOLA SECONDARIA II GRADO,NORMALE,ANNUALE,FINO A 34,NO,NO,0,1
202425,PERUGIA,SCUOLA SECONDARIA I GRADO,SOSTEGNO,FINO AL TERMINE,TRA 35 E 44,NO,SI,27,125
202425,LECCO,SCUOLA SECONDARIA I GRADO,NORMALE,FINO AL TERMINE,OLTRE 54,NO,NO,2,9
202425,BELLUNO,SCUOLA SECONDARIA II GRADO,NORMALE,ANNUALE,FINO A 34,NO,NO,0,1
202425,SASSARI,SCUOLA SECONDARIA I GRADO,NORMALE,ANNUALE,FINO A 34,NO,SI,13,23
202425,PADOVA,SCUOLA PRIMARIA,NORMALE,FINO AL TERMINE,OLTRE 54,NO,SI,1,28
202425,TERNI,SCUOLA PRIMARIA,NORMALE,FINO AL TERMINE,OLTRE 54,NO,NO,1,2
202425,CUNEO,SCUOLA PRIMARIA,SOSTEGNO,FINO AL TERMINE,OLTRE 54,NO,NO,0,2
202425,TARANTO,SCUOLA PRIMARIA,NORMALE,ANNUALE,TRA 35 E 44,NO,SI,0,3
202425,CATANIA,SCUOLA INFANZIA,NORMALE,FINO AL TERMINE,TRA 45 E 54,NO,SI,0,25
202425,AREZZO,SCUOLA SECONDARIA II GRADO,NORMALE,ANNUALE,TRA 35 E 44,NO,SI,14,29
202425,LECCE,SCUOLA SECONDARIA I GRADO,NORMALE,FINO AL TERMINE,TRA 45 E 54,NO,NO,5,9
202425,SALERNO,SCUOLA PRIMARIA,NORMALE,ANNUALE,TRA 35 E 44,NO,SI,0,4
202425,VARESE,SCUOLA SECONDARIA II GRADO,NORMALE,FINO AL TERMINE,TRA 45 E 54,NO,SI,8,21
202425,PAVIA,SCUOLA PRIMARIA,NORMALE,ANNUALE,TRA 35 E 44,NO,SI,2,8
202425,VICENZA,SCUOLA SECONDARIA II GRADO,NORMALE,FINO AL TERMINE,FINO A 34,NO,SI,39,52
202425,NOVARA,SCUOLA INFANZIA,NORMALE,FINO AL TERMINE,OLTRE 54,NO,NO,0,3
202425,MONZA E DELLA BRIANZA,SCUOLA SECONDARIA I GRADO,NORMALE,ANNUALE,TRA 45 E 54,SI,SI,0,2
202425,MANTOVA,SCUOLA SECONDARIA II GRADO,SOSTEGNO,ANNUALE,TRA 35 E 44,SI,SI,0,6
202425,CHIETI,SCUOLA SECONDARIA I GRADO,NORMALE,FINO AL TERMINE,TRA 35 E 44,NO,NO,5,20
202425,RAVENNA,SCUOLA PRIMARIA,NORMALE,ANNUALE,FINO A 34,NO,SI,0,16
202425,PISA,SCUOLA SECONDARIA I GRADO,SOSTEGNO,FINO AL TERMINE,TRA 35 E 44,NO,SI,24,73
202425,RIETI,SCUOLA INFANZIA,SOSTEGNO,FINO AL TERMINE,OLTRE 54,NO,NO,0,4
202425,CAMPOBASSO,SCUOLA SECONDARIA I GRADO,SOSTEGNO,FINO AL TERMINE,FINO A 34,NO,NO,0,1
202425,MACERATA,SCUOLA PRIMARIA,SOSTEGNO,FINO AL TERMINE,OLTRE 54,NO,NO,0,9
202425,CROTONE,SCUOLA INFANZIA,SOSTEGNO,ANNUALE,TRA 45 E 54,SI,SI,0,1
202425,CUNEO,SCUOLA INFANZIA,NORMALE,FINO AL TERMINE,FINO A 34,NO,SI,1,13
202425,PESCARA,SCUOLA INFANZIA,NORMALE,FINO AL TERMINE,TRA 35 E 44,NO,NO,0,3
202425,MATERA,SCUOLA INFANZIA,NORMALE,ANNUALE,OLTRE 54,NO,SI,0,1
202425,PRATO,SCUOLA INFANZIA,NORMALE,FINO AL TERMINE,TRA 35 E 44,NO,SI,0,3
202425,ROVIGO,SCUOLA INFANZIA,SOSTEGNO,FINO AL TERMINE,TRA 45 E 54,NO,NO,0,8
202425,AVELLINO,SCUOLA PRIMARIA,SOSTEGNO,FINO AL TERMINE,OLTRE 54,NO,SI,1,21
202425,REGGIO CALABRIA,SCUOLA PRIMARIA,SOSTEGNO,FINO AL TERMINE,TRA 45 E 54,NO,NO,2,6
202425,GROSSETO,SCUOLA SECONDARIA I GRADO,SOSTEGNO,FINO AL TERMINE,TRA 45 E 54,NO,SI,7,25
202425,ASCOLI PICENO,SCUOLA SECONDARIA I GRADO,SOSTEGNO,FINO AL TERMINE,OLTRE 54,NO,NO,1,2
202425,PISTOIA,SCUOLA INFANZIA,SOSTEGNO,FINO AL TERMINE,TRA 45 E 54,NO,NO,0,3
202425,SIENA,SCUOLA SECONDARIA II GRADO,NORMALE,FINO AL TERMINE,FINO A 34,NO,NO,24,26
202425,BIELLA,SCUOLA INFANZIA,NORMALE,ANNUALE,TRA 35 E 44,NO,SI,0,3
202425,ANCONA,SCUOLA PRIMARIA,NORMALE,FINO AL TERMINE,OLTRE 54,NO,NO,3,4
202425,AGRIGENTO,SCUOLA SECONDARIA II GRADO,NORMALE,FINO AL TERMINE,FINO A 34,NO,SI,8,12
202425,SUD SARDEGNA,SCUOLA SECONDARIA I GRADO,NORMALE,FINO AL TERMINE,OLTRE 54,NO,SI,2,0
202425,CASERTA,SCUOLA SECONDARIA I GRADO,NORMALE,ANNUALE,FINO A 34,NO,NO,0,1
202425,TREVISO,SCUOLA PRIMARIA,NORMALE,FINO AL TERMINE,OLTRE 54,NO,NO,0,8
202425,LATINA,SCUOLA SECONDARIA II GRADO,SOSTEGNO,FINO AL TERMINE,TRA 45 E 54,NO,SI,28,117
202425,BRESCIA,SCUOLA SECONDARIA II GRADO,NORMALE,ANNUALE,TRA 35 E 44,NO,NO,4,4
202425,PISTOIA,SCUOLA PRIMARIA,NORMALE,FINO AL TERMINE,TRA 35 E 44,NO,SI,1,9
202425,SONDRIO,SCUOLA INFANZIA,NORMALE,FINO AL TERMINE,TRA 35 E 44,NO,SI,0,1
202425,VIBO VALENTIA,SCUOLA SECONDARIA I GRADO,NORMALE,ANNUALE,TRA 45 E 54,NO,SI,0,1
202425,FIRENZE,SCUOLA SECONDARIA I GRADO,NORMALE,ANNUALE,OLTRE 54,NO,SI,0,2
202425,LUCCA,SCUOLA SECONDARIA I GRADO,NORMALE,ANNUALE,TRA 45 E 54,NO,SI,4,12
202425,ALESSANDRIA,SCUOLA PRIMARIA,NORMALE,ANNUALE,TRA 35 E 44,NO,SI,2,6
202425,BIELLA,SCUOLA SECONDARIA II GRADO,NORMALE,ANNUALE,FINO A 34,NO,NO,1,1
202425,LA SPEZIA,SCUOLA PRIMARIA,SOSTEGNO,FINO AL TERMINE,TRA 35 E 44,NO,SI,0,46
202425,BARI,SCUOLA INFANZIA,SOSTEGNO,FINO AL TERMINE,OLTRE 54,NO,NO,0,12
202425,SAVONA,SCUOLA PRIMARIA,SOSTEGNO,FINO AL TERMINE,OLTRE 54,NO,NO,0,7
202425,VERBANO-CUSIO-OSSOLA,SCUOLA SECONDARIA II GRADO,SOSTEGNO,ANNUALE,FINO A 34,SI,SI,0,1
202425,PALERMO,SCUOLA INFANZIA,SOSTEGNO,FINO AL TERMINE,FINO A 34,NO,NO,0,9
202425,VENEZIA,SCUOLA SECONDARIA I GRADO,NORMALE,ANNUALE,FINO A 34,NO,SI,24,46
202425,PADOVA,SCUOLA PRIMARIA,SOSTEGNO,FINO AL TERMINE,OLTRE 54,NO,NO,1,3
202425,AREZZO,SCUOLA INFANZIA,SOSTEGNO,ANNUALE,FINO A 34,SI,SI,0,1
202425,FOGGIA,SCUOLA INFANZIA,SOSTEGNO,FINO AL TERMINE,TRA 35 E 44,NO,NO,0,9
202425,UDINE,SCUOLA SECONDARIA I GRADO,NORMALE,FINO AL TERMINE,TRA 35 E 44,NO,NO,11,21
202425,NOVARA,SCUOLA SECONDARIA I GRADO,SOSTEGNO,FINO AL TERMINE,FINO A 34,NO,NO,3,12
202425,CATANZARO,SCUOLA SECONDARIA I GRADO,NORMALE,ANNUALE,OLTRE 54,NO,SI,1,4
202425,CHIETI,SCUOLA PRIMARIA,NORMALE,FINO AL TERMINE,TRA 35 E 44,NO,SI,1,17
202425,SUD SARDEGNA,SCUOLA PRIMARIA,SOSTEGNO,FINO AL TERMINE,TRA 45 E 54,NO,NO,0,15
202425,TARANTO,SCUOLA PRIMARIA,NORMALE,FINO AL TERMINE,TRA 35 E 44,NO,NO,3,18
202425,ISERNIA,SCUOLA SECONDARIA II GRADO,NORMALE,ANNUALE,TRA 45 E 54,NO,SI,2,1
202425,BERGAMO,SCUOLA SECONDARIA I GRADO,NORMALE,ANNUALE,TRA 35 E 44,NO,SI,10,30
202425,NAPOLI,SCUOLA INFANZIA,SOSTEGNO,FINO AL TERMINE,FINO A 34,NO,SI,1,39
202425,SALERNO,SCUOLA SECONDARIA II GRADO,SOSTEGNO,FINO AL TERMINE,TRA 45 E 54,NO,NO,2,10
202425,LECCE,SCUOLA INFANZIA,SOSTEGNO,ANNUALE,TRA 45 E 54,NO,SI,0,1
202425,PISA,SCUOLA PRIMARIA,SOSTEGNO,ANNUALE,OLTRE 54,SI,NO,0,1
202425,BELLUNO,SCUOLA SECONDARIA II GRADO,NORMALE,ANNUALE,OLTRE 54,NO,SI,5,3
202425,CROTONE,SCUOLA SECONDARIA I GRADO,NORMALE,FINO AL TERMINE,FINO A 34,NO,NO,9,4
202425,CATANIA,SCUOLA SECONDARIA II GRADO,NORMALE,ANNUALE,TRA 35 E 44,SI,SI,0,1
202425,MODENA,SCUOLA PRIMARIA,NORMALE,FINO AL TERMINE,TRA 45 E 54,NO,SI,3,17
202425,MILANO,SCUOLA INFANZIA,NORMALE,ANNUALE,OLTRE 54,NO,SI,0,20
202425,LA SPEZIA,SCUOLA PRIMARIA,SOSTEGNO,ANNUALE,FINO A 34,SI,SI,0,4
202425,FORLI'-CESENA,SCUOLA PRIMARIA,NORMALE,FINO AL TERMINE,OLTRE 54,NO,NO,0,1
202425,BARI,SCUOLA SECONDARIA I GRADO,NORMALE,ANNUALE,TRA 35 E 44,NO,NO,0,1
202425,POTENZA,SCUOLA SECONDARIA II GRADO,NORMALE,FINO AL TERMINE,FINO A 34,NO,NO,17,19
202425,LODI,SCUOLA SECONDARIA II GRADO,NORMALE,FINO AL TERMINE,TRA 45 E 54,NO,SI,10,20
202425,AGRIGENTO,SCUOLA SECONDARIA I GRADO,SOSTEGNO,FINO AL TERMINE,TRA 45 E 54,NO,NO,5,2
202425,RIMINI,SCUOLA PRIMARIA,SOSTEGNO,FINO AL TERMINE,TRA 35 E 44,NO,NO,0,14
202425,MANTOVA,SCUOLA SECONDARIA II GRADO,NORMALE,ANNUALE,TRA 45 E 54,NO,SI,23,19
202425,BRINDISI,SCUOLA SECONDARIA II GRADO,SOSTEGNO,FINO AL TERMINE,TRA 35 E 44,NO,NO,2,5
202425,IMPERIA,SCUOLA PRIMARIA,SOSTEGNO,FINO AL TERMINE,TRA 35 E 44,NO,NO,1,8
202425,BARLETTA-ANDRIA-TRANI,SCUOLA SECONDARIA II GRADO,SOSTEGNO,FINO AL TERMINE,TRA 45 E 54,NO,SI,12,68
202425,TERNI,SCUOLA SECONDARIA II GRADO,NORMALE,FINO AL TERMINE,TRA 45 E 54,NO,SI,3,12
202425,CATANIA,SCUOLA SECONDARIA I GRADO,NORMALE,ANNUALE,TRA 45 E 54,NO,SI,1,1
202425,VERCELLI,SCUOLA SECONDARIA I GRADO,SOSTEGNO,FINO AL TERMINE,TRA 45 E 54,NO,SI,6,22
202425,BARI,SCUOLA PRIMARIA,NORMALE,FINO AL TERMINE,FINO A 34,NO,NO,19,23
202425,POTENZA,SCUOLA SECONDARIA II GRADO,NORMALE,FINO AL TERMINE,TRA 45 E 54,NO,NO,13,44
202425,CHIETI,SCUOLA PRIMARIA,SOSTEGNO,FINO AL TERMINE,FINO A 34,NO,NO,0,2
202425,AREZZO,SCUOLA SECONDARIA II GRADO,SOSTEGNO,FINO AL TERMINE,OLTRE 54,NO,NO,0,4
202425,BRINDISI,SCUOLA SECONDARIA I GRADO,NORMALE,ANNUALE,FINO A 34,NO,SI,12,6
202425,ASCOLI PICENO,SCUOLA SECONDARIA II GRADO,SOSTEGNO,FINO AL TERMINE,FINO A 34,NO,SI,2,15
202425,PISTOIA,SCUOLA INFANZIA,NORMALE,FINO AL TERMINE,TRA 35 E 44,NO,NO,0,2
202425,VARESE,SCUOLA SECONDARIA II GRADO,SOSTEGNO,FINO AL TERMINE,TRA 45 E 54,NO,NO,3,6
202425,AREZZO,SCUOLA INFANZIA,SOSTEGNO,FINO AL TERMINE,OLTRE 54,NO,SI,0,24
202425,VIBO VALENTIA,SCUOLA INFANZIA,SOSTEGNO,FINO AL TERMINE,TRA 35 E 44,NO,SI,0,11
202425,CATANIA,SCUOLA SECONDARIA II GRADO,NORMALE,ANNUALE,TRA 45 E 54,NO,SI,17,13
202425,PAVIA,SCUOLA SECONDARIA II GRADO,SOSTEGNO,FINO AL TERMINE,OLTRE 54,NO,NO,0,3
202425,BOLOGNA,SCUOLA SECONDARIA I GRADO,SOSTEGNO,FINO AL TERMINE,TRA 45 E 54,NO,NO,4,18
202425,RAGUSA,SCUOLA SECONDARIA I GRADO,SOSTEGNO,FINO AL TERMINE,FINO A 34,NO,SI,2,14
202425,VERCELLI,SCUOLA SECONDARIA I GRADO,NORMALE,FINO AL TERMINE,TRA 35 E 44,NO,NO,4,7
202425,AGRIGENTO,SCUOLA SECONDARIA I GRADO,SOSTEGNO,FINO AL TERMINE,TRA 45 E 54,NO,SI,13,19
202425,AVELLINO,SCUOLA SECONDARIA I GRADO,NORMALE,ANNUALE,FINO A 34,NO,NO,0,1
202425,VENEZIA,SCUOLA SECONDARIA I GRADO,NORMALE,FINO AL TERMINE,OLTRE 54,NO,SI,0,8
202425,CAGLIARI,SCUOLA SECONDARIA II GRADO,SOSTEGNO,FINO AL TERMINE,FINO A 34,NO,NO,1,1
202425,BRESCIA,SCUOLA SECONDARIA II GRADO,NORMALE,FINO AL TERMINE,FINO A 34,NO,SI,42,58
202425,SALERNO,SCUOLA SECONDARIA I GRADO,SOSTEGNO,FINO AL TERMINE,TRA 45 E 54,NO,NO,6,13
202425,CUNEO,SCUOLA SECONDARIA I GRADO,SOSTEGNO,FINO AL TERMINE,TRA 35 E 44,NO,NO,4,20
202425,RAVENNA,SCUOLA SECONDARIA I GRADO,SOSTEGNO,ANNUALE,TRA 45 E 54,NO,SI,1,0
202425,LATINA,SCUOLA PRIMARIA,NORMALE,FINO AL TERMINE,FINO A 34,NO,NO,15,9
202425,NUORO,SCUOLA SECONDARIA I GRADO,SOSTEGNO,FINO AL TERMINE,TRA 35 E 44,NO,SI,1,11
202425,BIELLA,SCUOLA SECONDARIA II GRADO,SOSTEGNO,FINO AL TERMINE,TRA 45 E 54,NO,SI,15,23
202425,MILANO,SCUOLA INFANZIA,SOSTEGNO,ANNUALE,FINO A 34,SI,SI,0,8
202425,SAVONA,SCUOLA SECONDARIA II GRADO,NORMALE,ANNUALE,TRA 35 E 44,SI,NO,0,1
202425,CHIETI,SCUOLA INFANZIA,NORMALE,FINO AL TERMINE,OLTRE 54,NO,SI,0,7
202425,ASTI,SCUOLA SECONDARIA II GRADO,NORMALE,ANNUALE,FINO A 34,NO,NO,1,0
202425,ISERNIA,SCUOLA PRIMARIA,SOSTEGNO,FINO AL TERMINE,TRA 45 E 54,NO,SI,1,24
202425,NAPOLI,SCUOLA PRIMARIA,NORMALE,FINO AL TERMINE,FINO A 34,NO,SI,1,38
202425,RAVENNA,SCUOLA INFANZIA,NORMALE,FINO AL TERMINE,FINO A 34,NO,NO,0,2
202425,SASSARI,SCUOLA SECONDARIA I GRADO,SOSTEGNO,FINO AL TERMINE,TRA 45 E 54,NO,NO,1,10
202425,PADOVA,SCUOLA PRIMARIA,SOSTEGNO,ANNUALE,FINO A 34,SI,SI,1,14
202425,MANTOVA,SCUOLA PRIMARIA,NORMALE,ANNUALE,FINO A 34,NO,SI,5,10
202425,FROSINONE,SCUOLA PRIMARIA,NORMALE,FINO AL TERMINE,OLTRE 54,NO,NO,1,7
202425,FORLI'-CESENA,SCUOLA SECONDARIA II GRADO,NORMALE,FINO AL TERMINE,FINO A 34,NO,SI,12,12
202425,MATERA,SCUOLA SECONDARIA II GRADO,NORMALE,FINO AL TERMINE,FINO A 34,NO,NO,19,12
202425,NAPOLI,SCUOLA PRIMARIA,SOSTEGNO,ANNUALE,TRA 35 E 44,SI,SI,0,2
202425,REGGIO EMILIA,SCUOLA PRIMARIA,NORMALE,FINO AL TERMINE,TRA 45 E 54,NO,NO,1,8
202425,CAGLIARI,SCUOLA SECONDARIA I GRADO,NORMALE,FINO AL TERMINE,TRA 35 E 44,NO,SI,2,6
202425,BELLUNO,SCUOLA SECONDARIA II GRADO,SOSTEGNO,FINO AL TERMINE,FINO A 34,NO,NO,2,1
202425,ENNA,SCUOLA INFANZIA,NORMALE,FINO AL TERMINE,TRA 45 E 54,NO,SI,0,2
202425,TORINO,SCUOLA INFANZIA,NORMALE,ANNUALE,OLTRE 54,NO,NO,0,1
202425,CUNEO,SCUOLA PRIMARIA,NORMALE,FINO AL TERMINE,TRA 35 E 44,NO,SI,3,20
202425,SAVONA,SCUOLA SECONDARIA I GRADO,NORMALE,ANNUALE,TRA 45 E 54,NO,NO,0,1
202425,VERCELLI,SCUOLA INFANZIA,NORMALE,ANNUALE,FINO A 34,NO,SI,0,2
202425,LODI,SCUOLA SECONDARIA I GRADO,SOSTEGNO,FINO AL TERMINE,TRA 45 E 54,NO,NO,0,2
202425,SALERNO,SCUOLA INFANZIA,SOSTEGNO,FINO AL TERMINE,TRA 35 E 44,NO,SI,1,61
202425,TORINO,SCUOLA SECONDARIA I GRADO,SOSTEGNO,FINO AL TERMINE,FINO A 34,NO,NO,13,41
202425,VICENZA,SCUOLA PRIMARIA,NORMALE,FINO AL TERMINE,TRA 35 E 44,NO,SI,0,41
202425,CHIETI,SCUOLA INFANZIA,NORMALE,FINO AL TERMINE,TRA 45 E 54,NO,NO,0,2
202425,PAVIA,SCUOLA SECONDARIA II GRADO,NORMALE,ANNUALE,FINO A 34,NO,SI,54,36
202425,VITERBO,SCUOLA INFANZIA,SOSTEGNO,FINO AL TERMINE,OLTRE 54,NO,NO,0,4
202425,LIVORNO,SCUOLA SECONDARIA I GRADO,NORMALE,FINO AL TERMINE,TRA 45 E 54,NO,NO,2,10
202425,TARANTO,SCUOLA SECONDARIA II GRADO,SOSTEGNO,FINO AL TERMINE,OLTRE 54,NO,SI,7,31
202425,FERRARA,SCUOLA SECONDARIA II GRADO,NORMALE,FINO AL TERMINE,OLTRE 54,NO,SI,6,9
202425,VERBANO-CUSIO-OSSOLA,SCUOLA INFANZIA,SOSTEGNO,ANNUALE,TRA 45 E 54,NO,SI,0,6
202425,BRINDISI,SCUOLA SECONDARIA II GRADO,NORMALE,ANNUALE,FINO A 34,NO,NO,0,1
202425,CALTANISSETTA,SCUOLA SECONDARIA II GRADO,SOSTEGNO,FINO AL TERMINE,FINO A 34,NO,SI,1,5
202425,BELLUNO,SCUOLA INFANZIA,NORMALE,FINO AL TERMINE,OLTRE 54,NO,SI,0,2
202425,PESARO E URBINO,SCUOLA SECONDARIA I GRADO,NORMALE,FINO AL TERMINE,FINO A 34,NO,NO,10,26
202425,CASERTA,SCUOLA SECONDARIA I GRADO,SOSTEGNO,FINO AL TERMINE,TRA 35 E 44,NO,NO,4,28
202425,RIMINI,SCUOLA SECONDARIA II GRADO,NORMALE,ANNUALE,TRA 35 E 44,SI,SI,0,1
202425,GROSSETO,SCUOLA INFANZIA,SOSTEGNO,FINO AL TERMINE,TRA 35 E 44,NO,NO,0,1
202425,IMPERIA,SCUOLA INFANZIA,SOSTEGNO,FINO AL TERMINE,FINO A 34,NO,SI,0,6
202425,RAVENNA,SCUOLA SECONDARIA I GRADO,NORMALE,ANNUALE,FINO A 34,SI,SI,0,1
202425,SASSARI,SCUOLA SECONDARIA I GRADO,SOSTEGNO,FINO AL TERMINE,FINO A 34,NO,NO,5,4
202425,NUORO,SCUOLA SECONDARIA I GRADO,NORMALE,FINO AL TERMINE,TRA 35 E 44,NO,SI,3,4
202425,GENOVA,SCUOLA SECONDARIA I GRADO,SOSTEGNO,FINO AL TERMINE,OLTRE 54,NO,NO,1,8
202425,VARESE,SCUOLA INFANZIA,SOSTEGNO,FINO AL TERMINE,FINO A 34,NO,SI,0,10
202425,FORLI'-CESENA,SCUOLA SECONDARIA II GRADO,SOSTEGNO,FINO AL TERMINE,FINO A 34,NO,NO,4,7
202425,ASTI,SCUOLA SECONDARIA II GRADO,SOSTEGNO,ANNUALE,TRA 35 E 44,SI,SI,0,4
202425,MATERA,SCUOLA SECONDARIA II GRADO,NORMALE,FINO AL TERMINE,FINO A 34,NO,SI,3,4
202425,CREMONA,SCUOLA SECONDARIA II GRADO,NORMALE,ANNUALE,FINO A 34,SI,SI,0,1
202425,CAMPOBASSO,SCUOLA SECONDARIA II GRADO,NORMALE,ANNUALE,TRA 35 E 44,NO,SI,11,19
202425,AREZZO,SCUOLA INFANZIA,SOSTEGNO,FINO AL TERMINE,OLTRE 54,NO,NO,0,4
202425,MANTOVA,SCUOLA PRIMARIA,SOSTEGNO,FINO AL TERMINE,OLTRE 54,NO,SI,1,13
202425,BRINDISI,SCUOLA SECONDARIA II GRADO,NORMALE,FINO AL TERMINE,TRA 45 E 54,NO,NO,11,26
202425,VICENZA,SCUOLA PRIMARIA,SOSTEGNO,ANNUALE,TRA 45 E 54,NO,SI,7,87
202425,FROSINONE,SCUOLA SECONDARIA I GRADO,NORMALE,FINO AL TERMINE,FINO A 34,NO,NO,4,10
202425,ALESSANDRIA,SCUOLA SECONDARIA I GRADO,NORMALE,FINO AL TERMINE,TRA 35 E 44,NO,NO,3,8
202425,PESCARA,SCUOLA PRIMARIA,SOSTEGNO,FINO AL TERMINE,FINO A 34,NO,SI,1,56
202425,BARLETTA-ANDRIA-TRANI,SCUOLA INFANZIA,SOSTEGNO,ANNUALE,OLTRE 54,NO,SI,0,1
202425,FERRARA,SCUOLA SECONDARIA II GRADO,SOSTEGNO,FINO AL TERMINE,OLTRE 54,NO,NO,1,2
202425,IMPERIA,SCUOLA INFANZIA,NORMALE,FINO AL TERMINE,FINO A 34,NO,SI,0,1
202425,CAGLIARI,SCUOLA PRIMARIA,SOSTEGNO,FINO AL TERMINE,TRA 45 E 54,NO,SI,4,150
202425,SIENA,SCUOLA PRIMARIA,SOSTEGNO,FINO AL TERMINE,TRA 35 E 44,NO,SI,3,46
202425,LODI,SCUOLA SECONDARIA II GRADO,SOSTEGNO,ANNUALE,TRA 35 E 44,SI,SI,1,2
202425,RAGUSA,SCUOLA INFANZIA,SOSTEGNO,FINO AL TERMINE,TRA 45 E 54,NO,NO,0,8
202425,VITERBO,SCUOLA SECONDARIA II GRADO,NORMALE,FINO AL TERMINE,FINO A 34,NO,SI,11,11
202425,POTENZA,SCUOLA PRIMARIA,SOSTEGNO,ANNUALE,TRA 35 E 44,SI,SI,1,5
202425,SUD SARDEGNA,SCUOLA SECONDARIA I GRADO,SOSTEGNO,FINO AL TERMINE,FINO A 34,NO,NO,0,8
202425,ISERNIA,SCUOLA INFANZIA,SOSTEGNO,FINO AL TERMINE,OLTRE 54,NO,NO,0,1
202425,VENEZIA,SCUOLA INFANZIA,NORMALE,FINO AL TERMINE,TRA 45 E 54,NO,SI,0,12
202425,VITERBO,SCUOLA SECONDARIA II GRADO,SOSTEGNO,ANNUALE,TRA 35 E 44,SI,NO,0,1
202425,LUCCA,SCUOLA SECONDARIA II GRADO,SOSTEGNO,ANNUALE,TRA 45 E 54,SI,SI,0,1
202425,SIENA,SCUOLA SECONDARIA II GRADO,SOSTEGNO,FINO AL TERMINE,OLTRE 54,NO,NO,0,1
202425,GORIZIA,SCUOLA PRIMARIA,NORMALE,ANNUALE,TRA 45 E 54,NO,SI,0,2
202425,REGGIO CALABRIA,SCUOLA PRIMARIA,SOSTEGNO,FINO AL TERMINE,OLTRE 54,NO,SI,7,30
202425,ALESSANDRIA,SCUOLA SECONDARIA II GRADO,SOSTEGNO,ANNUALE,FINO A 34,NO,SI,0,1
202425,BERGAMO,SCUOLA INFANZIA,SOSTEGNO,FINO AL TERMINE,FINO A 34,NO,SI,0,25
202425,CASERTA,SCUOLA SECONDARIA I GRADO,SOSTEGNO,ANNUALE,TRA 35 E 44,SI,SI,0,5
202425,RIMINI,SCUOLA PRIMARIA,SOSTEGNO,ANNUALE,TRA 45 E 54,NO,SI,0,2
202425,BRINDISI,SCUOLA PRIMARIA,NORMALE,ANNUALE,OLTRE 54,NO,SI,0,4
202425,CALTANISSETTA,SCUOLA SECONDARIA I GRADO,NORMALE,FINO AL TERMINE,FINO A 34,NO,SI,0,9
202425,CATANZARO,SCUOLA INFANZIA,SOSTEGNO,FINO AL TERMINE,TRA 45 E 54,NO,NO,0,8
202425,BARLETTA-ANDRIA-TRANI,SCUOLA SECONDARIA I GRADO,NORMALE,ANNUALE,FINO A 34,NO,SI,5,6
202425,PIACENZA,SCUOLA PRIMARIA,NORMALE,ANNUALE,OLTRE 54,NO,SI,1,4
202425,ALESSANDRIA,SCUOLA INFANZIA,SOSTEGNO,FINO AL TERMINE,TRA 35 E 44,NO,SI,0,33
202425,ISERNIA,SCUOLA SECONDARIA II GRADO,SOSTEGNO,FINO AL TERMINE,TRA 45 E 54,NO,SI,2,8
202425,AVELLINO,SCUOLA SECONDARIA II GRADO,NORMALE,ANNUALE,FINO A 34,NO,SI,11,20
202425,ALESSANDRIA,SCUOLA INFANZIA,NORMALE,FINO AL TERMINE,OLTRE 54,NO,NO,0,3
202425,PORDENONE,SCUOLA PRIMARIA,SOSTEGNO,FINO AL TERMINE,OLTRE 54,NO,SI,1,8
202425,VENEZIA,SCUOLA SECONDARIA I GRADO,NORMALE,FINO AL TERMINE,TRA 45 E 54,NO,SI,6,12
202425,AREZZO,SCUOLA SECONDARIA II GRADO,NORMALE,FINO AL TERMINE,TRA 45 E 54,NO,SI,4,12
202425,ASCOLI PICENO,SCUOLA PRIMARIA,NORMALE,FINO AL TERMINE,TRA 45 E 54,NO,SI,0,9
202425,TORINO,SCUOLA INFANZIA,SOSTEGNO,FINO AL TERMINE,TRA 45 E 54,NO,NO,0,17
202425,CAMPOBASSO,SCUOLA SECONDARIA I GRADO,NORMALE,ANNUALE,TRA 35 E 44,NO,SI,1,2
202425,BENEVENTO,SCUOLA SECONDARIA II GRADO,SOSTEGNO,FINO AL TERMINE,TRA 45 E 54,NO,SI,2,6
202425,VITERBO,SCUOLA PRIMARIA,SOSTEGNO,ANNUALE,FINO A 34,NO,SI,0,2
202425,PAVIA,SCUOLA SECONDARIA I GRADO,NORMALE,FINO AL TERMINE,TRA 45 E 54,NO,NO,3,12
202425,UDINE,SCUOLA SECONDARIA II GRADO,NORMALE,ANNUALE,FINO A 34,SI,SI,0,1
202425,BIELLA,SCUOLA INFANZIA,SOSTEGNO,ANNUALE,TRA 45 E 54,NO,SI,0,1
202425,TARANTO,SCUOLA SECONDARIA I GRADO,NORMALE,FINO AL TERMINE,TRA 35 E 44,NO,NO,6,11
202425,FIRENZE,SCUOLA INFANZIA,NORMALE,FINO AL TERMINE,OLTRE 54,NO,NO,0,5
202425,TERNI,SCUOLA INFANZIA,SOSTEGNO,ANNUALE,TRA 45 E 54,SI,SI,0,1
202425,LA SPEZIA,SCUOLA SECONDARIA II GRADO,NORMALE,FINO AL TERMINE,FINO A 34,NO,NO,6,11
202425,LATINA,SCUOLA SECONDARIA I GRADO,NORMALE,FINO AL TERMINE,TRA 45 E 54,NO,SI,2,10
202425,PESCARA,SCUOLA SECONDARIA II GRADO,NORMALE,FINO AL TERMINE,TRA 35 E 44,NO,SI,3,5
202425,SUD SARDEGNA,SCUOLA SECONDARIA II GRADO,NORMALE,ANNUALE,TRA 35 E 44,NO,SI,32,35
202425,IMPERIA,SCUOLA SECONDARIA II GRADO,NORMALE,ANNUALE,FINO A 34,NO,SI,21,31
202425,ISERNIA,SCUOLA SECONDARIA II GRADO,SOSTEGNO,FINO AL TERMINE,TRA 35 E 44,NO,SI,2,11
202425,CAGLIARI,SCUOLA INFANZIA,SOSTEGNO,FINO AL TERMINE,TRA 45 E 54,NO,SI,2,50
202425,IMPERIA,SCUOLA INFANZIA,SOSTEGNO,ANNUALE,OLTRE 54,NO,SI,0,8
202425,SASSARI,SCUOLA INFANZIA,NORMALE,ANNUALE,TRA 35 E 44,NO,SI,0,3
202425,ROVIGO,SCUOLA SECONDARIA II GRADO,NORMALE,ANNUALE,TRA 35 E 44,SI,SI,0,1
202425,VARESE,SCUOLA SECONDARIA I GRADO,NORMALE,ANNUALE,TRA 35 E 44,SI,NO,0,1
202425,LUCCA,SCUOLA INFANZIA,SOSTEGNO,FINO AL TERMINE,TRA 35 E 44,NO,NO,0,5
202425,FIRENZE,SCUOLA SECONDARIA I GRADO,NORMALE,FINO AL TERMINE,OLTRE 54,NO,NO,7,10
202425,PAVIA,SCUOLA PRIMARIA,SOSTEGNO,FINO AL TERMINE,OLTRE 54,NO,NO,0,1
202425,RAGUSA,SCUOLA PRIMARIA,NORMALE,FINO AL TERMINE,FINO A 34,NO,NO,2,5
202425,AVELLINO,SCUOLA INFANZIA,NORMALE,FINO AL TERMINE,TRA 45 E 54,NO,SI,0,6
202425,IMPERIA,SCUOLA SECONDARIA II GRADO,NORMALE,FINO AL TERMINE,FINO A 34,NO,SI,4,5
202425,CATANIA,SCUOLA SECONDARIA I GRADO,NORMALE,ANNUALE,OLTRE 54,NO,SI,0,2
202425,VENEZIA,SCUOLA PRIMARIA,NORMALE,FINO AL TERMINE,TRA 35 E 44,NO,SI,3,51
202425,MASSA-CARRARA,SCUOLA PRIMARIA,SOSTEGNO,FINO AL TERMINE,TRA 35 E 44,NO,SI,2,23
202425,MONZA E DELLA BRIANZA,SCUOLA INFANZIA,SOSTEGNO,ANNUALE,TRA 35 E 44,SI,SI,1,7
202425,COMO,SCUOLA INFANZIA,NORMALE,FINO AL TERMINE,FINO A 34,NO,NO,0,5
202425,PISTOIA,SCUOLA INFANZIA,NORMALE,ANNUALE,TRA 45 E 54,NO,SI,0,9
202425,AREZZO,SCUOLA PRIMARIA,NORMALE,FINO AL TERMINE,OLTRE 54,NO,SI,0,5
202425,VIBO VALENTIA,SCUOLA SECONDARIA I GRADO,SOSTEGNO,ANNUALE,TRA 35 E 44,SI,SI,1,0
202425,GORIZIA,SCUOLA INFANZIA,SOSTEGNO,ANNUALE,FINO A 34,NO,SI,0,1
202425,LUCCA,SCUOLA SECONDARIA II GRADO,SOSTEGNO,ANNUALE,TRA 35 E 44,SI,SI,0,1
202425,VERONA,SCUOLA INFANZIA,SOSTEGNO,ANNUALE,TRA 35 E 44,SI,SI,0,1
202425,AVELLINO,SCUOLA SECONDARIA II GRADO,NORMALE,FINO AL TERMINE,TRA 35 E 44,NO,SI,6,17
202425,LODI,SCUOLA PRIMARIA,NORMALE,FINO AL TERMINE,FINO A 34,NO,SI,5,30
202425,CHIETI,SCUOLA PRIMARIA,SOSTEGNO,ANNUALE,TRA 45 E 54,SI,SI,0,1
202425,MACERATA,SCUOLA SECONDARIA II GRADO,SOSTEGNO,FINO AL TERMINE,OLTRE 54,NO,SI,2,7
202425,ORISTANO,SCUOLA SECONDARIA II GRADO,SOSTEGNO,FINO AL TERMINE,FINO A 34,NO,SI,1,5
202425,NUORO,SCUOLA INFANZIA,NORMALE,ANNUALE,OLTRE 54,NO,SI,0,1
202425,CROTONE,SCUOLA SECONDARIA II GRADO,NORMALE,ANNUALE,FINO A 34,NO,NO,0,1
202425,NUORO,SCUOLA SECONDARIA II GRADO,NORMALE,FINO AL TERMINE,TRA 45 E 54,NO,NO,8,29
202425,RAGUSA,SCUOLA INFANZIA,NORMALE,FINO AL TERMINE,TRA 45 E 54,NO,SI,0,18
202425,ANCONA,SCUOLA PRIMARIA,SOSTEGNO,ANNUALE,FINO A 34,SI,SI,0,5
202425,TRIESTE,SCUOLA INFANZIA,NORMALE,ANNUALE,TRA 45 E 54,NO,SI,0,2
202425,LODI,SCUOLA SECONDARIA I GRADO,SOSTEGNO,FINO AL TERMINE,FINO A 34,NO,SI,10,18
202425,CREMONA,SCUOLA INFANZIA,SOSTEGNO,FINO AL TERMINE,TRA 35 E 44,NO,NO,0,5
202425,ISERNIA,SCUOLA PRIMARIA,SOSTEGNO,FINO AL TERMINE,FINO A 34,NO,SI,0,6
202425,REGGIO EMILIA,SCUOLA PRIMARIA,SOSTEGNO,ANNUALE,TRA 45 E 54,NO,SI,0,32
202425,LECCO,SCUOLA SECONDARIA II GRADO,SOSTEGNO,ANNUALE,FINO A 34,SI,SI,0,4
202425,CAMPOBASSO,SCUOLA SECONDARIA II GRADO,SOSTEGNO,FINO AL TERMINE,FINO A 34,NO,SI,0,23
202425,SIRACUSA,SCUOLA INFANZIA,SOSTEGNO,FINO AL TERMINE,TRA 45 E 54,NO,SI,0,71
202425,FROSINONE,SCUOLA SECONDARIA II GRADO,NORMALE,FINO AL TERMINE,TRA 45 E 54,NO,NO,17,35
202425,TRIESTE,SCUOLA SECONDARIA II GRADO,NORMALE,FINO AL TERMINE,TRA 35 E 44,NO,NO,15,16
202425,ROMA,SCUOLA SECONDARIA I GRADO,NORMALE,ANNUALE,TRA 45 E 54,SI,SI,0,2
202425,FORLI'-CESENA,SCUOLA PRIMARIA,NORMALE,ANNUALE,TRA 45 E 54,NO,SI,1,2
202425,NOVARA,SCUOLA PRIMARIA,SOSTEGNO,ANNUALE,FINO A 34,NO,SI,1,7
202425,TRIESTE,SCUOLA INFANZIA,NORMALE,FINO AL TERMINE,TRA 35 E 44,NO,SI,0,2
202425,VERCELLI,SCUOLA INFANZIA,NORMALE,FINO AL TERMINE,TRA 45 E 54,NO,SI,0,3
202425,PRATO,SCUOLA PRIMARIA,NORMALE,FINO AL TERMINE,TRA 45 E 54,NO,NO,0,5
202425,PALERMO,SCUOLA SECONDARIA I GRADO,SOSTEGNO,ANNUALE,TRA 45 E 54,NO,SI,0,1
202425,CALTANISSETTA,SCUOLA INFANZIA,NORMALE,FINO AL TERMINE,TRA 45 E 54,NO,NO,0,1
202425,SASSARI,SCUOLA INFANZIA,SOSTEGNO,FINO AL TERMINE,OLTRE 54,NO,SI,1,30
202425,SONDRIO,SCUOLA PRIMARIA,SOSTEGNO,ANNUALE,TRA 35 E 44,NO,SI,1,11
202425,RIETI,SCUOLA INFANZIA,NORMALE,ANNUALE,TRA 35 E 44,NO,SI,0,2
202425,MACERATA,SCUOLA SECONDARIA II GRADO,NORMALE,FINO AL TERMINE,OLTRE 54,NO,NO,7,7
202425,BARLETTA-ANDRIA-TRANI,SCUOLA SECONDARIA I GRADO,NORMALE,FINO AL TERMINE,TRA 45 E 54,NO,NO,2,11
202425,SAVONA,SCUOLA SECONDARIA II GRADO,NORMALE,FINO AL TERMINE,TRA 45 E 54,NO,NO,11,16
202425,PRATO,SCUOLA PRIMARIA,SOSTEGNO,FINO AL TERMINE,FINO A 34,NO,NO,5,15
202425,CATANZARO,SCUOLA SECONDARIA II GRADO,NORMALE,ANNUALE,OLTRE 54,NO,SI,2,0
202425,BOLOGNA,SCUOLA PRIMARIA,NORMALE,FINO AL TERMINE,OLTRE 54,NO,SI,0,6
202425,ASTI,SCUOLA SECONDARIA II GRADO,NORMALE,FINO AL TERMINE,OLTRE 54,NO,SI,3,2
202425,BERGAMO,SCUOLA SECONDARIA I GRADO,SOSTEGNO,FINO AL TERMINE,FINO A 34,NO,NO,13,24
202425,VENEZIA,SCUOLA SECONDARIA I GRADO,SOSTEGNO,FINO AL TERMINE,TRA 35 E 44,NO,NO,3,11
202425,SALERNO,SCUOLA SECONDARIA I GRADO,NORMALE,FINO AL TERMINE,OLTRE 54,NO,NO,8,3
202425,SALERNO,SCUOLA SECONDARIA II GRADO,NORMALE,FINO AL TERMINE,TRA 35 E 44,NO,NO,37,66
202425,ASCOLI PICENO,SCUOLA INFANZIA,NORMALE,FINO AL TERMINE,OLTRE 54,NO,NO,0,3
202425,CUNEO,SCUOLA SECONDARIA I GRADO,SOSTEGNO,ANNUALE,TRA 45 E 54,NO,NO,0,1
202425,PISTOIA,SCUOLA SECONDARIA I GRADO,NORMALE,FINO AL TERMINE,FINO A 34,NO,NO,7,7
202425,BELLUNO,SCUOLA INFANZIA,SOSTEGNO,FINO AL TERMINE,OLTRE 54,NO,SI,1,3
202425,PAVIA,SCUOLA SECONDARIA I GRADO,SOSTEGNO,FINO AL TERMINE,TRA 35 E 44,NO,NO,1,6
202425,ROMA,SCUOLA SECONDARIA II GRADO,NORMALE,FINO AL TERMINE,FINO A 34,NO,SI,110,166
202425,ALESSANDRIA,SCUOLA SECONDARIA II GRADO,NORMALE,FINO AL TERMINE,FINO A 34,NO,SI,14,26
202425,NOVARA,SCUOLA PRIMARIA,NORMALE,FINO AL TERMINE,OLTRE 54,NO,SI,0,1
202425,FIRENZE,SCUOLA PRIMARIA,NORMALE,FINO AL TERMINE,FINO A 34,NO,SI,5,128
202425,SASSARI,SCUOLA SECONDARIA II GRADO,NORMALE,FINO AL TERMINE,TRA 35 E 44,NO,NO,20,45
202425,RAGUSA,SCUOLA SECONDARIA II GRADO,NORMALE,FINO AL TERMINE,TRA 35 E 44,NO,SI,7,16
202425,VERBANO-CUSIO-OSSOLA,SCUOLA PRIMARIA,NORMALE,FINO AL TERMINE,TRA 35 E 44,NO,NO,1,4
202425,SASSARI,SCUOLA SECONDARIA II GRADO,SOSTEGNO,ANNUALE,TRA 45 E 54,SI,SI,0,1
202425,CAMPOBASSO,SCUOLA INFANZIA,SOSTEGNO,FINO AL TERMINE,TRA 35 E 44,NO,NO,0,1
202425,BELLUNO,SCUOLA PRIMARIA,NORMALE,ANNUALE,OLTRE 54,NO,NO,1,0
202425,PERUGIA,SCUOLA INFANZIA,SOSTEGNO,FINO AL TERMINE,FINO A 34,NO,NO,0,6
202425,RIMINI,SCUOLA SECONDARIA II GRADO,SOSTEGNO,FINO AL TERMINE,OLTRE 54,NO,NO,2,1
202425,GROSSETO,SCUOLA PRIMARIA,SOSTEGNO,ANNUALE,TRA 45 E 54,SI,SI,0,3
202425,NAPOLI,SCUOLA SECONDARIA II GRADO,NORMALE,ANNUALE,TRA 45 E 54,NO,NO,2,2
202425,ORISTANO,SCUOLA SECONDARIA I GRADO,SOSTEGNO,FINO AL TERMINE,FINO A 34,NO,SI,2,2
202425,ASCOLI PICENO,SCUOLA SECONDARIA II GRADO,SOSTEGNO,FINO AL TERMINE,TRA 45 E 54,NO,SI,7,16
202425,NUORO,SCUOLA PRIMARIA,NORMALE,ANNUALE,TRA 35 E 44,NO,NO,0,1
202425,BERGAMO,SCUOLA SECONDARIA II GRADO,NORMALE,ANNUALE,TRA 35 E 44,NO,NO,2,4
202425,RAVENNA,SCUOLA SECONDARIA II GRADO,NORMALE,FINO AL TERMINE,OLTRE 54,NO,NO,13,9
202425,VERCELLI,SCUOLA SECONDARIA II GRADO,NORMALE,FINO AL TERMINE,TRA 45 E 54,NO,NO,10,9
202425,L'AQUILA,SCUOLA INFANZIA,NORMALE,FINO AL TERMINE,TRA 35 E 44,NO,SI,0,5
202425,PRATO,SCUOLA PRIMARIA,NORMALE,ANNUALE,FINO A 34,NO,SI,1,36
202425,BELLUNO,SCUOLA PRIMARIA,SOSTEGNO,FINO AL TERMINE,OLTRE 54,NO,SI,0,2
202425,VENEZIA,SCUOLA SECONDARIA II GRADO,NORMALE,ANNUALE,TRA 45 E 54,NO,NO,1,3
202425,CUNEO,SCUOLA INFANZIA,SOSTEGNO,ANNUALE,TRA 45 E 54,NO,NO,0,1
202425,VERONA,SCUOLA SECONDARIA II GRADO,NORMALE,FINO AL TERMINE,TRA 35 E 44,NO,SI,18,30
202425,SUD SARDEGNA,SCUOLA INFANZIA,NORMALE,ANNUALE,TRA 35 E 44,NO,SI,0,1
202425,MESSINA,SCUOLA PRIMARIA,SOSTEGNO,ANNUALE,TRA 45 E 54,NO,SI,0,1
202425,COSENZA,SCUOLA SECONDARIA I GRADO,NORMALE,ANNUALE,FINO A 34,NO,SI,5,9
202425,LATINA,SCUOLA SECONDARIA II GRADO,NORMALE,ANNUALE,FINO A 34,NO,NO,0,3
202425,LECCO,SCUOLA SECONDARIA II GRADO,SOSTEGNO,FINO AL TERMINE,TRA 45 E 54,NO,SI,7,18
202425,CAMPOBASSO,SCUOLA SECONDARIA II GRADO,NORMALE,FINO AL TERMINE,TRA 45 E 54,NO,SI,6,3
202425,TORINO,SCUOLA SECONDARIA II GRADO,NORMALE,ANNUALE,TRA 35 E 44,SI,SI,0,1
202425,LATINA,SCUOLA SECONDARIA I GRADO,NORMALE,FINO AL TERMINE,FINO A 34,NO,SI,6,9
202425,AGRIGENTO,SCUOLA PRIMARIA,NORMALE,FINO AL TERMINE,TRA 45 E 54,NO,SI,1,5
202425,FIRENZE,SCUOLA PRIMARIA,NORMALE,FINO AL TERMINE,TRA 45 E 54,NO,SI,2,38
202425,VERCELLI,SCUOLA PRIMARIA,NORMALE,FINO AL TERMINE,TRA 45 E 54,NO,SI,1,6
202425,PISTOIA,SCUOLA SECONDARIA II GRADO,NORMALE,FINO AL TERMINE,TRA 35 E 44,NO,NO,15,19
202425,PESARO E URBINO,SCUOLA PRIMARIA,NORMALE,FINO AL TERMINE,TRA 45 E 54,NO,NO,2,6
202425,MANTOVA,SCUOLA SECONDARIA I GRADO,NORMALE,ANNUALE,TRA 35 E 44,SI,NO,0,1
202425,MANTOVA,SCUOLA SECONDARIA I GRADO,SOSTEGNO,ANNUALE,FINO A 34,NO,SI,0,1
202425,IMPERIA,SCUOLA INFANZIA,SOSTEGNO,ANNUALE,TRA 45 E 54,NO,SI,0,4
202425,PISA,SCUOLA PRIMARIA,NORMALE,ANNUALE,OLTRE 54,NO,SI,0,1
202425,CAMPOBASSO,SCUOLA INFANZIA,NORMALE,ANNUALE,OLTRE 54,NO,SI,0,1
202425,RIETI,SCUOLA INFANZIA,SOSTEGNO,FINO AL TERMINE,TRA 45 E 54,NO,SI,0,30
202425,TORINO,SCUOLA SECONDARIA II GRADO,NORMALE,FINO AL TERMINE,OLTRE 54,NO,NO,28,38
202425,LUCCA,SCUOLA INFANZIA,NORMALE,ANNUALE,OLTRE 54,NO,SI,1,4
202425,RAGUSA,SCUOLA SECONDARIA I GRADO,NORMALE,ANNUALE,TRA 45 E 54,NO,SI,3,6
202425,VERCELLI,SCUOLA PRIMARIA,SOSTEGNO,FINO AL TERMINE,FINO A 34,NO,SI,14,86
202425,ALESSANDRIA,SCUOLA PRIMARIA,SOSTEGNO,ANNUALE,OLTRE 54,NO,SI,1,33
202425,L'AQUILA,SCUOLA INFANZIA,SOSTEGNO,FINO AL TERMINE,OLTRE 54,NO,SI,0,20
202425,PERUGIA,SCUOLA INFANZIA,NORMALE,FINO AL TERMINE,FINO A 34,NO,SI,0,4
202425,AVELLINO,SCUOLA SECONDARIA II GRADO,SOSTEGNO,FINO AL TERMINE,TRA 35 E 44,NO,NO,1,9
202425,TERAMO,SCUOLA PRIMARIA,SOSTEGNO,ANNUALE,TRA 45 E 54,SI,SI,0,3
202425,LECCO,SCUOLA PRIMARIA,SOSTEGNO,ANNUALE,TRA 45 E 54,NO,NO,0,1
202425,ASCOLI PICENO,SCUOLA SECONDARIA I GRADO,NORMALE,FINO AL TERMINE,FINO A 34,NO,SI,2,1
202425,SALERNO,SCUOLA INFANZIA,NORMALE,FINO AL TERMINE,TRA 35 E 44,NO,SI,0,2
202425,FERRARA,SCUOLA PRIMARIA,SOSTEGNO,FINO AL TERMINE,TRA 45 E 54,NO,NO,1,4
202425,LECCO,SCUOLA PRIMARIA,NORMALE,ANNUALE,FINO A 34,NO,SI,10,24
202425,VITERBO,SCUOLA SECONDARIA I GRADO,NORMALE,FINO AL TERMINE,TRA 35 E 44,NO,NO,3,11
202425,SUD SARDEGNA,SCUOLA INFANZIA,SOSTEGNO,FINO AL TERMINE,TRA 35 E 44,NO,SI,0,10
202425,ENNA,SCUOLA SECONDARIA II GRADO,NORMALE,FINO AL TERMINE,OLTRE 54,NO,SI,3,1
202425,TRAPANI,SCUOLA SECONDARIA II GRADO,NORMALE,FINO AL TERMINE,TRA 45 E 54,NO,NO,18,18
202425,SASSARI,SCUOLA SECONDARIA II GRADO,SOSTEGNO,FINO AL TERMINE,TRA 45 E 54,NO,SI,50,187
202425,BRESCIA,SCUOLA SECONDARIA I GRADO,NORMALE,ANNUALE,TRA 35 E 44,NO,SI,6,24
202425,RIETI,SCUOLA SECONDARIA II GRADO,SOSTEGNO,FINO AL TERMINE,TRA 35 E 44,NO,SI,9,31
202425,CREMONA,SCUOLA SECONDARIA II GRADO,NORMALE,FINO AL TERMINE,TRA 45 E 54,NO,SI,6,9
202425,VERONA,SCUOLA SECONDARIA II GRADO,SOSTEGNO,FINO AL TERMINE,OLTRE 54,NO,NO,0,2
202425,SIENA,SCUOLA SECONDARIA II GRADO,SOSTEGNO,ANNUALE,OLTRE 54,SI,SI,0,1
202425,CREMONA,SCUOLA SECONDARIA II GRADO,SOSTEGNO,FINO AL TERMINE,TRA 45 E 54,NO,SI,9,38
202425,MESSINA,SCUOLA SECONDARIA II GRADO,NORMALE,ANNUALE,TRA 45 E 54,NO,NO,1,0
202425,VERBANO-CUSIO-OSSOLA,SCUOLA SECONDARIA I GRADO,NORMALE,FINO AL TERMINE,TRA 45 E 54,NO,SI,2,4
202425,IMPERIA,SCUOLA SECONDARIA I GRADO,NORMALE,FINO AL TERMINE,OLTRE 54,NO,SI,1,1
202425,NUORO,SCUOLA PRIMARIA,SOSTEGNO,ANNUALE,TRA 45 E 54,SI,SI,0,12
202425,MILANO,SCUOLA PRIMARIA,SOSTEGNO,FINO AL TERMINE,FINO A 34,NO,SI,284,1175
202425,AREZZO,SCUOLA PRIMARIA,SOSTEGNO,FINO AL TERMINE,OLTRE 54,NO,SI,6,46
202425,LUCCA,SCUOLA PRIMARIA,SOSTEGNO,FINO AL TERMINE,TRA 45 E 54,NO,NO,1,27
202425,VICENZA,SCUOLA SECONDARIA I GRADO,NORMALE,FINO AL TERMINE,OLTRE 54,NO,NO,3,9
202425,BIELLA,SCUOLA SECONDARIA I GRADO,SOSTEGNO,FINO AL TERMINE,OLTRE 54,NO,NO,0,2
202425,LIVORNO,SCUOLA SECONDARIA II GRADO,SOSTEGNO,FINO AL TERMINE,TRA 35 E 44,NO,NO,0,9
202425,NAPOLI,SCUOLA INFANZIA,NORMALE,FINO AL TERMINE,OLTRE 54,NO,NO,0,15
202425,TORINO,SCUOLA PRIMARIA,NORMALE,FINO AL TERMINE,FINO A 34,NO,NO,67,100
202425,MACERATA,SCUOLA INFANZIA,NORMALE,FINO AL TERMINE,FINO A 34,NO,SI,0,3
202425,RIETI,SCUOLA SECONDARIA II GRADO,NORMALE,FINO AL TERMINE,FINO A 34,NO,NO,7,6
202425,PADOVA,SCUOLA SECONDARIA I GRADO,SOSTEGNO,ANNUALE,TRA 35 E 44,SI,SI,4,11
202425,VITERBO,SCUOLA INFANZIA,SOSTEGNO,FINO AL TERMINE,TRA 45 E 54,NO,NO,0,12
202425,ALESSANDRIA,SCUOLA SECONDARIA II GRADO,NORMALE,FINO AL TERMINE,TRA 35 E 44,NO,SI,6,16
202425,SAVONA,SCUOLA PRIMARIA,NORMALE,ANNUALE,TRA 45 E 54,NO,SI,0,2
202425,LODI,SCUOLA PRIMARIA,SOSTEGNO,FINO AL TERMINE,FINO A 34,NO,NO,2,6
202425,POTENZA,SCUOLA PRIMARIA,SOSTEGNO,FINO AL TERMINE,OLTRE 54,NO,NO,0,4
202425,REGGIO EMILIA,SCUOLA SECONDARIA I GRADO,NORMALE,FINO AL TERMINE,FINO A 34,NO,SI,10,37
202425,CAGLIARI,SCUOLA PRIMARIA,NORMALE,FINO AL TERMINE,TRA 45 E 54,NO,NO,2,17
202425,ROVIGO,SCUOLA SECONDARIA II GRADO,NORMALE,FINO AL TERMINE,TRA 45 E 54,NO,SI,1,5
202425,ASTI,SCUOLA PRIMARIA,SOSTEGNO,ANNUALE,FINO A 34,NO,SI,0,10
202425,LECCO,SCUOLA PRIMARIA,SOSTEGNO,ANNUALE,FINO A 34,NO,NO,0,2
202425,TERAMO,SCUOLA SECONDARIA II GRADO,SOSTEGNO,FINO AL TERMINE,TRA 45 E 54,NO,SI,15,61
202425,GORIZIA,SCUOLA SECONDARIA I GRADO,SOSTEGNO,FINO AL TERMINE,FINO A 34,NO,NO,0,1
202425,BIELLA,SCUOLA PRIMARIA,NORMALE,ANNUALE,OLTRE 54,NO,SI,0,5
202425,SAVONA,SCUOLA PRIMARIA,SOSTEGNO,ANNUALE,OLTRE 54,NO,NO,0,1
202425,CREMONA,SCUOLA PRIMARIA,SOSTEGNO,ANNUALE,FINO A 34,NO,NO,0,1
202425,POTENZA,SCUOLA SECONDARIA II GRADO,SOSTEGNO,FINO AL TERMINE,OLTRE 54,NO,SI,1,3
202425,TARANTO,SCUOLA INFANZIA,NORMALE,FINO AL TERMINE,FINO A 34,NO,SI,0,1
202425,ROVIGO,SCUOLA SECONDARIA II GRADO,SOSTEGNO,ANNUALE,TRA 45 E 54,NO,SI,1,0
202425,FERRARA,SCUOLA PRIMARIA,NORMALE,FINO AL TERMINE,TRA 45 E 54,NO,NO,1,8
202425,LECCE,SCUOLA SECONDARIA II GRADO,NORMALE,ANNUALE,TRA 45 E 54,NO,NO,1,0
202425,VARESE,SCUOLA SECONDARIA II GRADO,NORMALE,ANNUALE,FINO A 34,NO,NO,1,1
202425,REGGIO CALABRIA,SCUOLA PRIMARIA,NORMALE,ANNUALE,TRA 35 E 44,NO,SI,2,1
202425,BARLETTA-ANDRIA-TRANI,SCUOLA SECONDARIA I GRADO,SOSTEGNO,FINO AL TERMINE,TRA 45 E 54,NO,NO,3,5
202425,PRATO,SCUOLA SECONDARIA I GRADO,NORMALE,ANNUALE,OLTRE 54,NO,SI,1,4
202425,RIMINI,SCUOLA PRIMARIA,NORMALE,ANNUALE,FINO A 34,NO,SI,1,1
202425,MANTOVA,SCUOLA SECONDARIA II GRADO,NORMALE,ANNUALE,FINO A 34,SI,NO,0,2
202425,MACERATA,SCUOLA INFANZIA,NORMALE,ANNUALE,TRA 35 E 44,NO,SI,0,3
202425,UDINE,SCUOLA SECONDARIA II GRADO,NORMALE,ANNUALE,TRA 45 E 54,NO,SI,22,17
202425,BIELLA,SCUOLA SECONDARIA I GRADO,SOSTEGNO,ANNUALE,TRA 35 E 44,SI,SI,3,5
202425,LIVORNO,SCUOLA SECONDARIA II GRADO,SOSTEGNO,ANNUALE,TRA 45 E 54,SI,NO,0,1
202425,PAVIA,SCUOLA INFANZIA,NORMALE,FINO AL TERMINE,TRA 35 E 44,NO,SI,0,6
202425,FORLI'-CESENA,SCUOLA PRIMARIA,SOSTEGNO,ANNUALE,OLTRE 54,SI,SI,1,3
202425,MATERA,SCUOLA PRIMARIA,SOSTEGNO,FINO AL TERMINE,TRA 35 E 44,NO,NO,0,7
202425,PALERMO,SCUOLA SECONDARIA I GRADO,NORMALE,FINO AL TERMINE,FINO A 34,NO,NO,7,13
202425,MASSA-CARRARA,SCUOLA SECONDARIA I GRADO,NORMALE,ANNUALE,TRA 45 E 54,NO,SI,0,8
202425,ASCOLI PICENO,SCUOLA PRIMARIA,NORMALE,FINO AL TERMINE,FINO A 34,NO,NO,4,15
202425,ASCOLI PICENO,SCUOLA SECONDARIA II GRADO,NORMALE,ANNUALE,FINO A 34,NO,NO,1,2
202425,MANTOVA,SCUOLA INFANZIA,SOSTEGNO,ANNUALE,TRA 45 E 54,SI,SI,0,1
202425,VICENZA,SCUOLA INFANZIA,NORMALE,FINO AL TERMINE,TRA 45 E 54,NO,SI,0,28
202425,FROSINONE,SCUOLA INFANZIA,SOSTEGNO,FINO AL TERMINE,OLTRE 54,NO,NO,0,10
202425,CATANZARO,SCUOLA SECONDARIA I GRADO,NORMALE,FINO AL TERMINE,TRA 45 E 54,NO,SI,3,6
202425,PAVIA,SCUOLA SECONDARIA II GRADO,NORMALE,FINO AL TERMINE,TRA 45 E 54,NO,SI,8,11
202425,LATINA,SCUOLA INFANZIA,NORMALE,FINO AL TERMINE,TRA 35 E 44,NO,SI,0,2
202425,ALESSANDRIA,SCUOLA SECONDARIA II GRADO,SOSTEGNO,FINO AL TERMINE,TRA 35 E 44,NO,NO,3,4
202425,VERONA,SCUOLA PRIMARIA,NORMALE,ANNUALE,OLTRE 54,NO,SI,0,2
202425,PARMA,SCUOLA SECONDARIA I GRADO,NORMALE,ANNUALE,OLTRE 54,NO,SI,1,0
202425,TERAMO,SCUOLA INFANZIA,NORMALE,FINO AL TERMINE,TRA 45 E 54,NO,NO,0,2
202425,FERRARA,SCUOLA SECONDARIA I GRADO,SOSTEGNO,ANNUALE,FINO A 34,NO,SI,0,2
202425,FORLI'-CESENA,SCUOLA PRIMARIA,SOSTEGNO,FINO AL TERMINE,TRA 35 E 44,NO,NO,0,8
202425,ISERNIA,SCUOLA INFANZIA,SOSTEGNO,FINO AL TERMINE,TRA 45 E 54,NO,SI,0,4
202425,CAGLIARI,SCUOLA INFANZIA,NORMALE,FINO AL TERMINE,OLTRE 54,NO,NO,0,1
202425,VERBANO-CUSIO-OSSOLA,SCUOLA INFANZIA,NORMALE,FINO AL TERMINE,TRA 35 E 44,NO,SI,0,4
202425,SIRACUSA,SCUOLA SECONDARIA II GRADO,NORMALE,ANNUALE,TRA 35 E 44,NO,SI,13,19
202425,BRESCIA,SCUOLA SECONDARIA I GRADO,SOSTEGNO,ANNUALE,OLTRE 54,NO,SI,1,0
202425,ASTI,SCUOLA PRIMARIA,SOSTEGNO,FINO AL TERMINE,TRA 35 E 44,NO,SI,3,26
202425,BRINDISI,SCUOLA SECONDARIA I GRADO,NORMALE,ANNUALE,OLTRE 54,NO,SI,2,2
202425,CUNEO,SCUOLA SECONDARIA II GRADO,SOSTEGNO,FINO AL TERMINE,OLTRE 54,NO,SI,10,4
202425,CROTONE,SCUOLA PRIMARIA,NORMALE,ANNUALE,FINO A 34,NO,SI,0,1
202425,VIBO VALENTIA,SCUOLA INFANZIA,SOSTEGNO,FINO AL TERMINE,TRA 45 E 54,NO,SI,0,17
202425,TERNI,SCUOLA SECONDARIA I GRADO,SOSTEGNO,FINO AL TERMINE,FINO A 34,NO,NO,1,0
202425,NUORO,SCUOLA SECONDARIA II GRADO,SOSTEGNO,FINO AL TERMINE,TRA 35 E 44,NO,NO,0,6
202425,PERUGIA,SCUOLA SECONDARIA I GRADO,NORMALE,FINO AL TERMINE,FINO A 34,NO,NO,9,29
202425,SAVONA,SCUOLA INFANZIA,SOSTEGNO,FINO AL TERMINE,FINO A 34,NO,SI,0,3
202425,VERBANO-CUSIO-OSSOLA,SCUOLA SECONDARIA I GRADO,SOSTEGNO,FINO AL TERMINE,FINO A 34,NO,NO,2,6
202425,FERMO,SCUOLA SECONDARIA II GRADO,NORMALE,FINO AL TERMINE,TRA 35 E 44,NO,NO,7,9
202425,AVELLINO,SCUOLA SECONDARIA I GRADO,NORMALE,ANNUALE,FINO A 34,NO,SI,2,18
202425,VENEZIA,SCUOLA INFANZIA,SOSTEGNO,FINO AL TERMINE,TRA 45 E 54,NO,NO,0,8
202425,NAPOLI,SCUOLA SECONDARIA II GRADO,NORMALE,FINO AL TERMINE,TRA 45 E 54,NO,NO,84,129
202425,VARESE,SCUOLA SECONDARIA I GRADO,NORMALE,FINO AL TERMINE,TRA 35 E 44,NO,NO,15,25
202425,RAVENNA,SCUOLA SECONDARIA II GRADO,SOSTEGNO,FINO AL TERMINE,FINO A 34,NO,SI,7,42
202425,VIBO VALENTIA,SCUOLA SECONDARIA II GRADO,SOSTEGNO,ANNUALE,OLTRE 54,SI,SI,0,1
202425,FIRENZE,SCUOLA SECONDARIA II GRADO,NORMALE,FINO AL TERMINE,OLTRE 54,NO,SI,10,15
202425,UDINE,SCUOLA PRIMARIA,NORMALE,FINO AL TERMINE,OLTRE 54,NO,NO,0,1
202425,FROSINONE,SCUOLA SECONDARIA I GRADO,NORMALE,FINO AL TERMINE,TRA 35 E 44,NO,SI,10,8
202425,PORDENONE,SCUOLA SECONDARIA II GRADO,SOSTEGNO,FINO AL TERMINE,FINO A 34,NO,NO,0,1
202425,GENOVA,SCUOLA INFANZIA,NORMALE,ANNUALE,TRA 45 E 54,NO,SI,0,2
202425,VERCELLI,SCUOLA INFANZIA,SOSTEGNO,FINO AL TERMINE,OLTRE 54,NO,SI,0,8
202425,MONZA E DELLA BRIANZA,SCUOLA SECONDARIA II GRADO,NORMALE,FINO AL TERMINE,TRA 35 E 44,NO,NO,18,39
202425,CASERTA,SCUOLA PRIMARIA,SOSTEGNO,FINO AL TERMINE,TRA 35 E 44,NO,SI,0,27
202425,ROMA,SCUOLA INFANZIA,NORMALE,FINO AL TERMINE,OLTRE 54,NO,SI,2,61
202425,COMO,SCUOLA SECONDARIA I GRADO,SOSTEGNO,ANNUALE,FINO A 34,SI,NO,0,1
202425,MODENA,SCUOLA INFANZIA,NORMALE,ANNUALE,TRA 35 E 44,NO,SI,0,4
202425,FROSINONE,SCUOLA PRIMARIA,NORMALE,FINO AL TERMINE,OLTRE 54,NO,SI,0,10
202425,BARI,SCUOLA INFANZIA,SOSTEGNO,FINO AL TERMINE,TRA 45 E 54,NO,SI,1,153
202425,LODI,SCUOLA SECONDARIA I GRADO,NORMALE,FINO AL TERMINE,FINO A 34,NO,SI,7,36
202425,NOVARA,SCUOLA SECONDARIA I GRADO,SOSTEGNO,ANNUALE,TRA 35 E 44,NO,NO,0,1
202425,PRATO,SCUOLA PRIMARIA,SOSTEGNO,ANNUALE,TRA 35 E 44,NO,SI,0,4
202425,NAPOLI,SCUOLA SECONDARIA I GRADO,SOSTEGNO,FINO AL TERMINE,FINO A 34,NO,SI,96,396
202425,CAGLIARI,SCUOLA SECONDARIA I GRADO,NORMALE,FINO AL TERMINE,TRA 45 E 54,NO,SI,3,6
202425,VICENZA,SCUOLA SECONDARIA II GRADO,SOSTEGNO,ANNUALE,TRA 35 E 44,SI,SI,1,1
202425,BRESCIA,SCUOLA INFANZIA,NORMALE,ANNUALE,TRA 35 E 44,NO,SI,0,6
202425,UDINE,SCUOLA PRIMARIA,SOSTEGNO,ANNUALE,OLTRE 54,SI,SI,1,3
202425,GENOVA,SCUOLA PRIMARIA,SOSTEGNO,ANNUALE,TRA 35 E 44,SI,SI,2,4
202425,FERRARA,SCUOLA SECONDARIA II GRADO,NORMALE,ANNUALE,FINO A 34,NO,SI,24,31
202425,FORLI'-CESENA,SCUOLA SECONDARIA I GRADO,NORMALE,FINO AL TERMINE,FINO A 34,NO,SI,9,23
202425,LECCO,SCUOLA SECONDARIA I GRADO,SOSTEGNO,ANNUALE,TRA 45 E 54,SI,SI,4,12
202425,BELLUNO,SCUOLA SECONDARIA II GRADO,NORMALE,ANNUALE,FINO A 34,NO,SI,34,21
202425,PALERMO,SCUOLA SECONDARIA II GRADO,SOSTEGNO,FINO AL TERMINE,OLTRE 54,NO,SI,9,23
202425,RAVENNA,SCUOLA PRIMARIA,NORMALE,FINO AL TERMINE,TRA 45 E 54,NO,SI,3,12
202425,BRINDISI,SCUOLA SECONDARIA I GRADO,SOSTEGNO,ANNUALE,TRA 35 E 44,NO,SI,0,1
202425,MONZA E DELLA BRIANZA,SCUOLA PRIMARIA,SOSTEGNO,FINO AL TERMINE,OLTRE 54,NO,NO,0,1
202425,SASSARI,SCUOLA SECONDARIA I GRADO,NORMALE,ANNUALE,OLTRE 54,NO,SI,2,5
202425,BARLETTA-ANDRIA-TRANI,SCUOLA SECONDARIA II GRADO,SOSTEGNO,FINO AL TERMINE,OLTRE 54,NO,NO,0,1
202425,BARI,SCUOLA SECONDARIA II GRADO,SOSTEGNO,FINO AL TERMINE,TRA 35 E 44,NO,NO,6,22
202425,LATINA,SCUOLA SECONDARIA II GRADO,SOSTEGNO,FINO AL TERMINE,TRA 35 E 44,NO,NO,7,11
202425,GROSSETO,SCUOLA SECONDARIA II GRADO,SOSTEGNO,FINO AL TERMINE,FINO A 34,NO,SI,10,23
202425,VERBANO-CUSIO-OSSOLA,SCUOLA INFANZIA,SOSTEGNO,FINO AL TERMINE,FINO A 34,NO,NO,0,1
202425,SIENA,SCUOLA INFANZIA,NORMALE,FINO AL TERMINE,TRA 35 E 44,NO,NO,0,1
202425,LODI,SCUOLA SECONDARIA II GRADO,SOSTEGNO,FINO AL TERMINE,OLTRE 54,NO,SI,1,6
202425,PRATO,SCUOLA SECONDARIA II GRADO,NORMALE,ANNUALE,TRA 35 E 44,NO,SI,12,16
202425,GENOVA,SCUOLA INFANZIA,SOSTEGNO,ANNUALE,TRA 45 E 54,NO,SI,0,2
202425,ORISTANO,SCUOLA PRIMARIA,SOSTEGNO,ANNUALE,FINO A 34,SI,SI,0,1
202425,ROMA,SCUOLA INFANZIA,NORMALE,FINO AL TERMINE,TRA 45 E 54,NO,SI,3,74
202425,GROSSETO,SCUOLA INFANZIA,SOSTEGNO,FINO AL TERMINE,TRA 35 E 44,NO,SI,0,6
202425,RAVENNA,SCUOLA PRIMARIA,SOSTEGNO,ANNUALE,FINO A 34,NO,SI,0,13
202425,MONZA E DELLA BRIANZA,SCUOLA PRIMARIA,SOSTEGNO,FINO AL TERMINE,OLTRE 54,NO,SI,2,27
202425,PISA,SCUOLA SECONDARIA I GRADO,SOSTEGNO,FINO AL TERMINE,TRA 45 E 54,NO,NO,4,9
202425,BENEVENTO,SCUOLA PRIMARIA,SOSTEGNO,ANNUALE,TRA 35 E 44,SI,SI,0,2
202425,RIETI,SCUOLA INFANZIA,SOSTEGNO,FINO AL TERMINE,TRA 45 E 54,NO,NO,0,4
202425,PIACENZA,SCUOLA INFANZIA,NORMALE,FINO AL TERMINE,TRA 35 E 44,NO,SI,0,5
202425,PERUGIA,SCUOLA SECONDARIA I GRADO,SOSTEGNO,FINO AL TERMINE,TRA 45 E 54,NO,NO,5,17
202425,LECCO,SCUOLA SECONDARIA I GRADO,NORMALE,FINO AL TERMINE,OLTRE 54,NO,SI,1,4
202425,CAGLIARI,SCUOLA PRIMARIA,NORMALE,FINO AL TERMINE,FINO A 34,NO,NO,5,6
202425,CUNEO,SCUOLA SECONDARIA II GRADO,NORMALE,ANNUALE,FINO A 34,NO,SI,41,45
202425,PADOVA,SCUOLA PRIMARIA,NORMALE,FINO AL TERMINE,TRA 35 E 44,NO,NO,6,29
202425,TORINO,SCUOLA SECONDARIA II GRADO,SOSTEGNO,ANNUALE,TRA 45 E 54,NO,SI,0,1
202425,VICENZA,SCUOLA SECONDARIA I GRADO,SOSTEGNO,ANNUALE,OLTRE 54,SI,SI,1,0
202425,VERONA,SCUOLA SECONDARIA II GRADO,SOSTEGNO,ANNUALE,TRA 45 E 54,SI,SI,0,1
202425,FIRENZE,SCUOLA PRIMARIA,SOSTEGNO,ANNUALE,TRA 45 E 54,NO,SI,0,1
202425,IMPERIA,SCUOLA SECONDARIA II GRADO,NORMALE,FINO AL TERMINE,TRA 45 E 54,NO,NO,15,13
202425,COMO,SCUOLA SECONDARIA II GRADO,SOSTEGNO,FINO AL TERMINE,TRA 35 E 44,NO,NO,1,3
202425,FIRENZE,SCUOLA SECONDARIA I GRADO,NORMALE,ANNUALE,TRA 35 E 44,NO,NO,1,5
202425,VICENZA,SCUOLA SECONDARIA II GRADO,NORMALE,FINO AL TERMINE,OLTRE 54,NO,NO,13,20
202425,NOVARA,SCUOLA INFANZIA,NORMALE,FINO AL TERMINE,OLTRE 54,NO,SI,0,3
202425,CUNEO,SCUOLA PRIMARIA,NORMALE,FINO AL TERMINE,FINO A 34,NO,NO,29,58
202425,L'AQUILA,SCUOLA SECONDARIA I GRADO,NORMALE,FINO AL TERMINE,OLTRE 54,NO,SI,1,3
202425,LA SPEZIA,SCUOLA PRIMARIA,SOSTEGNO,FINO AL TERMINE,TRA 45 E 54,NO,NO,0,11
202425,MONZA E DELLA BRIANZA,SCUOLA SECONDARIA I GRADO,NORMALE,FINO AL TERMINE,FINO A 34,NO,NO,21,43
202425,PISTOIA,SCUOLA SECONDARIA II GRADO,SOSTEGNO,FINO AL TERMINE,OLTRE 54,NO,SI,11,29
202425,ROMA,SCUOLA INFANZIA,SOSTEGNO,ANNUALE,TRA 45 E 54,SI,SI,1,40
202425,TORINO,SCUOLA PRIMARIA,SOSTEGNO,ANNUALE,TRA 45 E 54,NO,SI,10,103
202425,CALTANISSETTA,SCUOLA PRIMARIA,NORMALE,FINO AL TERMINE,FINO A 34,NO,SI,0,1
202425,MACERATA,SCUOLA PRIMARIA,NORMALE,ANNUALE,TRA 45 E 54,NO,SI,0,3
202425,SIENA,SCUOLA INFANZIA,NORMALE,ANNUALE,TRA 35 E 44,NO,SI,0,5
202425,GORIZIA,SCUOLA PRIMARIA,NORMALE,FINO AL TERMINE,FINO A 34,NO,NO,8,7
202425,RAGUSA,SCUOLA SECONDARIA I GRADO,SOSTEGNO,ANNUALE,TRA 35 E 44,SI,SI,0,2
202425,L'AQUILA,SCUOLA SECONDARIA I GRADO,SOSTEGNO,FINO AL TERMINE,FINO A 34,NO,SI,9,50
202425,PRATO,SCUOLA INFANZIA,NORMALE,FINO AL TERMINE,TRA 45 E 54,NO,NO,0,3
202425,CHIETI,SCUOLA PRIMARIA,NORMALE,FINO AL TERMINE,TRA 45 E 54,NO,NO,2,10
202425,SUD SARDEGNA,SCUOLA PRIMARIA,SOSTEGNO,FINO AL TERMINE,TRA 45 E 54,NO,SI,2,120
202425,REGGIO EMILIA,SCUOLA SECONDARIA I GRADO,SOSTEGNO,FINO AL TERMINE,TRA 35 E 44,NO,NO,4,15
202425,COSENZA,SCUOLA SECONDARIA II GRADO,NORMALE,ANNUALE,TRA 35 E 44,NO,SI,20,35
202425,GROSSETO,SCUOLA SECONDARIA II GRADO,NORMALE,ANNUALE,FINO A 34,NO,NO,1,2
202425,ASCOLI PICENO,SCUOLA SECONDARIA I GRADO,SOSTEGNO,FINO AL TERMINE,OLTRE 54,NO,SI,2,2
202425,PISTOIA,SCUOLA INFANZIA,SOSTEGNO,FINO AL TERMINE,TRA 45 E 54,NO,SI,1,24
202425,PAVIA,SCUOLA PRIMARIA,SOSTEGNO,FINO AL TERMINE,TRA 45 E 54,NO,SI,8,58
202425,ALESSANDRIA,SCUOLA SECONDARIA I GRADO,NORMALE,ANNUALE,TRA 45 E 54,NO,SI,6,14
202425,BIELLA,SCUOLA SECONDARIA II GRADO,SOSTEGNO,FINO AL TERMINE,TRA 35 E 44,NO,NO,1,4
202425,LA SPEZIA,SCUOLA PRIMARIA,SOSTEGNO,ANNUALE,OLTRE 54,NO,SI,0,3
202425,AGRIGENTO,SCUOLA SECONDARIA II GRADO,NORMALE,FINO AL TERMINE,OLTRE 54,NO,NO,7,10
202425,ASTI,SCUOLA SECONDARIA I GRADO,SOSTEGNO,FINO AL TERMINE,TRA 35 E 44,NO,SI,5,15
202425,PORDENONE,SCUOLA PRIMARIA,SOSTEGNO,FINO AL TERMINE,TRA 35 E 44,NO,NO,2,11
202425,MANTOVA,SCUOLA SECONDARIA II GRADO,NORMALE,ANNUALE,TRA 45 E 54,SI,SI,2,0
202425,IMPERIA,SCUOLA PRIMARIA,SOSTEGNO,FINO AL TERMINE,TRA 35 E 44,NO,SI,5,43
202425,CAMPOBASSO,SCUOLA PRIMARIA,NORMALE,FINO AL TERMINE,TRA 45 E 54,NO,SI,0,13
202425,VITERBO,SCUOLA SECONDARIA II GRADO,NORMALE,ANNUALE,OLTRE 54,NO,SI,3,0
202425,TERNI,SCUOLA SECONDARIA II GRADO,SOSTEGNO,ANNUALE,TRA 35 E 44,SI,SI,0,1
202425,LUCCA,SCUOLA SECONDARIA I GRADO,NORMALE,FINO AL TERMINE,FINO A 34,NO,NO,4,19
202425,LATINA,SCUOLA PRIMARIA,SOSTEGNO,FINO AL TERMINE,TRA 35 E 44,NO,SI,7,242
202425,ALESSANDRIA,SCUOLA PRIMARIA,NORMALE,ANNUALE,TRA 45 E 54,NO,SI,1,9
202425,VERCELLI,SCUOLA SECONDARIA II GRADO,NORMALE,ANNUALE,FINO A 34,NO,SI,10,16
202425,PALERMO,SCUOLA INFANZIA,SOSTEGNO,FINO AL TERMINE,FINO A 34,NO,SI,1,69
202425,ISERNIA,SCUOLA SECONDARIA I GRADO,SOSTEGNO,FINO AL TERMINE,FINO A 34,NO,NO,0,2
202425,ISERNIA,SCUOLA SECONDARIA I GRADO,SOSTEGNO,FINO AL TERMINE,TRA 45 E 54,NO,NO,0,1
202425,VARESE,SCUOLA SECONDARIA II GRADO,SOSTEGNO,FINO AL TERMINE,TRA 45 E 54,NO,SI,22,45
202425,VITERBO,SCUOLA PRIMARIA,SOSTEGNO,FINO AL TERMINE,TRA 35 E 44,NO,NO,1,2
202425,FOGGIA,SCUOLA INFANZIA,SOSTEGNO,FINO AL TERMINE,TRA 35 E 44,NO,SI,0,42
202425,PAVIA,SCUOLA SECONDARIA II GRADO,SOSTEGNO,FINO AL TERMINE,OLTRE 54,NO,SI,3,10
202425,PRATO,SCUOLA SECONDARIA II GRADO,SOSTEGNO,FINO AL TERMINE,FINO A 34,NO,NO,2,3
202425,LODI,SCUOLA PRIMARIA,SOSTEGNO,ANNUALE,FINO A 34,SI,SI,0,2
202425,PORDENONE,SCUOLA INFANZIA,SOSTEGNO,FINO AL TERMINE,OLTRE 54,NO,SI,0,6
202425,TRAPANI,SCUOLA PRIMARIA,SOSTEGNO,ANNUALE,TRA 35 E 44,NO,SI,0,1
202425,IMPERIA,SCUOLA SECONDARIA II GRADO,NORMALE,ANNUALE,OLTRE 54,NO,SI,8,2
202425,COSENZA,SCUOLA INFANZIA,SOSTEGNO,FINO AL TERMINE,TRA 35 E 44,NO,NO,0,5
202425,BERGAMO,SCUOLA SECONDARIA I GRADO,NORMALE,ANNUALE,TRA 35 E 44,SI,NO,0,3
202425,ISERNIA,SCUOLA SECONDARIA II GRADO,NORMALE,FINO AL TERMINE,FINO A 34,NO,NO,2,5
202425,LECCE,SCUOLA INFANZIA,SOSTEGNO,FINO AL TERMINE,FINO A 34,NO,SI,0,10
202425,BELLUNO,SCUOLA SECONDARIA II GRADO,NORMALE,ANNUALE,OLTRE 54,SI,SI,1,0
202425,SIENA,SCUOLA SECONDARIA II GRADO,NORMALE,ANNUALE,TRA 35 E 44,NO,NO,1,0
202425,CROTONE,SCUOLA SECONDARIA I GRADO,NORMALE,FINO AL TERMINE,FINO A 34,NO,SI,1,11
202425,MILANO,SCUOLA INFANZIA,NORMALE,ANNUALE,TRA 35 E 44,NO,SI,1,23
202425,BARI,SCUOLA SECONDARIA I GRADO,NORMALE,ANNUALE,TRA 35 E 44,NO,SI,5,12
202425,POTENZA,SCUOLA SECONDARIA II GRADO,NORMALE,FINO AL TERMINE,FINO A 34,NO,SI,7,2
202425,LODI,SCUOLA SECONDARIA II GRADO,SOSTEGNO,ANNUALE,FINO A 34,SI,SI,0,3
202425,VERBANO-CUSIO-OSSOLA,SCUOLA SECONDARIA II GRADO,NORMALE,ANNUALE,TRA 35 E 44,NO,NO,0,1
202425,BRESCIA,SCUOLA SECONDARIA II GRADO,NORMALE,ANNUALE,FINO A 34,SI,NO,0,1
202425,SALERNO,SCUOLA SECONDARIA II GRADO,NORMALE,ANNUALE,TRA 35 E 44,SI,SI,0,1
202425,SASSARI,SCUOLA SECONDARIA I GRADO,SOSTEGNO,FINO AL TERMINE,TRA 45 E 54,NO,SI,44,115
202425,VIBO VALENTIA,SCUOLA SECONDARIA I GRADO,NORMALE,ANNUALE,FINO A 34,NO,SI,5,10
202425,CROTONE,SCUOLA SECONDARIA I GRADO,SOSTEGNO,FINO AL TERMINE,OLTRE 54,NO,SI,1,5
202425,MILANO,SCUOLA SECONDARIA II GRADO,NORMALE,ANNUALE,TRA 35 E 44,NO,NO,4,2
202425,CATANIA,SCUOLA SECONDARIA I GRADO,NORMALE,FINO AL TERMINE,FINO A 34,NO,NO,13,15
202425,VERBANO-CUSIO-OSSOLA,SCUOLA SECONDARIA II GRADO,NORMALE,FINO AL TERMINE,TRA 35 E 44,NO,SI,4,8
202425,AREZZO,SCUOLA SECONDARIA II GRADO,SOSTEGNO,FINO AL TERMINE,OLTRE 54,NO,SI,5,14
202425,TORINO,SCUOLA INFANZIA,NORMALE,ANNUALE,OLTRE 54,NO,SI,0,19
202425,PAVIA,SCUOLA INFANZIA,SOSTEGNO,FINO AL TERMINE,TRA 35 E 44,NO,NO,0,2
202425,LATINA,SCUOLA INFANZIA,SOSTEGNO,FINO AL TERMINE,TRA 35 E 44,NO,SI,0,41
202425,UDINE,SCUOLA SECONDARIA I GRADO,NORMALE,FINO AL TERMINE,FINO A 34,NO,SI,5,12
202425,NOVARA,SCUOLA INFANZIA,SOSTEGNO,FINO AL TERMINE,TRA 35 E 44,NO,NO,0,2
202425,BARI,SCUOLA PRIMARIA,NORMALE,FINO AL TERMINE,TRA 45 E 54,NO,NO,10,18
202425,SAVONA,SCUOLA SECONDARIA I GRADO,NORMALE,ANNUALE,TRA 45 E 54,NO,SI,0,7
202425,FORLI'-CESENA,SCUOLA SECONDARIA II GRADO,SOSTEGNO,ANNUALE,TRA 35 E 44,SI,SI,4,2
202425,VERCELLI,SCUOLA INFANZIA,NORMALE,ANNUALE,OLTRE 54,NO,SI,0,2
202425,MONZA E DELLA BRIANZA,SCUOLA SECONDARIA I GRADO,SOSTEGNO,ANNUALE,TRA 45 E 54,NO,SI,1,3
202425,REGGIO CALABRIA,SCUOLA SECONDARIA I GRADO,NORMALE,ANNUALE,TRA 35 E 44,NO,SI,10,21
202425,REGGIO EMILIA,SCUOLA PRIMARIA,SOSTEGNO,ANNUALE,TRA 45 E 54,SI,NO,0,1
202425,PADOVA,SCUOLA SECONDARIA I GRADO,NORMALE,FINO AL TERMINE,FINO A 34,NO,NO,25,42
202425,PISTOIA,SCUOLA PRIMARIA,SOSTEGNO,FINO AL TERMINE,TRA 35 E 44,NO,SI,4,55
202425,MANTOVA,SCUOLA PRIMARIA,SOSTEGNO,FINO AL TERMINE,FINO A 34,NO,NO,3,6
202425,BELLUNO,SCUOLA PRIMARIA,NORMALE,FINO AL TERMINE,FINO A 34,NO,SI,4,33
202425,LATINA,SCUOLA PRIMARIA,NORMALE,FINO AL TERMINE,FINO A 34,NO,SI,0,5
202425,PAVIA,SCUOLA SECONDARIA II GRADO,NORMALE,ANNUALE,OLTRE 54,NO,SI,6,13
202425,NOVARA,SCUOLA SECONDARIA II GRADO,NORMALE,ANNUALE,TRA 35 E 44,NO,NO,0,1
202425,TARANTO,SCUOLA SECONDARIA II GRADO,SOSTEGNO,FINO AL TERMINE,TRA 35 E 44,NO,NO,3,9
202425,PRATO,SCUOLA PRIMARIA,NORMALE,FINO AL TERMINE,TRA 45 E 54,NO,SI,0,19
202425,AVELLINO,SCUOLA SECONDARIA I GRADO,NORMALE,FINO AL TERMINE,TRA 35 E 44,NO,SI,2,5
202425,ISERNIA,SCUOLA SECONDARIA I GRADO,NORMALE,ANNUALE,FINO A 34,NO,SI,0,1
202425,SASSARI,SCUOLA INFANZIA,SOSTEGNO,FINO AL TERMINE,TRA 35 E 44,NO,NO,0,6
202425,ASCOLI PICENO,SCUOLA SECONDARIA II GRADO,NORMALE,FINO AL TERMINE,OLTRE 54,NO,SI,0,2
202425,PISTOIA,SCUOLA PRIMARIA,SOSTEGNO,ANNUALE,OLTRE 54,SI,SI,0,4
202425,MANTOVA,SCUOLA PRIMARIA,NORMALE,ANNUALE,OLTRE 54,NO,SI,1,1
202425,LA SPEZIA,SCUOLA SECONDARIA I GRADO,NORMALE,ANNUALE,FINO A 34,NO,NO,0,1
202425,BARLETTA-ANDRIA-TRANI,SCUOLA PRIMARIA,NORMALE,FINO AL TERMINE,TRA 35 E 44,NO,SI,0,14
202425,RIMINI,SCUOLA SECONDARIA II GRADO,NORMALE,ANNUALE,TRA 45 E 54,NO,SI,3,12
202425,REGGIO EMILIA,SCUOLA PRIMARIA,NORMALE,FINO AL TERMINE,TRA 45 E 54,NO,SI,0,14
202425,RAVENNA,SCUOLA SECONDARIA I GRADO,NORMALE,ANNUALE,OLTRE 54,NO,SI,4,3
202425,SIENA,SCUOLA SECONDARIA I GRADO,NORMALE,FINO AL TERMINE,FINO A 34,NO,NO,7,8
202425,VIBO VALENTIA,SCUOLA INFANZIA,SOSTEGNO,FINO AL TERMINE,FINO A 34,NO,SI,0,2
202425,FROSINONE,SCUOLA SECONDARIA II GRADO,NORMALE,ANNUALE,TRA 35 E 44,NO,NO,1,0
202425,CUNEO,SCUOLA PRIMARIA,NORMALE,FINO AL TERMINE,TRA 45 E 54,NO,NO,1,8
202425,LATINA,SCUOLA SECONDARIA I GRADO,SOSTEGNO,FINO AL TERMINE,FINO A 34,NO,SI,32,84
202425,VERCELLI,SCUOLA SECONDARIA I GRADO,NORMALE,FINO AL TERMINE,FINO A 34,NO,SI,5,11
202425,VERCELLI,SCUOLA SECONDARIA II GRADO,SOSTEGNO,ANNUALE,TRA 35 E 44,SI,SI,1,6
202425,TARANTO,SCUOLA INFANZIA,SOSTEGNO,FINO AL TERMINE,OLTRE 54,NO,SI,0,48
202425,IMPERIA,SCUOLA INFANZIA,NORMALE,FINO AL TERMINE,TRA 35 E 44,NO,SI,0,1
202425,VENEZIA,SCUOLA SECONDARIA I GRADO,NORMALE,FINO AL TERMINE,FINO A 34,NO,NO,15,31
202425,LUCCA,SCUOLA INFANZIA,SOSTEGNO,FINO AL TERMINE,FINO A 34,NO,SI,0,2
202425,MODENA,SCUOLA PRIMARIA,SOSTEGNO,FINO AL TERMINE,FINO A 34,NO,NO,8,45
202425,VICENZA,SCUOLA PRIMARIA,NORMALE,FINO AL TERMINE,TRA 45 E 54,NO,NO,4,18
202425,FOGGIA,SCUOLA PRIMARIA,NORMALE,FINO AL TERMINE,OLTRE 54,NO,NO,5,2
202425,MATERA,SCUOLA SECONDARIA II GRADO,SOSTEGNO,FINO AL TERMINE,OLTRE 54,NO,SI,1,1
202425,LECCO,SCUOLA SECONDARIA I GRADO,SOSTEGNO,ANNUALE,TRA 45 E 54,SI,NO,1,1
202425,PALERMO,SCUOLA SECONDARIA II GRADO,NORMALE,FINO AL TERMINE,OLTRE 54,NO,NO,13,13
202425,RIMINI,SCUOLA SECONDARIA I GRADO,NORMALE,ANNUALE,OLTRE 54,NO,SI,0,2
202425,LECCE,SCUOLA INFANZIA,SOSTEGNO,ANNUALE,FINO A 34,NO,SI,0,1
202425,RIETI,SCUOLA PRIMARIA,SOSTEGNO,FINO AL TERMINE,TRA 35 E 44,NO,NO,0,4
202425,PADOVA,SCUOLA PRIMARIA,SOSTEGNO,ANNUALE,TRA 35 E 44,SI,SI,0,11
202425,NUORO,SCUOLA SECONDARIA I GRADO,NORMALE,ANNUALE,TRA 35 E 44,NO,SI,4,21
202425,VERONA,SCUOLA SECONDARIA I GRADO,NORMALE,ANNUALE,TRA 35 E 44,NO,SI,7,18
202425,BARI,SCUOLA PRIMARIA,NORMALE,FINO AL TERMINE,TRA 35 E 44,NO,SI,1,35
202425,FIRENZE,SCUOLA INFANZIA,NORMALE,ANNUALE,TRA 45 E 54,NO,SI,0,27
202425,CHIETI,SCUOLA PRIMARIA,NORMALE,FINO AL TERMINE,FINO A 34,NO,NO,10,10
202425,NAPOLI,SCUOLA PRIMARIA,SOSTEGNO,FINO AL TERMINE,OLTRE 54,NO,SI,21,351
202425,NAPOLI,SCUOLA SECONDARIA II GRADO,NORMALE,ANNUALE,OLTRE 54,NO,SI,19,14
202425,SASSARI,SCUOLA SECONDARIA I GRADO,SOSTEGNO,FINO AL TERMINE,FINO A 34,NO,SI,13,50
202425,PADOVA,SCUOLA PRIMARIA,SOSTEGNO,FINO AL TERMINE,OLTRE 54,NO,SI,5,38
202425,BENEVENTO,SCUOLA SECONDARIA I GRADO,NORMALE,ANNUALE,OLTRE 54,NO,SI,0,1
202425,TORINO,SCUOLA SECONDARIA II GRADO,NORMALE,FINO AL TERMINE,TRA 45 E 54,NO,SI,35,49
202425,FROSINONE,SCUOLA SECONDARIA I GRADO,NORMALE,ANNUALE,FINO A 34,NO,SI,6,15
202425,L'AQUILA,SCUOLA PRIMARIA,NORMALE,ANNUALE,OLTRE 54,NO,SI,0,2
202425,LIVORNO,SCUOLA PRIMARIA,SOSTEGNO,ANNUALE,FINO A 34,SI,SI,0,4
202425,NOVARA,SCUOLA SECONDARIA I GRADO,SOSTEGNO,FINO AL TERMINE,FINO A 34,NO,SI,27,48
202425,SUD SARDEGNA,SCUOLA SECONDARIA II GRADO,NORMALE,ANNUALE,OLTRE 54,NO,NO,2,1
202425,NAPOLI,SCUOLA INFANZIA,SOSTEGNO,FINO AL TERMINE,OLTRE 54,NO,NO,1,45
202425,BELLUNO,SCUOLA SECONDARIA I GRADO,SOSTEGNO,FINO AL TERMINE,TRA 45 E 54,NO,NO,2,3
202425,PALERMO,SCUOLA SECONDARIA II GRADO,SOSTEGNO,FINO AL TERMINE,FINO A 34,NO,NO,2,2
202425,LECCE,SCUOLA SECONDARIA I GRADO,NORMALE,ANNUALE,FINO A 34,NO,NO,1,0
202425,CAGLIARI,SCUOLA SECONDARIA II GRADO,NORMALE,ANNUALE,TRA 45 E 54,NO,NO,0,4
202425,ROVIGO,SCUOLA SECONDARIA II GRADO,NORMALE,ANNUALE,OLTRE 54,NO,SI,5,8
202425,CHIETI,SCUOLA SECONDARIA II GRADO,SOSTEGNO,FINO AL TERMINE,TRA 45 E 54,NO,NO,4,8
202425,VARESE,SCUOLA SECONDARIA I GRADO,NORMALE,ANNUALE,OLTRE 54,NO,SI,2,8
202425,PIACENZA,SCUOLA PRIMARIA,NORMALE,ANNUALE,TRA 35 E 44,NO,SI,0,10
202425,MODENA,SCUOLA PRIMARIA,SOSTEGNO,ANNUALE,FINO A 34,NO,NO,0,1
202425,VERONA,SCUOLA PRIMARIA,SOSTEGNO,ANNUALE,TRA 45 E 54,NO,SI,7,90
202425,BARLETTA-ANDRIA-TRANI,SCUOLA INFANZIA,SOSTEGNO,ANNUALE,TRA 35 E 44,SI,SI,0,1
202425,ALESSANDRIA,SCUOLA INFANZIA,NORMALE,FINO AL TERMINE,OLTRE 54,NO,SI,0,10
202425,SUD SARDEGNA,SCUOLA INFANZIA,NORMALE,ANNUALE,TRA 45 E 54,NO,SI,0,2
202425,BRINDISI,SCUOLA SECONDARIA II GRADO,SOSTEGNO,FINO AL TERMINE,TRA 35 E 44,NO,SI,16,57
202425,PISA,SCUOLA INFANZIA,SOSTEGNO,FINO AL TERMINE,FINO A 34,NO,NO,0,1
202425,RIETI,SCUOLA SECONDARIA I GRADO,NORMALE,FINO AL TERMINE,OLTRE 54,NO,NO,4,2
202425,VITERBO,SCUOLA PRIMARIA,SOSTEGNO,FINO AL TERMINE,FINO A 34,NO,NO,0,1
202425,L'AQUILA,SCUOLA SECONDARIA II GRADO,NORMALE,FINO AL TERMINE,FINO A 34,NO,SI,3,4
202425,LIVORNO,SCUOLA SECONDARIA II GRADO,NORMALE,ANNUALE,FINO A 34,NO,NO,1,1
202425,MANTOVA,SCUOLA SECONDARIA I GRADO,NORMALE,ANNUALE,TRA 45 E 54,NO,NO,0,1
202425,NAPOLI,SCUOLA SECONDARIA I GRADO,NORMALE,ANNUALE,TRA 35 E 44,NO,NO,1,5
202425,VITERBO,SCUOLA SECONDARIA II GRADO,SOSTEGNO,ANNUALE,TRA 35 E 44,SI,SI,0,1
202425,TERAMO,SCUOLA PRIMARIA,SOSTEGNO,FINO AL TERMINE,TRA 35 E 44,NO,NO,0,7
202425,REGGIO CALABRIA,SCUOLA PRIMARIA,SOSTEGNO,FINO AL TERMINE,TRA 35 E 44,NO,NO,0,11
202425,LUCCA,SCUOLA INFANZIA,NORMALE,ANNUALE,TRA 35 E 44,NO,SI,0,2
202425,ORISTANO,SCUOLA SECONDARIA I GRADO,NORMALE,ANNUALE,TRA 35 E 44,NO,SI,0,4
202425,BIELLA,SCUOLA PRIMARIA,SOSTEGNO,ANNUALE,FINO A 34,SI,SI,0,3
202425,PARMA,SCUOLA PRIMARIA,NORMALE,ANNUALE,OLTRE 54,NO,SI,0,2
202425,LIVORNO,SCUOLA PRIMARIA,SOSTEGNO,FINO AL TERMINE,TRA 45 E 54,NO,SI,3,104
202425,FORLI'-CESENA,SCUOLA INFANZIA,SOSTEGNO,ANNUALE,TRA 35 E 44,SI,SI,0,1
202425,RIMINI,SCUOLA PRIMARIA,SOSTEGNO,ANNUALE,TRA 45 E 54,SI,SI,0,2
202425,BRESCIA,SCUOLA PRIMARIA,SOSTEGNO,ANNUALE,TRA 45 E 54,NO,SI,10,59
202425,RAVENNA,SCUOLA SECONDARIA I GRADO,NORMALE,FINO AL TERMINE,TRA 35 E 44,NO,SI,6,18
202425,SASSARI,SCUOLA SECONDARIA II GRADO,SOSTEGNO,FINO AL TERMINE,TRA 35 E 44,NO,SI,58,173
202425,CREMONA,SCUOLA SECONDARIA II GRADO,NORMALE,ANNUALE,TRA 35 E 44,SI,SI,1,0
202425,LA SPEZIA,SCUOLA SECONDARIA I GRADO,SOSTEGNO,ANNUALE,TRA 35 E 44,SI,SI,5,5
202425,TERNI,SCUOLA PRIMARIA,NORMALE,ANNUALE,TRA 45 E 54,NO,SI,1,2
202425,NUORO,SCUOLA SECONDARIA I GRADO,SOSTEGNO,FINO AL TERMINE,TRA 45 E 54,NO,NO,2,4
202425,CUNEO,SCUOLA PRIMARIA,SOSTEGNO,ANNUALE,TRA 45 E 54,SI,SI,1,4
202425,CHIETI,SCUOLA PRIMARIA,SOSTEGNO,FINO AL TERMINE,OLTRE 54,NO,SI,4,27
202425,AVELLINO,SCUOLA INFANZIA,SOSTEGNO,ANNUALE,FINO A 34,NO,SI,0,1
202425,TORINO,SCUOLA INFANZIA,SOSTEGNO,FINO AL TERMINE,TRA 45 E 54,NO,SI,5,209
202425,CREMONA,SCUOLA SECONDARIA II GRADO,SOSTEGNO,ANNUALE,FINO A 34,SI,SI,0,4
202425,BERGAMO,SCUOLA INFANZIA,NORMALE,ANNUALE,FINO A 34,NO,SI,0,1
202425,RAGUSA,SCUOLA INFANZIA,SOSTEGNO,FINO AL TERMINE,OLTRE 54,NO,SI,0,8
202425,BIELLA,SCUOLA INFANZIA,SOSTEGNO,ANNUALE,TRA 45 E 54,SI,SI,0,2
202425,LA SPEZIA,SCUOLA PRIMARIA,SOSTEGNO,FINO AL TERMINE,OLTRE 54,NO,SI,0,32
202425,VERBANO-CUSIO-OSSOLA,SCUOLA SECONDARIA I GRADO,NORMALE,ANNUALE,TRA 35 E 44,NO,NO,0,1
202425,TRIESTE,SCUOLA PRIMARIA,NORMALE,FINO AL TERMINE,OLTRE 54,NO,NO,0,1
202425,POTENZA,SCUOLA PRIMARIA,NORMALE,FINO AL TERMINE,TRA 45 E 54,NO,SI,3,21
202425,ROVIGO,SCUOLA INFANZIA,SOSTEGNO,ANNUALE,OLTRE 54,SI,SI,0,1
202425,TRAPANI,SCUOLA PRIMARIA,SOSTEGNO,FINO AL TERMINE,TRA 45 E 54,NO,SI,7,106
202425,MANTOVA,SCUOLA SECONDARIA II GRADO,SOSTEGNO,ANNUALE,OLTRE 54,SI,SI,1,1
202425,SALERNO,SCUOLA SECONDARIA I GRADO,NORMALE,ANNUALE,TRA 45 E 54,NO,SI,6,15
202425,LUCCA,SCUOLA SECONDARIA II GRADO,SOSTEGNO,FINO AL TERMINE,TRA 35 E 44,NO,NO,7,9
202425,PISA,SCUOLA SECONDARIA II GRADO,NORMALE,ANNUALE,TRA 45 E 54,NO,SI,9,9
202425,MACERATA,SCUOLA PRIMARIA,SOSTEGNO,ANNUALE,TRA 45 E 54,SI,SI,1,0
202425,CROTONE,SCUOLA SECONDARIA II GRADO,NORMALE,ANNUALE,FINO A 34,NO,SI,4,15
202425,RAVENNA,SCUOLA SECONDARIA II GRADO,NORMALE,ANNUALE,TRA 45 E 54,SI,SI,1,0
202425,SAVONA,SCUOLA SECONDARIA II GRADO,NORMALE,ANNUALE,TRA 45 E 54,SI,SI,0,1
202425,AGRIGENTO,SCUOLA INFANZIA,SOSTEGNO,FINO AL TERMINE,TRA 35 E 44,NO,NO,0,3
202425,PRATO,SCUOLA INFANZIA,SOSTEGNO,FINO AL TERMINE,TRA 35 E 44,NO,SI,0,6
202425,PESARO E URBINO,SCUOLA INFANZIA,NORMALE,ANNUALE,FINO A 34,NO,SI,0,1
202425,CAGLIARI,SCUOLA PRIMARIA,NORMALE,ANNUALE,OLTRE 54,NO,SI,0,1
202425,BRESCIA,SCUOLA SECONDARIA I GRADO,NORMALE,ANNUALE,FINO A 34,NO,NO,0,1
202425,MACERATA,SCUOLA INFANZIA,NORMALE,FINO AL TERMINE,OLTRE 54,NO,NO,0,2
202425,CAMPOBASSO,SCUOLA SECONDARIA II GRADO,NORMALE,FINO AL TERMINE,OLTRE 54,NO,NO,6,7
202425,SAVONA,SCUOLA PRIMARIA,NORMALE,FINO AL TERMINE,FINO A 34,NO,NO,8,7
202425,PESCARA,SCUOLA SECONDARIA I GRADO,SOSTEGNO,FINO AL TERMINE,OLTRE 54,NO,SI,2,9
202425,LIVORNO,SCUOLA SECONDARIA I GRADO,NORMALE,FINO AL TERMINE,TRA 45 E 54,NO,SI,2,6
202425,FORLI'-CESENA,SCUOLA PRIMARIA,NORMALE,FINO AL TERMINE,FINO A 34,NO,NO,8,25
202425,FERMO,SCUOLA PRIMARIA,NORMALE,FINO AL TERMINE,FINO A 34,NO,SI,0,12
202425,SUD SARDEGNA,SCUOLA SECONDARIA II GRADO,SOSTEGNO,FINO AL TERMINE,OLTRE 54,NO,SI,7,18
202425,PALERMO,SCUOLA SECONDARIA I GRADO,SOSTEGNO,ANNUALE,TRA 45 E 54,SI,SI,0,8
202425,CATANIA,SCUOLA SECONDARIA I GRADO,NORMALE,ANNUALE,TRA 35 E 44,NO,SI,3,6
202425,VENEZIA,SCUOLA PRIMARIA,NORMALE,FINO AL TERMINE,TRA 45 E 54,NO,NO,2,29
202425,REGGIO CALABRIA,SCUOLA SECONDARIA I GRADO,SOSTEGNO,ANNUALE,FINO A 34,SI,SI,0,1
202425,MONZA E DELLA BRIANZA,SCUOLA INFANZIA,SOSTEGNO,ANNUALE,TRA 45 E 54,NO,SI,0,2
202425,ASCOLI PICENO,SCUOLA PRIMARIA,NORMALE,FINO AL TERMINE,TRA 35 E 44,NO,NO,1,4
202425,BRINDISI,SCUOLA PRIMARIA,SOSTEGNO,FINO AL TERMINE,OLTRE 54,NO,SI,5,38
202425,MACERATA,SCUOLA SECONDARIA II GRADO,NORMALE,FINO AL TERMINE,OLTRE 54,NO,SI,2,6
202425,VIBO VALENTIA,SCUOLA SECONDARIA I GRADO,SOSTEGNO,FINO AL TERMINE,FINO A 34,NO,NO,2,1
202425,BARLETTA-ANDRIA-TRANI,SCUOLA SECONDARIA I GRADO,NORMALE,FINO AL TERMINE,TRA 45 E 54,NO,SI,3,11
202425,FIRENZE,SCUOLA SECONDARIA II GRADO,SOSTEGNO,FINO AL TERMINE,FINO A 34,NO,NO,5,1
202425,SAVONA,SCUOLA SECONDARIA II GRADO,NORMALE,FINO AL TERMINE,TRA 45 E 54,NO,SI,7,4
202425,MONZA E DELLA BRIANZA,SCUOLA SECONDARIA II GRADO,NORMALE,ANNUALE,TRA 45 E 54,NO,NO,4,0
202425,TRAPANI,SCUOLA SECONDARIA I GRADO,NORMALE,FINO AL TERMINE,FINO A 34,NO,SI,3,5
202425,VENEZIA,SCUOLA INFANZIA,SOSTEGNO,ANNUALE,TRA 45 E 54,SI,SI,0,2
202425,MODENA,SCUOLA SECONDARIA I GRADO,SOSTEGNO,ANNUALE,TRA 35 E 44,NO,SI,0,4
202425,ASCOLI PICENO,SCUOLA INFANZIA,NORMALE,FINO AL TERMINE,TRA 45 E 54,NO,NO,0,5
202425,MACERATA,SCUOLA SECONDARIA II GRADO,SOSTEGNO,FINO AL TERMINE,TRA 35 E 44,NO,NO,1,5
202425,CUNEO,SCUOLA SECONDARIA I GRADO,SOSTEGNO,ANNUALE,TRA 45 E 54,NO,SI,2,8
202425,GORIZIA,SCUOLA SECONDARIA I GRADO,NORMALE,FINO AL TERMINE,OLTRE 54,NO,NO,1,3
202425,NUORO,SCUOLA SECONDARIA II GRADO,NORMALE,FINO AL TERMINE,TRA 45 E 54,NO,SI,7,12
202425,PAVIA,SCUOLA SECONDARIA I GRADO,SOSTEGNO,FINO AL TERMINE,TRA 35 E 44,NO,SI,36,79
202425,MESSINA,SCUOLA SECONDARIA I GRADO,NORMALE,FINO AL TERMINE,TRA 45 E 54,NO,SI,4,19
202425,TRIESTE,SCUOLA INFANZIA,NORMALE,FINO AL TERMINE,FINO A 34,NO,NO,0,1
202425,FROSINONE,SCUOLA INFANZIA,NORMALE,FINO AL TERMINE,OLTRE 54,NO,NO,0,7
202425,MATERA,SCUOLA INFANZIA,NORMALE,FINO AL TERMINE,TRA 45 E 54,NO,SI,0,7
202425,MESSINA,SCUOLA PRIMARIA,NORMALE,ANNUALE,OLTRE 54,NO,SI,1,2
202425,ISERNIA,SCUOLA PRIMARIA,SOSTEGNO,FINO AL TERMINE,OLTRE 54,NO,SI,1,4
202425,ASTI,SCUOLA INFANZIA,NORMALE,FINO AL TERMINE,FINO A 34,NO,SI,0,1
202425,SIRACUSA,SCUOLA PRIMARIA,NORMALE,ANNUALE,FINO A 34,NO,SI,1,1
202425,RAVENNA,SCUOLA SECONDARIA I GRADO,SOSTEGNO,ANNUALE,FINO A 34,SI,SI,1,11
202425,FROSINONE,SCUOLA SECONDARIA II GRADO,NORMALE,FINO AL TERMINE,TRA 45 E 54,NO,SI,9,18
202425,TRIESTE,SCUOLA SECONDARIA II GRADO,NORMALE,FINO AL TERMINE,TRA 35 E 44,NO,SI,5,12
202425,ROMA,SCUOLA SECONDARIA I GRADO,NORMALE,FINO AL TERMINE,FINO A 34,NO,NO,36,85
202425,MILANO,SCUOLA INFANZIA,NORMALE,FINO AL TERMINE,TRA 45 E 54,NO,NO,1,18
202425,SAVONA,SCUOLA SECONDARIA II GRADO,NORMALE,ANNUALE,TRA 35 E 44,NO,NO,0,3
202425,TRAPANI,SCUOLA SECONDARIA II GRADO,SOSTEGNO,FINO AL TERMINE,OLTRE 54,NO,NO,0,1
202425,MASSA-CARRARA,SCUOLA PRIMARIA,SOSTEGNO,FINO AL TERMINE,OLTRE 54,NO,NO,0,10
202425,VENEZIA,SCUOLA SECONDARIA I GRADO,SOSTEGNO,ANNUALE,OLTRE 54,SI,SI,1,6
202425,ORISTANO,SCUOLA SECONDARIA I GRADO,SOSTEGNO,FINO AL TERMINE,OLTRE 54,NO,NO,2,3
202425,SONDRIO,SCUOLA PRIMARIA,SOSTEGNO,ANNUALE,TRA 45 E 54,NO,SI,2,17
202425,LUCCA,SCUOLA SECONDARIA II GRADO,SOSTEGNO,ANNUALE,OLTRE 54,NO,NO,0,1
202425,AVELLINO,SCUOLA SECONDARIA II GRADO,NORMALE,FINO AL TERMINE,OLTRE 54,NO,NO,7,7
202425,LODI,SCUOLA PRIMARIA,NORMALE,ANNUALE,TRA 35 E 44,NO,SI,0,2
202425,CATANZARO,SCUOLA SECONDARIA II GRADO,NORMALE,ANNUALE,TRA 35 E 44,NO,NO,0,3
202425,VERCELLI,SCUOLA PRIMARIA,NORMALE,FINO AL TERMINE,TRA 35 E 44,NO,NO,1,2
202425,BERGAMO,SCUOLA SECONDARIA I GRADO,SOSTEGNO,FINO AL TERMINE,FINO A 34,NO,SI,49,80
202425,VENEZIA,SCUOLA SECONDARIA I GRADO,SOSTEGNO,FINO AL TERMINE,TRA 35 E 44,NO,SI,9,36
202425,AREZZO,SCUOLA SECONDARIA I GRADO,NORMALE,ANNUALE,FINO A 34,NO,NO,0,1
202425,VENEZIA,SCUOLA INFANZIA,NORMALE,FINO AL TERMINE,TRA 45 E 54,NO,NO,0,19
202425,BELLUNO,SCUOLA INFANZIA,SOSTEGNO,FINO AL TERMINE,TRA 35 E 44,NO,NO,0,5
202425,FOGGIA,SCUOLA SECONDARIA I GRADO,NORMALE,ANNUALE,TRA 35 E 44,NO,NO,1,5
202425,VICENZA,SCUOLA SECONDARIA I GRADO,NORMALE,ANNUALE,TRA 45 E 54,NO,SI,5,11
202425,BARI,SCUOLA PRIMARIA,SOSTEGNO,FINO AL TERMINE,FINO A 34,NO,NO,0,9
202425,CREMONA,SCUOLA INFANZIA,SOSTEGNO,FINO AL TERMINE,FINO A 34,NO,SI,0,11
202425,NAPOLI,SCUOLA PRIMARIA,SOSTEGNO,FINO AL TERMINE,TRA 45 E 54,NO,SI,34,1005
202425,RIMINI,SCUOLA SECONDARIA II GRADO,SOSTEGNO,ANNUALE,OLTRE 54,NO,SI,1,0
202425,BELLUNO,SCUOLA PRIMARIA,SOSTEGNO,FINO AL TERMINE,TRA 35 E 44,NO,NO,1,4
202425,VERBANO-CUSIO-OSSOLA,SCUOLA PRIMARIA,NORMALE,FINO AL TERMINE,TRA 35 E 44,NO,SI,0,5
202425,BRINDISI,SCUOLA PRIMARIA,NORMALE,ANNUALE,TRA 35 E 44,NO,SI,2,5
202425,BENEVENTO,SCUOLA INFANZIA,NORMALE,FINO AL TERMINE,OLTRE 54,NO,NO,0,1
202425,REGGIO EMILIA,SCUOLA SECONDARIA II GRADO,SOSTEGNO,FINO AL TERMINE,OLTRE 54,NO,SI,2,16
202425,CROTONE,SCUOLA SECONDARIA II GRADO,SOSTEGNO,FINO AL TERMINE,OLTRE 54,NO,NO,1,0
202425,PIACENZA,SCUOLA SECONDARIA I GRADO,NORMALE,FINO AL TERMINE,FINO A 34,NO,SI,8,22
202425,CATANZARO,SCUOLA INFANZIA,SOSTEGNO,FINO AL TERMINE,TRA 45 E 54,NO,SI,0,55
202425,MODENA,SCUOLA SECONDARIA I GRADO,NORMALE,FINO AL TERMINE,TRA 35 E 44,NO,NO,14,44
202425,L'AQUILA,SCUOLA PRIMARIA,SOSTEGNO,ANNUALE,TRA 35 E 44,NO,SI,0,1
202425,PERUGIA,SCUOLA INFANZIA,SOSTEGNO,FINO AL TERMINE,FINO A 34,NO,SI,0,37
202425,PESARO E URBINO,SCUOLA SECONDARIA II GRADO,NORMALE,FINO AL TERMINE,TRA 35 E 44,NO,NO,21,24
202425,BARI,SCUOLA SECONDARIA II GRADO,NORMALE,FINO AL TERMINE,OLTRE 54,NO,NO,15,27
202425,MESSINA,SCUOLA PRIMARIA,SOSTEGNO,FINO AL TERMINE,FINO A 34,NO,NO,0,3
202425,RIMINI,SCUOLA SECONDARIA II GRADO,SOSTEGNO,FINO AL TERMINE,OLTRE 54,NO,SI,5,12
202425,COSENZA,SCUOLA SECONDARIA I GRADO,NORMALE,ANNUALE,OLTRE 54,NO,NO,0,1
202425,GROSSETO,SCUOLA PRIMARIA,SOSTEGNO,FINO AL TERMINE,FINO A 34,NO,NO,1,3
202425,CAGLIARI,SCUOLA PRIMARIA,SOSTEGNO,FINO AL TERMINE,OLTRE 54,NO,NO,0,8
202425,LIVORNO,SCUOLA INFANZIA,NORMALE,ANNUALE,OLTRE 54,NO,SI,0,4
202425,ORISTANO,SCUOLA SECONDARIA II GRADO,NORMALE,ANNUALE,TRA 35 E 44,SI,SI,2,0
202425,VARESE,SCUOLA INFANZIA,NORMALE,FINO AL TERMINE,OLTRE 54,NO,NO,0,1
202425,LATINA,SCUOLA SECONDARIA I GRADO,NORMALE,FINO AL TERMINE,OLTRE 54,NO,NO,2,5
202425,FIRENZE,SCUOLA PRIMARIA,SOSTEGNO,ANNUALE,FINO A 34,NO,SI,0,2
202425,RIMINI,SCUOLA SECONDARIA II GRADO,NORMALE,ANNUALE,TRA 35 E 44,NO,NO,0,1
202425,VIBO VALENTIA,SCUOLA SECONDARIA II GRADO,NORMALE,FINO AL TERMINE,OLTRE 54,NO,SI,4,2
202425,VERCELLI,SCUOLA SECONDARIA II GRADO,NORMALE,FINO AL TERMINE,TRA 45 E 54,NO,SI,1,2
202425,VENEZIA,SCUOLA SECONDARIA II GRADO,NORMALE,ANNUALE,TRA 45 E 54,NO,SI,40,43
202425,SASSARI,SCUOLA INFANZIA,NORMALE,ANNUALE,TRA 45 E 54,NO,SI,0,5
202425,PRATO,SCUOLA SECONDARIA I GRADO,NORMALE,FINO AL TERMINE,TRA 35 E 44,NO,NO,3,10
202425,NUORO,SCUOLA SECONDARIA I GRADO,SOSTEGNO,ANNUALE,TRA 45 E 54,NO,SI,2,3
202425,VICENZA,SCUOLA PRIMARIA,SOSTEGNO,ANNUALE,TRA 35 E 44,NO,SI,4,72
202425,ORISTANO,SCUOLA INFANZIA,NORMALE,FINO AL TERMINE,TRA 45 E 54,NO,NO,0,3
202425,VERONA,SCUOLA SECONDARIA II GRADO,NORMALE,FINO AL TERMINE,TRA 45 E 54,NO,NO,19,37
202425,CREMONA,SCUOLA PRIMARIA,NORMALE,FINO AL TERMINE,FINO A 34,NO,SI,7,27
202425,PISTOIA,SCUOLA SECONDARIA II GRADO,NORMALE,ANNUALE,FINO A 34,NO,SI,22,26
202425,NAPOLI,SCUOLA SECONDARIA I GRADO,NORMALE,FINO AL TERMINE,TRA 35 E 44,NO,SI,25,96
202425,SAVONA,SCUOLA INFANZIA,NORMALE,ANNUALE,OLTRE 54,NO,SI,0,6
202425,LATINA,SCUOLA SECONDARIA II GRADO,NORMALE,ANNUALE,FINO A 34,NO,SI,22,58
202425,PISA,SCUOLA INFANZIA,SOSTEGNO,ANNUALE,TRA 35 E 44,SI,SI,0,2
202425,PISA,SCUOLA INFANZIA,SOSTEGNO,FINO AL TERMINE,TRA 35 E 44,NO,NO,0,5
202425,REGGIO EMILIA,SCUOLA SECONDARIA II GRADO,SOSTEGNO,ANNUALE,FINO A 34,SI,SI,0,1
202425,SIENA,SCUOLA PRIMARIA,SOSTEGNO,FINO AL TERMINE,OLTRE 54,NO,NO,0,3
202425,MANTOVA,SCUOLA SECONDARIA I GRADO,NORMALE,ANNUALE,TRA 35 E 44,NO,NO,0,1
202425,RIMINI,SCUOLA INFANZIA,NORMALE,ANNUALE,TRA 45 E 54,NO,SI,0,1
202425,TORINO,SCUOLA SECONDARIA II GRADO,NORMALE,ANNUALE,TRA 45 E 54,NO,NO,2,4
202425,FROSINONE,SCUOLA INFANZIA,SOSTEGNO,FINO AL TERMINE,TRA 45 E 54,NO,SI,4,70
202425,FROSINONE,SCUOLA SECONDARIA I GRADO,SOSTEGNO,ANNUALE,TRA 35 E 44,NO,SI,0,1
202425,PISTOIA,SCUOLA SECONDARIA II GRADO,NORMALE,FINO AL TERMINE,TRA 35 E 44,NO,SI,10,15
202425,PESARO E URBINO,SCUOLA PRIMARIA,NORMALE,FINO AL TERMINE,TRA 45 E 54,NO,SI,0,14
202425,CAGLIARI,SCUOLA SECONDARIA II GRADO,SOSTEGNO,FINO AL TERMINE,OLTRE 54,NO,SI,14,31
202425,TORINO,SCUOLA PRIMARIA,NORMALE,FINO AL TERMINE,OLTRE 54,NO,SI,4,45
202425,IMPERIA,SCUOLA SECONDARIA I GRADO,NORMALE,FINO AL TERMINE,TRA 35 E 44,NO,NO,1,7
202425,PISA,SCUOLA PRIMARIA,NORMALE,ANNUALE,TRA 35 E 44,NO,SI,0,1
202425,RIETI,SCUOLA PRIMARIA,NORMALE,ANNUALE,FINO A 34,NO,SI,0,2
202425,NUORO,SCUOLA PRIMARIA,SOSTEGNO,FINO AL TERMINE,FINO A 34,NO,NO,0,1
202425,LA SPEZIA,SCUOLA SECONDARIA I GRADO,SOSTEGNO,FINO AL TERMINE,TRA 45 E 54,NO,SI,3,17
202425,TERAMO,SCUOLA SECONDARIA I GRADO,NORMALE,FINO AL TERMINE,FINO A 34,NO,NO,4,14
202425,RAGUSA,SCUOLA SECONDARIA I GRADO,NORMALE,FINO AL TERMINE,FINO A 34,NO,NO,5,5
202425,GENOVA,SCUOLA SECONDARIA I GRADO,SOSTEGNO,ANNUALE,TRA 35 E 44,SI,SI,4,21
202425,POTENZA,SCUOLA SECONDARIA I GRADO,SOSTEGNO,FINO AL TERMINE,OLTRE 54,NO,SI,0,1
202425,SUD SARDEGNA,SCUOLA SECONDARIA I GRADO,NORMALE,ANNUALE,TRA 35 E 44,NO,SI,18,27
202425,MACERATA,SCUOLA INFANZIA,NORMALE,ANNUALE,FINO A 34,NO,SI,0,1
202425,BRINDISI,SCUOLA SECONDARIA II GRADO,NORMALE,FINO AL TERMINE,OLTRE 54,NO,SI,4,8
202425,UDINE,SCUOLA PRIMARIA,NORMALE,ANNUALE,TRA 45 E 54,NO,SI,2,27
202425,VITERBO,SCUOLA SECONDARIA I GRADO,NORMALE,FINO AL TERMINE,TRA 35 E 44,NO,SI,4,7
202425,ALESSANDRIA,SCUOLA INFANZIA,SOSTEGNO,FINO AL TERMINE,OLTRE 54,NO,SI,0,54
202425,LIVORNO,SCUOLA SECONDARIA II GRADO,SOSTEGNO,ANNUALE,FINO A 34,SI,SI,0,1
202425,LA SPEZIA,SCUOLA PRIMARIA,NORMALE,ANNUALE,OLTRE 54,NO,SI,0,3
202425,VERONA,SCUOLA SECONDARIA II GRADO,SOSTEGNO,FINO AL TERMINE,FINO A 34,NO,NO,0,8
202425,TRIESTE,SCUOLA PRIMARIA,SOSTEGNO,FINO AL TERMINE,OLTRE 54,NO,NO,0,2
202425,FERRARA,SCUOLA SECONDARIA I GRADO,NORMALE,FINO AL TERMINE,FINO A 34,NO,SI,1,6
202425,SUD SARDEGNA,SCUOLA INFANZIA,SOSTEGNO,FINO AL TERMINE,TRA 45 E 54,NO,NO,0,2
202425,MANTOVA,SCUOLA SECONDARIA II GRADO,NORMALE,FINO AL TERMINE,TRA 35 E 44,NO,NO,17,15
202425,CALTANISSETTA,SCUOLA INFANZIA,NORMALE,FINO AL TERMINE,TRA 45 E 54,NO,SI,0,8
202425,VERBANO-CUSIO-OSSOLA,SCUOLA SECONDARIA I GRADO,NORMALE,ANNUALE,FINO A 34,NO,NO,1,0
202425,CAMPOBASSO,SCUOLA PRIMARIA,SOSTEGNO,FINO AL TERMINE,TRA 35 E 44,NO,NO,0,3
202425,MANTOVA,SCUOLA INFANZIA,SOSTEGNO,ANNUALE,TRA 35 E 44,NO,SI,0,3
202425,NUORO,SCUOLA INFANZIA,NORMALE,FINO AL TERMINE,OLTRE 54,NO,NO,0,1
202425,SIENA,SCUOLA SECONDARIA II GRADO,SOSTEGNO,ANNUALE,TRA 35 E 44,NO,SI,0,1
202425,VITERBO,SCUOLA PRIMARIA,NORMALE,FINO AL TERMINE,TRA 45 E 54,NO,NO,1,11
202425,FOGGIA,SCUOLA SECONDARIA I GRADO,SOSTEGNO,ANNUALE,TRA 45 E 54,NO,SI,1,0
202425,LATINA,SCUOLA INFANZIA,NORMALE,FINO AL TERMINE,OLTRE 54,NO,NO,0,8
202425,L'AQUILA,SCUOLA SECONDARIA I GRADO,NORMALE,FINO AL TERMINE,TRA 35 E 44,NO,NO,10,11
202425,PERUGIA,SCUOLA PRIMARIA,NORMALE,FINO AL TERMINE,OLTRE 54,NO,SI,1,5
202425,BIELLA,SCUOLA PRIMARIA,NORMALE,ANNUALE,TRA 35 E 44,NO,SI,0,3
202425,POTENZA,SCUOLA SECONDARIA II GRADO,SOSTEGNO,FINO AL TERMINE,TRA 35 E 44,NO,NO,1,10
202425,ROVIGO,SCUOLA INFANZIA,NORMALE,FINO AL TERMINE,TRA 45 E 54,NO,SI,0,5
202425,BOLOGNA,SCUOLA PRIMARIA,NORMALE,FINO AL TERMINE,TRA 35 E 44,NO,NO,9,33
202425,TARANTO,SCUOLA INFANZIA,NORMALE,FINO AL TERMINE,OLTRE 54,NO,SI,0,6
202425,ISERNIA,SCUOLA INFANZIA,SOSTEGNO,FINO AL TERMINE,TRA 35 E 44,NO,NO,0,2
202425,GROSSETO,SCUOLA SECONDARIA I GRADO,NORMALE,FINO AL TERMINE,OLTRE 54,NO,NO,3,3
202425,ASCOLI PICENO,SCUOLA PRIMARIA,SOSTEGNO,FINO AL TERMINE,TRA 45 E 54,NO,SI,4,46
202425,SALERNO,SCUOLA SECONDARIA I GRADO,SOSTEGNO,ANNUALE,FINO A 34,SI,SI,1,3
202425,CASERTA,SCUOLA INFANZIA,NORMALE,FINO AL TERMINE,TRA 35 E 44,NO,SI,0,1
202425,RIETI,SCUOLA SECONDARIA II GRADO,NORMALE,ANNUALE,FINO A 34,NO,NO,1,1
202425,VARESE,SCUOLA SECONDARIA II GRADO,NORMALE,ANNUALE,FINO A 34,NO,SI,93,83
202425,MILANO,SCUOLA PRIMARIA,SOSTEGNO,FINO AL TERMINE,OLTRE 54,NO,NO,1,9
202425,LUCCA,SCUOLA PRIMARIA,SOSTEGNO,FINO AL TERMINE,TRA 45 E 54,NO,SI,1,90
202425,ANCONA,SCUOLA INFANZIA,SOSTEGNO,ANNUALE,FINO A 34,SI,SI,0,2
202425,LA SPEZIA,SCUOLA INFANZIA,SOSTEGNO,FINO AL TERMINE,OLTRE 54,NO,SI,0,17
202425,PESCARA,SCUOLA SECONDARIA II GRADO,NORMALE,FINO AL TERMINE,OLTRE 54,NO,SI,6,3
202425,FIRENZE,SCUOLA PRIMARIA,NORMALE,FINO AL TERMINE,OLTRE 54,NO,NO,0,6
202425,MANTOVA,SCUOLA SECONDARIA I GRADO,SOSTEGNO,ANNUALE,TRA 35 E 44,SI,SI,25,30
202425,BERGAMO,SCUOLA PRIMARIA,NORMALE,ANNUALE,TRA 35 E 44,NO,NO,0,1
202425,REGGIO CALABRIA,SCUOLA SECONDARIA II GRADO,NORMALE,ANNUALE,TRA 35 E 44,SI,SI,0,2
202425,RIETI,SCUOLA SECONDARIA II GRADO,NORMALE,FINO AL TERMINE,FINO A 34,NO,SI,6,9
202425,LATINA,SCUOLA PRIMARIA,NORMALE,FINO AL TERMINE,TRA 45 E 54,NO,NO,4,17
202425,VERCELLI,SCUOLA SECONDARIA I GRADO,NORMALE,FINO AL TERMINE,TRA 45 E 54,NO,SI,2,4
202425,ALESSANDRIA,SCUOLA SECONDARIA II GRADO,NORMALE,FINO AL TERMINE,TRA 45 E 54,NO,NO,11,15
202425,MESSINA,SCUOLA SECONDARIA I GRADO,SOSTEGNO,FINO AL TERMINE,FINO A 34,NO,NO,4,9
202425,MASSA-CARRARA,SCUOLA SECONDARIA II GRADO,NORMALE,ANNUALE,OLTRE 54,NO,NO,0,1
202425,POTENZA,SCUOLA PRIMARIA,SOSTEGNO,FINO AL TERMINE,OLTRE 54,NO,SI,1,25
202425,PESARO E URBINO,SCUOLA PRIMARIA,SOSTEGNO,FINO AL TERMINE,FINO A 34,NO,SI,4,112
202425,VENEZIA,SCUOLA PRIMARIA,NORMALE,FINO AL TERMINE,OLTRE 54,NO,SI,4,30
202425,IMPERIA,SCUOLA PRIMARIA,NORMALE,FINO AL TERMINE,TRA 45 E 54,NO,SI,0,10
202425,ASTI,SCUOLA PRIMARIA,SOSTEGNO,ANNUALE,FINO A 34,SI,SI,0,1
202425,FIRENZE,SCUOLA SECONDARIA II GRADO,SOSTEGNO,ANNUALE,TRA 45 E 54,SI,SI,1,3
202425,TERNI,SCUOLA INFANZIA,NORMALE,ANNUALE,OLTRE 54,NO,SI,0,1
202425,MESSINA,SCUOLA SECONDARIA II GRADO,NORMALE,ANNUALE,OLTRE 54,NO,SI,5,1
202425,PARMA,SCUOLA SECONDARIA I GRADO,NORMALE,ANNUALE,TRA 35 E 44,NO,SI,1,5
202425,ISERNIA,SCUOLA SECONDARIA I GRADO,SOSTEGNO,FINO AL TERMINE,FINO A 34,NO,SI,0,4
202425,VENEZIA,SCUOLA PRIMARIA,SOSTEGNO,ANNUALE,TRA 35 E 44,SI,SI,0,5
202425,TREVISO,SCUOLA INFANZIA,NORMALE,FINO AL TERMINE,TRA 35 E 44,NO,NO,0,7
202425,BRESCIA,SCUOLA SECONDARIA I GRADO,SOSTEGNO,ANNUALE,OLTRE 54,SI,SI,0,3
202425,LECCE,SCUOLA SECONDARIA II GRADO,NORMALE,ANNUALE,TRA 45 E 54,NO,SI,10,17
202425,REGGIO CALABRIA,SCUOLA PRIMARIA,NORMALE,FINO AL TERMINE,FINO A 34,NO,NO,6,11
202425,VIBO VALENTIA,SCUOLA PRIMARIA,NORMALE,ANNUALE,FINO A 34,NO,SI,2,1
202425,TERNI,SCUOLA SECONDARIA I GRADO,SOSTEGNO,FINO AL TERMINE,FINO A 34,NO,SI,11,25
202425,LA SPEZIA,SCUOLA SECONDARIA II GRADO,NORMALE,ANNUALE,TRA 35 E 44,NO,NO,2,2
202425,BARI,SCUOLA INFANZIA,NORMALE,ANNUALE,OLTRE 54,NO,SI,0,3
202425,LA SPEZIA,SCUOLA PRIMARIA,NORMALE,FINO AL TERMINE,OLTRE 54,NO,SI,1,11
202425,FERRARA,SCUOLA SECONDARIA I GRADO,SOSTEGNO,FINO AL TERMINE,TRA 45 E 54,NO,NO,3,10
202425,PRATO,SCUOLA SECONDARIA I GRADO,NORMALE,ANNUALE,TRA 35 E 44,NO,NO,0,3
202425,VERBANO-CUSIO-OSSOLA,SCUOLA SECONDARIA I GRADO,SOSTEGNO,FINO AL TERMINE,FINO A 34,NO,SI,14,38
202425,PESARO E URBINO,SCUOLA INFANZIA,NORMALE,FINO AL TERMINE,TRA 45 E 54,NO,SI,0,7
202425,RIMINI,SCUOLA PRIMARIA,NORMALE,ANNUALE,TRA 45 E 54,NO,SI,0,2
202425,MANTOVA,SCUOLA SECONDARIA II GRADO,NORMALE,ANNUALE,OLTRE 54,NO,SI,14,6
202425,BRINDISI,SCUOLA SECONDARIA I GRADO,NORMALE,FINO AL TERMINE,TRA 35 E 44,NO,SI,2,12
202425,SASSARI,SCUOLA PRIMARIA,SOSTEGNO,FINO AL TERMINE,TRA 45 E 54,NO,NO,1,16
202425,PADOVA,SCUOLA PRIMARIA,NORMALE,FINO AL TERMINE,FINO A 34,NO,SI,14,93
202425,NUORO,SCUOLA INFANZIA,SOSTEGNO,FINO AL TERMINE,OLTRE 54,NO,NO,0,2
202425,BARLETTA-ANDRIA-TRANI,SCUOLA SECONDARIA II GRADO,SOSTEGNO,ANNUALE,TRA 45 E 54,NO,SI,0,1
202425,RAGUSA,SCUOLA PRIMARIA,NORMALE,ANNUALE,OLTRE 54,NO,SI,1,3
202425,BARI,SCUOLA INFANZIA,SOSTEGNO,ANNUALE,TRA 35 E 44,NO,SI,0,2
202425,MONZA E DELLA BRIANZA,SCUOLA SECONDARIA II GRADO,NORMALE,FINO AL TERMINE,TRA 35 E 44,NO,SI,13,22
202425,AVELLINO,SCUOLA PRIMARIA,NORMALE,ANNUALE,TRA 35 E 44,NO,SI,0,2
202425,PALERMO,SCUOLA SECONDARIA I GRADO,SOSTEGNO,ANNUALE,OLTRE 54,SI,SI,0,3
202425,MASSA-CARRARA,SCUOLA SECONDARIA I GRADO,NORMALE,FINO AL TERMINE,FINO A 34,NO,NO,7,8
202425,CHIETI,SCUOLA SECONDARIA I GRADO,SOSTEGNO,ANNUALE,FINO A 34,SI,NO,0,2
202425,ASCOLI PICENO,SCUOLA PRIMARIA,NORMALE,FINO AL TERMINE,FINO A 34,NO,SI,0,8
202425,ASCOLI PICENO,SCUOLA SECONDARIA II GRADO,NORMALE,ANNUALE,FINO A 34,NO,SI,3,4
202425,SALERNO,SCUOLA SECONDARIA II GRADO,NORMALE,ANNUALE,TRA 45 E 54,NO,NO,1,2
202425,PISA,SCUOLA SECONDARIA II GRADO,SOSTEGNO,FINO AL TERMINE,TRA 45 E 54,NO,SI,20,65
202425,CAMPOBASSO,SCUOLA SECONDARIA II GRADO,SOSTEGNO,FINO AL TERMINE,FINO A 34,NO,NO,0,1
202425,MODENA,SCUOLA INFANZIA,NORMALE,ANNUALE,TRA 45 E 54,NO,SI,0,1
202425,CATANIA,SCUOLA SECONDARIA I GRADO,SOSTEGNO,FINO AL TERMINE,TRA 35 E 44,NO,SI,42,271
202425,PAVIA,SCUOLA SECONDARIA II GRADO,SOSTEGNO,ANNUALE,FINO A 34,SI,SI,2,8
202425,VERONA,SCUOLA INFANZIA,NORMALE,FINO AL TERMINE,TRA 45 E 54,NO,NO,0,13
202425,BARI,SCUOLA SECONDARIA I GRADO,NORMALE,FINO AL TERMINE,OLTRE 54,NO,NO,5,10
202425,TERAMO,SCUOLA INFANZIA,NORMALE,FINO AL TERMINE,TRA 45 E 54,NO,SI,0,8
202425,AGRIGENTO,SCUOLA SECONDARIA I GRADO,SOSTEGNO,ANNUALE,TRA 35 E 44,SI,SI,0,2
202425,PRATO,SCUOLA PRIMARIA,SOSTEGNO,ANNUALE,TRA 45 E 54,SI,NO,0,1
202425,REGGIO EMILIA,SCUOLA INFANZIA,SOSTEGNO,FINO AL TERMINE,TRA 45 E 54,NO,SI,0,15
202425,ASTI,SCUOLA PRIMARIA,SOSTEGNO,FINO AL TERMINE,TRA 45 E 54,NO,NO,0,9
202425,RIETI,SCUOLA INFANZIA,SOSTEGNO,ANNUALE,TRA 45 E 54,NO,SI,0,1
202425,MANTOVA,SCUOLA PRIMARIA,NORMALE,FINO AL TERMINE,TRA 45 E 54,NO,NO,1,6
202425,CROTONE,SCUOLA PRIMARIA,NORMALE,ANNUALE,OLTRE 54,NO,SI,0,1
202425,MILANO,SCUOLA SECONDARIA I GRADO,SOSTEGNO,ANNUALE,FINO A 34,NO,NO,0,1
202425,VERCELLI,SCUOLA PRIMARIA,SOSTEGNO,FINO AL TERMINE,OLTRE 54,NO,SI,0,6
202425,LATINA,SCUOLA INFANZIA,SOSTEGNO,FINO AL TERMINE,TRA 45 E 54,NO,NO,0,22
202425,BRESCIA,SCUOLA INFANZIA,NORMALE,ANNUALE,TRA 45 E 54,NO,SI,0,5
202425,UDINE,SCUOLA PRIMARIA,SOSTEGNO,ANNUALE,TRA 35 E 44,NO,NO,0,1
202425,SUD SARDEGNA,SCUOLA SECONDARIA II GRADO,NORMALE,FINO AL TERMINE,TRA 35 E 44,NO,NO,23,25
202425,FERMO,SCUOLA SECONDARIA II GRADO,NORMALE,FINO AL TERMINE,TRA 35 E 44,NO,SI,3,3
202425,SALERNO,SCUOLA INFANZIA,NORMALE,FINO AL TERMINE,TRA 45 E 54,NO,NO,0,6
202425,FERRARA,SCUOLA PRIMARIA,SOSTEGNO,FINO AL TERMINE,TRA 45 E 54,NO,SI,6,64
202425,RAVENNA,SCUOLA SECONDARIA II GRADO,SOSTEGNO,FINO AL TERMINE,OLTRE 54,NO,NO,1,5
202425,VIBO VALENTIA,SCUOLA SECONDARIA II GRADO,SOSTEGNO,FINO AL TERMINE,FINO A 34,NO,SI,3,1
202425,SIRACUSA,SCUOLA SECONDARIA I GRADO,SOSTEGNO,FINO AL TERMINE,TRA 35 E 44,NO,NO,1,4
202425,FIRENZE,SCUOLA SECONDARIA II GRADO,NORMALE,FINO AL TERMINE,TRA 35 E 44,NO,NO,43,45
202425,BERGAMO,SCUOLA SECONDARIA II GRADO,SOSTEGNO,FINO AL TERMINE,TRA 45 E 54,NO,SI,14,37
202425,TRIESTE,SCUOLA PRIMARIA,SOSTEGNO,ANNUALE,OLTRE 54,SI,SI,0,1
202425,VERCELLI,SCUOLA INFANZIA,SOSTEGNO,FINO AL TERMINE,TRA 35 E 44,NO,SI,0,13
202425,FERMO,SCUOLA SECONDARIA II GRADO,SOSTEGNO,FINO AL TERMINE,TRA 35 E 44,NO,SI,11,36
202425,CASERTA,SCUOLA PRIMARIA,SOSTEGNO,FINO AL TERMINE,TRA 45 E 54,NO,NO,0,17
202425,REGGIO EMILIA,SCUOLA INFANZIA,SOSTEGNO,FINO AL TERMINE,OLTRE 54,NO,SI,0,9
202425,COMO,SCUOLA SECONDARIA I GRADO,SOSTEGNO,ANNUALE,FINO A 34,SI,SI,26,58
202425,LATINA,SCUOLA SECONDARIA II GRADO,SOSTEGNO,FINO AL TERMINE,TRA 35 E 44,NO,SI,50,182
202425,CHIETI,SCUOLA SECONDARIA II GRADO,NORMALE,ANNUALE,OLTRE 54,NO,SI,6,2
202425,VICENZA,SCUOLA INFANZIA,NORMALE,FINO AL TERMINE,TRA 35 E 44,NO,NO,0,11
202425,BARLETTA-ANDRIA-TRANI,SCUOLA SECONDARIA I GRADO,SOSTEGNO,FINO AL TERMINE,TRA 35 E 44,NO,NO,2,9
202425,BARI,SCUOLA PRIMARIA,NORMALE,ANNUALE,FINO A 34,NO,SI,1,19
202425,VERONA,SCUOLA INFANZIA,SOSTEGNO,FINO AL TERMINE,TRA 45 E 54,NO,NO,0,16
202425,LODI,SCUOLA SECONDARIA I GRADO,NORMALE,FINO AL TERMINE,OLTRE 54,NO,NO,0,7
202425,NAPOLI,SCUOLA SECONDARIA I GRADO,SOSTEGNO,FINO AL TERMINE,OLTRE 54,NO,NO,5,6
202425,VERBANO-CUSIO-OSSOLA,SCUOLA INFANZIA,NORMALE,FINO AL TERMINE,OLTRE 54,NO,NO,0,5
202425,VITERBO,SCUOLA SECONDARIA II GRADO,SOSTEGNO,FINO AL TERMINE,TRA 35 E 44,NO,NO,0,4
202425,PADOVA,SCUOLA PRIMARIA,SOSTEGNO,ANNUALE,FINO A 34,NO,SI,0,16
202425,BENEVENTO,SCUOLA PRIMARIA,SOSTEGNO,ANNUALE,TRA 45 E 54,SI,SI,0,2
202425,VARESE,SCUOLA SECONDARIA II GRADO,NORMALE,FINO AL TERMINE,FINO A 34,NO,NO,39,57
202425,NUORO,SCUOLA PRIMARIA,SOSTEGNO,FINO AL TERMINE,TRA 45 E 54,NO,SI,2,48
202425,FOGGIA,SCUOLA SECONDARIA II GRADO,SOSTEGNO,FINO AL TERMINE,OLTRE 54,NO,NO,0,1
202425,ANCONA,SCUOLA SECONDARIA I GRADO,SOSTEGNO,FINO AL TERMINE,OLTRE 54,NO,SI,3,11
202425,TRIESTE,SCUOLA PRIMARIA,SOSTEGNO,ANNUALE,TRA 35 E 44,NO,SI,2,7
202425,PARMA,SCUOLA PRIMARIA,NORMALE,FINO AL TERMINE,TRA 35 E 44,NO,SI,2,9
202425,CAGLIARI,SCUOLA PRIMARIA,NORMALE,FINO AL TERMINE,FINO A 34,NO,SI,0,2
202425,LIVORNO,SCUOLA PRIMARIA,NORMALE,FINO AL TERMINE,OLTRE 54,NO,NO,0,9
202425,PISA,SCUOLA PRIMARIA,SOSTEGNO,ANNUALE,FINO A 34,SI,SI,0,15
202425,TORINO,SCUOLA SECONDARIA II GRADO,SOSTEGNO,ANNUALE,TRA 45 E 54,SI,SI,0,2
202425,TERNI,SCUOLA SECONDARIA II GRADO,NORMALE,FINO AL TERMINE,FINO A 34,NO,SI,3,6
202425,ORISTANO,SCUOLA PRIMARIA,NORMALE,FINO AL TERMINE,FINO A 34,NO,SI,0,2
202425,BARI,SCUOLA SECONDARIA II GRADO,SOSTEGNO,FINO AL TERMINE,FINO A 34,NO,SI,24,178
202425,VERBANO-CUSIO-OSSOLA,SCUOLA SECONDARIA II GRADO,NORMALE,FINO AL TERMINE,FINO A 34,NO,NO,28,23
202425,RIMINI,SCUOLA SECONDARIA I GRADO,NORMALE,ANNUALE,TRA 35 E 44,NO,SI,0,3
202425,RIETI,SCUOLA PRIMARIA,SOSTEGNO,FINO AL TERMINE,TRA 45 E 54,NO,NO,0,6
202425,ORISTANO,SCUOLA SECONDARIA II GRADO,NORMALE,ANNUALE,OLTRE 54,NO,SI,3,0
202425,FORLI'-CESENA,SCUOLA SECONDARIA I GRADO,NORMALE,ANNUALE,FINO A 34,SI,SI,0,2
202425,SUD SARDEGNA,SCUOLA SECONDARIA I GRADO,SOSTEGNO,ANNUALE,TRA 45 E 54,SI,SI,0,1
202425,PISTOIA,SCUOLA SECONDARIA II GRADO,SOSTEGNO,FINO AL TERMINE,TRA 35 E 44,NO,NO,3,15
202425,ROMA,SCUOLA INFANZIA,SOSTEGNO,FINO AL TERMINE,FINO A 34,NO,NO,0,5
202425,NAPOLI,SCUOLA SECONDARIA II GRADO,NORMALE,ANNUALE,TRA 35 E 44,NO,NO,2,2
202425,AREZZO,SCUOLA SECONDARIA II GRADO,SOSTEGNO,FINO AL TERMINE,FINO A 34,NO,NO,1,4
202425,ROVIGO,SCUOLA SECONDARIA I GRADO,SOSTEGNO,ANNUALE,TRA 45 E 54,SI,SI,3,8
202425,BARI,SCUOLA SECONDARIA II GRADO,SOSTEGNO,ANNUALE,OLTRE 54,NO,SI,2,2
202425,CAGLIARI,SCUOLA SECONDARIA II GRADO,NORMALE,FINO AL TERMINE,FINO A 34,NO,NO,9,16
202425,VICENZA,SCUOLA SECONDARIA I GRADO,SOSTEGNO,ANNUALE,TRA 35 E 44,NO,NO,0,1
202425,PERUGIA,SCUOLA SECONDARIA I GRADO,NORMALE,ANNUALE,FINO A 34,NO,NO,1,2
202425,BIELLA,SCUOLA SECONDARIA II GRADO,SOSTEGNO,FINO AL TERMINE,TRA 35 E 44,NO,SI,11,38
202425,LIVORNO,SCUOLA SECONDARIA II GRADO,SOSTEGNO,FINO AL TERMINE,TRA 35 E 44,NO,SI,17,75
202425,FIRENZE,SCUOLA PRIMARIA,SOSTEGNO,ANNUALE,TRA 45 E 54,SI,SI,3,8
202425,ASTI,SCUOLA SECONDARIA I GRADO,SOSTEGNO,FINO AL TERMINE,TRA 45 E 54,NO,NO,1,1
202425,IMPERIA,SCUOLA SECONDARIA II GRADO,NORMALE,FINO AL TERMINE,TRA 45 E 54,NO,SI,5,6
202425,RIETI,SCUOLA SECONDARIA II GRADO,SOSTEGNO,FINO AL TERMINE,OLTRE 54,NO,SI,4,4
202425,VICENZA,SCUOLA INFANZIA,SOSTEGNO,ANNUALE,OLTRE 54,NO,SI,0,1
202425,CUNEO,SCUOLA PRIMARIA,NORMALE,FINO AL TERMINE,FINO A 34,NO,SI,4,74
202425,GROSSETO,SCUOLA SECONDARIA I GRADO,SOSTEGNO,FINO AL TERMINE,FINO A 34,NO,SI,1,15
202425,CALTANISSETTA,SCUOLA PRIMARIA,NORMALE,FINO AL TERMINE,OLTRE 54,NO,NO,0,2
202425,MACERATA,SCUOLA PRIMARIA,NORMALE,FINO AL TERMINE,FINO A 34,NO,NO,9,22
202425,CROTONE,SCUOLA SECONDARIA I GRADO,NORMALE,FINO AL TERMINE,TRA 35 E 44,NO,NO,4,13
202425,TERNI,SCUOLA SECONDARIA II GRADO,SOSTEGNO,FINO AL TERMINE,TRA 45 E 54,NO,SI,11,32
202425,NUORO,SCUOLA SECONDARIA II GRADO,SOSTEGNO,FINO AL TERMINE,TRA 35 E 44,NO,SI,4,16
202425,ORISTANO,SCUOLA SECONDARIA I GRADO,NORMALE,ANNUALE,TRA 45 E 54,NO,NO,0,1
202425,L'AQUILA,SCUOLA PRIMARIA,SOSTEGNO,FINO AL TERMINE,TRA 45 E 54,NO,SI,6,141
202425,PRATO,SCUOLA SECONDARIA II GRADO,SOSTEGNO,FINO AL TERMINE,FINO A 34,NO,SI,18,39
202425,GENOVA,SCUOLA PRIMARIA,NORMALE,FINO AL TERMINE,FINO A 34,NO,SI,4,21
202425,BIELLA,SCUOLA SECONDARIA I GRADO,SOSTEGNO,FINO AL TERMINE,FINO A 34,NO,NO,1,3
202425,LIVORNO,SCUOLA SECONDARIA II GRADO,SOSTEGNO,FINO AL TERMINE,FINO A 34,NO,SI,13,33
202425,SAVONA,SCUOLA SECONDARIA I GRADO,NORMALE,ANNUALE,TRA 35 E 44,NO,NO,1,2
202425,VERBANO-CUSIO-OSSOLA,SCUOLA SECONDARIA II GRADO,SOSTEGNO,FINO AL TERMINE,TRA 45 E 54,NO,NO,0,4
202425,PERUGIA,SCUOLA SECONDARIA I GRADO,SOSTEGNO,FINO AL TERMINE,OLTRE 54,NO,SI,8,32
202425,CATANIA,SCUOLA PRIMARIA,SOSTEGNO,FINO AL TERMINE,TRA 35 E 44,NO,NO,2,30
202425,SALERNO,SCUOLA INFANZIA,SOSTEGNO,FINO AL TERMINE,OLTRE 54,NO,SI,0,57
202425,VARESE,SCUOLA SECONDARIA II GRADO,NORMALE,ANNUALE,TRA 45 E 54,SI,SI,1,0
202425,CREMONA,SCUOLA SECONDARIA II GRADO,NORMALE,ANNUALE,TRA 45 E 54,NO,SI,6,13
202425,TERNI,SCUOLA PRIMARIA,NORMALE,FINO AL TERMINE,FINO A 34,NO,NO,5,12
202425,UDINE,SCUOLA PRIMARIA,SOSTEGNO,ANNUALE,FINO A 34,SI,SI,1,11
202425,GENOVA,SCUOLA INFANZIA,NORMALE,FINO AL TERMINE,FINO A 34,NO,NO,0,2
202425,MASSA-CARRARA,SCUOLA SECONDARIA II GRADO,NORMALE,FINO AL TERMINE,TRA 35 E 44,NO,NO,10,16
202425,TREVISO,SCUOLA INFANZIA,SOSTEGNO,FINO AL TERMINE,TRA 35 E 44,NO,SI,0,26
202425,TORINO,SCUOLA SECONDARIA I GRADO,SOSTEGNO,ANNUALE,FINO A 34,NO,SI,2,4
202425,MACERATA,SCUOLA SECONDARIA I GRADO,SOSTEGNO,FINO AL TERMINE,TRA 35 E 44,NO,NO,1,11
202425,SUD SARDEGNA,SCUOLA PRIMARIA,SOSTEGNO,ANNUALE,TRA 45 E 54,SI,SI,1,2
202425,MANTOVA,SCUOLA SECONDARIA II GRADO,SOSTEGNO,ANNUALE,TRA 35 E 44,NO,SI,1,0
202425,MACERATA,SCUOLA PRIMARIA,SOSTEGNO,FINO AL TERMINE,FINO A 34,NO,NO,1,5
202425,VICENZA,SCUOLA SECONDARIA II GRADO,SOSTEGNO,ANNUALE,TRA 45 E 54,NO,SI,2,1
202425,UDINE,SCUOLA SECONDARIA I GRADO,SOSTEGNO,FINO AL TERMINE,OLTRE 54,NO,SI,4,12
202425,LIVORNO,SCUOLA PRIMARIA,SOSTEGNO,FINO AL TERMINE,OLTRE 54,NO,NO,1,5
202425,NOVARA,SCUOLA INFANZIA,SOSTEGNO,FINO AL TERMINE,TRA 35 E 44,NO,SI,0,25
202425,LODI,SCUOLA PRIMARIA,SOSTEGNO,ANNUALE,OLTRE 54,NO,NO,0,1
202425,FORLI'-CESENA,SCUOLA SECONDARIA II GRADO,SOSTEGNO,ANNUALE,TRA 45 E 54,NO,SI,0,1
202425,LECCO,SCUOLA SECONDARIA I GRADO,SOSTEGNO,FINO AL TERMINE,FINO A 34,NO,NO,4,5
202425,MONZA E DELLA BRIANZA,SCUOLA SECONDARIA I GRADO,SOSTEGNO,ANNUALE,TRA 45 E 54,SI,SI,12,19
202425,PADOVA,SCUOLA SECONDARIA II GRADO,SOSTEGNO,FINO AL TERMINE,TRA 45 E 54,NO,SI,8,29
202425,REGGIO CALABRIA,SCUOLA SECONDARIA I GRADO,NORMALE,ANNUALE,TRA 45 E 54,NO,NO,0,1
202425,VIBO VALENTIA,SCUOLA PRIMARIA,SOSTEGNO,FINO AL TERMINE,OLTRE 54,NO,SI,0,1
202425,MANTOVA,SCUOLA PRIMARIA,SOSTEGNO,FINO AL TERMINE,FINO A 34,NO,SI,32,188
202425,SIENA,SCUOLA SECONDARIA II GRADO,NORMALE,ANNUALE,TRA 35 E 44,NO,SI,21,13
202425,BELLUNO,SCUOLA PRIMARIA,NORMALE,FINO AL TERMINE,OLTRE 54,NO,NO,0,2
202425,VERCELLI,SCUOLA SECONDARIA I GRADO,SOSTEGNO,FINO AL TERMINE,FINO A 34,NO,SI,11,21
202425,L'AQUILA,SCUOLA SECONDARIA I GRADO,NORMALE,ANNUALE,FINO A 34,NO,NO,1,1
202425,AGRIGENTO,SCUOLA SECONDARIA II GRADO,NORMALE,ANNUALE,TRA 45 E 54,NO,SI,14,7
202425,FERMO,SCUOLA PRIMARIA,NORMALE,FINO AL TERMINE,OLTRE 54,NO,NO,0,2
202425,TREVISO,SCUOLA PRIMARIA,NORMALE,FINO AL TERMINE,FINO A 34,NO,NO,28,46
202425,VENEZIA,SCUOLA PRIMARIA,SOSTEGNO,ANNUALE,TRA 35 E 44,SI,NO,0,1
202425,VENEZIA,SCUOLA SECONDARIA I GRADO,SOSTEGNO,ANNUALE,TRA 45 E 54,SI,NO,0,1
202425,GROSSETO,SCUOLA SECONDARIA II GRADO,SOSTEGNO,FINO AL TERMINE,OLTRE 54,NO,NO,3,4
202425,BRESCIA,SCUOLA SECONDARIA II GRADO,NORMALE,ANNUALE,OLTRE 54,NO,NO,2,0
202425,ASCOLI PICENO,SCUOLA SECONDARIA II GRADO,NORMALE,FINO AL TERMINE,TRA 35 E 44,NO,NO,8,24
202425,PISTOIA,SCUOLA PRIMARIA,SOSTEGNO,ANNUALE,TRA 35 E 44,NO,SI,0,4
202425,VIBO VALENTIA,SCUOLA SECONDARIA I GRADO,NORMALE,ANNUALE,OLTRE 54,NO,SI,0,3
202425,CROTONE,SCUOLA SECONDARIA I GRADO,SOSTEGNO,FINO AL TERMINE,TRA 35 E 44,NO,NO,0,5
202425,LODI,SCUOLA SECONDARIA II GRADO,SOSTEGNO,FINO AL TERMINE,TRA 35 E 44,NO,NO,0,7
202425,BIELLA,SCUOLA SECONDARIA I GRADO,SOSTEGNO,FINO AL TERMINE,TRA 45 E 54,NO,NO,0,4
202425,ROMA,SCUOLA SECONDARIA I GRADO,NORMALE,ANNUALE,TRA 45 E 54,NO,NO,1,2
202425,COSENZA,SCUOLA SECONDARIA II GRADO,SOSTEGNO,FINO AL TERMINE,TRA 35 E 44,NO,SI,7,51
202425,VERBANO-CUSIO-OSSOLA,SCUOLA SECONDARIA II GRADO,NORMALE,FINO AL TERMINE,TRA 45 E 54,NO,NO,5,12
202425,VENEZIA,SCUOLA PRIMARIA,SOSTEGNO,FINO AL TERMINE,TRA 45 E 54,NO,SI,6,81
202425,AREZZO,SCUOLA INFANZIA,NORMALE,FINO AL TERMINE,TRA 45 E 54,NO,NO,0,3
202425,REGGIO CALABRIA,SCUOLA PRIMARIA,SOSTEGNO,FINO AL TERMINE,FINO A 34,NO,SI,1,24
202425,UDINE,SCUOLA SECONDARIA I GRADO,NORMALE,FINO AL TERMINE,OLTRE 54,NO,NO,3,16
202425,TREVISO,SCUOLA SECONDARIA II GRADO,SOSTEGNO,ANNUALE,TRA 45 E 54,NO,SI,8,7
202425,MATERA,SCUOLA INFANZIA,SOSTEGNO,ANNUALE,FINO A 34,SI,SI,0,1
202425,RIMINI,SCUOLA PRIMARIA,NORMALE,FINO AL TERMINE,TRA 45 E 54,NO,SI,1,19
202425,ISERNIA,SCUOLA SECONDARIA II GRADO,NORMALE,FINO AL TERMINE,TRA 35 E 44,NO,SI,1,5
202425,REGGIO EMILIA,SCUOLA SECONDARIA I GRADO,NORMALE,FINO AL TERMINE,TRA 35 E 44,NO,NO,8,30
202425,TORINO,SCUOLA SECONDARIA I GRADO,NORMALE,ANNUALE,TRA 35 E 44,NO,SI,48,93
202425,PADOVA,SCUOLA SECONDARIA I GRADO,NORMALE,FINO AL TERMINE,FINO A 34,NO,SI,18,31
202425,PISTOIA,SCUOLA PRIMARIA,SOSTEGNO,FINO AL TERMINE,TRA 45 E 54,NO,NO,1,4
202425,CROTONE,SCUOLA SECONDARIA I GRADO,NORMALE,ANNUALE,TRA 35 E 44,NO,SI,3,11
202425,FOGGIA,SCUOLA PRIMARIA,NORMALE,FINO AL TERMINE,OLTRE 54,NO,SI,0,11
202425,VITERBO,SCUOLA SECONDARIA I GRADO,SOSTEGNO,FINO AL TERMINE,FINO A 34,NO,NO,2,7
202425,PRATO,SCUOLA SECONDARIA I GRADO,SOSTEGNO,FINO AL TERMINE,TRA 35 E 44,NO,NO,3,11
202425,BARI,SCUOLA SECONDARIA I GRADO,NORMALE,ANNUALE,FINO A 34,NO,SI,2,1
202425,POTENZA,SCUOLA SECONDARIA II GRADO,NORMALE,ANNUALE,TRA 45 E 54,NO,NO,0,2
202425,LODI,SCUOLA SECONDARIA II GRADO,NORMALE,FINO AL TERMINE,TRA 35 E 44,NO,SI,11,24
202425,MATERA,SCUOLA SECONDARIA II GRADO,SOSTEGNO,FINO AL TERMINE,TRA 35 E 44,NO,NO,2,4
202425,PORDENONE,SCUOLA PRIMARIA,NORMALE,FINO AL TERMINE,TRA 45 E 54,NO,SI,0,14
202425,BRINDISI,SCUOLA SECONDARIA II GRADO,SOSTEGNO,FINO AL TERMINE,OLTRE 54,NO,NO,1,2
202425,REGGIO EMILIA,SCUOLA PRIMARIA,NORMALE,FINO AL TERMINE,FINO A 34,NO,NO,20,25
202425,CUNEO,SCUOLA SECONDARIA I GRADO,NORMALE,FINO AL TERMINE,TRA 45 E 54,NO,NO,7,23
202425,BENEVENTO,SCUOLA SECONDARIA II GRADO,SOSTEGNO,FINO AL TERMINE,TRA 35 E 44,NO,SI,0,1
202425,VERCELLI,SCUOLA SECONDARIA II GRADO,NORMALE,FINO AL TERMINE,FINO A 34,NO,NO,17,32
202425,LA SPEZIA,SCUOLA SECONDARIA I GRADO,NORMALE,ANNUALE,FINO A 34,NO,SI,6,11
202425,PAVIA,SCUOLA INFANZIA,NORMALE,ANNUALE,OLTRE 54,NO,SI,0,11
202425,FIRENZE,SCUOLA INFANZIA,NORMALE,FINO AL TERMINE,FINO A 34,NO,NO,0,12
202425,PALERMO,SCUOLA PRIMARIA,SOSTEGNO,FINO AL TERMINE,TRA 45 E 54,NO,SI,36,481
202425,BRINDISI,SCUOLA INFANZIA,NORMALE,FINO AL TERMINE,OLTRE 54,NO,NO,0,1
202425,MODENA,SCUOLA SECONDARIA II GRADO,SOSTEGNO,FINO AL TERMINE,TRA 45 E 54,NO,NO,7,11
202425,CUNEO,SCUOLA SECONDARIA II GRADO,SOSTEGNO,FINO AL TERMINE,FINO A 34,NO,NO,2,4
202425,SIENA,SCUOLA SECONDARIA I GRADO,NORMALE,FINO AL TERMINE,FINO A 34,NO,SI,5,10
202425,VIBO VALENTIA,SCUOLA INFANZIA,SOSTEGNO,FINO AL TERMINE,OLTRE 54,NO,SI,0,6
202425,TORINO,SCUOLA SECONDARIA II GRADO,SOSTEGNO,ANNUALE,FINO A 34,NO,SI,1,0
202425,BARLETTA-ANDRIA-TRANI,SCUOLA PRIMARIA,SOSTEGNO,FINO AL TERMINE,FINO A 34,NO,NO,0,2
202425,FOGGIA,SCUOLA PRIMARIA,NORMALE,FINO AL TERMINE,TRA 35 E 44,NO,NO,7,12
202425,PERUGIA,SCUOLA INFANZIA,NORMALE,ANNUALE,FINO A 34,NO,SI,0,3
202425,L'AQUILA,SCUOLA PRIMARIA,NORMALE,ANNUALE,TRA 45 E 54,NO,NO,0,1
202425,RAGUSA,SCUOLA SECONDARIA I GRADO,SOSTEGNO,ANNUALE,TRA 45 E 54,SI,SI,1,2
202425,VERCELLI,SCUOLA SECONDARIA I GRADO,NORMALE,FINO AL TERMINE,OLTRE 54,NO,NO,2,2
202425,VERCELLI,SCUOLA SECONDARIA II GRADO,SOSTEGNO,ANNUALE,TRA 45 E 54,SI,SI,3,0
202425,AVELLINO,SCUOLA PRIMARIA,SOSTEGNO,FINO AL TERMINE,TRA 45 E 54,NO,NO,0,18
202425,PALERMO,SCUOLA SECONDARIA II GRADO,SOSTEGNO,FINO AL TERMINE,FINO A 34,NO,SI,19,131
202425,IMPERIA,SCUOLA INFANZIA,NORMALE,FINO AL TERMINE,TRA 45 E 54,NO,NO,0,1
202425,VENEZIA,SCUOLA SECONDARIA I GRADO,NORMALE,FINO AL TERMINE,FINO A 34,NO,SI,16,22
202425,SALERNO,SCUOLA SECONDARIA I GRADO,SOSTEGNO,FINO AL TERMINE,TRA 35 E 44,NO,NO,8,25
202425,CHIETI,SCUOLA SECONDARIA II GRADO,SOSTEGNO,FINO AL TERMINE,TRA 45 E 54,NO,SI,17,64
202425,LUCCA,SCUOLA INFANZIA,SOSTEGNO,FINO AL TERMINE,OLTRE 54,NO,NO,0,4
202425,MODENA,SCUOLA PRIMARIA,SOSTEGNO,FINO AL TERMINE,FINO A 34,NO,SI,26,234
202425,PAVIA,SCUOLA SECONDARIA I GRADO,NORMALE,ANNUALE,FINO A 34,NO,NO,1,0
202425,NUORO,SCUOLA SECONDARIA I GRADO,SOSTEGNO,FINO AL TERMINE,OLTRE 54,NO,SI,2,5
202425,GENOVA,SCUOLA PRIMARIA,SOSTEGNO,FINO AL TERMINE,TRA 45 E 54,NO,NO,0,21
202425,VERONA,SCUOLA PRIMARIA,SOSTEGNO,ANNUALE,TRA 45 E 54,SI,SI,3,15
202425,FORLI'-CESENA,SCUOLA SECONDARIA I GRADO,SOSTEGNO,FINO AL TERMINE,FINO A 34,NO,SI,5,26
202425,PALERMO,SCUOLA SECONDARIA II GRADO,NORMALE,FINO AL TERMINE,OLTRE 54,NO,SI,10,8
202425,BELLUNO,SCUOLA PRIMARIA,SOSTEGNO,ANNUALE,TRA 35 E 44,SI,SI,0,2
202425,LECCE,SCUOLA INFANZIA,SOSTEGNO,ANNUALE,OLTRE 54,NO,SI,0,1
202425,RIETI,SCUOLA PRIMARIA,SOSTEGNO,FINO AL TERMINE,TRA 35 E 44,NO,SI,0,32
202425,MANTOVA,SCUOLA INFANZIA,SOSTEGNO,FINO AL TERMINE,TRA 45 E 54,NO,SI,0,38
202425,LATINA,SCUOLA PRIMARIA,SOSTEGNO,FINO AL TERMINE,TRA 45 E 54,NO,NO,1,26
202425,NUORO,SCUOLA SECONDARIA I GRADO,NORMALE,ANNUALE,TRA 45 E 54,NO,NO,0,1
202425,VERONA,SCUOLA SECONDARIA I GRADO,NORMALE,ANNUALE,TRA 35 E 44,SI,SI,0,1
202425,ISERNIA,SCUOLA SECONDARIA I GRADO,SOSTEGNO,FINO AL TERMINE,TRA 45 E 54,NO,SI,1,5
202425,BENEVENTO,SCUOLA SECONDARIA I GRADO,NORMALE,ANNUALE,TRA 35 E 44,NO,NO,0,2
202425,ENNA,SCUOLA INFANZIA,NORMALE,FINO AL TERMINE,TRA 35 E 44,NO,SI,0,1
202425,TERAMO,SCUOLA PRIMARIA,SOSTEGNO,FINO AL TERMINE,TRA 35 E 44,NO,SI,3,134
202425,ORISTANO,SCUOLA PRIMARIA,SOSTEGNO,FINO AL TERMINE,TRA 35 E 44,NO,SI,2,20
202425,FROSINONE,SCUOLA SECONDARIA I GRADO,NORMALE,ANNUALE,OLTRE 54,NO,SI,1,2
202425,VICENZA,SCUOLA SECONDARIA II GRADO,SOSTEGNO,FINO AL TERMINE,TRA 45 E 54,NO,NO,1,10
202425,BIELLA,SCUOLA PRIMARIA,SOSTEGNO,ANNUALE,OLTRE 54,NO,SI,1,13
202425,ROMA,SCUOLA SECONDARIA II GRADO,SOSTEGNO,ANNUALE,FINO A 34,NO,SI,0,1
202425,FERRARA,SCUOLA PRIMARIA,NORMALE,ANNUALE,FINO A 34,NO,SI,0,3
202425,PORDENONE,SCUOLA PRIMARIA,SOSTEGNO,FINO AL TERMINE,TRA 45 E 54,NO,SI,1,29
202425,GROSSETO,SCUOLA PRIMARIA,NORMALE,FINO AL TERMINE,OLTRE 54,NO,SI,2,4
202425,LECCE,SCUOLA SECONDARIA I GRADO,NORMALE,ANNUALE,FINO A 34,NO,SI,6,3
202425,CAGLIARI,SCUOLA SECONDARIA II GRADO,NORMALE,ANNUALE,TRA 45 E 54,NO,SI,18,18
202425,PISA,SCUOLA SECONDARIA I GRADO,SOSTEGNO,FINO AL TERMINE,TRA 45 E 54,NO,SI,15,60
202425,RIETI,SCUOLA SECONDARIA II GRADO,NORMALE,FINO AL TERMINE,TRA 45 E 54,NO,SI,6,3
202425,SIRACUSA,SCUOLA INFANZIA,SOSTEGNO,FINO AL TERMINE,TRA 35 E 44,NO,SI,1,32
202425,VICENZA,SCUOLA PRIMARIA,NORMALE,FINO AL TERMINE,OLTRE 54,NO,SI,0,18
202425,FROSINONE,SCUOLA SECONDARIA II GRADO,SOSTEGNO,FINO AL TERMINE,TRA 35 E 44,NO,SI,12,51
202425,CUNEO,SCUOLA PRIMARIA,SOSTEGNO,FINO AL TERMINE,FINO A 34,NO,NO,7,42
202425,PERUGIA,SCUOLA SECONDARIA II GRADO,NORMALE,ANNUALE,TRA 45 E 54,NO,NO,2,2
202425,CASERTA,SCUOLA SECONDARIA II GRADO,SOSTEGNO,FINO AL TERMINE,TRA 45 E 54,NO,SI,1,8
202425,IMPERIA,SCUOLA PRIMARIA,SOSTEGNO,ANNUALE,TRA 45 E 54,SI,SI,0,1
202425,VERBANO-CUSIO-OSSOLA,SCUOLA INFANZIA,SOSTEGNO,ANNUALE,FINO A 34,NO,SI,0,1
202425,CALTANISSETTA,SCUOLA SECONDARIA II GRADO,SOSTEGNO,ANNUALE,TRA 45 E 54,SI,SI,0,1
202425,RIETI,SCUOLA SECONDARIA I GRADO,NORMALE,FINO AL TERMINE,OLTRE 54,NO,SI,2,0
202425,BARLETTA-ANDRIA-TRANI,SCUOLA SECONDARIA I GRADO,NORMALE,FINO AL TERMINE,TRA 35 E 44,NO,NO,6,9
202425,PESARO E URBINO,SCUOLA SECONDARIA I GRADO,NORMALE,ANNUALE,TRA 35 E 44,SI,SI,1,0
202425,LIVORNO,SCUOLA SECONDARIA II GRADO,NORMALE,ANNUALE,FINO A 34,NO,SI,30,29
202425,CATANZARO,SCUOLA SECONDARIA I GRADO,SOSTEGNO,FINO AL TERMINE,TRA 45 E 54,NO,SI,11,19
202425,ASTI,SCUOLA SECONDARIA II GRADO,NORMALE,FINO AL TERMINE,FINO A 34,NO,SI,7,8
202425,MESSINA,SCUOLA INFANZIA,SOSTEGNO,FINO AL TERMINE,OLTRE 54,NO,NO,0,9
202425,GROSSETO,SCUOLA INFANZIA,SOSTEGNO,FINO AL TERMINE,OLTRE 54,NO,NO,0,5
202425,IMPERIA,SCUOLA INFANZIA,SOSTEGNO,ANNUALE,TRA 45 E 54,SI,SI,0,2
202425,SALERNO,SCUOLA SECONDARIA I GRADO,NORMALE,FINO AL TERMINE,FINO A 34,NO,NO,6,20
202425,ASCOLI PICENO,SCUOLA INFANZIA,NORMALE,ANNUALE,TRA 45 E 54,NO,SI,0,4
202425,PISA,SCUOLA SECONDARIA I GRADO,SOSTEGNO,FINO AL TERMINE,OLTRE 54,NO,SI,10,24
202425,GENOVA,SCUOLA SECONDARIA I GRADO,SOSTEGNO,FINO AL TERMINE,FINO A 34,NO,NO,3,12
202425,ALESSANDRIA,SCUOLA SECONDARIA II GRADO,NORMALE,ANNUALE,TRA 45 E 54,NO,SI,10,15
202425,SONDRIO,SCUOLA SECONDARIA II GRADO,SOSTEGNO,FINO AL TERMINE,OLTRE 54,NO,SI,1,2
202425,FIRENZE,SCUOLA INFANZIA,SOSTEGNO,FINO AL TERMINE,OLTRE 54,NO,SI,1,49
202425,REGGIO CALABRIA,SCUOLA SECONDARIA II GRADO,NORMALE,FINO AL TERMINE,FINO A 34,NO,SI,6,8
202425,RAVENNA,SCUOLA SECONDARIA I GRADO,NORMALE,FINO AL TERMINE,TRA 45 E 54,NO,NO,11,17
202425,BRESCIA,SCUOLA SECONDARIA I GRADO,NORMALE,ANNUALE,FINO A 34,NO,SI,17,33
202425,CREMONA,SCUOLA SECONDARIA II GRADO,NORMALE,ANNUALE,TRA 45 E 54,NO,NO,0,1
202425,MILANO,SCUOLA PRIMARIA,SOSTEGNO,ANNUALE,TRA 35 E 44,SI,SI,6,46
202425,ENNA,SCUOLA PRIMARIA,NORMALE,FINO AL TERMINE,OLTRE 54,NO,NO,1,0
202425,BRINDISI,SCUOLA SECONDARIA II GRADO,NORMALE,FINO AL TERMINE,TRA 35 E 44,NO,NO,17,25
202425,BIELLA,SCUOLA INFANZIA,NORMALE,FINO AL TERMINE,OLTRE 54,NO,SI,0,2
202425,POTENZA,SCUOLA PRIMARIA,NORMALE,FINO AL TERMINE,OLTRE 54,NO,NO,4,5
202425,SUD SARDEGNA,SCUOLA SECONDARIA I GRADO,NORMALE,FINO AL TERMINE,FINO A 34,NO,SI,4,7
202425,PARMA,SCUOLA INFANZIA,NORMALE,FINO AL TERMINE,TRA 45 E 54,NO,NO,0,5
202425,ORISTANO,SCUOLA SECONDARIA I GRADO,SOSTEGNO,ANNUALE,TRA 45 E 54,NO,SI,0,1
202425,SIRACUSA,SCUOLA PRIMARIA,NORMALE,FINO AL TERMINE,TRA 35 E 44,NO,SI,0,9
202425,LUCCA,SCUOLA PRIMARIA,NORMALE,FINO AL TERMINE,TRA 45 E 54,NO,NO,3,9
202425,RAGUSA,SCUOLA INFANZIA,SOSTEGNO,FINO AL TERMINE,TRA 35 E 44,NO,NO,0,5
202425,GENOVA,SCUOLA PRIMARIA,SOSTEGNO,FINO AL TERMINE,FINO A 34,NO,NO,8,37
202425,TRIESTE,SCUOLA INFANZIA,NORMALE,ANNUALE,FINO A 34,NO,SI,0,1
202425,BARLETTA-ANDRIA-TRANI,SCUOLA PRIMARIA,NORMALE,FINO AL TERMINE,TRA 45 E 54,NO,NO,1,9
202425,POTENZA,SCUOLA PRIMARIA,SOSTEGNO,ANNUALE,FINO A 34,SI,SI,0,3
202425,ROVIGO,SCUOLA INFANZIA,SOSTEGNO,FINO AL TERMINE,FINO A 34,NO,NO,0,3
202425,PORDENONE,SCUOLA SECONDARIA I GRADO,NORMALE,ANNUALE,TRA 45 E 54,NO,SI,1,6
202425,MODENA,SCUOLA SECONDARIA I GRADO,SOSTEGNO,ANNUALE,TRA 35 E 44,SI,NO,0,1
202425,LUCCA,SCUOLA SECONDARIA II GRADO,SOSTEGNO,FINO AL TERMINE,TRA 35 E 44,NO,SI,26,75
202425,RIETI,SCUOLA SECONDARIA I GRADO,NORMALE,FINO AL TERMINE,TRA 45 E 54,NO,SI,1,0
202425,RAVENNA,SCUOLA SECONDARIA II GRADO,NORMALE,FINO AL TERMINE,FINO A 34,NO,NO,17,32
202425,ROMA,SCUOLA PRIMARIA,NORMALE,FINO AL TERMINE,FINO A 34,NO,SI,12,291
202425,VERCELLI,SCUOLA SECONDARIA II GRADO,NORMALE,FINO AL TERMINE,TRA 35 E 44,NO,NO,10,20
202425,LA SPEZIA,SCUOLA INFANZIA,SOSTEGNO,FINO AL TERMINE,TRA 35 E 44,NO,SI,0,15
202425,MESSINA,SCUOLA SECONDARIA I GRADO,SOSTEGNO,ANNUALE,FINO A 34,SI,SI,0,1
202425,BARI,SCUOLA INFANZIA,NORMALE,FINO AL TERMINE,OLTRE 54,NO,NO,0,5
202425,PESCARA,SCUOLA SECONDARIA II GRADO,NORMALE,ANNUALE,TRA 35 E 44,NO,NO,1,1
202425,CATANZARO,SCUOLA PRIMARIA,SOSTEGNO,FINO AL TERMINE,TRA 45 E 54,NO,SI,7,124
202425,AGRIGENTO,SCUOLA INFANZIA,SOSTEGNO,FINO AL TERMINE,TRA 35 E 44,NO,SI,0,13
202425,PRATO,SCUOLA INFANZIA,SOSTEGNO,FINO AL TERMINE,TRA 45 E 54,NO,NO,0,1
202425,PESARO E URBINO,SCUOLA INFANZIA,NORMALE,ANNUALE,TRA 35 E 44,NO,SI,0,3
202425,VENEZIA,SCUOLA SECONDARIA II GRADO,NORMALE,ANNUALE,TRA 35 E 44,SI,NO,0,1
202425,ASCOLI PICENO,SCUOLA INFANZIA,SOSTEGNO,FINO AL TERMINE,TRA 45 E 54,NO,SI,0,21
202425,FOGGIA,SCUOLA SECONDARIA I GRADO,NORMALE,FINO AL TERMINE,TRA 45 E 54,NO,SI,1,11
202425,BIELLA,SCUOLA SECONDARIA I GRADO,NORMALE,ANNUALE,TRA 35 E 44,SI,SI,0,1
202425,TARANTO,SCUOLA SECONDARIA I GRADO,NORMALE,ANNUALE,OLTRE 54,NO,SI,3,1
202425,SONDRIO,SCUOLA SECONDARIA II GRADO,SOSTEGNO,ANNUALE,FINO A 34,SI,SI,0,3
202425,MESSINA,SCUOLA PRIMARIA,NORMALE,FINO AL TERMINE,TRA 45 E 54,NO,NO,5,8
202425,LECCO,SCUOLA SECONDARIA II GRADO,SOSTEGNO,FINO AL TERMINE,TRA 35 E 44,NO,SI,3,23
202425,ASCOLI PICENO,SCUOLA PRIMARIA,NORMALE,FINO AL TERMINE,TRA 35 E 44,NO,SI,0,7
202425,BRINDISI,SCUOLA PRIMARIA,SOSTEGNO,FINO AL TERMINE,TRA 35 E 44,NO,NO,0,16
202425,TERNI,SCUOLA PRIMARIA,SOSTEGNO,FINO AL TERMINE,TRA 35 E 44,NO,SI,2,38
202425,LATINA,SCUOLA SECONDARIA I GRADO,NORMALE,ANNUALE,TRA 45 E 54,NO,SI,3,5
202425,L'AQUILA,SCUOLA SECONDARIA II GRADO,NORMALE,FINO AL TERMINE,TRA 45 E 54,NO,NO,15,19
202425,SAVONA,SCUOLA INFANZIA,NORMALE,FINO AL TERMINE,TRA 35 E 44,NO,NO,0,2
202425,BARI,SCUOLA SECONDARIA I GRADO,NORMALE,FINO AL TERMINE,TRA 45 E 54,NO,SI,7,13
202425,PESCARA,SCUOLA SECONDARIA II GRADO,NORMALE,ANNUALE,TRA 35 E 44,NO,SI,6,13
202425,VERBANO-CUSIO-OSSOLA,SCUOLA SECONDARIA I GRADO,NORMALE,FINO AL TERMINE,FINO A 34,NO,SI,6,15
202425,ROVIGO,SCUOLA SECONDARIA I GRADO,NORMALE,FINO AL TERMINE,TRA 35 E 44,NO,NO,3,10
202425,VERCELLI,SCUOLA PRIMARIA,NORMALE,FINO AL TERMINE,TRA 35 E 44,NO,SI,0,7
202425,MONZA E DELLA BRIANZA,SCUOLA SECONDARIA II GRADO,NORMALE,ANNUALE,TRA 45 E 54,NO,SI,28,28
202425,MANTOVA,SCUOLA SECONDARIA I GRADO,NORMALE,FINO AL TERMINE,OLTRE 54,NO,NO,1,2
202425,ROVIGO,SCUOLA SECONDARIA I GRADO,SOSTEGNO,FINO AL TERMINE,TRA 35 E 44,NO,NO,0,6
202425,LECCO,SCUOLA PRIMARIA,NORMALE,FINO AL TERMINE,FINO A 34,NO,NO,14,17
202425,VARESE,SCUOLA SECONDARIA II GRADO,SOSTEGNO,FINO AL TERMINE,TRA 35 E 44,NO,NO,2,15
202425,RAGUSA,SCUOLA SECONDARIA I GRADO,NORMALE,FINO AL TERMINE,TRA 35 E 44,NO,SI,3,8
202425,LA SPEZIA,SCUOLA SECONDARIA II GRADO,NORMALE,ANNUALE,TRA 35 E 44,NO,SI,6,13
202425,LA SPEZIA,SCUOLA SECONDARIA I GRADO,NORMALE,FINO AL TERMINE,TRA 35 E 44,NO,NO,1,11
202425,LIVORNO,SCUOLA SECONDARIA I GRADO,NORMALE,FINO AL TERMINE,FINO A 34,NO,NO,3,6
202425,FORLI'-CESENA,SCUOLA INFANZIA,SOSTEGNO,FINO AL TERMINE,TRA 35 E 44,NO,NO,0,4
202425,POTENZA,SCUOLA SECONDARIA II GRADO,NORMALE,ANNUALE,FINO A 34,NO,SI,14,15
202425,SUD SARDEGNA,SCUOLA SECONDARIA II GRADO,NORMALE,ANNUALE,OLTRE 54,NO,SI,13,8
202425,IMPERIA,SCUOLA SECONDARIA I GRADO,SOSTEGNO,FINO AL TERMINE,TRA 45 E 54,NO,SI,5,14
202425,MONZA E DELLA BRIANZA,SCUOLA SECONDARIA I GRADO,SOSTEGNO,ANNUALE,TRA 35 E 44,SI,NO,1,2
202425,NAPOLI,SCUOLA SECONDARIA I GRADO,NORMALE,ANNUALE,FINO A 34,NO,SI,33,178
202425,MASSA-CARRARA,SCUOLA PRIMARIA,SOSTEGNO,ANNUALE,TRA 35 E 44,SI,SI,0,2
202425,ROVIGO,SCUOLA SECONDARIA II GRADO,NORMALE,ANNUALE,TRA 35 E 44,NO,NO,2,0
202425,ASTI,SCUOLA INFANZIA,NORMALE,FINO AL TERMINE,OLTRE 54,NO,NO,0,2
202425,COMO,SCUOLA PRIMARIA,NORMALE,ANNUALE,OLTRE 54,NO,SI,0,3
202425,VARESE,SCUOLA SECONDARIA I GRADO,NORMALE,ANNUALE,TRA 35 E 44,NO,NO,0,1
202425,MACERATA,SCUOLA SECONDARIA II GRADO,NORMALE,ANNUALE,OLTRE 54,NO,SI,4,0
202425,RAVENNA,SCUOLA SECONDARIA I GRADO,SOSTEGNO,ANNUALE,OLTRE 54,SI,SI,0,1
202425,MODENA,SCUOLA SECONDARIA I GRADO,NORMALE,FINO AL TERMINE,TRA 35 E 44,NO,SI,12,29
202425,CATANZARO,SCUOLA SECONDARIA I GRADO,NORMALE,ANNUALE,TRA 45 E 54,NO,SI,2,5
202425,MILANO,SCUOLA INFANZIA,NORMALE,FINO AL TERMINE,TRA 45 E 54,NO,SI,0,27
202425,TRAPANI,SCUOLA SECONDARIA II GRADO,SOSTEGNO,FINO AL TERMINE,OLTRE 54,NO,SI,3,8
202425,MASSA-CARRARA,SCUOLA PRIMARIA,SOSTEGNO,FINO AL TERMINE,OLTRE 54,NO,SI,1,38
202425,CAGLIARI,SCUOLA PRIMARIA,SOSTEGNO,FINO AL TERMINE,OLTRE 54,NO,SI,3,52
202425,CHIETI,SCUOLA SECONDARIA I GRADO,SOSTEGNO,FINO AL TERMINE,FINO A 34,NO,NO,0,12
202425,BRESCIA,SCUOLA SECONDARIA I GRADO,NORMALE,FINO AL TERMINE,FINO A 34,NO,NO,44,89
202425,CUNEO,SCUOLA SECONDARIA I GRADO,SOSTEGNO,ANNUALE,FINO A 34,SI,SI,10,30
202425,CATANIA,SCUOLA SECONDARIA I GRADO,SOSTEGNO,FINO AL TERMINE,TRA 45 E 54,NO,NO,2,18
202425,LUCCA,SCUOLA SECONDARIA II GRADO,SOSTEGNO,ANNUALE,TRA 35 E 44,NO,SI,0,3
202425,VERONA,SCUOLA INFANZIA,NORMALE,FINO AL TERMINE,TRA 45 E 54,NO,SI,0,13
202425,VARESE,SCUOLA INFANZIA,NORMALE,FINO AL TERMINE,TRA 35 E 44,NO,NO,0,6
202425,AVELLINO,SCUOLA SECONDARIA II GRADO,NORMALE,FINO AL TERMINE,OLTRE 54,NO,SI,9,6
202425,PAVIA,SCUOLA INFANZIA,NORMALE,ANNUALE,FINO A 34,NO,SI,0,5
202425,LODI,SCUOLA PRIMARIA,NORMALE,ANNUALE,TRA 45 E 54,NO,SI,0,2
202425,FORLI'-CESENA,SCUOLA SECONDARIA II GRADO,NORMALE,ANNUALE,TRA 45 E 54,NO,SI,12,11
202425,ORISTANO,SCUOLA SECONDARIA II GRADO,NORMALE,FINO AL TERMINE,TRA 45 E 54,NO,NO,7,14
202425,LECCO,SCUOLA PRIMARIA,SOSTEGNO,ANNUALE,OLTRE 54,NO,NO,0,1
202425,VIBO VALENTIA,SCUOLA SECONDARIA I GRADO,SOSTEGNO,FINO AL TERMINE,TRA 35 E 44,NO,SI,3,12
202425,VIBO VALENTIA,SCUOLA SECONDARIA II GRADO,NORMALE,FINO AL TERMINE,TRA 35 E 44,NO,NO,12,14
202425,FOGGIA,SCUOLA SECONDARIA I GRADO,NORMALE,ANNUALE,TRA 35 E 44,NO,SI,14,22
202425,VICENZA,SCUOLA SECONDARIA I GRADO,NORMALE,FINO AL TERMINE,FINO A 34,NO,NO,21,72
202425,PARMA,SCUOLA PRIMARIA,NORMALE,ANNUALE,TRA 35 E 44,NO,NO,0,1
202425,CREMONA,SCUOLA INFANZIA,SOSTEGNO,FINO AL TERMINE,OLTRE 54,NO,NO,0,2
202425,TRAPANI,SCUOLA SECONDARIA I GRADO,SOSTEGNO,FINO AL TERMINE,TRA 35 E 44,NO,SI,30,104
202425,NAPOLI,SCUOLA INFANZIA,NORMALE,FINO AL TERMINE,TRA 45 E 54,NO,SI,0,56
202425,PADOVA,SCUOLA SECONDARIA I GRADO,SOSTEGNO,ANNUALE,TRA 45 E 54,NO,SI,1,0
202425,REGGIO EMILIA,SCUOLA PRIMARIA,SOSTEGNO,ANNUALE,TRA 35 E 44,SI,SI,0,4
202425,BENEVENTO,SCUOLA INFANZIA,NORMALE,FINO AL TERMINE,OLTRE 54,NO,SI,0,4
202425,PADOVA,SCUOLA SECONDARIA I GRADO,SOSTEGNO,ANNUALE,FINO A 34,SI,SI,0,6
202425,CROTONE,SCUOLA SECONDARIA II GRADO,SOSTEGNO,FINO AL TERMINE,OLTRE 54,NO,SI,1,4
202425,RAVENNA,SCUOLA SECONDARIA II GRADO,SOSTEGNO,FINO AL TERMINE,TRA 35 E 44,NO,NO,3,7
202425,NUORO,SCUOLA SECONDARIA I GRADO,SOSTEGNO,ANNUALE,TRA 45 E 54,SI,SI,1,3
202425,ORISTANO,SCUOLA INFANZIA,NORMALE,FINO AL TERMINE,TRA 45 E 54,NO,SI,0,3
202425,BELLUNO,SCUOLA PRIMARIA,SOSTEGNO,ANNUALE,OLTRE 54,SI,SI,0,1
202425,MESSINA,SCUOLA SECONDARIA I GRADO,SOSTEGNO,FINO AL TERMINE,TRA 35 E 44,NO,SI,21,90
202425,BARI,SCUOLA SECONDARIA II GRADO,NORMALE,FINO AL TERMINE,OLTRE 54,NO,SI,19,23
202425,VERCELLI,SCUOLA INFANZIA,NORMALE,FINO AL TERMINE,TRA 35 E 44,NO,SI,0,1
202425,PRATO,SCUOLA PRIMARIA,NORMALE,FINO AL TERMINE,TRA 35 E 44,NO,NO,3,2
202425,SASSARI,SCUOLA INFANZIA,SOSTEGNO,FINO AL TERMINE,FINO A 34,NO,SI,0,1
202425,PISTOIA,SCUOLA PRIMARIA,SOSTEGNO,FINO AL TERMINE,TRA 35 E 44,NO,NO,1,6
202425,AREZZO,SCUOLA SECONDARIA I GRADO,NORMALE,FINO AL TERMINE,TRA 35 E 44,NO,SI,1,4
202425,CATANZARO,SCUOLA PRIMARIA,NORMALE,ANNUALE,TRA 45 E 54,NO,SI,1,0
202425,FROSINONE,SCUOLA SECONDARIA I GRADO,SOSTEGNO,ANNUALE,TRA 35 E 44,SI,SI,0,1
202425,PORDENONE,SCUOLA SECONDARIA I GRADO,SOSTEGNO,FINO AL TERMINE,TRA 45 E 54,NO,NO,0,5
202425,MILANO,SCUOLA PRIMARIA,SOSTEGNO,ANNUALE,FINO A 34,SI,SI,2,75
202425,PAVIA,SCUOLA INFANZIA,SOSTEGNO,ANNUALE,FINO A 34,SI,SI,0,1
202425,ALESSANDRIA,SCUOLA INFANZIA,NORMALE,FINO AL TERMINE,TRA 45 E 54,NO,SI,0,12
202425,CAGLIARI,SCUOLA SECONDARIA II GRADO,SOSTEGNO,FINO AL TERMINE,TRA 35 E 44,NO,NO,1,8
202425,BRINDISI,SCUOLA INFANZIA,SOSTEGNO,FINO AL TERMINE,OLTRE 54,NO,SI,0,28
202425,CUNEO,SCUOLA SECONDARIA I GRADO,SOSTEGNO,FINO AL TERMINE,OLTRE 54,NO,SI,3,17
202425,SAVONA,SCUOLA SECONDARIA II GRADO,NORMALE,FINO AL TERMINE,FINO A 34,NO,NO,23,33
202425,MACERATA,SCUOLA INFANZIA,NORMALE,ANNUALE,OLTRE 54,NO,SI,0,1
202425,VICENZA,SCUOLA PRIMARIA,SOSTEGNO,ANNUALE,TRA 35 E 44,SI,SI,0,12
202425,BRESCIA,SCUOLA INFANZIA,NORMALE,FINO AL TERMINE,OLTRE 54,NO,SI,0,6
202425,LIVORNO,SCUOLA SECONDARIA II GRADO,SOSTEGNO,ANNUALE,TRA 35 E 44,SI,SI,1,3
202425,CREMONA,SCUOLA PRIMARIA,NORMALE,FINO AL TERMINE,OLTRE 54,NO,NO,0,3
202425,PISTOIA,SCUOLA SECONDARIA II GRADO,NORMALE,ANNUALE,TRA 45 E 54,NO,NO,1,1
202425,VERBANO-CUSIO-OSSOLA,SCUOLA SECONDARIA I GRADO,NORMALE,ANNUALE,FINO A 34,NO,SI,4,6
202425,RAVENNA,SCUOLA INFANZIA,NORMALE,FINO AL TERMINE,TRA 45 E 54,NO,SI,0,6
202425,MONZA E DELLA BRIANZA,SCUOLA INFANZIA,SOSTEGNO,FINO AL TERMINE,TRA 35 E 44,NO,SI,0,27
202425,REGGIO EMILIA,SCUOLA SECONDARIA II GRADO,SOSTEGNO,ANNUALE,TRA 35 E 44,SI,SI,2,3
202425,SIENA,SCUOLA PRIMARIA,SOSTEGNO,FINO AL TERMINE,OLTRE 54,NO,SI,1,25
202425,MANTOVA,SCUOLA SECONDARIA I GRADO,NORMALE,ANNUALE,TRA 35 E 44,NO,SI,7,18
202425,RAVENNA,SCUOLA SECONDARIA II GRADO,NORMALE,ANNUALE,TRA 35 E 44,NO,NO,0,1
202425,L'AQUILA,SCUOLA INFANZIA,NORMALE,FINO AL TERMINE,TRA 45 E 54,NO,NO,0,2
202425,PERUGIA,SCUOLA PRIMARIA,NORMALE,FINO AL TERMINE,TRA 35 E 44,NO,NO,7,24
202425,ROMA,SCUOLA INFANZIA,SOSTEGNO,ANNUALE,FINO A 34,NO,SI,0,2
202425,GROSSETO,SCUOLA SECONDARIA I GRADO,NORMALE,FINO AL TERMINE,OLTRE 54,NO,SI,1,5
202425,TORINO,SCUOLA PRIMARIA,NORMALE,FINO AL TERMINE,TRA 35 E 44,NO,NO,16,36
202425,BRESCIA,SCUOLA SECONDARIA I GRADO,SOSTEGNO,ANNUALE,FINO A 34,NO,SI,3,4
202425,CROTONE,SCUOLA INFANZIA,SOSTEGNO,FINO AL TERMINE,TRA 45 E 54,NO,NO,0,1
202425,TERAMO,SCUOLA SECONDARIA I GRADO,NORMALE,FINO AL TERMINE,FINO A 34,NO,SI,0,1
202425,GENOVA,SCUOLA SECONDARIA I GRADO,SOSTEGNO,ANNUALE,TRA 45 E 54,SI,SI,1,14
202425,CUNEO,SCUOLA INFANZIA,NORMALE,FINO AL TERMINE,TRA 35 E 44,NO,NO,0,13
202425,TRAPANI,SCUOLA INFANZIA,NORMALE,FINO AL TERMINE,OLTRE 54,NO,NO,0,2
202425,VENEZIA,SCUOLA INFANZIA,SOSTEGNO,FINO AL TERMINE,TRA 35 E 44,NO,NO,0,13
202425,TREVISO,SCUOLA SECONDARIA I GRADO,NORMALE,FINO AL TERMINE,TRA 45 E 54,NO,SI,2,8
202425,ANCONA,SCUOLA SECONDARIA II GRADO,NORMALE,ANNUALE,OLTRE 54,NO,SI,5,3
202425,VIBO VALENTIA,SCUOLA SECONDARIA II GRADO,SOSTEGNO,FINO AL TERMINE,TRA 45 E 54,NO,SI,2,3
202425,UDINE,SCUOLA PRIMARIA,NORMALE,FINO AL TERMINE,FINO A 34,NO,NO,18,43
202425,VERONA,SCUOLA SECONDARIA II GRADO,NORMALE,FINO AL TERMINE,OLTRE 54,NO,SI,13,6
202425,MASSA-CARRARA,SCUOLA SECONDARIA II GRADO,NORMALE,ANNUALE,OLTRE 54,NO,SI,7,6
202425,FERRARA,SCUOLA SECONDARIA I GRADO,NORMALE,FINO AL TERMINE,OLTRE 54,NO,NO,1,9
202425,RIMINI,SCUOLA SECONDARIA II GRADO,NORMALE,FINO AL TERMINE,OLTRE 54,NO,NO,9,11
202425,COSENZA,SCUOLA SECONDARIA I GRADO,SOSTEGNO,FINO AL TERMINE,TRA 45 E 54,NO,NO,1,3
202425,TORINO,SCUOLA INFANZIA,SOSTEGNO,FINO AL TERMINE,TRA 35 E 44,NO,NO,0,15
202425,TORINO,SCUOLA SECONDARIA II GRADO,NORMALE,ANNUALE,TRA 35 E 44,NO,SI,124,101
202425,NUORO,SCUOLA SECONDARIA II GRADO,NORMALE,FINO AL TERMINE,FINO A 34,NO,NO,11,21
202425,BARI,SCUOLA INFANZIA,SOSTEGNO,FINO AL TERMINE,TRA 35 E 44,NO,SI,0,82
202425,LODI,SCUOLA SECONDARIA I GRADO,NORMALE,ANNUALE,TRA 45 E 54,NO,SI,0,1
202425,PISTOIA,SCUOLA SECONDARIA II GRADO,SOSTEGNO,ANNUALE,TRA 45 E 54,SI,SI,0,5
202425,PESARO E URBINO,SCUOLA PRIMARIA,NORMALE,FINO AL TERMINE,TRA 35 E 44,NO,NO,3,3
202425,NAPOLI,SCUOLA SECONDARIA I GRADO,SOSTEGNO,FINO AL TERMINE,TRA 45 E 54,NO,SI,99,291
202425,PISA,SCUOLA PRIMARIA,NORMALE,FINO AL TERMINE,OLTRE 54,NO,SI,0,9
202425,BERGAMO,SCUOLA INFANZIA,SOSTEGNO,ANNUALE,FINO A 34,SI,SI,0,1
202425,FIRENZE,SCUOLA PRIMARIA,SOSTEGNO,FINO AL TERMINE,OLTRE 54,NO,NO,0,5
202425,FROSINONE,SCUOLA SECONDARIA II GRADO,NORMALE,FINO AL TERMINE,FINO A 34,NO,NO,10,30
202425,LA SPEZIA,SCUOLA INFANZIA,SOSTEGNO,FINO AL TERMINE,TRA 35 E 44,NO,NO,0,3
202425,ENNA,SCUOLA SECONDARIA II GRADO,NORMALE,ANNUALE,OLTRE 54,NO,NO,0,1
202425,PESARO E URBINO,SCUOLA INFANZIA,SOSTEGNO,ANNUALE,FINO A 34,SI,SI,0,1
202425,MANTOVA,SCUOLA SECONDARIA I GRADO,SOSTEGNO,ANNUALE,TRA 45 E 54,SI,SI,9,15
202425,RIMINI,SCUOLA SECONDARIA II GRADO,SOSTEGNO,ANNUALE,TRA 45 E 54,NO,SI,1,0
202425,CATANIA,SCUOLA PRIMARIA,SOSTEGNO,FINO AL TERMINE,TRA 35 E 44,NO,SI,8,508
202425,MODENA,SCUOLA SECONDARIA I GRADO,SOSTEGNO,FINO AL TERMINE,TRA 45 E 54,NO,NO,2,14
202425,SALERNO,SCUOLA INFANZIA,NORMALE,FINO AL TERMINE,OLTRE 54,NO,SI,0,10
202425,FERRARA,SCUOLA PRIMARIA,SOSTEGNO,FINO AL TERMINE,TRA 35 E 44,NO,NO,0,8
202425,BRINDISI,SCUOLA SECONDARIA I GRADO,NORMALE,FINO AL TERMINE,TRA 45 E 54,NO,NO,2,2
202425,REGGIO EMILIA,SCUOLA SECONDARIA II GRADO,SOSTEGNO,FINO AL TERMINE,TRA 35 E 44,NO,NO,5,7
202425,SAVONA,SCUOLA SECONDARIA II GRADO,SOSTEGNO,FINO AL TERMINE,OLTRE 54,NO,NO,0,4
202425,MILANO,SCUOLA PRIMARIA,SOSTEGNO,FINO AL TERMINE,TRA 35 E 44,NO,SI,95,490
202425,PIACENZA,SCUOLA SECONDARIA I GRADO,NORMALE,FINO AL TERMINE,OLTRE 54,NO,NO,3,8
202425,BARLETTA-ANDRIA-TRANI,SCUOLA SECONDARIA II GRADO,SOSTEGNO,FINO AL TERMINE,FINO A 34,NO,NO,0,5
202425,RAGUSA,SCUOLA PRIMARIA,NORMALE,ANNUALE,TRA 35 E 44,NO,SI,1,1
202425,VERCELLI,SCUOLA SECONDARIA I GRADO,SOSTEGNO,ANNUALE,FINO A 34,NO,SI,0,2
202425,PESARO E URBINO,SCUOLA SECONDARIA II GRADO,NORMALE,FINO AL TERMINE,TRA 35 E 44,NO,SI,10,16
202425,AVELLINO,SCUOLA INFANZIA,NORMALE,FINO AL TERMINE,TRA 35 E 44,NO,SI,0,1
202425,ENNA,SCUOLA SECONDARIA II GRADO,NORMALE,FINO AL TERMINE,FINO A 34,NO,SI,4,4
202425,AVELLINO,SCUOLA PRIMARIA,NORMALE,ANNUALE,TRA 45 E 54,NO,SI,0,3
202425,SUD SARDEGNA,SCUOLA SECONDARIA II GRADO,SOSTEGNO,FINO AL TERMINE,TRA 45 E 54,NO,SI,28,54
202425,VENEZIA,SCUOLA PRIMARIA,NORMALE,FINO AL TERMINE,TRA 35 E 44,NO,NO,1,22
202425,TORINO,SCUOLA SECONDARIA I GRADO,SOSTEGNO,ANNUALE,FINO A 34,SI,NO,0,1
202425,MACERATA,SCUOLA INFANZIA,SOSTEGNO,FINO AL TERMINE,TRA 35 E 44,NO,NO,1,9
202425,PISTOIA,SCUOLA INFANZIA,NORMALE,ANNUALE,OLTRE 54,NO,SI,0,4
202425,CREMONA,SCUOLA SECONDARIA II GRADO,SOSTEGNO,FINO AL TERMINE,TRA 35 E 44,NO,SI,21,47
202425,VICENZA,SCUOLA SECONDARIA I GRADO,NORMALE,ANNUALE,OLTRE 54,NO,SI,3,6
202425,VITERBO,SCUOLA SECONDARIA II GRADO,NORMALE,ANNUALE,TRA 35 E 44,NO,NO,1,0
202425,MESSINA,SCUOLA SECONDARIA II GRADO,NORMALE,ANNUALE,TRA 35 E 44,NO,NO,2,1
202425,LIVORNO,SCUOLA SECONDARIA I GRADO,SOSTEGNO,FINO AL TERMINE,OLTRE 54,NO,NO,1,2
202425,AGRIGENTO,SCUOLA SECONDARIA I GRADO,SOSTEGNO,FINO AL TERMINE,FINO A 34,NO,NO,2,0
202425,SUD SARDEGNA,SCUOLA PRIMARIA,SOSTEGNO,FINO AL TERMINE,FINO A 34,NO,SI,0,13
202425,REGGIO EMILIA,SCUOLA PRIMARIA,NORMALE,ANNUALE,FINO A 34,NO,SI,0,17
202425,MACERATA,SCUOLA SECONDARIA II GRADO,SOSTEGNO,FINO AL TERMINE,FINO A 34,NO,NO,1,6
202425,LA SPEZIA,SCUOLA PRIMARIA,NORMALE,FINO AL TERMINE,TRA 35 E 44,NO,NO,0,7
202425,LODI,SCUOLA SECONDARIA I GRADO,SOSTEGNO,ANNUALE,TRA 45 E 54,SI,SI,3,10
202425,ISERNIA,SCUOLA PRIMARIA,NORMALE,FINO AL TERMINE,TRA 45 E 54,NO,NO,0,1
202425,VENEZIA,SCUOLA SECONDARIA II GRADO,NORMALE,FINO AL TERMINE,TRA 35 E 44,NO,SI,20,34
202425,PADOVA,SCUOLA PRIMARIA,NORMALE,FINO AL TERMINE,OLTRE 54,NO,NO,1,8
202425,CUNEO,SCUOLA SECONDARIA I GRADO,SOSTEGNO,FINO AL TERMINE,TRA 45 E 54,NO,SI,12,48
202425,NUORO,SCUOLA INFANZIA,SOSTEGNO,FINO AL TERMINE,OLTRE 54,NO,SI,1,5
202425,PRATO,SCUOLA SECONDARIA I GRADO,NORMALE,FINO AL TERMINE,TRA 35 E 44,NO,SI,1,6
202425,BOLOGNA,SCUOLA SECONDARIA I GRADO,SOSTEGNO,ANNUALE,TRA 45 E 54,SI,SI,0,1
202425,SAVONA,SCUOLA PRIMARIA,NORMALE,ANNUALE,OLTRE 54,NO,SI,0,6
202425,TRIESTE,SCUOLA PRIMARIA,SOSTEGNO,FINO AL TERMINE,TRA 45 E 54,NO,SI,0,19
202425,CREMONA,SCUOLA SECONDARIA I GRADO,NORMALE,FINO AL TERMINE,FINO A 34,NO,SI,7,14
202425,ASTI,SCUOLA SECONDARIA II GRADO,NORMALE,ANNUALE,TRA 35 E 44,NO,SI,11,12
202425,COMO,SCUOLA SECONDARIA II GRADO,SOSTEGNO,FINO AL TERMINE,FINO A 34,NO,SI,7,14
202425,BERGAMO,SCUOLA PRIMARIA,SOSTEGNO,ANNUALE,TRA 35 E 44,SI,NO,0,1
202425,REGGIO EMILIA,SCUOLA INFANZIA,SOSTEGNO,FINO AL TERMINE,TRA 35 E 44,NO,NO,0,9
202425,ROVIGO,SCUOLA SECONDARIA II GRADO,NORMALE,FINO AL TERMINE,TRA 35 E 44,NO,SI,5,6
202425,PISA,SCUOLA INFANZIA,SOSTEGNO,FINO AL TERMINE,TRA 35 E 44,NO,SI,0,33
202425,RIMINI,SCUOLA INFANZIA,NORMALE,FINO AL TERMINE,FINO A 34,NO,NO,0,2
202425,UDINE,SCUOLA INFANZIA,NORMALE,ANNUALE,FINO A 34,NO,SI,0,2
202425,BARLETTA-ANDRIA-TRANI,SCUOLA SECONDARIA I GRADO,SOSTEGNO,FINO AL TERMINE,TRA 35 E 44,NO,SI,16,96
202425,TERNI,SCUOLA SECONDARIA I GRADO,NORMALE,FINO AL TERMINE,OLTRE 54,NO,NO,2,5
202425,ROMA,SCUOLA SECONDARIA I GRADO,SOSTEGNO,ANNUALE,FINO A 34,SI,SI,3,7
202425,MESSINA,SCUOLA SECONDARIA II GRADO,NORMALE,FINO AL TERMINE,FINO A 34,NO,SI,5,4
202425,TRAPANI,SCUOLA SECONDARIA II GRADO,NORMALE,ANNUALE,TRA 45 E 54,NO,SI,13,10
202425,TARANTO,SCUOLA INFANZIA,SOSTEGNO,ANNUALE,OLTRE 54,SI,SI,0,1
202425,PADOVA,SCUOLA SECONDARIA I GRADO,SOSTEGNO,FINO AL TERMINE,TRA 45 E 54,NO,SI,19,37
202425,CALTANISSETTA,SCUOLA INFANZIA,SOSTEGNO,FINO AL TERMINE,TRA 45 E 54,NO,SI,0,34
202425,MACERATA,SCUOLA PRIMARIA,NORMALE,FINO AL TERMINE,TRA 35 E 44,NO,SI,0,11
202425,RIETI,SCUOLA INFANZIA,SOSTEGNO,ANNUALE,TRA 45 E 54,SI,SI,0,1
202425,MANTOVA,SCUOLA PRIMARIA,NORMALE,FINO AL TERMINE,TRA 45 E 54,NO,SI,0,10
202425,REGGIO CALABRIA,SCUOLA PRIMARIA,NORMALE,ANNUALE,FINO A 34,NO,SI,8,1
202425,CATANIA,SCUOLA SECONDARIA II GRADO,NORMALE,FINO AL TERMINE,FINO A 34,NO,SI,11,10
202425,MILANO,SCUOLA SECONDARIA I GRADO,SOSTEGNO,ANNUALE,FINO A 34,NO,SI,8,11
202425,NUORO,SCUOLA SECONDARIA I GRADO,NORMALE,ANNUALE,FINO A 34,NO,NO,0,3
202425,FOGGIA,SCUOLA SECONDARIA II GRADO,SOSTEGNO,FINO AL TERMINE,OLTRE 54,NO,SI,8,14
202425,PAVIA,SCUOLA SECONDARIA I GRADO,SOSTEGNO,FINO AL TERMINE,OLTRE 54,NO,NO,0,1
202425,MATERA,SCUOLA SECONDARIA II GRADO,NORMALE,ANNUALE,OLTRE 54,NO,SI,2,5
202425,PRATO,SCUOLA SECONDARIA I GRADO,NORMALE,ANNUALE,FINO A 34,NO,NO,0,1
202425,SUD SARDEGNA,SCUOLA SECONDARIA II GRADO,NORMALE,FINO AL TERMINE,TRA 35 E 44,NO,SI,7,19
202425,SALERNO,SCUOLA SECONDARIA II GRADO,NORMALE,ANNUALE,FINO A 34,NO,SI,21,44
202425,CASERTA,SCUOLA PRIMARIA,NORMALE,FINO AL TERMINE,OLTRE 54,NO,SI,0,17
202425,SIRACUSA,SCUOLA SECONDARIA I GRADO,SOSTEGNO,FINO AL TERMINE,TRA 35 E 44,NO,SI,10,92
202425,LA SPEZIA,SCUOLA SECONDARIA II GRADO,SOSTEGNO,FINO AL TERMINE,TRA 35 E 44,NO,SI,4,24
202425,VERONA,SCUOLA PRIMARIA,SOSTEGNO,FINO AL TERMINE,TRA 35 E 44,NO,NO,5,29
202425,LA SPEZIA,SCUOLA PRIMARIA,NORMALE,ANNUALE,TRA 35 E 44,NO,SI,0,3
202425,PIACENZA,SCUOLA INFANZIA,NORMALE,ANNUALE,TRA 45 E 54,NO,SI,0,3
202425,FERRARA,SCUOLA SECONDARIA II GRADO,NORMALE,FINO AL TERMINE,TRA 45 E 54,NO,NO,10,21
202425,FERMO,SCUOLA SECONDARIA II GRADO,SOSTEGNO,FINO AL TERMINE,TRA 45 E 54,NO,NO,0,3
202425,PADOVA,SCUOLA SECONDARIA II GRADO,NORMALE,ANNUALE,FINO A 34,NO,NO,0,1
202425,MANTOVA,SCUOLA SECONDARIA II GRADO,NORMALE,FINO AL TERMINE,TRA 35 E 44,NO,SI,5,10
202425,SASSARI,SCUOLA PRIMARIA,NORMALE,ANNUALE,TRA 45 E 54,NO,SI,1,17
202425,CHIETI,SCUOLA SECONDARIA II GRADO,NORMALE,ANNUALE,TRA 35 E 44,NO,NO,0,1
202425,BRINDISI,SCUOLA PRIMARIA,NORMALE,FINO AL TERMINE,TRA 45 E 54,NO,SI,0,13
202425,BRINDISI,SCUOLA SECONDARIA II GRADO,NORMALE,ANNUALE,OLTRE 54,NO,SI,5,7
202425,MANTOVA,SCUOLA INFANZIA,SOSTEGNO,ANNUALE,TRA 35 E 44,SI,SI,0,1
202425,CUNEO,SCUOLA SECONDARIA II GRADO,NORMALE,FINO AL TERMINE,TRA 35 E 44,NO,NO,50,60
202425,ORISTANO,SCUOLA SECONDARIA II GRADO,NORMALE,ANNUALE,OLTRE 54,SI,SI,0,1
202425,VICENZA,SCUOLA INFANZIA,NORMALE,FINO AL TERMINE,TRA 35 E 44,NO,SI,0,10
202425,BELLUNO,SCUOLA INFANZIA,NORMALE,FINO AL TERMINE,TRA 45 E 54,NO,NO,0,5
202425,FOGGIA,SCUOLA SECONDARIA II GRADO,SOSTEGNO,FINO AL TERMINE,TRA 35 E 44,NO,NO,3,15
202425,LATINA,SCUOLA INFANZIA,NORMALE,FINO AL TERMINE,OLTRE 54,NO,SI,0,27
202425,VERONA,SCUOLA INFANZIA,SOSTEGNO,FINO AL TERMINE,TRA 45 E 54,NO,SI,0,61
202425,AVELLINO,SCUOLA PRIMARIA,SOSTEGNO,ANNUALE,FINO A 34,SI,SI,0,1
202425,PALERMO,SCUOLA SECONDARIA II GRADO,NORMALE,ANNUALE,TRA 35 E 44,NO,SI,34,24
202425,VENEZIA,SCUOLA PRIMARIA,SOSTEGNO,FINO AL TERMINE,OLTRE 54,NO,NO,0,7
202425,ISERNIA,SCUOLA INFANZIA,SOSTEGNO,FINO AL TERMINE,TRA 35 E 44,NO,SI,0,4
202425,BERGAMO,SCUOLA SECONDARIA II GRADO,NORMALE,ANNUALE,OLTRE 54,NO,NO,1,0
202425,RAGUSA,SCUOLA SECONDARIA I GRADO,SOSTEGNO,FINO AL TERMINE,TRA 35 E 44,NO,SI,2,43
202425,ASCOLI PICENO,SCUOLA SECONDARIA I GRADO,NORMALE,ANNUALE,FINO A 34,NO,SI,0,1
202425,VERBANO-CUSIO-OSSOLA,SCUOLA INFANZIA,NORMALE,FINO AL TERMINE,OLTRE 54,NO,SI,0,6
202425,VITERBO,SCUOLA SECONDARIA II GRADO,SOSTEGNO,FINO AL TERMINE,TRA 35 E 44,NO,SI,19,103
202425,VARESE,SCUOLA SECONDARIA II GRADO,NORMALE,FINO AL TERMINE,FINO A 34,NO,SI,21,47
202425,CUNEO,SCUOLA SECONDARIA II GRADO,SOSTEGNO,FINO AL TERMINE,FINO A 34,NO,SI,36,71
202425,PERUGIA,SCUOLA INFANZIA,NORMALE,ANNUALE,OLTRE 54,NO,SI,0,4
202425,PORDENONE,SCUOLA SECONDARIA II GRADO,NORMALE,FINO AL TERMINE,FINO A 34,NO,SI,12,12
202425,VERONA,SCUOLA PRIMARIA,NORMALE,FINO AL TERMINE,FINO A 34,NO,NO,23,39
202425,TRIESTE,SCUOLA PRIMARIA,SOSTEGNO,ANNUALE,TRA 35 E 44,SI,SI,1,1
202425,BARI,SCUOLA SECONDARIA II GRADO,SOSTEGNO,ANNUALE,TRA 35 E 44,SI,SI,0,1
202425,PARMA,SCUOLA PRIMARIA,NORMALE,FINO AL TERMINE,TRA 45 E 54,NO,NO,0,8
202425,FERMO,SCUOLA SECONDARIA II GRADO,NORMALE,FINO AL TERMINE,OLTRE 54,NO,NO,1,4
202425,TRAPANI,SCUOLA SECONDARIA II GRADO,NORMALE,FINO AL TERMINE,FINO A 34,NO,NO,16,15
202425,PISA,SCUOLA PRIMARIA,SOSTEGNO,ANNUALE,OLTRE 54,NO,SI,0,2
202425,RAVENNA,SCUOLA SECONDARIA II GRADO,SOSTEGNO,ANNUALE,TRA 45 E 54,SI,SI,1,1
202425,TERNI,SCUOLA SECONDARIA II GRADO,NORMALE,FINO AL TERMINE,OLTRE 54,NO,NO,6,13
202425,FROSINONE,SCUOLA SECONDARIA I GRADO,NORMALE,FINO AL TERMINE,OLTRE 54,NO,SI,2,4
202425,ORISTANO,SCUOLA PRIMARIA,NORMALE,FINO AL TERMINE,OLTRE 54,NO,NO,1,2
202425,PESCARA,SCUOLA PRIMARIA,SOSTEGNO,FINO AL TERMINE,TRA 35 E 44,NO,NO,1,11
202425,VERBANO-CUSIO-OSSOLA,SCUOLA SECONDARIA II GRADO,NORMALE,FINO AL TERMINE,FINO A 34,NO,SI,25,16
202425,PERUGIA,SCUOLA SECONDARIA II GRADO,NORMALE,FINO AL TERMINE,FINO A 34,NO,SI,13,22
202425,VICENZA,SCUOLA INFANZIA,SOSTEGNO,ANNUALE,OLTRE 54,SI,NO,0,1
202425,BIELLA,SCUOLA INFANZIA,SOSTEGNO,FINO AL TERMINE,TRA 35 E 44,NO,SI,1,8
202425,PERUGIA,SCUOLA INFANZIA,NORMALE,FINO AL TERMINE,TRA 35 E 44,NO,SI,0,8
202425,ANCONA,SCUOLA INFANZIA,SOSTEGNO,FINO AL TERMINE,TRA 45 E 54,NO,SI,1,44
202425,NOVARA,SCUOLA SECONDARIA I GRADO,SOSTEGNO,ANNUALE,OLTRE 54,NO,SI,1,1
202425,FIRENZE,SCUOLA PRIMARIA,NORMALE,FINO AL TERMINE,TRA 35 E 44,NO,SI,5,33
202425,BERGAMO,SCUOLA PRIMARIA,SOSTEGNO,FINO AL TERMINE,TRA 35 E 44,NO,SI,16,165
202425,PALERMO,SCUOLA SECONDARIA II GRADO,NORMALE,FINO AL TERMINE,TRA 45 E 54,NO,SI,33,33
202425,AREZZO,SCUOLA SECONDARIA II GRADO,SOSTEGNO,FINO AL TERMINE,FINO A 34,NO,SI,20,54
202425,ROVIGO,SCUOLA SECONDARIA I GRADO,SOSTEGNO,FINO AL TERMINE,FINO A 34,NO,NO,4,3
202425,BARLETTA-ANDRIA-TRANI,SCUOLA SECONDARIA II GRADO,NORMALE,FINO AL TERMINE,TRA 35 E 44,NO,NO,12,27
202425,VICENZA,SCUOLA SECONDARIA II GRADO,SOSTEGNO,ANNUALE,OLTRE 54,NO,SI,1,0
202425,FERRARA,SCUOLA SECONDARIA I GRADO,SOSTEGNO,FINO AL TERMINE,TRA 45 E 54,NO,SI,1,14
202425,PESARO E URBINO,SCUOLA PRIMARIA,SOSTEGNO,FINO AL TERMINE,TRA 35 E 44,NO,NO,1,15
202425,BELLUNO,SCUOLA SECONDARIA I GRADO,SOSTEGNO,FINO AL TERMINE,TRA 45 E 54,NO,SI,2,9
202425,REGGIO CALABRIA,SCUOLA SECONDARIA I GRADO,NORMALE,ANNUALE,OLTRE 54,NO,SI,3,1
202425,SASSARI,SCUOLA PRIMARIA,SOSTEGNO,FINO AL TERMINE,TRA 45 E 54,NO,SI,14,274
202425,RIETI,SCUOLA PRIMARIA,SOSTEGNO,ANNUALE,TRA 45 E 54,SI,SI,0,1
202425,PERUGIA,SCUOLA SECONDARIA I GRADO,NORMALE,ANNUALE,FINO A 34,NO,SI,5,2
202425,L'AQUILA,SCUOLA INFANZIA,NORMALE,ANNUALE,TRA 45 E 54,NO,SI,0,3
202425,PERUGIA,SCUOLA SECONDARIA II GRADO,NORMALE,ANNUALE,TRA 45 E 54,NO,SI,25,27
202425,GROSSETO,SCUOLA SECONDARIA II GRADO,NORMALE,FINO AL TERMINE,TRA 45 E 54,NO,SI,7,9
202425,PISTOIA,SCUOLA PRIMARIA,SOSTEGNO,ANNUALE,FINO A 34,SI,SI,0,6
202425,RIETI,SCUOLA SECONDARIA II GRADO,SOSTEGNO,FINO AL TERMINE,TRA 35 E 44,NO,NO,1,4
202425,PIACENZA,SCUOLA INFANZIA,SOSTEGNO,FINO AL TERMINE,OLTRE 54,NO,SI,1,10
202425,LODI,SCUOLA SECONDARIA II GRADO,SOSTEGNO,FINO AL TERMINE,FINO A 34,NO,SI,12,26
202425,MODENA,SCUOLA PRIMARIA,NORMALE,FINO AL TERMINE,FINO A 34,NO,SI,13,61
202425,ALESSANDRIA,SCUOLA INFANZIA,NORMALE,ANNUALE,FINO A 34,NO,SI,0,1
202425,PESARO E URBINO,SCUOLA PRIMARIA,NORMALE,FINO AL TERMINE,OLTRE 54,NO,SI,0,5
202425,ROMA,SCUOLA INFANZIA,NORMALE,FINO AL TERMINE,TRA 35 E 44,NO,SI,1,18
202425,REGGIO EMILIA,SCUOLA SECONDARIA I GRADO,SOSTEGNO,ANNUALE,TRA 35 E 44,SI,SI,0,8
202425,GROSSETO,SCUOLA SECONDARIA I GRADO,SOSTEGNO,FINO AL TERMINE,OLTRE 54,NO,NO,0,1
202425,PISA,SCUOLA SECONDARIA I GRADO,SOSTEGNO,FINO AL TERMINE,TRA 35 E 44,NO,NO,1,9
202425,RIETI,SCUOLA INFANZIA,SOSTEGNO,FINO AL TERMINE,OLTRE 54,NO,SI,0,33
202425,CROTONE,SCUOLA SECONDARIA I GRADO,NORMALE,FINO AL TERMINE,TRA 35 E 44,NO,SI,7,10
202425,LIVORNO,SCUOLA SECONDARIA II GRADO,SOSTEGNO,FINO AL TERMINE,OLTRE 54,NO,NO,2,5
202425,PERUGIA,SCUOLA SECONDARIA I GRADO,SOSTEGNO,FINO AL TERMINE,TRA 35 E 44,NO,NO,9,29
202425,TARANTO,SCUOLA INFANZIA,SOSTEGNO,FINO AL TERMINE,FINO A 34,NO,SI,0,5
202425,BRESCIA,SCUOLA PRIMARIA,SOSTEGNO,ANNUALE,TRA 45 E 54,SI,NO,0,1
202425,COMO,SCUOLA PRIMARIA,NORMALE,FINO AL TERMINE,TRA 45 E 54,NO,NO,2,8
202425,VICENZA,SCUOLA SECONDARIA I GRADO,SOSTEGNO,ANNUALE,FINO A 34,SI,SI,11,34
202425,BIELLA,SCUOLA INFANZIA,NORMALE,ANNUALE,OLTRE 54,NO,SI,0,1
202425,BIELLA,SCUOLA INFANZIA,NORMALE,FINO AL TERMINE,TRA 45 E 54,NO,NO,0,4
202425,FORLI'-CESENA,SCUOLA INFANZIA,SOSTEGNO,ANNUALE,TRA 35 E 44,NO,SI,0,1
202425,VERONA,SCUOLA SECONDARIA II GRADO,SOSTEGNO,ANNUALE,TRA 35 E 44,SI,SI,2,2
202425,MASSA-CARRARA,SCUOLA SECONDARIA II GRADO,NORMALE,FINO AL TERMINE,TRA 35 E 44,NO,SI,5,6
202425,FIRENZE,SCUOLA PRIMARIA,SOSTEGNO,ANNUALE,TRA 35 E 44,NO,SI,1,0
202425,IMPERIA,SCUOLA SECONDARIA II GRADO,NORMALE,FINO AL TERMINE,TRA 35 E 44,NO,NO,8,12
202425,PISA,SCUOLA PRIMARIA,SOSTEGNO,FINO AL TERMINE,OLTRE 54,NO,NO,0,5
202425,RIETI,SCUOLA SECONDARIA I GRADO,NORMALE,ANNUALE,TRA 45 E 54,NO,SI,2,6
202425,MACERATA,SCUOLA SECONDARIA I GRADO,SOSTEGNO,FINO AL TERMINE,TRA 35 E 44,NO,SI,9,36
202425,TERAMO,SCUOLA SECONDARIA II GRADO,SOSTEGNO,FINO AL TERMINE,TRA 35 E 44,NO,SI,11,63
202425,BELLUNO,SCUOLA INFANZIA,NORMALE,FINO AL TERMINE,FINO A 34,NO,NO,0,6
202425,CUNEO,SCUOLA PRIMARIA,NORMALE,ANNUALE,TRA 35 E 44,NO,SI,0,2
202425,L'AQUILA,SCUOLA SECONDARIA I GRADO,NORMALE,FINO AL TERMINE,FINO A 34,NO,SI,3,3
202425,LA SPEZIA,SCUOLA PRIMARIA,SOSTEGNO,FINO AL TERMINE,TRA 35 E 44,NO,NO,0,6
202425,BARI,SCUOLA PRIMARIA,NORMALE,FINO AL TERMINE,OLTRE 54,NO,SI,0,17
202425,POTENZA,SCUOLA SECONDARIA II GRADO,SOSTEGNO,FINO AL TERMINE,FINO A 34,NO,SI,1,5
202425,CHIETI,SCUOLA PRIMARIA,NORMALE,ANNUALE,TRA 35 E 44,NO,SI,0,3
202425,ASCOLI PICENO,SCUOLA SECONDARIA II GRADO,SOSTEGNO,FINO AL TERMINE,TRA 35 E 44,NO,NO,2,3
202425,PISTOIA,SCUOLA INFANZIA,NORMALE,FINO AL TERMINE,TRA 45 E 54,NO,SI,0,13
202425,TERNI,SCUOLA INFANZIA,SOSTEGNO,FINO AL TERMINE,OLTRE 54,NO,SI,0,15
202425,MESSINA,SCUOLA SECONDARIA I GRADO,NORMALE,ANNUALE,OLTRE 54,NO,SI,1,3
202425,LIVORNO,SCUOLA PRIMARIA,SOSTEGNO,FINO AL TERMINE,OLTRE 54,NO,SI,4,66
202425,PARMA,SCUOLA SECONDARIA I GRADO,NORMALE,FINO AL TERMINE,TRA 45 E 54,NO,NO,2,27
202425,AGRIGENTO,SCUOLA SECONDARIA II GRADO,NORMALE,ANNUALE,FINO A 34,SI,SI,1,0
202425,PRATO,SCUOLA INFANZIA,NORMALE,FINO AL TERMINE,TRA 35 E 44,NO,NO,0,2
202425,SUD SARDEGNA,SCUOLA SECONDARIA II GRADO,NORMALE,FINO AL TERMINE,FINO A 34,NO,NO,14,24
202425,BRESCIA,SCUOLA SECONDARIA I GRADO,SOSTEGNO,FINO AL TERMINE,TRA 35 E 44,NO,NO,3,18
202425,ROVIGO,SCUOLA SECONDARIA II GRADO,NORMALE,FINO AL TERMINE,FINO A 34,NO,NO,12,26
202425,CHIETI,SCUOLA SECONDARIA II GRADO,SOSTEGNO,FINO AL TERMINE,TRA 35 E 44,NO,NO,4,4
202425,TORINO,SCUOLA INFANZIA,SOSTEGNO,ANNUALE,FINO A 34,SI,SI,0,7
202425,PAVIA,SCUOLA PRIMARIA,SOSTEGNO,FINO AL TERMINE,TRA 35 E 44,NO,SI,12,102
202425,ALESSANDRIA,SCUOLA SECONDARIA I GRADO,NORMALE,ANNUALE,OLTRE 54,NO,SI,6,4
202425,BOLOGNA,SCUOLA INFANZIA,NORMALE,ANNUALE,TRA 35 E 44,NO,SI,1,2
202425,SAVONA,SCUOLA SECONDARIA I GRADO,SOSTEGNO,ANNUALE,TRA 45 E 54,SI,SI,1,11
202425,AGRIGENTO,SCUOLA SECONDARIA II GRADO,NORMALE,FINO AL TERMINE,FINO A 34,NO,NO,10,18
202425,VERCELLI,SCUOLA INFANZIA,SOSTEGNO,ANNUALE,TRA 35 E 44,SI,SI,0,2
202425,ASTI,SCUOLA SECONDARIA II GRADO,NORMALE,ANNUALE,TRA 35 E 44,NO,NO,0,1
202425,TARANTO,SCUOLA PRIMARIA,NORMALE,FINO AL TERMINE,FINO A 34,NO,SI,1,14
202425,MASSA-CARRARA,SCUOLA PRIMARIA,NORMALE,FINO AL TERMINE,OLTRE 54,NO,NO,0,5
202425,BRINDISI,SCUOLA SECONDARIA II GRADO,SOSTEGNO,FINO AL TERMINE,OLTRE 54,NO,SI,11,23
202425,ASCOLI PICENO,SCUOLA SECONDARIA I GRADO,SOSTEGNO,FINO AL TERMINE,TRA 45 E 54,NO,NO,0,4
202425,SALERNO,SCUOLA PRIMARIA,NORMALE,FINO AL TERMINE,FINO A 34,NO,SI,1,11
202425,VITERBO,SCUOLA SECONDARIA II GRADO,NORMALE,ANNUALE,FINO A 34,NO,SI,17,19
202425,BOLOGNA,SCUOLA SECONDARIA II GRADO,NORMALE,ANNUALE,FINO A 34,NO,SI,46,27
202425,LATINA,SCUOLA PRIMARIA,SOSTEGNO,FINO AL TERMINE,OLTRE 54,NO,SI,9,151
202425,BIELLA,SCUOLA SECONDARIA I GRADO,SOSTEGNO,FINO AL TERMINE,TRA 45 E 54,NO,SI,7,26
202425,ROMA,SCUOLA SECONDARIA I GRADO,NORMALE,ANNUALE,TRA 45 E 54,NO,SI,12,43
202425,COSENZA,SCUOLA SECONDARIA II GRADO,SOSTEGNO,FINO AL TERMINE,TRA 45 E 54,NO,NO,0,4
202425,VERBANO-CUSIO-OSSOLA,SCUOLA SECONDARIA I GRADO,NORMALE,FINO AL TERMINE,OLTRE 54,NO,SI,1,0
202425,FORLI'-CESENA,SCUOLA SECONDARIA II GRADO,NORMALE,FINO AL TERMINE,TRA 35 E 44,NO,NO,11,29
202425,ROVIGO,SCUOLA PRIMARIA,SOSTEGNO,FINO AL TERMINE,TRA 35 E 44,NO,SI,2,19
202425,ISERNIA,SCUOLA SECONDARIA I GRADO,SOSTEGNO,FINO AL TERMINE,TRA 35 E 44,NO,NO,0,6
202425,VENEZIA,SCUOLA INFANZIA,SOSTEGNO,FINO AL TERMINE,FINO A 34,NO,NO,2,23
202425,MODENA,SCUOLA SECONDARIA II GRADO,SOSTEGNO,ANNUALE,TRA 35 E 44,NO,SI,0,1
202425,SALERNO,SCUOLA SECONDARIA II GRADO,NORMALE,FINO AL TERMINE,TRA 45 E 54,NO,SI,13,22
202425,LECCO,SCUOLA PRIMARIA,NORMALE,FINO AL TERMINE,OLTRE 54,NO,NO,0,1
202425,MODENA,SCUOLA SECONDARIA II GRADO,SOSTEGNO,FINO AL TERMINE,TRA 45 E 54,NO,SI,19,41
202425,BELLUNO,SCUOLA SECONDARIA II GRADO,SOSTEGNO,FINO AL TERMINE,TRA 35 E 44,NO,NO,0,2
202425,VARESE,SCUOLA SECONDARIA II GRADO,SOSTEGNO,FINO AL TERMINE,TRA 35 E 44,NO,SI,37,97
202425,RIMINI,SCUOLA INFANZIA,SOSTEGNO,FINO AL TERMINE,TRA 35 E 44,NO,NO,0,5
202425,MANTOVA,SCUOLA PRIMARIA,SOSTEGNO,ANNUALE,OLTRE 54,NO,SI,1,16
202425,AREZZO,SCUOLA INFANZIA,NORMALE,FINO AL TERMINE,TRA 45 E 54,NO,SI,0,5
202425,REGGIO CALABRIA,SCUOLA PRIMARIA,SOSTEGNO,FINO AL TERMINE,OLTRE 54,NO,NO,1,2
202425,GORIZIA,SCUOLA SECONDARIA I GRADO,NORMALE,FINO AL TERMINE,OLTRE 54,NO,SI,1,0
202425,MESSINA,SCUOLA SECONDARIA II GRADO,SOSTEGNO,FINO AL TERMINE,OLTRE 54,NO,NO,0,1
202425,RIMINI,SCUOLA PRIMARIA,SOSTEGNO,ANNUALE,FINO A 34,SI,SI,0,1
202425,REGGIO EMILIA,SCUOLA SECONDARIA I GRADO,NORMALE,FINO AL TERMINE,TRA 35 E 44,NO,SI,9,22
202425,AVELLINO,SCUOLA PRIMARIA,SOSTEGNO,FINO AL TERMINE,TRA 45 E 54,NO,SI,5,74
202425,BERGAMO,SCUOLA SECONDARIA I GRADO,NORMALE,ANNUALE,TRA 35 E 44,NO,NO,0,2
202425,ISERNIA,SCUOLA SECONDARIA II GRADO,NORMALE,FINO AL TERMINE,TRA 45 E 54,NO,NO,5,4
202425,MASSA-CARRARA,SCUOLA PRIMARIA,SOSTEGNO,ANNUALE,TRA 45 E 54,NO,SI,0,1
202425,SASSARI,SCUOLA SECONDARIA II GRADO,SOSTEGNO,FINO AL TERMINE,OLTRE 54,NO,SI,24,52
202425,BRINDISI,SCUOLA INFANZIA,NORMALE,FINO AL TERMINE,TRA 45 E 54,NO,SI,0,5
202425,MACERATA,SCUOLA SECONDARIA II GRADO,NORMALE,ANNUALE,TRA 35 E 44,NO,NO,0,2
202425,CROTONE,SCUOLA SECONDARIA I GRADO,NORMALE,ANNUALE,TRA 45 E 54,NO,SI,4,10
202425,TORINO,SCUOLA SECONDARIA I GRADO,NORMALE,FINO AL TERMINE,OLTRE 54,NO,SI,5,13
202425,NUORO,SCUOLA SECONDARIA I GRADO,SOSTEGNO,FINO AL TERMINE,TRA 35 E 44,NO,NO,0,11
202425,PRATO,SCUOLA SECONDARIA I GRADO,SOSTEGNO,FINO AL TERMINE,TRA 35 E 44,NO,SI,16,38
202425,PORDENONE,SCUOLA SECONDARIA II GRADO,NORMALE,FINO AL TERMINE,TRA 45 E 54,NO,SI,7,6
202425,MILANO,SCUOLA INFANZIA,NORMALE,ANNUALE,FINO A 34,NO,SI,1,18
202425,ROMA,SCUOLA SECONDARIA II GRADO,NORMALE,ANNUALE,TRA 35 E 44,NO,NO,4,12
202425,BARI,SCUOLA SECONDARIA I GRADO,NORMALE,ANNUALE,OLTRE 54,NO,SI,1,2
202425,POTENZA,SCUOLA SECONDARIA II GRADO,NORMALE,ANNUALE,TRA 45 E 54,NO,SI,20,12
202425,PIACENZA,SCUOLA INFANZIA,SOSTEGNO,ANNUALE,OLTRE 54,NO,SI,0,1
202425,LODI,SCUOLA SECONDARIA II GRADO,NORMALE,FINO AL TERMINE,TRA 45 E 54,NO,NO,3,12
202425,TREVISO,SCUOLA PRIMARIA,NORMALE,FINO AL TERMINE,TRA 35 E 44,NO,SI,2,43
202425,REGGIO EMILIA,SCUOLA PRIMARIA,NORMALE,FINO AL TERMINE,FINO A 34,NO,SI,2,51
202425,SONDRIO,SCUOLA INFANZIA,SOSTEGNO,ANNUALE,FINO A 34,NO,SI,0,1
202425,BENEVENTO,SCUOLA SECONDARIA II GRADO,SOSTEGNO,FINO AL TERMINE,TRA 45 E 54,NO,NO,3,2
202425,VIBO VALENTIA,SCUOLA SECONDARIA I GRADO,NORMALE,FINO AL TERMINE,OLTRE 54,NO,SI,0,1
202425,VICENZA,SCUOLA PRIMARIA,SOSTEGNO,FINO AL TERMINE,FINO A 34,NO,NO,9,68
202425,BOLOGNA,SCUOLA SECONDARIA I GRADO,SOSTEGNO,ANNUALE,TRA 45 E 54,NO,SI,0,1
202425,PAVIA,SCUOLA INFANZIA,NORMALE,ANNUALE,TRA 35 E 44,NO,SI,0,11
202425,SAVONA,SCUOLA PRIMARIA,SOSTEGNO,FINO AL TERMINE,TRA 35 E 44,NO,SI,5,41
202425,TREVISO,SCUOLA PRIMARIA,SOSTEGNO,ANNUALE,TRA 45 E 54,SI,SI,2,13
202425,PALERMO,SCUOLA SECONDARIA I GRADO,NORMALE,ANNUALE,FINO A 34,NO,SI,9,13
202425,VENEZIA,SCUOLA SECONDARIA I GRADO,NORMALE,ANNUALE,TRA 35 E 44,NO,NO,0,2
202425,BRINDISI,SCUOLA INFANZIA,NORMALE,FINO AL TERMINE,OLTRE 54,NO,SI,0,4
202425,VIBO VALENTIA,SCUOLA SECONDARIA I GRADO,SOSTEGNO,FINO AL TERMINE,TRA 45 E 54,NO,SI,1,5
202425,RAVENNA,SCUOLA SECONDARIA II GRADO,NORMALE,FINO AL TERMINE,TRA 35 E 44,NO,SI,10,20
202425,BARLETTA-ANDRIA-TRANI,SCUOLA PRIMARIA,SOSTEGNO,FINO AL TERMINE,FINO A 34,NO,SI,2,91
202425,TORINO,SCUOLA INFANZIA,NORMALE,ANNUALE,FINO A 34,NO,SI,0,1
202425,LATINA,SCUOLA INFANZIA,SOSTEGNO,FINO AL TERMINE,OLTRE 54,NO,SI,1,104
202425,NUORO,SCUOLA PRIMARIA,SOSTEGNO,FINO AL TERMINE,TRA 35 E 44,NO,SI,1,20
202425,ORISTANO,SCUOLA PRIMARIA,SOSTEGNO,FINO AL TERMINE,TRA 45 E 54,NO,NO,0,9
202425,MILANO,SCUOLA PRIMARIA,NORMALE,FINO AL TERMINE,OLTRE 54,NO,SI,6,52
202425,SAVONA,SCUOLA SECONDARIA I GRADO,NORMALE,ANNUALE,TRA 35 E 44,NO,SI,3,6
202425,VERBANO-CUSIO-OSSOLA,SCUOLA SECONDARIA II GRADO,SOSTEGNO,FINO AL TERMINE,TRA 45 E 54,NO,SI,12,17
202425,PERUGIA,SCUOLA SECONDARIA II GRADO,SOSTEGNO,FINO AL TERMINE,TRA 45 E 54,NO,NO,8,27
202425,MATERA,SCUOLA SECONDARIA II GRADO,NORMALE,FINO AL TERMINE,TRA 35 E 44,NO,NO,17,40
202425,SALERNO,SCUOLA INFANZIA,SOSTEGNO,FINO AL TERMINE,TRA 35 E 44,NO,NO,0,5
202425,PADOVA,SCUOLA SECONDARIA I GRADO,NORMALE,ANNUALE,TRA 35 E 44,SI,SI,1,2
202425,MANTOVA,SCUOLA PRIMARIA,SOSTEGNO,FINO AL TERMINE,TRA 45 E 54,NO,NO,0,1
202425,UDINE,SCUOLA PRIMARIA,SOSTEGNO,ANNUALE,OLTRE 54,NO,SI,1,5
202425,FERRARA,SCUOLA SECONDARIA II GRADO,SOSTEGNO,FINO AL TERMINE,TRA 35 E 44,NO,SI,12,46
202425,CATANIA,SCUOLA INFANZIA,NORMALE,ANNUALE,TRA 35 E 44,NO,SI,0,1
202425,VERBANO-CUSIO-OSSOLA,SCUOLA INFANZIA,SOSTEGNO,ANNUALE,OLTRE 54,NO,SI,0,3
202425,CALTANISSETTA,SCUOLA SECONDARIA II GRADO,SOSTEGNO,FINO AL TERMINE,FINO A 34,NO,NO,0,1
202425,MANTOVA,SCUOLA PRIMARIA,NORMALE,ANNUALE,FINO A 34,NO,NO,0,1
202425,ENNA,SCUOLA SECONDARIA I GRADO,NORMALE,FINO AL TERMINE,FINO A 34,NO,SI,2,7
202425,CATANZARO,SCUOLA INFANZIA,NORMALE,FINO AL TERMINE,TRA 45 E 54,NO,NO,0,2
202425,CATANZARO,SCUOLA PRIMARIA,NORMALE,FINO AL TERMINE,FINO A 34,NO,NO,1,9
202425,POTENZA,SCUOLA PRIMARIA,NORMALE,FINO AL TERMINE,TRA 35 E 44,NO,SI,0,16
202425,PESARO E URBINO,SCUOLA SECONDARIA I GRADO,NORMALE,ANNUALE,TRA 45 E 54,NO,SI,2,6
202425,RIMINI,SCUOLA SECONDARIA II GRADO,NORMALE,ANNUALE,TRA 35 E 44,NO,SI,13,17
202425,GROSSETO,SCUOLA INFANZIA,SOSTEGNO,FINO AL TERMINE,OLTRE 54,NO,SI,0,19
202425,PALERMO,SCUOLA SECONDARIA II GRADO,NORMALE,FINO AL TERMINE,TRA 45 E 54,NO,NO,23,53
202425,ENNA,SCUOLA INFANZIA,NORMALE,FINO AL TERMINE,TRA 45 E 54,NO,NO,0,1
202425,VICENZA,SCUOLA PRIMARIA,NORMALE,ANNUALE,OLTRE 54,NO,SI,0,3
202425,UDINE,SCUOLA SECONDARIA I GRADO,SOSTEGNO,FINO AL TERMINE,TRA 35 E 44,NO,NO,1,4
202425,VERONA,SCUOLA PRIMARIA,SOSTEGNO,ANNUALE,OLTRE 54,NO,SI,2,33
202425,TARANTO,SCUOLA SECONDARIA I GRADO,NORMALE,ANNUALE,TRA 35 E 44,NO,SI,17,14
202425,SONDRIO,SCUOLA SECONDARIA II GRADO,SOSTEGNO,FINO AL TERMINE,TRA 35 E 44,NO,NO,1,4
202425,FERRARA,SCUOLA PRIMARIA,NORMALE,ANNUALE,OLTRE 54,NO,SI,0,1
202425,PALERMO,SCUOLA INFANZIA,NORMALE,ANNUALE,OLTRE 54,NO,SI,0,2
202425,GROSSETO,SCUOLA PRIMARIA,NORMALE,FINO AL TERMINE,TRA 35 E 44,NO,NO,2,5
202425,SONDRIO,SCUOLA INFANZIA,NORMALE,ANNUALE,TRA 35 E 44,NO,SI,0,2
202425,VIBO VALENTIA,SCUOLA PRIMARIA,SOSTEGNO,FINO AL TERMINE,TRA 35 E 44,NO,NO,0,3
202425,SIRACUSA,SCUOLA INFANZIA,SOSTEGNO,FINO AL TERMINE,TRA 45 E 54,NO,NO,0,10
202425,MODENA,SCUOLA PRIMARIA,SOSTEGNO,ANNUALE,TRA 45 E 54,SI,NO,0,1
202425,VICENZA,SCUOLA PRIMARIA,NORMALE,FINO AL TERMINE,TRA 35 E 44,NO,NO,5,20
202425,L'AQUILA,SCUOLA SECONDARIA II GRADO,NORMALE,ANNUALE,OLTRE 54,NO,SI,7,1
202425,VERCELLI,SCUOLA SECONDARIA I GRADO,SOSTEGNO,FINO AL TERMINE,OLTRE 54,NO,NO,0,2
202425,RIMINI,SCUOLA PRIMARIA,SOSTEGNO,FINO AL TERMINE,TRA 45 E 54,NO,SI,7,107
202425,IMPERIA,SCUOLA PRIMARIA,SOSTEGNO,FINO AL TERMINE,FINO A 34,NO,NO,2,10
202425,VENEZIA,SCUOLA SECONDARIA I GRADO,SOSTEGNO,ANNUALE,TRA 45 E 54,SI,SI,5,19
202425,RAVENNA,SCUOLA INFANZIA,SOSTEGNO,ANNUALE,FINO A 34,SI,SI,0,3
202425,PADOVA,SCUOLA PRIMARIA,SOSTEGNO,ANNUALE,TRA 35 E 44,NO,NO,0,1
202425,LUCCA,SCUOLA PRIMARIA,NORMALE,FINO AL TERMINE,TRA 45 E 54,NO,SI,0,12
202425,NUORO,SCUOLA SECONDARIA I GRADO,NORMALE,ANNUALE,OLTRE 54,NO,SI,2,7
202425,CATANZARO,SCUOLA SECONDARIA II GRADO,NORMALE,ANNUALE,FINO A 34,NO,SI,15,25
202425,MESSINA,SCUOLA INFANZIA,SOSTEGNO,FINO AL TERMINE,OLTRE 54,NO,SI,1,63
202425,NAPOLI,SCUOLA PRIMARIA,SOSTEGNO,FINO AL TERMINE,FINO A 34,NO,SI,6,470
202425,ROMA,SCUOLA INFANZIA,SOSTEGNO,ANNUALE,TRA 45 E 54,NO,NO,0,2
202425,RIETI,SCUOLA SECONDARIA I GRADO,SOSTEGNO,ANNUALE,TRA 35 E 44,SI,SI,1,0
202425,AREZZO,SCUOLA PRIMARIA,SOSTEGNO,FINO AL TERMINE,TRA 45 E 54,NO,NO,0,7
202425,VICENZA,SCUOLA SECONDARIA I GRADO,NORMALE,FINO AL TERMINE,TRA 35 E 44,NO,SI,5,12
202425,FROSINONE,SCUOLA PRIMARIA,SOSTEGNO,FINO AL TERMINE,TRA 45 E 54,NO,NO,2,10
202425,FIRENZE,SCUOLA INFANZIA,SOSTEGNO,FINO AL TERMINE,TRA 35 E 44,NO,NO,0,6
202425,CAGLIARI,SCUOLA SECONDARIA II GRADO,NORMALE,ANNUALE,OLTRE 54,NO,SI,8,17
202425,ANCONA,SCUOLA SECONDARIA II GRADO,NORMALE,ANNUALE,TRA 35 E 44,NO,SI,17,13
202425,MILANO,SCUOLA PRIMARIA,SOSTEGNO,ANNUALE,TRA 45 E 54,NO,NO,0,1
202425,CROTONE,SCUOLA SECONDARIA II GRADO,SOSTEGNO,FINO AL TERMINE,FINO A 34,NO,NO,0,1
202425,VITERBO,SCUOLA PRIMARIA,NORMALE,FINO AL TERMINE,FINO A 34,NO,NO,8,12
202425,ORISTANO,SCUOLA SECONDARIA I GRADO,SOSTEGNO,ANNUALE,FINO A 34,SI,SI,0,1
202425,RAGUSA,SCUOLA INFANZIA,NORMALE,FINO AL TERMINE,OLTRE 54,NO,SI,0,11
202425,BIELLA,SCUOLA INFANZIA,NORMALE,FINO AL TERMINE,TRA 35 E 44,NO,NO,0,2
202425,ALESSANDRIA,SCUOLA INFANZIA,SOSTEGNO,FINO AL TERMINE,TRA 35 E 44,NO,NO,0,1
202425,SUD SARDEGNA,SCUOLA SECONDARIA I GRADO,NORMALE,FINO AL TERMINE,OLTRE 54,NO,NO,1,1
202425,PARMA,SCUOLA INFANZIA,NORMALE,FINO AL TERMINE,TRA 45 E 54,NO,SI,0,6
202425,NUORO,SCUOLA INFANZIA,NORMALE,FINO AL TERMINE,OLTRE 54,NO,SI,0,3
202425,SIRACUSA,SCUOLA PRIMARIA,NORMALE,FINO AL TERMINE,TRA 45 E 54,NO,NO,7,8
202425,VITERBO,SCUOLA PRIMARIA,NORMALE,FINO AL TERMINE,TRA 45 E 54,NO,SI,0,5
202425,L'AQUILA,SCUOLA SECONDARIA II GRADO,NORMALE,FINO AL TERMINE,TRA 45 E 54,NO,SI,3,11
202425,LIVORNO,SCUOLA SECONDARIA I GRADO,SOSTEGNO,FINO AL TERMINE,TRA 45 E 54,NO,NO,0,5
202425,MANTOVA,SCUOLA SECONDARIA I GRADO,NORMALE,FINO AL TERMINE,OLTRE 54,NO,SI,4,4
202425,ROVIGO,SCUOLA SECONDARIA II GRADO,SOSTEGNO,FINO AL TERMINE,FINO A 34,NO,SI,10,13
202425,NOVARA,SCUOLA SECONDARIA II GRADO,NORMALE,FINO AL TERMINE,TRA 35 E 44,NO,SI,8,8
202425,RIETI,SCUOLA SECONDARIA II GRADO,NORMALE,ANNUALE,FINO A 34,NO,SI,3,11
202425,SIENA,SCUOLA SECONDARIA I GRADO,SOSTEGNO,ANNUALE,FINO A 34,SI,SI,0,1
202425,BARLETTA-ANDRIA-TRANI,SCUOLA SECONDARIA II GRADO,NORMALE,ANNUALE,FINO A 34,NO,SI,15,38
202425,ROMA,SCUOLA PRIMARIA,NORMALE,FINO AL TERMINE,OLTRE 54,NO,NO,6,27
202425,PRATO,SCUOLA SECONDARIA II GRADO,SOSTEGNO,ANNUALE,TRA 35 E 44,SI,SI,0,2
202425,VERCELLI,SCUOLA SECONDARIA II GRADO,NORMALE,FINO AL TERMINE,TRA 35 E 44,NO,SI,3,9
202425,ORISTANO,SCUOLA SECONDARIA I GRADO,NORMALE,ANNUALE,OLTRE 54,NO,SI,0,1
202425,CATANZARO,SCUOLA SECONDARIA I GRADO,NORMALE,ANNUALE,FINO A 34,NO,SI,3,12
202425,ASTI,SCUOLA SECONDARIA II GRADO,SOSTEGNO,FINO AL TERMINE,FINO A 34,NO,SI,10,25
202425,IMPERIA,SCUOLA SECONDARIA II GRADO,NORMALE,ANNUALE,FINO A 34,NO,NO,0,1
202425,VENEZIA,SCUOLA SECONDARIA II GRADO,NORMALE,ANNUALE,TRA 35 E 44,SI,SI,0,2
202425,BRESCIA,SCUOLA PRIMARIA,SOSTEGNO,ANNUALE,TRA 35 E 44,SI,SI,0,9
202425,SASSARI,SCUOLA INFANZIA,NORMALE,ANNUALE,OLTRE 54,NO,SI,0,2
202425,CREMONA,SCUOLA SECONDARIA II GRADO,NORMALE,ANNUALE,TRA 35 E 44,NO,NO,1,2
202425,BIELLA,SCUOLA SECONDARIA I GRADO,NORMALE,ANNUALE,TRA 45 E 54,NO,SI,4,10
202425,TARANTO,SCUOLA SECONDARIA I GRADO,NORMALE,ANNUALE,TRA 35 E 44,NO,NO,2,2
202425,SONDRIO,SCUOLA SECONDARIA II GRADO,SOSTEGNO,ANNUALE,TRA 35 E 44,SI,SI,1,7
202425,AVELLINO,SCUOLA INFANZIA,NORMALE,FINO AL TERMINE,TRA 45 E 54,NO,NO,0,1
202425,TRAPANI,SCUOLA SECONDARIA I GRADO,NORMALE,ANNUALE,FINO A 34,NO,SI,4,12
202425,BELLUNO,SCUOLA PRIMARIA,SOSTEGNO,ANNUALE,TRA 45 E 54,NO,SI,1,17
202425,MANTOVA,SCUOLA SECONDARIA I GRADO,NORMALE,ANNUALE,FINO A 34,SI,SI,1,2
202425,CROTONE,SCUOLA SECONDARIA I GRADO,SOSTEGNO,FINO AL TERMINE,FINO A 34,NO,NO,0,2
202425,TERNI,SCUOLA PRIMARIA,SOSTEGNO,FINO AL TERMINE,TRA 45 E 54,NO,NO,2,11
202425,FROSINONE,SCUOLA INFANZIA,SOSTEGNO,FINO AL TERMINE,TRA 35 E 44,NO,SI,1,29
202425,VITERBO,SCUOLA SECONDARIA II GRADO,NORMALE,FINO AL TERMINE,TRA 35 E 44,NO,NO,26,24
202425,SAVONA,SCUOLA INFANZIA,NORMALE,FINO AL TERMINE,TRA 35 E 44,NO,SI,0,1
202425,PESCARA,SCUOLA SECONDARIA II GRADO,NORMALE,ANNUALE,TRA 45 E 54,NO,NO,1,1
202425,VERBANO-CUSIO-OSSOLA,SCUOLA SECONDARIA I GRADO,NORMALE,FINO AL TERMINE,OLTRE 54,NO,NO,1,2
202425,POTENZA,SCUOLA PRIMARIA,SOSTEGNO,FINO AL TERMINE,FINO A 34,NO,SI,0,7
202425,REGGIO CALABRIA,SCUOLA SECONDARIA I GRADO,SOSTEGNO,FINO AL TERMINE,TRA 45 E 54,NO,SI,6,22
202425,IMPERIA,SCUOLA INFANZIA,NORMALE,ANNUALE,TRA 45 E 54,NO,SI,0,9
202425,SIRACUSA,SCUOLA SECONDARIA II GRADO,NORMALE,ANNUALE,TRA 45 E 54,NO,SI,14,16
202425,ROVIGO,SCUOLA SECONDARIA I GRADO,SOSTEGNO,FINO AL TERMINE,TRA 35 E 44,NO,SI,7,15
202425,LECCO,SCUOLA PRIMARIA,NORMALE,FINO AL TERMINE,FINO A 34,NO,SI,5,34
202425,LUCCA,SCUOLA SECONDARIA II GRADO,SOSTEGNO,FINO AL TERMINE,OLTRE 54,NO,NO,1,4
202425,ORISTANO,SCUOLA SECONDARIA II GRADO,NORMALE,FINO AL TERMINE,TRA 45 E 54,NO,SI,2,7
202425,RAGUSA,SCUOLA SECONDARIA I GRADO,NORMALE,FINO AL TERMINE,TRA 45 E 54,NO,NO,5,8
202425,VICENZA,SCUOLA SECONDARIA II GRADO,SOSTEGNO,FINO AL TERMINE,TRA 45 E 54,NO,SI,27,47
202425,ALESSANDRIA,SCUOLA SECONDARIA II GRADO,SOSTEGNO,ANNUALE,TRA 35 E 44,SI,SI,2,4
202425,SAVONA,SCUOLA INFANZIA,SOSTEGNO,FINO AL TERMINE,TRA 35 E 44,NO,NO,0,4
202425,NOVARA,SCUOLA INFANZIA,SOSTEGNO,FINO AL TERMINE,FINO A 34,NO,SI,2,23
202425,LA SPEZIA,SCUOLA SECONDARIA I GRADO,NORMALE,FINO AL TERMINE,TRA 35 E 44,NO,SI,1,2
202425,SAVONA,SCUOLA SECONDARIA II GRADO,NORMALE,ANNUALE,TRA 45 E 54,NO,NO,2,3
202425,POTENZA,SCUOLA SECONDARIA II GRADO,NORMALE,ANNUALE,OLTRE 54,NO,NO,0,1
202425,ROMA,SCUOLA SECONDARIA II GRADO,SOSTEGNO,ANNUALE,FINO A 34,SI,NO,0,1
202425,PALERMO,SCUOLA SECONDARIA I GRADO,NORMALE,FINO AL TERMINE,TRA 35 E 44,NO,NO,13,26
202425,REGGIO EMILIA,SCUOLA PRIMARIA,SOSTEGNO,ANNUALE,TRA 45 E 54,NO,NO,0,1
202425,PISA,SCUOLA SECONDARIA II GRADO,NORMALE,ANNUALE,FINO A 34,NO,NO,0,2
202425,CAMPOBASSO,SCUOLA SECONDARIA II GRADO,NORMALE,FINO AL TERMINE,FINO A 34,NO,NO,5,17
202425,BARLETTA-ANDRIA-TRANI,SCUOLA SECONDARIA I GRADO,NORMALE,ANNUALE,TRA 45 E 54,NO,SI,0,2
202425,RAVENNA,SCUOLA SECONDARIA II GRADO,SOSTEGNO,FINO AL TERMINE,TRA 35 E 44,NO,SI,18,47
202425,GORIZIA,SCUOLA SECONDARIA I GRADO,SOSTEGNO,FINO AL TERMINE,TRA 35 E 44,NO,NO,1,0
202425,BELLUNO,SCUOLA PRIMARIA,NORMALE,ANNUALE,TRA 45 E 54,NO,SI,0,6
202425,UDINE,SCUOLA SECONDARIA I GRADO,SOSTEGNO,FINO AL TERMINE,FINO A 34,NO,SI,12,32
202425,BELLUNO,SCUOLA PRIMARIA,SOSTEGNO,ANNUALE,TRA 35 E 44,NO,SI,2,18
202425,TORINO,SCUOLA INFANZIA,SOSTEGNO,FINO AL TERMINE,OLTRE 54,NO,NO,0,5
202425,AVELLINO,SCUOLA SECONDARIA II GRADO,NORMALE,ANNUALE,TRA 35 E 44,NO,NO,1,3
202425,TRIESTE,SCUOLA SECONDARIA I GRADO,NORMALE,ANNUALE,FINO A 34,NO,SI,2,12
202425,MATERA,SCUOLA PRIMARIA,NORMALE,ANNUALE,TRA 35 E 44,NO,NO,0,1
202425,FERRARA,SCUOLA SECONDARIA I GRADO,NORMALE,ANNUALE,TRA 45 E 54,NO,SI,1,0
202425,PRATO,SCUOLA PRIMARIA,NORMALE,FINO AL TERMINE,TRA 35 E 44,NO,SI,0,9
202425,AVELLINO,SCUOLA SECONDARIA I GRADO,NORMALE,FINO AL TERMINE,OLTRE 54,NO,SI,5,2
202425,PALERMO,SCUOLA SECONDARIA I GRADO,SOSTEGNO,ANNUALE,TRA 35 E 44,SI,SI,1,3
202425,SASSARI,SCUOLA INFANZIA,SOSTEGNO,FINO AL TERMINE,OLTRE 54,NO,NO,0,8
202425,VERBANO-CUSIO-OSSOLA,SCUOLA PRIMARIA,SOSTEGNO,FINO AL TERMINE,TRA 45 E 54,NO,NO,0,3
202425,BRESCIA,SCUOLA SECONDARIA I GRADO,NORMALE,FINO AL TERMINE,FINO A 34,NO,SI,22,43
202425,ASCOLI PICENO,SCUOLA PRIMARIA,SOSTEGNO,FINO AL TERMINE,FINO A 34,NO,SI,1,48
202425,ASCOLI PICENO,SCUOLA SECONDARIA II GRADO,NORMALE,FINO AL TERMINE,FINO A 34,NO,SI,1,5
202425,BRINDISI,SCUOLA PRIMARIA,SOSTEGNO,FINO AL TERMINE,FINO A 34,NO,SI,0,12
202425,MANTOVA,SCUOLA INFANZIA,SOSTEGNO,FINO AL TERMINE,OLTRE 54,NO,SI,0,20
202425,BARLETTA-ANDRIA-TRANI,SCUOLA SECONDARIA I GRADO,NORMALE,FINO AL TERMINE,TRA 35 E 44,NO,SI,4,20
202425,AREZZO,SCUOLA SECONDARIA I GRADO,NORMALE,FINO AL TERMINE,TRA 45 E 54,NO,NO,3,14
202425,TERNI,SCUOLA SECONDARIA I GRADO,NORMALE,FINO AL TERMINE,OLTRE 54,NO,SI,1,1
202425,LATINA,SCUOLA INFANZIA,SOSTEGNO,ANNUALE,OLTRE 54,NO,SI,0,1
202425,PERUGIA,SCUOLA PRIMARIA,NORMALE,FINO AL TERMINE,FINO A 34,NO,SI,1,38
202425,SAVONA,SCUOLA SECONDARIA II GRADO,NORMALE,FINO AL TERMINE,TRA 35 E 44,NO,SI,6,7
202425,PAVIA,SCUOLA INFANZIA,SOSTEGNO,ANNUALE,OLTRE 54,NO,SI,1,8
202425,ASTI,SCUOLA SECONDARIA II GRADO,NORMALE,FINO AL TERMINE,OLTRE 54,NO,NO,8,4
202425,ALESSANDRIA,SCUOLA INFANZIA,SOSTEGNO,ANNUALE,FINO A 34,NO,SI,0,1
202425,SUD SARDEGNA,SCUOLA SECONDARIA I GRADO,SOSTEGNO,FINO AL TERMINE,TRA 35 E 44,NO,NO,2,5
202425,GROSSETO,SCUOLA SECONDARIA I GRADO,NORMALE,FINO AL TERMINE,FINO A 34,NO,NO,9,5
202425,VENEZIA,SCUOLA INFANZIA,SOSTEGNO,ANNUALE,TRA 35 E 44,SI,SI,0,1
202425,LIVORNO,SCUOLA INFANZIA,SOSTEGNO,FINO AL TERMINE,TRA 45 E 54,NO,NO,1,6
202425,ASCOLI PICENO,SCUOLA INFANZIA,NORMALE,FINO AL TERMINE,FINO A 34,NO,NO,0,1
202425,CHIETI,SCUOLA PRIMARIA,SOSTEGNO,FINO AL TERMINE,TRA 35 E 44,NO,SI,3,131
202425,BRINDISI,SCUOLA INFANZIA,SOSTEGNO,FINO AL TERMINE,TRA 35 E 44,NO,NO,0,8
202425,LECCO,SCUOLA PRIMARIA,SOSTEGNO,ANNUALE,OLTRE 54,NO,SI,0,14
202425,MILANO,SCUOLA SECONDARIA II GRADO,NORMALE,FINO AL TERMINE,FINO A 34,NO,SI,88,120
202425,PAVIA,SCUOLA SECONDARIA I GRADO,SOSTEGNO,FINO AL TERMINE,OLTRE 54,NO,SI,13,29
202425,LATINA,SCUOLA SECONDARIA I GRADO,SOSTEGNO,ANNUALE,TRA 45 E 54,SI,SI,0,1
202425,LATINA,SCUOLA SECONDARIA I GRADO,SOSTEGNO,FINO AL TERMINE,TRA 35 E 44,NO,NO,4,19
202425,ALESSANDRIA,SCUOLA SECONDARIA II GRADO,NORMALE,FINO AL TERMINE,FINO A 34,NO,NO,21,35
202425,REGGIO CALABRIA,SCUOLA SECONDARIA II GRADO,NORMALE,FINO AL TERMINE,OLTRE 54,NO,NO,8,10
202425,PADOVA,SCUOLA SECONDARIA I GRADO,SOSTEGNO,ANNUALE,TRA 35 E 44,NO,SI,1,0
202425,VERONA,SCUOLA INFANZIA,NORMALE,FINO AL TERMINE,FINO A 34,NO,NO,0,3
202425,CUNEO,SCUOLA INFANZIA,NORMALE,ANNUALE,FINO A 34,NO,SI,0,2
202425,BRESCIA,SCUOLA INFANZIA,NORMALE,FINO AL TERMINE,TRA 35 E 44,NO,NO,0,18
202425,MESSINA,SCUOLA SECONDARIA I GRADO,SOSTEGNO,FINO AL TERMINE,TRA 45 E 54,NO,NO,3,10
202425,POTENZA,SCUOLA PRIMARIA,NORMALE,FINO AL TERMINE,OLTRE 54,NO,SI,2,14
202425,VENEZIA,SCUOLA SECONDARIA I GRADO,SOSTEGNO,ANNUALE,OLTRE 54,NO,SI,1,0
202425,VENEZIA,SCUOLA SECONDARIA II GRADO,SOSTEGNO,ANNUALE,TRA 35 E 44,SI,SI,0,2
202425,ORISTANO,SCUOLA SECONDARIA I GRADO,SOSTEGNO,FINO AL TERMINE,FINO A 34,NO,NO,2,1
202425,COMO,SCUOLA INFANZIA,NORMALE,FINO AL TERMINE,OLTRE 54,NO,SI,0,2
202425,MONZA E DELLA BRIANZA,SCUOLA INFANZIA,SOSTEGNO,FINO AL TERMINE,TRA 45 E 54,NO,NO,0,10
202425,RAVENNA,SCUOLA SECONDARIA II GRADO,NORMALE,ANNUALE,TRA 35 E 44,NO,SI,15,22
202425,ROMA,SCUOLA SECONDARIA II GRADO,NORMALE,ANNUALE,OLTRE 54,NO,SI,69,38
202425,VERONA,SCUOLA SECONDARIA I GRADO,NORMALE,ANNUALE,FINO A 34,NO,SI,8,11
202425,MILANO,SCUOLA PRIMARIA,SOSTEGNO,ANNUALE,OLTRE 54,NO,SI,22,106
202425,BARI,SCUOLA SECONDARIA I GRADO,SOSTEGNO,ANNUALE,TRA 45 E 54,SI,SI,0,1
202425,TARANTO,SCUOLA SECONDARIA I GRADO,NORMALE,FINO AL TERMINE,TRA 45 E 54,NO,SI,4,14
202425,TREVISO,SCUOLA SECONDARIA I GRADO,NORMALE,ANNUALE,OLTRE 54,NO,SI,6,13
202425,COMO,SCUOLA SECONDARIA I GRADO,NORMALE,ANNUALE,FINO A 34,SI,NO,0,1
202425,TORINO,SCUOLA SECONDARIA II GRADO,NORMALE,FINO AL TERMINE,TRA 35 E 44,NO,SI,89,100
202425,L'AQUILA,SCUOLA INFANZIA,SOSTEGNO,FINO AL TERMINE,TRA 45 E 54,NO,NO,0,11
202425,BARI,SCUOLA INFANZIA,NORMALE,FINO AL TERMINE,OLTRE 54,NO,SI,0,21
202425,PERUGIA,SCUOLA SECONDARIA II GRADO,NORMALE,ANNUALE,FINO A 34,NO,SI,38,42
202425,PESARO E URBINO,SCUOLA INFANZIA,NORMALE,FINO AL TERMINE,TRA 35 E 44,NO,SI,0,1
202425,RIMINI,SCUOLA SECONDARIA II GRADO,NORMALE,FINO AL TERMINE,TRA 45 E 54,NO,SI,13,19
202425,LECCO,SCUOLA SECONDARIA II GRADO,SOSTEGNO,FINO AL TERMINE,FINO A 34,NO,NO,1,1
202425,REGGIO EMILIA,SCUOLA SECONDARIA II GRADO,SOSTEGNO,FINO AL TERMINE,FINO A 34,NO,SI,20,47
202425,PADOVA,SCUOLA INFANZIA,SOSTEGNO,FINO AL TERMINE,FINO A 34,NO,NO,0,6
202425,FOGGIA,SCUOLA SECONDARIA I GRADO,SOSTEGNO,ANNUALE,TRA 35 E 44,NO,SI,0,1
202425,MESSINA,SCUOLA PRIMARIA,NORMALE,FINO AL TERMINE,TRA 45 E 54,NO,SI,1,32
202425,PISTOIA,SCUOLA SECONDARIA II GRADO,NORMALE,ANNUALE,TRA 45 E 54,NO,SI,14,12
202425,RIMINI,SCUOLA SECONDARIA II GRADO,NORMALE,FINO AL TERMINE,OLTRE 54,NO,SI,3,6
202425,LECCO,SCUOLA SECONDARIA II GRADO,SOSTEGNO,FINO AL TERMINE,TRA 45 E 54,NO,NO,0,4
202425,PERUGIA,SCUOLA PRIMARIA,SOSTEGNO,FINO AL TERMINE,OLTRE 54,NO,NO,0,5
202425,VERONA,SCUOLA INFANZIA,SOSTEGNO,FINO AL TERMINE,OLTRE 54,NO,NO,0,8
202425,LATINA,SCUOLA SECONDARIA I GRADO,NORMALE,FINO AL TERMINE,FINO A 34,NO,NO,6,11
202425,AGRIGENTO,SCUOLA SECONDARIA I GRADO,SOSTEGNO,ANNUALE,FINO A 34,SI,NO,0,1
202425,FIRENZE,SCUOLA PRIMARIA,NORMALE,FINO AL TERMINE,TRA 45 E 54,NO,NO,5,10
202425,PRATO,SCUOLA PRIMARIA,SOSTEGNO,FINO AL TERMINE,OLTRE 54,NO,SI,1,19
202425,BERGAMO,SCUOLA INFANZIA,SOSTEGNO,ANNUALE,OLTRE 54,NO,SI,0,1
202425,TERAMO,SCUOLA PRIMARIA,SOSTEGNO,FINO AL TERMINE,OLTRE 54,NO,NO,0,10
202425,CROTONE,SCUOLA INFANZIA,SOSTEGNO,FINO AL TERMINE,TRA 45 E 54,NO,SI,0,24
202425,LIVORNO,SCUOLA SECONDARIA II GRADO,NORMALE,FINO AL TERMINE,OLTRE 54,NO,NO,4,7
202425,GENOVA,SCUOLA SECONDARIA I GRADO,NORMALE,FINO AL TERMINE,TRA 35 E 44,NO,NO,7,21
202425,TREVISO,SCUOLA SECONDARIA I GRADO,SOSTEGNO,ANNUALE,FINO A 34,NO,SI,1,1
202425,GROSSETO,SCUOLA SECONDARIA II GRADO,NORMALE,ANNUALE,TRA 35 E 44,NO,NO,0,2
202425,SALERNO,SCUOLA INFANZIA,NORMALE,FINO AL TERMINE,TRA 35 E 44,NO,NO,0,2
202425,FERRARA,SCUOLA PRIMARIA,SOSTEGNO,FINO AL TERMINE,TRA 35 E 44,NO,SI,2,48
202425,COMO,SCUOLA PRIMARIA,NORMALE,ANNUALE,TRA 35 E 44,NO,SI,1,17
202425,ANCONA,SCUOLA SECONDARIA II GRADO,NORMALE,ANNUALE,TRA 35 E 44,NO,NO,1,4
202425,SAVONA,SCUOLA SECONDARIA II GRADO,SOSTEGNO,FINO AL TERMINE,OLTRE 54,NO,SI,7,11
202425,VICENZA,SCUOLA INFANZIA,NORMALE,FINO AL TERMINE,FINO A 34,NO,NO,1,3
202425,CATANZARO,SCUOLA SECONDARIA I GRADO,NORMALE,FINO AL TERMINE,FINO A 34,NO,NO,2,4
202425,PRATO,SCUOLA SECONDARIA I GRADO,NORMALE,FINO AL TERMINE,OLTRE 54,NO,NO,2,8
202425,PIACENZA,SCUOLA SECONDARIA II GRADO,NORMALE,ANNUALE,OLTRE 54,NO,NO,0,1
202425,VERONA,SCUOLA SECONDARIA II GRADO,NORMALE,FINO AL TERMINE,TRA 35 E 44,NO,NO,19,59
202425,BELLUNO,SCUOLA SECONDARIA I GRADO,SOSTEGNO,ANNUALE,TRA 45 E 54,SI,SI,4,6
202425,REGGIO EMILIA,SCUOLA PRIMARIA,SOSTEGNO,FINO AL TERMINE,FINO A 34,NO,SI,19,197
202425,SASSARI,SCUOLA SECONDARIA II GRADO,SOSTEGNO,FINO AL TERMINE,TRA 45 E 54,NO,NO,5,17
202425,BRESCIA,SCUOLA SECONDARIA II GRADO,NORMALE,ANNUALE,TRA 45 E 54,NO,NO,2,1
202425,TORINO,SCUOLA INFANZIA,SOSTEGNO,FINO AL TERMINE,TRA 35 E 44,NO,SI,1,145
202425,PISA,SCUOLA INFANZIA,SOSTEGNO,FINO AL TERMINE,OLTRE 54,NO,NO,0,4
202425,REGGIO EMILIA,SCUOLA SECONDARIA II GRADO,NORMALE,FINO AL TERMINE,TRA 45 E 54,NO,NO,22,34
202425,CUNEO,SCUOLA SECONDARIA I GRADO,SOSTEGNO,ANNUALE,OLTRE 54,NO,SI,1,1
202425,RIETI,SCUOLA SECONDARIA II GRADO,SOSTEGNO,FINO AL TERMINE,TRA 45 E 54,NO,SI,6,27
202425,TORINO,SCUOLA SECONDARIA II GRADO,NORMALE,ANNUALE,TRA 35 E 44,SI,NO,0,1
202425,PIACENZA,SCUOLA INFANZIA,SOSTEGNO,FINO AL TERMINE,TRA 35 E 44,NO,NO,1,7
202425,NUORO,SCUOLA SECONDARIA II GRADO,NORMALE,FINO AL TERMINE,FINO A 34,NO,SI,6,6
202425,VICENZA,SCUOLA SECONDARIA I GRADO,NORMALE,ANNUALE,TRA 35 E 44,NO,NO,0,1
202425,BARI,SCUOLA INFANZIA,SOSTEGNO,FINO AL TERMINE,TRA 45 E 54,NO,NO,1,17
202425,LODI,SCUOLA SECONDARIA I GRADO,NORMALE,FINO AL TERMINE,FINO A 34,NO,NO,12,20
202425,PERUGIA,SCUOLA SECONDARIA I GRADO,NORMALE,FINO AL TERMINE,OLTRE 54,NO,NO,3,4
202425,PESARO E URBINO,SCUOLA PRIMARIA,NORMALE,FINO AL TERMINE,TRA 35 E 44,NO,SI,0,6
202425,BERGAMO,SCUOLA SECONDARIA II GRADO,NORMALE,ANNUALE,TRA 35 E 44,SI,SI,0,1
202425,TORINO,SCUOLA PRIMARIA,NORMALE,FINO AL TERMINE,FINO A 34,NO,SI,25,258
202425,PISA,SCUOLA PRIMARIA,NORMALE,FINO AL TERMINE,TRA 35 E 44,NO,NO,4,10
202425,TERAMO,SCUOLA SECONDARIA I GRADO,NORMALE,ANNUALE,TRA 35 E 44,NO,SI,1,6
202425,FIRENZE,SCUOLA PRIMARIA,SOSTEGNO,FINO AL TERMINE,OLTRE 54,NO,SI,7,93
202425,FROSINONE,SCUOLA SECONDARIA II GRADO,NORMALE,FINO AL TERMINE,FINO A 34,NO,SI,6,10
202425,VITERBO,SCUOLA SECONDARIA I GRADO,NORMALE,ANNUALE,FINO A 34,NO,SI,2,4
202425,BIELLA,SCUOLA SECONDARIA I GRADO,SOSTEGNO,FINO AL TERMINE,FINO A 34,NO,SI,11,11
202425,ROVIGO,SCUOLA PRIMARIA,NORMALE,ANNUALE,TRA 45 E 54,NO,SI,0,1
202425,SUD SARDEGNA,SCUOLA SECONDARIA I GRADO,NORMALE,ANNUALE,OLTRE 54,NO,SI,1,3
202425,ENNA,SCUOLA SECONDARIA II GRADO,NORMALE,ANNUALE,OLTRE 54,NO,SI,3,1
202425,PADOVA,SCUOLA SECONDARIA II GRADO,SOSTEGNO,ANNUALE,TRA 35 E 44,NO,SI,1,4
202425,LECCE,SCUOLA INFANZIA,SOSTEGNO,FINO AL TERMINE,TRA 35 E 44,NO,NO,0,10
202425,BRESCIA,SCUOLA PRIMARIA,SOSTEGNO,FINO AL TERMINE,TRA 35 E 44,NO,SI,13,93
202425,GENOVA,SCUOLA SECONDARIA II GRADO,SOSTEGNO,FINO AL TERMINE,FINO A 34,NO,SI,44,78
202425,TERNI,SCUOLA SECONDARIA II GRADO,NORMALE,ANNUALE,TRA 45 E 54,NO,SI,8,10
202425,MILANO,SCUOLA INFANZIA,NORMALE,FINO AL TERMINE,FINO A 34,NO,SI,2,39
202425,BIELLA,SCUOLA SECONDARIA I GRADO,NORMALE,ANNUALE,TRA 35 E 44,NO,NO,1,2
202425,SAVONA,SCUOLA PRIMARIA,NORMALE,ANNUALE,TRA 35 E 44,NO,SI,0,1
202425,LA SPEZIA,SCUOLA INFANZIA,SOSTEGNO,FINO AL TERMINE,TRA 45 E 54,NO,NO,0,2
202425,VERBANO-CUSIO-OSSOLA,SCUOLA SECONDARIA II GRADO,NORMALE,ANNUALE,TRA 45 E 54,SI,NO,0,1
202425,MANTOVA,SCUOLA SECONDARIA II GRADO,NORMALE,FINO AL TERMINE,OLTRE 54,NO,NO,3,6
202425,NAPOLI,SCUOLA SECONDARIA II GRADO,NORMALE,FINO AL TERMINE,FINO A 34,NO,NO,66,97
202425,ROVIGO,SCUOLA SECONDARIA II GRADO,NORMALE,FINO AL TERMINE,TRA 45 E 54,NO,NO,6,13
202425,MACERATA,SCUOLA INFANZIA,SOSTEGNO,FINO AL TERMINE,TRA 35 E 44,NO,SI,0,24
202425,NUORO,SCUOLA INFANZIA,NORMALE,ANNUALE,TRA 35 E 44,NO,SI,0,4
202425,UDINE,SCUOLA INFANZIA,NORMALE,ANNUALE,OLTRE 54,NO,SI,0,1
202425,LUCCA,SCUOLA PRIMARIA,SOSTEGNO,ANNUALE,TRA 45 E 54,SI,SI,0,10
202425,ROMA,SCUOLA SECONDARIA I GRADO,SOSTEGNO,ANNUALE,OLTRE 54,SI,SI,0,5
202425,POTENZA,SCUOLA SECONDARIA II GRADO,SOSTEGNO,FINO AL TERMINE,OLTRE 54,NO,NO,0,2
202425,FORLI'-CESENA,SCUOLA PRIMARIA,SOSTEGNO,FINO AL TERMINE,TRA 45 E 54,NO,SI,6,53
202425,ROVIGO,SCUOLA INFANZIA,NORMALE,FINO AL TERMINE,TRA 35 E 44,NO,SI,0,2
202425,CASERTA,SCUOLA PRIMARIA,SOSTEGNO,ANNUALE,TRA 35 E 44,SI,SI,0,4
202425,ASCOLI PICENO,SCUOLA PRIMARIA,SOSTEGNO,FINO AL TERMINE,TRA 35 E 44,NO,SI,1,34
202425,BRINDISI,SCUOLA SECONDARIA I GRADO,NORMALE,ANNUALE,TRA 45 E 54,NO,SI,3,12
202425,MACERATA,SCUOLA SECONDARIA II GRADO,SOSTEGNO,FINO AL TERMINE,FINO A 34,NO,SI,11,46
202425,RIETI,SCUOLA SECONDARIA I GRADO,SOSTEGNO,FINO AL TERMINE,TRA 45 E 54,NO,NO,2,2
202425,CATANIA,SCUOLA SECONDARIA II GRADO,NORMALE,FINO AL TERMINE,OLTRE 54,NO,NO,15,11
202425,ANCONA,SCUOLA INFANZIA,NORMALE,FINO AL TERMINE,TRA 45 E 54,NO,NO,0,3
202425,LODI,SCUOLA SECONDARIA I GRADO,SOSTEGNO,FINO AL TERMINE,FINO A 34,NO,NO,1,5
202425,AGRIGENTO,SCUOLA SECONDARIA II GRADO,NORMALE,ANNUALE,OLTRE 54,NO,SI,5,3
202425,AVELLINO,SCUOLA SECONDARIA I GRADO,NORMALE,ANNUALE,TRA 45 E 54,NO,NO,0,2
202425,TRAPANI,SCUOLA INFANZIA,SOSTEGNO,FINO AL TERMINE,OLTRE 54,NO,SI,0,17
202425,ISERNIA,SCUOLA PRIMARIA,NORMALE,FINO AL TERMINE,TRA 45 E 54,NO,SI,0,2
202425,BRESCIA,SCUOLA SECONDARIA I GRADO,SOSTEGNO,FINO AL TERMINE,TRA 45 E 54,NO,NO,4,11
202425,CUNEO,SCUOLA SECONDARIA II GRADO,NORMALE,ANNUALE,FINO A 34,NO,NO,1,1
202425,CROTONE,SCUOLA PRIMARIA,SOSTEGNO,ANNUALE,TRA 35 E 44,SI,SI,0,1
202425,LATINA,SCUOLA PRIMARIA,NORMALE,FINO AL TERMINE,TRA 35 E 44,NO,NO,6,21
202425,CREMONA,SCUOLA SECONDARIA I GRADO,NORMALE,FINO AL TERMINE,OLTRE 54,NO,NO,0,2
202425,PADOVA,SCUOLA SECONDARIA II GRADO,NORMALE,ANNUALE,FINO A 34,NO,SI,64,73
202425,FERRARA,SCUOLA INFANZIA,NORMALE,FINO AL TERMINE,FINO A 34,NO,SI,0,2
202425,TRAPANI,SCUOLA SECONDARIA II GRADO,SOSTEGNO,FINO AL TERMINE,FINO A 34,NO,NO,0,1
202425,COMO,SCUOLA SECONDARIA II GRADO,SOSTEGNO,FINO AL TERMINE,OLTRE 54,NO,SI,0,1
202425,REGGIO CALABRIA,SCUOLA INFANZIA,SOSTEGNO,FINO AL TERMINE,OLTRE 54,NO,SI,0,38
202425,SAVONA,SCUOLA SECONDARIA II GRADO,NORMALE,FINO AL TERMINE,TRA 35 E 44,NO,NO,11,20
202425,VERBANO-CUSIO-OSSOLA,SCUOLA SECONDARIA I GRADO,SOSTEGNO,ANNUALE,OLTRE 54,NO,SI,3,0
202425,VENEZIA,SCUOLA PRIMARIA,SOSTEGNO,FINO AL TERMINE,OLTRE 54,NO,SI,5,46
202425,MANTOVA,SCUOLA SECONDARIA I GRADO,SOSTEGNO,ANNUALE,TRA 35 E 44,SI,NO,0,2
202425,VENEZIA,SCUOLA SECONDARIA I GRADO,SOSTEGNO,FINO AL TERMINE,OLTRE 54,NO,SI,5,16
202425,RAGUSA,SCUOLA SECONDARIA I GRADO,SOSTEGNO,FINO AL TERMINE,TRA 45 E 54,NO,NO,0,3
202425,MODENA,SCUOLA SECONDARIA II GRADO,SOSTEGNO,ANNUALE,TRA 35 E 44,SI,NO,0,1
202425,CALTANISSETTA,SCUOLA PRIMARIA,NORMALE,FINO AL TERMINE,FINO A 34,NO,NO,2,6
202425,BRESCIA,SCUOLA SECONDARIA I GRADO,SOSTEGNO,ANNUALE,FINO A 34,SI,SI,31,80
202425,MACERATA,SCUOLA PRIMARIA,NORMALE,FINO AL TERMINE,TRA 45 E 54,NO,NO,5,12
202425,LECCO,SCUOLA PRIMARIA,SOSTEGNO,ANNUALE,FINO A 34,NO,SI,2,26
202425,REGGIO CALABRIA,SCUOLA PRIMARIA,NORMALE,ANNUALE,OLTRE 54,NO,SI,0,2
202425,PORDENONE,SCUOLA SECONDARIA II GRADO,NORMALE,FINO AL TERMINE,OLTRE 54,NO,NO,4,6
202425,MESSINA,SCUOLA SECONDARIA II GRADO,SOSTEGNO,FINO AL TERMINE,OLTRE 54,NO,SI,2,7
202425,AVELLINO,SCUOLA SECONDARIA II GRADO,SOSTEGNO,FINO AL TERMINE,TRA 45 E 54,NO,SI,1,10
202425,BARI,SCUOLA PRIMARIA,SOSTEGNO,ANNUALE,FINO A 34,SI,SI,0,10
202425,SAVONA,SCUOLA SECONDARIA I GRADO,NORMALE,FINO AL TERMINE,OLTRE 54,NO,NO,4,8
202425,FORLI'-CESENA,SCUOLA SECONDARIA I GRADO,NORMALE,FINO AL TERMINE,TRA 35 E 44,NO,NO,12,26
202425,MATERA,SCUOLA SECONDARIA II GRADO,NORMALE,ANNUALE,TRA 35 E 44,NO,NO,3,2
202425,PRATO,SCUOLA SECONDARIA I GRADO,NORMALE,ANNUALE,FINO A 34,NO,SI,7,18
202425,NAPOLI,SCUOLA INFANZIA,NORMALE,FINO AL TERMINE,TRA 35 E 44,NO,SI,0,9
202425,RIMINI,SCUOLA INFANZIA,SOSTEGNO,FINO AL TERMINE,TRA 45 E 54,NO,SI,1,27
202425,PALERMO,SCUOLA SECONDARIA II GRADO,SOSTEGNO,FINO AL TERMINE,TRA 45 E 54,NO,NO,3,10
202425,ASCOLI PICENO,SCUOLA SECONDARIA I GRADO,NORMALE,FINO AL TERMINE,TRA 35 E 44,NO,NO,3,12
202425,VICENZA,SCUOLA PRIMARIA,SOSTEGNO,ANNUALE,FINO A 34,NO,SI,7,102
202425,BARLETTA-ANDRIA-TRANI,SCUOLA SECONDARIA II GRADO,SOSTEGNO,FINO AL TERMINE,TRA 35 E 44,NO,SI,15,125
202425,LA SPEZIA,SCUOLA SECONDARIA II GRADO,SOSTEGNO,FINO AL TERMINE,TRA 45 E 54,NO,NO,2,4
202425,BARI,SCUOLA SECONDARIA II GRADO,NORMALE,FINO AL TERMINE,FINO A 34,NO,NO,24,19
202425,FERRARA,SCUOLA SECONDARIA II GRADO,NORMALE,FINO AL TERMINE,TRA 45 E 54,NO,SI,12,14
202425,ENNA,SCUOLA SECONDARIA II GRADO,NORMALE,FINO AL TERMINE,TRA 45 E 54,NO,NO,12,13
202425,CAGLIARI,SCUOLA PRIMARIA,SOSTEGNO,ANNUALE,TRA 45 E 54,SI,SI,0,1
202425,CHIETI,SCUOLA SECONDARIA I GRADO,NORMALE,FINO AL TERMINE,TRA 45 E 54,NO,SI,4,11
202425,VENEZIA,SCUOLA SECONDARIA II GRADO,SOSTEGNO,FINO AL TERMINE,TRA 45 E 54,NO,SI,20,49
202425,BRINDISI,SCUOLA PRIMARIA,SOSTEGNO,ANNUALE,FINO A 34,SI,SI,0,2
202425,BRINDISI,SCUOLA SECONDARIA II GRADO,NORMALE,ANNUALE,TRA 35 E 44,NO,NO,1,3
202425,VIBO VALENTIA,SCUOLA SECONDARIA I GRADO,NORMALE,FINO AL TERMINE,TRA 35 E 44,NO,SI,2,4
202425,CROTONE,SCUOLA INFANZIA,NORMALE,FINO AL TERMINE,TRA 45 E 54,NO,NO,0,2
202425,CATANIA,SCUOLA SECONDARIA I GRADO,SOSTEGNO,FINO AL TERMINE,OLTRE 54,NO,SI,13,21
202425,AVELLINO,SCUOLA SECONDARIA I GRADO,NORMALE,FINO AL TERMINE,TRA 45 E 54,NO,NO,5,5
202425,FIRENZE,SCUOLA SECONDARIA II GRADO,SOSTEGNO,FINO AL TERMINE,TRA 45 E 54,NO,SI,26,104
202425,BELLUNO,SCUOLA INFANZIA,NORMALE,FINO AL TERMINE,TRA 45 E 54,NO,SI,0,4
202425,BOLOGNA,SCUOLA SECONDARIA II GRADO,SOSTEGNO,FINO AL TERMINE,OLTRE 54,NO,SI,0,5
202425,VERCELLI,SCUOLA SECONDARIA II GRADO,NORMALE,FINO AL TERMINE,FINO A 34,NO,SI,13,11
202425,SAVONA,SCUOLA PRIMARIA,SOSTEGNO,ANNUALE,TRA 35 E 44,NO,NO,0,1
202425,NOVARA,SCUOLA SECONDARIA I GRADO,SOSTEGNO,ANNUALE,OLTRE 54,SI,SI,1,2
202425,PAVIA,SCUOLA INFANZIA,NORMALE,FINO AL TERMINE,TRA 45 E 54,NO,NO,0,1
202425,AVELLINO,SCUOLA PRIMARIA,SOSTEGNO,ANNUALE,TRA 35 E 44,SI,SI,0,1
202425,FERMO,SCUOLA SECONDARIA II GRADO,NORMALE,ANNUALE,TRA 35 E 44,NO,SI,1,3
202425,PALERMO,SCUOLA SECONDARIA II GRADO,NORMALE,ANNUALE,TRA 45 E 54,NO,NO,3,0
202425,GROSSETO,SCUOLA PRIMARIA,NORMALE,ANNUALE,FINO A 34,NO,SI,0,3
202425,SALERNO,SCUOLA INFANZIA,NORMALE,ANNUALE,OLTRE 54,NO,SI,0,7
202425,MONZA E DELLA BRIANZA,SCUOLA PRIMARIA,NORMALE,FINO AL TERMINE,TRA 35 E 44,NO,NO,5,17
202425,MILANO,SCUOLA SECONDARIA II GRADO,SOSTEGNO,ANNUALE,OLTRE 54,SI,SI,0,1
202425,VICENZA,SCUOLA SECONDARIA II GRADO,SOSTEGNO,ANNUALE,TRA 35 E 44,NO,SI,2,2
202425,VERONA,SCUOLA PRIMARIA,NORMALE,FINO AL TERMINE,FINO A 34,NO,SI,14,134
202425,LIVORNO,SCUOLA PRIMARIA,SOSTEGNO,FINO AL TERMINE,FINO A 34,NO,NO,0,6
202425,MATERA,SCUOLA SECONDARIA II GRADO,NORMALE,FINO AL TERMINE,TRA 35 E 44,NO,SI,3,6
202425,FERMO,SCUOLA SECONDARIA II GRADO,NORMALE,FINO AL TERMINE,OLTRE 54,NO,SI,1,1
202425,COMO,SCUOLA SECONDARIA I GRADO,NORMALE,FINO AL TERMINE,OLTRE 54,NO,NO,1,4
202425,MODENA,SCUOLA SECONDARIA I GRADO,SOSTEGNO,FINO AL TERMINE,TRA 45 E 54,NO,SI,11,43
202425,SIENA,SCUOLA PRIMARIA,NORMALE,FINO AL TERMINE,OLTRE 54,NO,SI,2,6
202425,MANTOVA,SCUOLA INFANZIA,NORMALE,FINO AL TERMINE,TRA 35 E 44,NO,SI,0,8
202425,RIETI,SCUOLA PRIMARIA,SOSTEGNO,FINO AL TERMINE,FINO A 34,NO,NO,0,2
202425,PADOVA,SCUOLA INFANZIA,NORMALE,FINO AL TERMINE,TRA 45 E 54,NO,SI,0,7
202425,MANTOVA,SCUOLA PRIMARIA,SOSTEGNO,FINO AL TERMINE,TRA 45 E 54,NO,SI,7,46
202425,RAVENNA,SCUOLA SECONDARIA II GRADO,SOSTEGNO,FINO AL TERMINE,FINO A 34,NO,NO,1,3
202425,MILANO,SCUOLA PRIMARIA,SOSTEGNO,FINO AL TERMINE,TRA 45 E 54,NO,NO,5,26
202425,CATANZARO,SCUOLA SECONDARIA II GRADO,SOSTEGNO,FINO AL TERMINE,FINO A 34,NO,SI,0,7
202425,ORISTANO,SCUOLA INFANZIA,NORMALE,ANNUALE,OLTRE 54,NO,SI,0,1
202425,FROSINONE,SCUOLA SECONDARIA I GRADO,NORMALE,FINO AL TERMINE,TRA 35 E 44,NO,NO,7,22
202425,TARANTO,SCUOLA INFANZIA,NORMALE,ANNUALE,FINO A 34,NO,SI,0,3
202425,COMO,SCUOLA SECONDARIA I GRADO,SOSTEGNO,ANNUALE,FINO A 34,NO,SI,2,3
202425,GROSSETO,SCUOLA SECONDARIA II GRADO,SOSTEGNO,FINO AL TERMINE,FINO A 34,NO,NO,1,2
202425,CAGLIARI,SCUOLA SECONDARIA I GRADO,NORMALE,ANNUALE,TRA 35 E 44,NO,SI,3,6
202425,CUNEO,SCUOLA SECONDARIA II GRADO,SOSTEGNO,ANNUALE,FINO A 34,SI,NO,0,1
202425,LODI,SCUOLA SECONDARIA II GRADO,SOSTEGNO,FINO AL TERMINE,OLTRE 54,NO,NO,0,1
202425,MODENA,SCUOLA PRIMARIA,NORMALE,FINO AL TERMINE,OLTRE 54,NO,NO,0,2
202425,BIELLA,SCUOLA INFANZIA,SOSTEGNO,FINO AL TERMINE,TRA 45 E 54,NO,NO,0,2
202425,PERUGIA,SCUOLA INFANZIA,NORMALE,FINO AL TERMINE,TRA 45 E 54,NO,NO,0,5
202425,ANCONA,SCUOLA PRIMARIA,NORMALE,ANNUALE,FINO A 34,NO,SI,0,1
202425,TERAMO,SCUOLA INFANZIA,SOSTEGNO,FINO AL TERMINE,TRA 45 E 54,NO,SI,0,52
202425,SONDRIO,SCUOLA SECONDARIA I GRADO,SOSTEGNO,FINO AL TERMINE,TRA 45 E 54,NO,SI,0,10
202425,BERGAMO,SCUOLA PRIMARIA,SOSTEGNO,FINO AL TERMINE,TRA 45 E 54,NO,NO,1,13
202425,ROMA,SCUOLA INFANZIA,NORMALE,FINO AL TERMINE,TRA 45 E 54,NO,NO,0,12
202425,PALERMO,SCUOLA SECONDARIA II GRADO,SOSTEGNO,ANNUALE,OLTRE 54,SI,SI,0,1
202425,VITERBO,SCUOLA SECONDARIA II GRADO,SOSTEGNO,FINO AL TERMINE,OLTRE 54,NO,NO,0,1
202425,RIETI,SCUOLA INFANZIA,SOSTEGNO,FINO AL TERMINE,TRA 35 E 44,NO,SI,0,7
202425,VICENZA,SCUOLA PRIMARIA,NORMALE,ANNUALE,TRA 35 E 44,NO,SI,0,2
202425,CHIETI,SCUOLA INFANZIA,NORMALE,ANNUALE,TRA 35 E 44,NO,SI,0,6
202425,BARLETTA-ANDRIA-TRANI,SCUOLA SECONDARIA II GRADO,NORMALE,FINO AL TERMINE,TRA 35 E 44,NO,SI,12,28
202425,BRESCIA,SCUOLA PRIMARIA,NORMALE,ANNUALE,TRA 45 E 54,NO,SI,1,3
202425,VERONA,SCUOLA PRIMARIA,SOSTEGNO,ANNUALE,OLTRE 54,SI,SI,0,3
202425,CAGLIARI,SCUOLA PRIMARIA,NORMALE,ANNUALE,TRA 45 E 54,NO,SI,0,3
202425,REGGIO EMILIA,SCUOLA SECONDARIA I GRADO,NORMALE,FINO AL TERMINE,OLTRE 54,NO,NO,6,4
202425,COSENZA,SCUOLA SECONDARIA II GRADO,NORMALE,FINO AL TERMINE,FINO A 34,NO,NO,4,22
202425,BERGAMO,SCUOLA SECONDARIA II GRADO,NORMALE,FINO AL TERMINE,TRA 45 E 54,NO,SI,15,28
202425,PRATO,SCUOLA SECONDARIA I GRADO,SOSTEGNO,FINO AL TERMINE,OLTRE 54,NO,NO,1,2
202425,PORDENONE,SCUOLA SECONDARIA II GRADO,SOSTEGNO,FINO AL TERMINE,OLTRE 54,NO,SI,2,7
202425,ORISTANO,SCUOLA PRIMARIA,NORMALE,ANNUALE,TRA 45 E 54,NO,SI,1,8
202425,L'AQUILA,SCUOLA INFANZIA,NORMALE,FINO AL TERMINE,FINO A 34,NO,NO,0,1
202425,VERONA,SCUOLA SECONDARIA II GRADO,SOSTEGNO,ANNUALE,TRA 45 E 54,NO,SI,0,2
202425,PORDENONE,SCUOLA PRIMARIA,NORMALE,FINO AL TERMINE,TRA 35 E 44,NO,SI,0,18
202425,RAVENNA,SCUOLA SECONDARIA I GRADO,NORMALE,ANNUALE,TRA 45 E 54,NO,SI,1,3
202425,PISA,SCUOLA PRIMARIA,SOSTEGNO,FINO AL TERMINE,OLTRE 54,NO,SI,5,95
202425,CAMPOBASSO,SCUOLA PRIMARIA,SOSTEGNO,FINO AL TERMINE,OLTRE 54,NO,NO,0,3
202425,CATANZARO,SCUOLA SECONDARIA I GRADO,SOSTEGNO,FINO AL TERMINE,FINO A 34,NO,SI,4,20
202425,L'AQUILA,SCUOLA SECONDARIA I GRADO,NORMALE,FINO AL TERMINE,OLTRE 54,NO,NO,3,2
202425,FERRARA,SCUOLA SECONDARIA I GRADO,SOSTEGNO,ANNUALE,TRA 45 E 54,SI,SI,0,2
202425,PERUGIA,SCUOLA SECONDARIA I GRADO,SOSTEGNO,ANNUALE,TRA 35 E 44,SI,SI,0,2
202425,ROMA,SCUOLA INFANZIA,SOSTEGNO,ANNUALE,TRA 45 E 54,SI,NO,0,1
202425,BRINDISI,SCUOLA INFANZIA,NORMALE,ANNUALE,TRA 45 E 54,NO,SI,0,6
202425,SONDRIO,SCUOLA INFANZIA,NORMALE,ANNUALE,FINO A 34,NO,SI,0,2
202425,SASSARI,SCUOLA PRIMARIA,SOSTEGNO,FINO AL TERMINE,FINO A 34,NO,NO,0,7
202425,CUNEO,SCUOLA SECONDARIA II GRADO,SOSTEGNO,FINO AL TERMINE,TRA 45 E 54,NO,NO,2,8
202425,TERNI,SCUOLA INFANZIA,SOSTEGNO,FINO AL TERMINE,TRA 35 E 44,NO,SI,0,18
202425,BARLETTA-ANDRIA-TRANI,SCUOLA PRIMARIA,SOSTEGNO,ANNUALE,TRA 45 E 54,NO,SI,0,1
202425,PESARO E URBINO,SCUOLA SECONDARIA I GRADO,NORMALE,FINO AL TERMINE,OLTRE 54,NO,SI,0,1
202425,TARANTO,SCUOLA INFANZIA,SOSTEGNO,FINO AL TERMINE,OLTRE 54,NO,NO,0,5
202425,ROVIGO,SCUOLA SECONDARIA II GRADO,NORMALE,FINO AL TERMINE,FINO A 34,NO,SI,2,5
202425,COMO,SCUOLA PRIMARIA,NORMALE,FINO AL TERMINE,TRA 45 E 54,NO,SI,0,34
202425,VICENZA,SCUOLA SECONDARIA I GRADO,SOSTEGNO,ANNUALE,OLTRE 54,NO,SI,0,1
202425,PAVIA,SCUOLA PRIMARIA,SOSTEGNO,FINO AL TERMINE,TRA 45 E 54,NO,NO,0,5
202425,ALESSANDRIA,SCUOLA SECONDARIA I GRADO,NORMALE,ANNUALE,TRA 35 E 44,NO,SI,5,22
202425,VERONA,SCUOLA PRIMARIA,SOSTEGNO,FINO AL TERMINE,TRA 35 E 44,NO,SI,12,98
202425,FIRENZE,SCUOLA PRIMARIA,SOSTEGNO,ANNUALE,TRA 35 E 44,SI,SI,0,9
202425,IMPERIA,SCUOLA SECONDARIA II GRADO,NORMALE,FINO AL TERMINE,TRA 35 E 44,NO,SI,0,4
202425,MASSA-CARRARA,SCUOLA PRIMARIA,NORMALE,FINO AL TERMINE,OLTRE 54,NO,SI,0,7
202425,REGGIO CALABRIA,SCUOLA SECONDARIA I GRADO,SOSTEGNO,ANNUALE,TRA 45 E 54,SI,SI,0,2
202425,TERAMO,SCUOLA SECONDARIA II GRADO,SOSTEGNO,FINO AL TERMINE,TRA 45 E 54,NO,NO,2,3
202425,VITERBO,SCUOLA SECONDARIA II GRADO,NORMALE,ANNUALE,OLTRE 54,NO,NO,1,0
202425,LATINA,SCUOLA PRIMARIA,SOSTEGNO,FINO AL TERMINE,TRA 35 E 44,NO,NO,0,20
202425,PRATO,SCUOLA SECONDARIA II GRADO,NORMALE,FINO AL TERMINE,FINO A 34,NO,SI,8,9
202425,ORISTANO,SCUOLA PRIMARIA,SOSTEGNO,ANNUALE,TRA 35 E 44,SI,SI,0,3
202425,CUNEO,SCUOLA PRIMARIA,NORMALE,ANNUALE,TRA 45 E 54,NO,SI,0,2
202425,LIVORNO,SCUOLA SECONDARIA I GRADO,NORMALE,FINO AL TERMINE,FINO A 34,NO,SI,1,11
202425,ROVIGO,SCUOLA PRIMARIA,SOSTEGNO,FINO AL TERMINE,TRA 45 E 54,NO,NO,0,11
202425,CHIETI,SCUOLA PRIMARIA,NORMALE,ANNUALE,TRA 45 E 54,NO,SI,0,5
202425,ISERNIA,SCUOLA SECONDARIA I GRADO,SOSTEGNO,FINO AL TERMINE,TRA 35 E 44,NO,SI,0,4
202425,GROSSETO,SCUOLA SECONDARIA I GRADO,SOSTEGNO,ANNUALE,TRA 45 E 54,NO,SI,0,1
202425,RIMINI,SCUOLA INFANZIA,SOSTEGNO,FINO AL TERMINE,TRA 35 E 44,NO,SI,0,11
202425,CROTONE,SCUOLA SECONDARIA I GRADO,NORMALE,FINO AL TERMINE,OLTRE 54,NO,NO,2,1
202425,PRATO,SCUOLA SECONDARIA II GRADO,SOSTEGNO,ANNUALE,TRA 45 E 54,SI,SI,1,2
202425,GENOVA,SCUOLA PRIMARIA,NORMALE,ANNUALE,TRA 45 E 54,NO,SI,3,20
202425,LA SPEZIA,SCUOLA PRIMARIA,NORMALE,FINO AL TERMINE,OLTRE 54,NO,NO,0,2
202425,PARMA,SCUOLA SECONDARIA I GRADO,NORMALE,FINO AL TERMINE,TRA 45 E 54,NO,SI,2,15
202425,PIACENZA,SCUOLA INFANZIA,SOSTEGNO,ANNUALE,FINO A 34,SI,SI,0,2
202425,LECCO,SCUOLA SECONDARIA I GRADO,NORMALE,FINO AL TERMINE,TRA 45 E 54,NO,NO,2,9
202425,FERRARA,SCUOLA INFANZIA,SOSTEGNO,FINO AL TERMINE,TRA 45 E 54,NO,NO,1,8
202425,TREVISO,SCUOLA INFANZIA,SOSTEGNO,FINO AL TERMINE,TRA 45 E 54,NO,NO,0,17
202425,MANTOVA,SCUOLA SECONDARIA II GRADO,NORMALE,ANNUALE,FINO A 34,NO,SI,54,60
202425,BRESCIA,SCUOLA SECONDARIA I GRADO,SOSTEGNO,FINO AL TERMINE,TRA 35 E 44,NO,SI,38,53
202425,ASCOLI PICENO,SCUOLA PRIMARIA,NORMALE,ANNUALE,FINO A 34,NO,SI,1,2
202425,CAMPOBASSO,SCUOLA SECONDARIA II GRADO,SOSTEGNO,FINO AL TERMINE,TRA 35 E 44,NO,SI,13,47
202425,TORINO,SCUOLA INFANZIA,SOSTEGNO,ANNUALE,OLTRE 54,NO,SI,0,9
202425,SAVONA,SCUOLA SECONDARIA I GRADO,SOSTEGNO,FINO AL TERMINE,FINO A 34,NO,NO,3,4
202425,VERCELLI,SCUOLA INFANZIA,SOSTEGNO,ANNUALE,TRA 45 E 54,NO,SI,0,15
202425,PERUGIA,SCUOLA SECONDARIA II GRADO,NORMALE,FINO AL TERMINE,OLTRE 54,NO,NO,11,19
202425,ASCOLI PICENO,SCUOLA SECONDARIA I GRADO,SOSTEGNO,FINO AL TERMINE,TRA 45 E 54,NO,SI,2,16
202425,TORINO,SCUOLA SECONDARIA I GRADO,NORMALE,FINO AL TERMINE,TRA 45 E 54,NO,NO,9,41
202425,SALERNO,SCUOLA PRIMARIA,NORMALE,FINO AL TERMINE,OLTRE 54,NO,NO,5,5
202425,ORISTANO,SCUOLA SECONDARIA I GRADO,SOSTEGNO,FINO AL TERMINE,TRA 45 E 54,NO,NO,0,3
202425,MACERATA,SCUOLA SECONDARIA I GRADO,SOSTEGNO,FINO AL TERMINE,OLTRE 54,NO,NO,2,0
202425,BARLETTA-ANDRIA-TRANI,SCUOLA PRIMARIA,SOSTEGNO,FINO AL TERMINE,TRA 35 E 44,NO,SI,4,170
202425,VICENZA,SCUOLA SECONDARIA II GRADO,NORMALE,FINO AL TERMINE,TRA 35 E 44,NO,SI,24,34
202425,VITERBO,SCUOLA SECONDARIA II GRADO,NORMALE,FINO AL TERMINE,TRA 45 E 54,NO,NO,17,32
202425,ANCONA,SCUOLA SECONDARIA I GRADO,NORMALE,FINO AL TERMINE,TRA 35 E 44,NO,NO,9,21
202425,AVELLINO,SCUOLA SECONDARIA I GRADO,SOSTEGNO,FINO AL TERMINE,TRA 45 E 54,NO,NO,0,4
202425,SUD SARDEGNA,SCUOLA PRIMARIA,NORMALE,FINO AL TERMINE,TRA 45 E 54,NO,SI,4,17
202425,CATANZARO,SCUOLA SECONDARIA II GRADO,NORMALE,FINO AL TERMINE,FINO A 34,NO,NO,9,17
202425,MESSINA,SCUOLA INFANZIA,SOSTEGNO,ANNUALE,TRA 45 E 54,NO,SI,0,1
202425,FERMO,SCUOLA INFANZIA,NORMALE,FINO AL TERMINE,FINO A 34,NO,NO,0,1
202425,ROVIGO,SCUOLA SECONDARIA I GRADO,NORMALE,FINO AL TERMINE,TRA 45 E 54,NO,NO,4,4
202425,BERGAMO,SCUOLA SECONDARIA I GRADO,SOSTEGNO,FINO AL TERMINE,TRA 35 E 44,NO,NO,4,11
202425,REGGIO EMILIA,SCUOLA INFANZIA,SOSTEGNO,FINO AL TERMINE,TRA 35 E 44,NO,SI,0,10
202425,PISA,SCUOLA SECONDARIA I GRADO,NORMALE,FINO AL TERMINE,TRA 35 E 44,NO,NO,9,20
202425,FIRENZE,SCUOLA SECONDARIA I GRADO,SOSTEGNO,FINO AL TERMINE,TRA 45 E 54,NO,NO,4,12
202425,BELLUNO,SCUOLA INFANZIA,SOSTEGNO,FINO AL TERMINE,TRA 45 E 54,NO,SI,0,9
202425,LATINA,SCUOLA INFANZIA,SOSTEGNO,FINO AL TERMINE,TRA 35 E 44,NO,NO,0,8
202425,L'AQUILA,SCUOLA SECONDARIA I GRADO,SOSTEGNO,FINO AL TERMINE,TRA 35 E 44,NO,NO,3,11
202425,NOVARA,SCUOLA INFANZIA,SOSTEGNO,FINO AL TERMINE,OLTRE 54,NO,SI,0,31
202425,BARI,SCUOLA PRIMARIA,SOSTEGNO,FINO AL TERMINE,OLTRE 54,NO,SI,8,154
202425,TREVISO,SCUOLA SECONDARIA II GRADO,SOSTEGNO,ANNUALE,OLTRE 54,NO,SI,2,2
202425,PRATO,SCUOLA INFANZIA,SOSTEGNO,FINO AL TERMINE,FINO A 34,NO,NO,0,7
202425,FERMO,SCUOLA INFANZIA,SOSTEGNO,FINO AL TERMINE,TRA 35 E 44,NO,SI,0,6
202425,PESARO E URBINO,SCUOLA PRIMARIA,SOSTEGNO,FINO AL TERMINE,TRA 35 E 44,NO,SI,2,76
202425,MONZA E DELLA BRIANZA,SCUOLA SECONDARIA I GRADO,SOSTEGNO,ANNUALE,TRA 35 E 44,SI,SI,18,67
202425,SASSARI,SCUOLA SECONDARIA II GRADO,NORMALE,FINO AL TERMINE,TRA 45 E 54,NO,SI,7,13
202425,REGGIO CALABRIA,SCUOLA SECONDARIA I GRADO,NORMALE,ANNUALE,TRA 35 E 44,NO,NO,0,1
202425,BRINDISI,SCUOLA INFANZIA,SOSTEGNO,ANNUALE,FINO A 34,SI,SI,0,2
202425,ASTI,SCUOLA INFANZIA,SOSTEGNO,FINO AL TERMINE,FINO A 34,NO,NO,0,4
202425,SASSARI,SCUOLA SECONDARIA II GRADO,SOSTEGNO,FINO AL TERMINE,TRA 35 E 44,NO,NO,5,8
202425,MILANO,SCUOLA SECONDARIA I GRADO,SOSTEGNO,ANNUALE,TRA 45 E 54,SI,NO,1,0
202425,BELLUNO,SCUOLA PRIMARIA,NORMALE,FINO AL TERMINE,FINO A 34,NO,NO,9,23
202425,AVELLINO,SCUOLA SECONDARIA II GRADO,NORMALE,ANNUALE,TRA 45 E 54,NO,NO,1,1
202425,FERMO,SCUOLA SECONDARIA II GRADO,SOSTEGNO,FINO AL TERMINE,OLTRE 54,NO,SI,0,4
202425,AVELLINO,SCUOLA SECONDARIA I GRADO,NORMALE,FINO AL TERMINE,TRA 35 E 44,NO,NO,7,16
202425,TREVISO,SCUOLA PRIMARIA,NORMALE,FINO AL TERMINE,TRA 45 E 54,NO,NO,2,31
202425,GROSSETO,SCUOLA PRIMARIA,SOSTEGNO,FINO AL TERMINE,OLTRE 54,NO,SI,1,25
202425,VENEZIA,SCUOLA SECONDARIA I GRADO,SOSTEGNO,ANNUALE,TRA 35 E 44,SI,SI,4,29
202425,CHIETI,SCUOLA SECONDARIA I GRADO,SOSTEGNO,FINO AL TERMINE,TRA 45 E 54,NO,SI,14,49
202425,ASCOLI PICENO,SCUOLA SECONDARIA II GRADO,NORMALE,FINO AL TERMINE,OLTRE 54,NO,NO,3,8
202425,COMO,SCUOLA INFANZIA,NORMALE,FINO AL TERMINE,TRA 45 E 54,NO,SI,0,11
202425,PISTOIA,SCUOLA PRIMARIA,SOSTEGNO,ANNUALE,OLTRE 54,NO,SI,0,10
202425,SONDRIO,SCUOLA INFANZIA,SOSTEGNO,ANNUALE,OLTRE 54,NO,SI,0,1
202425,VIBO VALENTIA,SCUOLA SECONDARIA I GRADO,NORMALE,FINO AL TERMINE,TRA 35 E 44,NO,NO,3,2
202425,CATANZARO,SCUOLA INFANZIA,NORMALE,FINO AL TERMINE,TRA 45 E 54,NO,SI,0,12
202425,MODENA,SCUOLA SECONDARIA I GRADO,NORMALE,ANNUALE,TRA 45 E 54,NO,SI,5,7
202425,BOLOGNA,SCUOLA SECONDARIA I GRADO,SOSTEGNO,ANNUALE,TRA 45 E 54,SI,NO,0,1
202425,SAVONA,SCUOLA PRIMARIA,SOSTEGNO,FINO AL TERMINE,TRA 45 E 54,NO,NO,0,9
202425,BARLETTA-ANDRIA-TRANI,SCUOLA PRIMARIA,NORMALE,FINO AL TERMINE,TRA 35 E 44,NO,NO,2,9
202425,ALESSANDRIA,SCUOLA INFANZIA,NORMALE,ANNUALE,OLTRE 54,NO,SI,0,3
202425,PADOVA,SCUOLA PRIMARIA,NORMALE,FINO AL TERMINE,TRA 35 E 44,NO,SI,5,29
202425,RIETI,SCUOLA SECONDARIA I GRADO,NORMALE,FINO AL TERMINE,TRA 35 E 44,NO,SI,4,4
202425,RAVENNA,SCUOLA SECONDARIA II GRADO,NORMALE,FINO AL TERMINE,TRA 45 E 54,NO,NO,15,28
202425,MILANO,SCUOLA PRIMARIA,NORMALE,FINO AL TERMINE,TRA 35 E 44,NO,NO,25,71
202425,PERUGIA,SCUOLA SECONDARIA II GRADO,SOSTEGNO,FINO AL TERMINE,TRA 45 E 54,NO,SI,38,110
202425,CHIETI,SCUOLA PRIMARIA,SOSTEGNO,ANNUALE,FINO A 34,SI,SI,0,2
202425,BERGAMO,SCUOLA SECONDARIA I GRADO,NORMALE,ANNUALE,TRA 45 E 54,SI,SI,1,0
202425,ISERNIA,SCUOLA SECONDARIA II GRADO,NORMALE,FINO AL TERMINE,OLTRE 54,NO,SI,0,1
202425,VERBANO-CUSIO-OSSOLA,SCUOLA INFANZIA,SOSTEGNO,FINO AL TERMINE,FINO A 34,NO,SI,0,3
202425,PADOVA,SCUOLA SECONDARIA I GRADO,NORMALE,ANNUALE,TRA 45 E 54,NO,SI,5,23
202425,BELLUNO,SCUOLA SECONDARIA II GRADO,NORMALE,ANNUALE,TRA 35 E 44,SI,SI,0,1
202425,BOLOGNA,SCUOLA SECONDARIA II GRADO,SOSTEGNO,FINO AL TERMINE,TRA 35 E 44,NO,SI,31,103
202425,BARI,SCUOLA SECONDARIA I GRADO,NORMALE,FINO AL TERMINE,FINO A 34,NO,SI,4,15
202425,BARI,SCUOLA SECONDARIA II GRADO,SOSTEGNO,ANNUALE,TRA 45 E 54,NO,SI,1,1
202425,SONDRIO,SCUOLA SECONDARIA II GRADO,NORMALE,FINO AL TERMINE,TRA 45 E 54,NO,NO,6,16
202425,MESSINA,SCUOLA PRIMARIA,SOSTEGNO,FINO AL TERMINE,OLTRE 54,NO,SI,1,72
202425,COSENZA,SCUOLA SECONDARIA I GRADO,NORMALE,ANNUALE,TRA 35 E 44,NO,SI,4,14
202425,BERGAMO,SCUOLA SECONDARIA I GRADO,SOSTEGNO,ANNUALE,OLTRE 54,NO,SI,1,0
202425,RIMINI,SCUOLA SECONDARIA I GRADO,NORMALE,ANNUALE,FINO A 34,NO,SI,1,7
202425,LIVORNO,SCUOLA INFANZIA,NORMALE,FINO AL TERMINE,OLTRE 54,NO,NO,0,3
202425,BELLUNO,SCUOLA INFANZIA,NORMALE,FINO AL TERMINE,FINO A 34,NO,SI,1,5
202425,TERNI,SCUOLA SECONDARIA II GRADO,SOSTEGNO,FINO AL TERMINE,FINO A 34,NO,SI,11,22
202425,L'AQUILA,SCUOLA SECONDARIA II GRADO,NORMALE,FINO AL TERMINE,TRA 35 E 44,NO,NO,14,25
202425,POTENZA,SCUOLA PRIMARIA,NORMALE,FINO AL TERMINE,TRA 45 E 54,NO,NO,3,20
202425,PERUGIA,SCUOLA INFANZIA,NORMALE,FINO AL TERMINE,OLTRE 54,NO,SI,0,5
202425,BRESCIA,SCUOLA PRIMARIA,NORMALE,FINO AL TERMINE,TRA 45 E 54,NO,SI,9,47
202425,VERCELLI,SCUOLA SECONDARIA II GRADO,NORMALE,ANNUALE,TRA 35 E 44,NO,SI,8,9
202425,CREMONA,SCUOLA INFANZIA,SOSTEGNO,FINO AL TERMINE,TRA 45 E 54,NO,SI,0,15
202425,BARI,SCUOLA PRIMARIA,NORMALE,FINO AL TERMINE,TRA 35 E 44,NO,NO,12,18
202425,BARI,SCUOLA SECONDARIA I GRADO,SOSTEGNO,FINO AL TERMINE,FINO A 34,NO,NO,5,16
202425,MANTOVA,SCUOLA SECONDARIA I GRADO,NORMALE,FINO AL TERMINE,FINO A 34,NO,NO,7,17
202425,ASCOLI PICENO,SCUOLA SECONDARIA II GRADO,SOSTEGNO,FINO AL TERMINE,TRA 35 E 44,NO,SI,4,31
202425,SALERNO,SCUOLA PRIMARIA,SOSTEGNO,FINO AL TERMINE,FINO A 34,NO,NO,1,6
202425,TORINO,SCUOLA SECONDARIA II GRADO,NORMALE,FINO AL TERMINE,TRA 45 E 54,NO,NO,55,100
202425,LUCCA,SCUOLA INFANZIA,NORMALE,FINO AL TERMINE,OLTRE 54,NO,NO,0,4
202425,PAVIA,SCUOLA SECONDARIA II GRADO,SOSTEGNO,FINO AL TERMINE,TRA 45 E 54,NO,NO,1,4
202425,L'AQUILA,SCUOLA INFANZIA,SOSTEGNO,FINO AL TERMINE,TRA 45 E 54,NO,SI,0,52
202425,LIVORNO,SCUOLA SECONDARIA I GRADO,NORMALE,ANNUALE,TRA 35 E 44,NO,SI,10,10
202425,LECCE,SCUOLA PRIMARIA,SOSTEGNO,FINO AL TERMINE,FINO A 34,NO,NO,0,10
202425,CHIETI,SCUOLA SECONDARIA II GRADO,SOSTEGNO,FINO AL TERMINE,TRA 35 E 44,NO,SI,23,93
202425,RIETI,SCUOLA PRIMARIA,NORMALE,FINO AL TERMINE,TRA 45 E 54,NO,NO,0,4
202425,LA SPEZIA,SCUOLA SECONDARIA I GRADO,SOSTEGNO,FINO AL TERMINE,FINO A 34,NO,SI,2,9
202425,MODENA,SCUOLA PRIMARIA,SOSTEGNO,ANNUALE,TRA 45 E 54,SI,SI,3,19
202425,LATINA,SCUOLA PRIMARIA,SOSTEGNO,ANNUALE,OLTRE 54,SI,SI,0,1
202425,NUORO,SCUOLA SECONDARIA II GRADO,NORMALE,ANNUALE,FINO A 34,NO,SI,22,17
202425,BRESCIA,SCUOLA PRIMARIA,SOSTEGNO,ANNUALE,FINO A 34,NO,SI,4,78
202425,VERONA,SCUOLA SECONDARIA I GRADO,SOSTEGNO,FINO AL TERMINE,TRA 45 E 54,NO,NO,2,10
202425,GROSSETO,SCUOLA INFANZIA,NORMALE,FINO AL TERMINE,TRA 35 E 44,NO,SI,0,2
202425,BRESCIA,SCUOLA SECONDARIA I GRADO,NORMALE,ANNUALE,TRA 45 E 54,NO,SI,6,14
202425,SASSARI,SCUOLA SECONDARIA I GRADO,NORMALE,FINO AL TERMINE,TRA 35 E 44,NO,NO,8,14
202425,PADOVA,SCUOLA PRIMARIA,SOSTEGNO,ANNUALE,TRA 35 E 44,NO,SI,1,20
202425,CREMONA,SCUOLA SECONDARIA II GRADO,SOSTEGNO,ANNUALE,TRA 35 E 44,SI,SI,0,5
202425,BENEVENTO,SCUOLA SECONDARIA II GRADO,NORMALE,FINO AL TERMINE,FINO A 34,NO,NO,9,17
202425,BOLOGNA,SCUOLA SECONDARIA II GRADO,NORMALE,ANNUALE,FINO A 34,SI,SI,0,1
202425,NUORO,SCUOLA SECONDARIA I GRADO,NORMALE,ANNUALE,TRA 35 E 44,NO,NO,1,2
202425,NAPOLI,SCUOLA PRIMARIA,SOSTEGNO,FINO AL TERMINE,OLTRE 54,NO,NO,2,57
202425,ROMA,SCUOLA INFANZIA,SOSTEGNO,ANNUALE,TRA 45 E 54,NO,SI,1,15
202425,CAGLIARI,SCUOLA SECONDARIA I GRADO,SOSTEGNO,FINO AL TERMINE,TRA 45 E 54,NO,NO,1,10
202425,BELLUNO,SCUOLA SECONDARIA II GRADO,SOSTEGNO,FINO AL TERMINE,TRA 35 E 44,NO,SI,8,11
202425,TERAMO,SCUOLA PRIMARIA,SOSTEGNO,FINO AL TERMINE,OLTRE 54,NO,SI,1,85
202425,SIENA,SCUOLA SECONDARIA I GRADO,SOSTEGNO,FINO AL TERMINE,FINO A 34,NO,NO,3,5
202425,AREZZO,SCUOLA PRIMARIA,SOSTEGNO,FINO AL TERMINE,TRA 45 E 54,NO,SI,7,86
202425,MANTOVA,SCUOLA PRIMARIA,SOSTEGNO,ANNUALE,TRA 35 E 44,NO,NO,0,1
202425,VICENZA,SCUOLA SECONDARIA I GRADO,NORMALE,FINO AL TERMINE,TRA 45 E 54,NO,NO,11,33
202425,FROSINONE,SCUOLA PRIMARIA,SOSTEGNO,FINO AL TERMINE,TRA 45 E 54,NO,SI,2,137
202425,CUNEO,SCUOLA PRIMARIA,SOSTEGNO,ANNUALE,FINO A 34,SI,SI,0,8
202425,ORISTANO,SCUOLA SECONDARIA I GRADO,NORMALE,ANNUALE,TRA 35 E 44,NO,NO,1,0
202425,ROMA,SCUOLA SECONDARIA II GRADO,NORMALE,FINO AL TERMINE,TRA 45 E 54,NO,NO,96,165
202425,BRESCIA,SCUOLA PRIMARIA,SOSTEGNO,ANNUALE,TRA 45 E 54,NO,NO,0,1
202425,CAGLIARI,SCUOLA SECONDARIA II GRADO,NORMALE,ANNUALE,TRA 35 E 44,NO,SI,17,19
202425,MACERATA,SCUOLA INFANZIA,NORMALE,FINO AL TERMINE,TRA 35 E 44,NO,SI,0,6
202425,RIETI,SCUOLA SECONDARIA II GRADO,NORMALE,FINO AL TERMINE,TRA 35 E 44,NO,SI,0,10
202425,CROTONE,SCUOLA SECONDARIA II GRADO,SOSTEGNO,FINO AL TERMINE,FINO A 34,NO,SI,5,11
202425,LUCCA,SCUOLA PRIMARIA,SOSTEGNO,FINO AL TERMINE,FINO A 34,NO,SI,0,32
202425,RAGUSA,SCUOLA INFANZIA,NORMALE,FINO AL TERMINE,TRA 35 E 44,NO,SI,0,6
202425,VITERBO,SCUOLA PRIMARIA,NORMALE,FINO AL TERMINE,OLTRE 54,NO,NO,1,5
202425,ORISTANO,SCUOLA SECONDARIA I GRADO,SOSTEGNO,ANNUALE,OLTRE 54,SI,SI,0,1
202425,MESSINA,SCUOLA SECONDARIA I GRADO,SOSTEGNO,FINO AL TERMINE,OLTRE 54,NO,SI,4,8
202425,SAVONA,SCUOLA PRIMARIA,NORMALE,FINO AL TERMINE,OLTRE 54,NO,SI,0,4
202425,LIVORNO,SCUOLA SECONDARIA I GRADO,SOSTEGNO,ANNUALE,OLTRE 54,SI,SI,0,1
202425,PERUGIA,SCUOLA SECONDARIA II GRADO,NORMALE,ANNUALE,TRA 35 E 44,NO,SI,32,34
202425,PESARO E URBINO,SCUOLA INFANZIA,SOSTEGNO,FINO AL TERMINE,FINO A 34,NO,NO,0,7
202425,VENEZIA,SCUOLA INFANZIA,SOSTEGNO,FINO AL TERMINE,OLTRE 54,NO,SI,0,26
202425,IMPERIA,SCUOLA PRIMARIA,SOSTEGNO,ANNUALE,TRA 35 E 44,SI,SI,0,3
202425,AREZZO,SCUOLA SECONDARIA I GRADO,NORMALE,FINO AL TERMINE,OLTRE 54,NO,SI,0,1
202425,VICENZA,SCUOLA PRIMARIA,SOSTEGNO,FINO AL TERMINE,FINO A 34,NO,SI,34,209
202425,LIVORNO,SCUOLA SECONDARIA I GRADO,SOSTEGNO,FINO AL TERMINE,TRA 45 E 54,NO,SI,13,45
202425,ALESSANDRIA,SCUOLA INFANZIA,NORMALE,FINO AL TERMINE,TRA 35 E 44,NO,SI,0,6
202425,RIMINI,SCUOLA SECONDARIA I GRADO,SOSTEGNO,ANNUALE,FINO A 34,SI,SI,0,1
202425,ROVIGO,SCUOLA SECONDARIA II GRADO,SOSTEGNO,FINO AL TERMINE,TRA 35 E 44,NO,NO,1,0
202425,BRINDISI,SCUOLA INFANZIA,SOSTEGNO,FINO AL TERMINE,FINO A 34,NO,SI,0,1
202425,NOVARA,SCUOLA SECONDARIA II GRADO,NORMALE,FINO AL TERMINE,TRA 45 E 54,NO,NO,9,13
202425,BARLETTA-ANDRIA-TRANI,SCUOLA SECONDARIA II GRADO,NORMALE,ANNUALE,OLTRE 54,NO,NO,0,1
202425,SAVONA,SCUOLA SECONDARIA II GRADO,NORMALE,ANNUALE,TRA 45 E 54,NO,SI,11,19
202425,ENNA,SCUOLA SECONDARIA I GRADO,SOSTEGNO,ANNUALE,TRA 35 E 44,SI,SI,0,1
202425,BOLOGNA,SCUOLA INFANZIA,NORMALE,FINO AL TERMINE,TRA 35 E 44,NO,SI,0,3
202425,ASTI,SCUOLA SECONDARIA II GRADO,SOSTEGNO,FINO AL TERMINE,OLTRE 54,NO,NO,1,1
202425,REGGIO CALABRIA,SCUOLA SECONDARIA II GRADO,NORMALE,ANNUALE,TRA 45 E 54,SI,SI,0,1
202425,BRESCIA,SCUOLA PRIMARIA,SOSTEGNO,FINO AL TERMINE,TRA 45 E 54,NO,SI,6,108
202425,CREMONA,SCUOLA SECONDARIA II GRADO,NORMALE,ANNUALE,TRA 35 E 44,NO,SI,30,32
202425,CREMONA,SCUOLA SECONDARIA II GRADO,NORMALE,FINO AL TERMINE,FINO A 34,NO,SI,14,23
202425,CAMPOBASSO,SCUOLA SECONDARIA II GRADO,NORMALE,FINO AL TERMINE,FINO A 34,NO,SI,3,6
202425,BENEVENTO,SCUOLA SECONDARIA II GRADO,NORMALE,FINO AL TERMINE,TRA 45 E 54,NO,NO,12,13
202425,GORIZIA,SCUOLA SECONDARIA I GRADO,SOSTEGNO,FINO AL TERMINE,TRA 35 E 44,NO,SI,0,11
202425,UDINE,SCUOLA SECONDARIA I GRADO,SOSTEGNO,FINO AL TERMINE,OLTRE 54,NO,NO,2,2
202425,ROMA,SCUOLA PRIMARIA,SOSTEGNO,FINO AL TERMINE,TRA 35 E 44,NO,NO,3,50
202425,POTENZA,SCUOLA PRIMARIA,NORMALE,FINO AL TERMINE,FINO A 34,NO,NO,1,6
202425,FERRARA,SCUOLA SECONDARIA II GRADO,SOSTEGNO,FINO AL TERMINE,TRA 45 E 54,NO,NO,1,6
202425,FERMO,SCUOLA PRIMARIA,NORMALE,FINO AL TERMINE,FINO A 34,NO,NO,2,6
202425,CATANIA,SCUOLA INFANZIA,SOSTEGNO,FINO AL TERMINE,FINO A 34,NO,NO,0,4
202425,MANTOVA,SCUOLA INFANZIA,SOSTEGNO,FINO AL TERMINE,TRA 35 E 44,NO,NO,0,9
202425,MANTOVA,SCUOLA SECONDARIA I GRADO,NORMALE,ANNUALE,OLTRE 54,NO,SI,3,4
202425,CROTONE,SCUOLA SECONDARIA I GRADO,SOSTEGNO,FINO AL TERMINE,FINO A 34,NO,SI,9,29
202425,PIACENZA,SCUOLA SECONDARIA I GRADO,NORMALE,ANNUALE,FINO A 34,NO,SI,1,3
202425,FROSINONE,SCUOLA INFANZIA,SOSTEGNO,FINO AL TERMINE,TRA 45 E 54,NO,NO,0,11
202425,LATINA,SCUOLA INFANZIA,SOSTEGNO,ANNUALE,TRA 45 E 54,NO,SI,0,1
202425,VITERBO,SCUOLA SECONDARIA II GRADO,NORMALE,FINO AL TERMINE,TRA 35 E 44,NO,SI,8,14
202425,PESARO E URBINO,SCUOLA SECONDARIA II GRADO,NORMALE,ANNUALE,TRA 45 E 54,NO,SI,9,23
202425,MASSA-CARRARA,SCUOLA SECONDARIA I GRADO,NORMALE,FINO AL TERMINE,OLTRE 54,NO,NO,5,4
202425,SUD SARDEGNA,SCUOLA SECONDARIA I GRADO,SOSTEGNO,FINO AL TERMINE,TRA 35 E 44,NO,SI,12,52
202425,CAGLIARI,SCUOLA INFANZIA,NORMALE,FINO AL TERMINE,TRA 35 E 44,NO,SI,0,2
202425,VENEZIA,SCUOLA INFANZIA,SOSTEGNO,ANNUALE,TRA 45 E 54,NO,SI,0,2
202425,IMPERIA,SCUOLA INFANZIA,NORMALE,FINO AL TERMINE,FINO A 34,NO,NO,0,4
202425,SIRACUSA,SCUOLA SECONDARIA II GRADO,NORMALE,FINO AL TERMINE,FINO A 34,NO,NO,8,8
202425,LUCCA,SCUOLA SECONDARIA II GRADO,SOSTEGNO,FINO AL TERMINE,OLTRE 54,NO,SI,6,32
202425,TERNI,SCUOLA SECONDARIA I GRADO,SOSTEGNO,FINO AL TERMINE,TRA 35 E 44,NO,NO,2,3
202425,GORIZIA,SCUOLA SECONDARIA I GRADO,NORMALE,FINO AL TERMINE,FINO A 34,NO,SI,1,3
202425,ALESSANDRIA,SCUOLA SECONDARIA II GRADO,SOSTEGNO,ANNUALE,TRA 45 E 54,NO,SI,1,0
202425,SAVONA,SCUOLA INFANZIA,SOSTEGNO,FINO AL TERMINE,TRA 35 E 44,NO,SI,0,11
202425,NOVARA,SCUOLA INFANZIA,SOSTEGNO,FINO AL TERMINE,OLTRE 54,NO,NO,0,2
202425,BARI,SCUOLA INFANZIA,NORMALE,ANNUALE,TRA 45 E 54,NO,SI,1,12
202425,TARANTO,SCUOLA SECONDARIA II GRADO,NORMALE,FINO AL TERMINE,FINO A 34,NO,SI,6,6
202425,MATERA,SCUOLA INFANZIA,NORMALE,FINO AL TERMINE,TRA 45 E 54,NO,NO,0,2
202425,VERBANO-CUSIO-OSSOLA,SCUOLA SECONDARIA I GRADO,NORMALE,FINO AL TERMINE,TRA 35 E 44,NO,NO,5,8
202425,PALERMO,SCUOLA SECONDARIA I GRADO,NORMALE,FINO AL TERMINE,TRA 35 E 44,NO,SI,23,42
202425,TREVISO,SCUOLA SECONDARIA I GRADO,NORMALE,FINO AL TERMINE,TRA 35 E 44,NO,SI,6,14
202425,BRINDISI,SCUOLA INFANZIA,NORMALE,FINO AL TERMINE,TRA 35 E 44,NO,NO,0,1
202425,SONDRIO,SCUOLA PRIMARIA,NORMALE,FINO AL TERMINE,TRA 45 E 54,NO,NO,1,11
202425,BARLETTA-ANDRIA-TRANI,SCUOLA SECONDARIA I GRADO,NORMALE,FINO AL TERMINE,FINO A 34,NO,NO,3,15
202425,VIBO VALENTIA,SCUOLA SECONDARIA II GRADO,SOSTEGNO,FINO AL TERMINE,TRA 35 E 44,NO,SI,0,7
202425,VERONA,SCUOLA INFANZIA,NORMALE,FINO AL TERMINE,FINO A 34,NO,SI,0,1
202425,AVELLINO,SCUOLA SECONDARIA II GRADO,NORMALE,ANNUALE,TRA 35 E 44,NO,SI,6,17
202425,MATERA,SCUOLA PRIMARIA,NORMALE,ANNUALE,TRA 35 E 44,NO,SI,1,0
202425,FERRARA,SCUOLA SECONDARIA I GRADO,NORMALE,FINO AL TERMINE,FINO A 34,NO,NO,6,14
202425,VERCELLI,SCUOLA PRIMARIA,NORMALE,ANNUALE,OLTRE 54,NO,SI,0,1
202425,RIMINI,SCUOLA SECONDARIA II GRADO,NORMALE,FINO AL TERMINE,FINO A 34,NO,NO,21,19
202425,MASSA-CARRARA,SCUOLA PRIMARIA,SOSTEGNO,ANNUALE,TRA 45 E 54,SI,SI,0,3
202425,VENEZIA,SCUOLA SECONDARIA II GRADO,SOSTEGNO,ANNUALE,TRA 45 E 54,NO,SI,0,2
202425,ASCOLI PICENO,SCUOLA PRIMARIA,SOSTEGNO,FINO AL TERMINE,OLTRE 54,NO,NO,0,3
202425,TORINO,SCUOLA PRIMARIA,NORMALE,ANNUALE,OLTRE 54,NO,SI,0,14
202425,BRINDISI,SCUOLA PRIMARIA,SOSTEGNO,FINO AL TERMINE,OLTRE 54,NO,NO,0,9
202425,TERNI,SCUOLA PRIMARIA,SOSTEGNO,FINO AL TERMINE,OLTRE 54,NO,SI,1,35
202425,NUORO,SCUOLA SECONDARIA II GRADO,NORMALE,ANNUALE,TRA 45 E 54,NO,NO,3,2
202425,VITERBO,SCUOLA PRIMARIA,SOSTEGNO,FINO AL TERMINE,OLTRE 54,NO,SI,2,64
202425,SAVONA,SCUOLA INFANZIA,NORMALE,FINO AL TERMINE,OLTRE 54,NO,NO,0,2
202425,BARI,SCUOLA SECONDARIA I GRADO,NORMALE,FINO AL TERMINE,TRA 35 E 44,NO,SI,10,21
202425,VERBANO-CUSIO-OSSOLA,SCUOLA SECONDARIA I GRADO,NORMALE,ANNUALE,TRA 45 E 54,NO,SI,3,3
202425,TRIESTE,SCUOLA PRIMARIA,NORMALE,FINO AL TERMINE,TRA 35 E 44,NO,SI,0,6
202425,ROVIGO,SCUOLA SECONDARIA I GRADO,NORMALE,FINO AL TERMINE,OLTRE 54,NO,NO,2,1
202425,NAPOLI,SCUOLA SECONDARIA I GRADO,SOSTEGNO,FINO AL TERMINE,TRA 35 E 44,NO,SI,127,665
202425,PALERMO,SCUOLA PRIMARIA,SOSTEGNO,FINO AL TERMINE,TRA 45 E 54,NO,NO,2,39
202425,ROVIGO,SCUOLA SECONDARIA I GRADO,SOSTEGNO,FINO AL TERMINE,OLTRE 54,NO,NO,0,1
202425,LIVORNO,SCUOLA INFANZIA,SOSTEGNO,FINO AL TERMINE,TRA 45 E 54,NO,SI,0,18
202425,CHIETI,SCUOLA PRIMARIA,SOSTEGNO,FINO AL TERMINE,TRA 45 E 54,NO,NO,0,11
202425,ASTI,SCUOLA PRIMARIA,NORMALE,FINO AL TERMINE,TRA 45 E 54,NO,NO,0,8
202425,BERGAMO,SCUOLA INFANZIA,NORMALE,FINO AL TERMINE,TRA 45 E 54,NO,NO,0,9
202425,MILANO,SCUOLA SECONDARIA II GRADO,NORMALE,FINO AL TERMINE,OLTRE 54,NO,NO,41,56
202425,FROSINONE,SCUOLA SECONDARIA II GRADO,NORMALE,ANNUALE,TRA 45 E 54,NO,NO,1,1
202425,LATINA,SCUOLA SECONDARIA I GRADO,SOSTEGNO,FINO AL TERMINE,FINO A 34,NO,NO,3,12
202425,LATINA,SCUOLA SECONDARIA I GRADO,SOSTEGNO,FINO AL TERMINE,TRA 35 E 44,NO,SI,36,114
202425,FORLI'-CESENA,SCUOLA INFANZIA,SOSTEGNO,FINO AL TERMINE,OLTRE 54,NO,NO,0,10
202425,FERMO,SCUOLA SECONDARIA I GRADO,SOSTEGNO,FINO AL TERMINE,OLTRE 54,NO,SI,1,7
202425,RIMINI,SCUOLA SECONDARIA II GRADO,SOSTEGNO,ANNUALE,FINO A 34,SI,SI,0,1
202425,MASSA-CARRARA,SCUOLA PRIMARIA,NORMALE,FINO AL TERMINE,TRA 45 E 54,NO,SI,0,8
202425,SASSARI,SCUOLA INFANZIA,NORMALE,FINO AL TERMINE,TRA 35 E 44,NO,SI,0,2
202425,COMO,SCUOLA INFANZIA,SOSTEGNO,FINO AL TERMINE,TRA 45 E 54,NO,SI,0,34
202425,REGGIO EMILIA,SCUOLA SECONDARIA II GRADO,SOSTEGNO,FINO AL TERMINE,OLTRE 54,NO,NO,1,2
202425,MACERATA,SCUOLA SECONDARIA II GRADO,NORMALE,ANNUALE,FINO A 34,NO,NO,1,0
202425,CATANIA,SCUOLA SECONDARIA I GRADO,SOSTEGNO,ANNUALE,TRA 35 E 44,SI,SI,1,2
202425,CATANZARO,SCUOLA SECONDARIA I GRADO,NORMALE,ANNUALE,TRA 35 E 44,NO,NO,0,1
202425,FOGGIA,SCUOLA SECONDARIA II GRADO,NORMALE,FINO AL TERMINE,TRA 45 E 54,NO,NO,29,32
202425,CUNEO,SCUOLA INFANZIA,NORMALE,ANNUALE,OLTRE 54,NO,SI,0,1
202425,AVELLINO,SCUOLA INFANZIA,SOSTEGNO,FINO AL TERMINE,OLTRE 54,NO,SI,1,13
202425,CAGLIARI,SCUOLA PRIMARIA,SOSTEGNO,FINO AL TERMINE,FINO A 34,NO,SI,1,27
202425,COMO,SCUOLA SECONDARIA I GRADO,NORMALE,ANNUALE,TRA 35 E 44,NO,NO,0,1
202425,COMO,SCUOLA INFANZIA,NORMALE,FINO AL TERMINE,TRA 35 E 44,NO,NO,0,5
202425,CUNEO,SCUOLA SECONDARIA I GRADO,SOSTEGNO,ANNUALE,FINO A 34,NO,SI,1,6
202425,SIRACUSA,SCUOLA SECONDARIA I GRADO,SOSTEGNO,ANNUALE,TRA 35 E 44,SI,NO,0,1
202425,VIBO VALENTIA,SCUOLA SECONDARIA I GRADO,SOSTEGNO,FINO AL TERMINE,TRA 35 E 44,NO,NO,0,2
202425,VICENZA,SCUOLA SECONDARIA I GRADO,NORMALE,ANNUALE,FINO A 34,NO,SI,16,44
202425,VERONA,SCUOLA INFANZIA,SOSTEGNO,FINO AL TERMINE,OLTRE 54,NO,SI,0,24
202425,ROMA,SCUOLA SECONDARIA II GRADO,NORMALE,ANNUALE,OLTRE 54,SI,SI,1,1
202425,VERONA,SCUOLA SECONDARIA I GRADO,NORMALE,ANNUALE,OLTRE 54,NO,SI,7,2
202425,FERMO,SCUOLA SECONDARIA I GRADO,SOSTEGNO,ANNUALE,TRA 45 E 54,SI,SI,0,1
202425,FERMO,SCUOLA SECONDARIA II GRADO,NORMALE,ANNUALE,TRA 45 E 54,NO,NO,0,1
202425,MONZA E DELLA BRIANZA,SCUOLA PRIMARIA,NORMALE,FINO AL TERMINE,TRA 35 E 44,NO,SI,4,32
202425,BENEVENTO,SCUOLA PRIMARIA,SOSTEGNO,FINO AL TERMINE,OLTRE 54,NO,SI,0,6
202425,VIBO VALENTIA,SCUOLA SECONDARIA II GRADO,NORMALE,FINO AL TERMINE,OLTRE 54,NO,NO,5,8
202425,MILANO,SCUOLA SECONDARIA II GRADO,SOSTEGNO,ANNUALE,TRA 35 E 44,NO,SI,3,7
202425,NUORO,SCUOLA SECONDARIA II GRADO,SOSTEGNO,ANNUALE,OLTRE 54,NO,NO,0,1
202425,GENOVA,SCUOLA SECONDARIA I GRADO,NORMALE,FINO AL TERMINE,TRA 35 E 44,NO,SI,5,6
202425,PERUGIA,SCUOLA SECONDARIA II GRADO,NORMALE,ANNUALE,OLTRE 54,NO,NO,1,0
202425,GROSSETO,SCUOLA PRIMARIA,NORMALE,FINO AL TERMINE,FINO A 34,NO,SI,0,8
202425,COMO,SCUOLA SECONDARIA I GRADO,NORMALE,FINO AL TERMINE,OLTRE 54,NO,SI,1,6
202425,LECCO,SCUOLA SECONDARIA II GRADO,SOSTEGNO,FINO AL TERMINE,FINO A 34,NO,SI,4,24
202425,PADOVA,SCUOLA INFANZIA,SOSTEGNO,FINO AL TERMINE,FINO A 34,NO,SI,0,4
202425,PRATO,SCUOLA SECONDARIA I GRADO,NORMALE,FINO AL TERMINE,OLTRE 54,NO,SI,1,2
202425,FROSINONE,SCUOLA SECONDARIA II GRADO,SOSTEGNO,FINO AL TERMINE,OLTRE 54,NO,SI,3,7
202425,ORISTANO,SCUOLA INFANZIA,NORMALE,ANNUALE,TRA 45 E 54,NO,SI,0,1
202425,SONDRIO,SCUOLA SECONDARIA II GRADO,SOSTEGNO,FINO AL TERMINE,TRA 35 E 44,NO,SI,4,14
202425,BELLUNO,SCUOLA SECONDARIA I GRADO,SOSTEGNO,FINO AL TERMINE,FINO A 34,NO,NO,1,3
202425,CAGLIARI,SCUOLA SECONDARIA II GRADO,NORMALE,FINO AL TERMINE,TRA 45 E 54,NO,SI,4,9
202425,PISA,SCUOLA INFANZIA,SOSTEGNO,FINO AL TERMINE,OLTRE 54,NO,SI,0,23
202425,SONDRIO,SCUOLA PRIMARIA,SOSTEGNO,FINO AL TERMINE,FINO A 34,NO,SI,8,31
202425,RIMINI,SCUOLA INFANZIA,NORMALE,ANNUALE,TRA 35 E 44,NO,SI,0,1
202425,CATANZARO,SCUOLA PRIMARIA,NORMALE,ANNUALE,OLTRE 54,NO,SI,0,1
202425,FOGGIA,SCUOLA SECONDARIA I GRADO,SOSTEGNO,FINO AL TERMINE,FINO A 34,NO,SI,11,50
202425,PERUGIA,SCUOLA PRIMARIA,SOSTEGNO,FINO AL TERMINE,OLTRE 54,NO,SI,8,67
202425,L'AQUILA,SCUOLA SECONDARIA I GRADO,NORMALE,FINO AL TERMINE,TRA 45 E 54,NO,SI,4,2
202425,MILANO,SCUOLA PRIMARIA,SOSTEGNO,ANNUALE,FINO A 34,NO,NO,0,1
202425,SAVONA,SCUOLA SECONDARIA II GRADO,NORMALE,ANNUALE,OLTRE 54,NO,NO,0,1
202425,PERUGIA,SCUOLA SECONDARIA I GRADO,NORMALE,FINO AL TERMINE,OLTRE 54,NO,SI,1,1
202425,PRATO,SCUOLA PRIMARIA,SOSTEGNO,FINO AL TERMINE,TRA 35 E 44,NO,NO,0,7
202425,VENEZIA,SCUOLA SECONDARIA II GRADO,NORMALE,ANNUALE,FINO A 34,NO,NO,2,1
202425,MACERATA,SCUOLA PRIMARIA,NORMALE,FINO AL TERMINE,OLTRE 54,NO,SI,0,3
202425,CUNEO,SCUOLA SECONDARIA I GRADO,SOSTEGNO,FINO AL TERMINE,FINO A 34,NO,SI,14,44
202425,VITERBO,SCUOLA SECONDARIA I GRADO,NORMALE,ANNUALE,TRA 35 E 44,NO,SI,2,0
202425,VERONA,SCUOLA SECONDARIA II GRADO,NORMALE,ANNUALE,TRA 35 E 44,NO,SI,50,45
202425,SONDRIO,SCUOLA SECONDARIA II GRADO,SOSTEGNO,FINO AL TERMINE,FINO A 34,NO,SI,6,11
202425,ROVIGO,SCUOLA PRIMARIA,NORMALE,FINO AL TERMINE,FINO A 34,NO,NO,8,10
202425,TARANTO,SCUOLA SECONDARIA II GRADO,NORMALE,ANNUALE,OLTRE 54,NO,NO,2,1
202425,MESSINA,SCUOLA PRIMARIA,NORMALE,FINO AL TERMINE,FINO A 34,NO,NO,9,12
202425,FIRENZE,SCUOLA INFANZIA,SOSTEGNO,FINO AL TERMINE,FINO A 34,NO,SI,2,34
202425,SUD SARDEGNA,SCUOLA SECONDARIA I GRADO,NORMALE,ANNUALE,TRA 35 E 44,NO,NO,0,3
202425,GROSSETO,SCUOLA SECONDARIA II GRADO,NORMALE,ANNUALE,TRA 35 E 44,NO,SI,9,4
202425,CASERTA,SCUOLA PRIMARIA,NORMALE,FINO AL TERMINE,FINO A 34,NO,SI,0,1
202425,TORINO,SCUOLA INFANZIA,SOSTEGNO,FINO AL TERMINE,OLTRE 54,NO,SI,2,133
202425,L'AQUILA,SCUOLA PRIMARIA,SOSTEGNO,FINO AL TERMINE,FINO A 34,NO,SI,0,72
202425,LA SPEZIA,SCUOLA INFANZIA,SOSTEGNO,FINO AL TERMINE,TRA 45 E 54,NO,SI,0,35
202425,FIRENZE,SCUOLA PRIMARIA,NORMALE,ANNUALE,TRA 45 E 54,NO,SI,1,29
202425,PISTOIA,SCUOLA SECONDARIA II GRADO,NORMALE,ANNUALE,TRA 35 E 44,NO,NO,0,2
202425,PESARO E URBINO,SCUOLA PRIMARIA,NORMALE,ANNUALE,TRA 35 E 44,NO,SI,1,2
202425,MANTOVA,SCUOLA SECONDARIA II GRADO,NORMALE,FINO AL TERMINE,OLTRE 54,NO,SI,2,6
202425,NAPOLI,SCUOLA SECONDARIA II GRADO,NORMALE,FINO AL TERMINE,FINO A 34,NO,SI,50,106
202425,IMPERIA,SCUOLA PRIMARIA,SOSTEGNO,ANNUALE,TRA 35 E 44,NO,SI,0,11
202425,BRESCIA,SCUOLA SECONDARIA II GRADO,NORMALE,ANNUALE,TRA 45 E 54,NO,SI,43,43
202425,VERBANO-CUSIO-OSSOLA,SCUOLA PRIMARIA,SOSTEGNO,FINO AL TERMINE,TRA 45 E 54,NO,SI,3,21
202425,CAMPOBASSO,SCUOLA PRIMARIA,SOSTEGNO,FINO AL TERMINE,OLTRE 54,NO,SI,1,10
202425,NUORO,SCUOLA INFANZIA,NORMALE,ANNUALE,TRA 45 E 54,NO,SI,0,6
202425,REGGIO EMILIA,SCUOLA SECONDARIA II GRADO,NORMALE,FINO AL TERMINE,TRA 45 E 54,NO,SI,8,16
202425,LUCCA,SCUOLA PRIMARIA,NORMALE,FINO AL TERMINE,TRA 35 E 44,NO,NO,2,7
202425,TERAMO,SCUOLA SECONDARIA II GRADO,NORMALE,FINO AL TERMINE,OLTRE 54,NO,NO,2,6
202425,LUCCA,SCUOLA PRIMARIA,SOSTEGNO,FINO AL TERMINE,FINO A 34,NO,NO,0,12
202425,PERUGIA,SCUOLA PRIMARIA,NORMALE,FINO AL TERMINE,OLTRE 54,NO,NO,2,6
202425,ROVIGO,SCUOLA INFANZIA,NORMALE,FINO AL TERMINE,TRA 45 E 54,NO,NO,0,2
202425,GROSSETO,SCUOLA SECONDARIA I GRADO,NORMALE,FINO AL TERMINE,FINO A 34,NO,SI,1,7
202425,COSENZA,SCUOLA SECONDARIA II GRADO,NORMALE,FINO AL TERMINE,OLTRE 54,NO,NO,24,23
202425,PARMA,SCUOLA INFANZIA,SOSTEGNO,FINO AL TERMINE,TRA 35 E 44,NO,SI,0,12
202425,VENEZIA,SCUOLA PRIMARIA,SOSTEGNO,FINO AL TERMINE,FINO A 34,NO,NO,11,32
202425,ASCOLI PICENO,SCUOLA PRIMARIA,SOSTEGNO,FINO AL TERMINE,TRA 45 E 54,NO,NO,0,14
202425,TORINO,SCUOLA PRIMARIA,NORMALE,FINO AL TERMINE,OLTRE 54,NO,NO,6,16
202425,RIETI,SCUOLA SECONDARIA I GRADO,SOSTEGNO,FINO AL TERMINE,TRA 45 E 54,NO,SI,4,22
202425,TERAMO,SCUOLA SECONDARIA I GRADO,NORMALE,ANNUALE,TRA 45 E 54,NO,SI,3,1
202425,ANCONA,SCUOLA INFANZIA,NORMALE,FINO AL TERMINE,TRA 45 E 54,NO,SI,0,11
202425,AGRIGENTO,SCUOLA INFANZIA,SOSTEGNO,FINO AL TERMINE,OLTRE 54,NO,SI,0,1
202425,LECCE,SCUOLA INFANZIA,SOSTEGNO,FINO AL TERMINE,TRA 35 E 44,NO,SI,0,71
202425,BRESCIA,SCUOLA PRIMARIA,SOSTEGNO,FINO AL TERMINE,TRA 45 E 54,NO,NO,0,20
202425,CROTONE,SCUOLA PRIMARIA,SOSTEGNO,FINO AL TERMINE,FINO A 34,NO,SI,1,12
202425,TERNI,SCUOLA SECONDARIA II GRADO,NORMALE,FINO AL TERMINE,FINO A 34,NO,NO,14,23
202425,MILANO,SCUOLA INFANZIA,NORMALE,FINO AL TERMINE,OLTRE 54,NO,NO,0,16
202425,RAGUSA,SCUOLA SECONDARIA I GRADO,NORMALE,FINO AL TERMINE,TRA 45 E 54,NO,SI,5,4
202425,BIELLA,SCUOLA SECONDARIA I GRADO,NORMALE,ANNUALE,TRA 35 E 44,NO,SI,2,5
202425,MASSA-CARRARA,SCUOLA SECONDARIA II GRADO,NORMALE,ANNUALE,FINO A 34,NO,SI,14,15
202425,LODI,SCUOLA INFANZIA,SOSTEGNO,ANNUALE,TRA 45 E 54,NO,SI,0,4
202425,VERBANO-CUSIO-OSSOLA,SCUOLA SECONDARIA II GRADO,NORMALE,ANNUALE,TRA 45 E 54,SI,SI,1,0
202425,IMPERIA,SCUOLA SECONDARIA I GRADO,NORMALE,ANNUALE,FINO A 34,NO,NO,0,1
202425,SALERNO,SCUOLA SECONDARIA II GRADO,NORMALE,FINO AL TERMINE,FINO A 34,NO,SI,11,16
202425,PIACENZA,SCUOLA SECONDARIA I GRADO,NORMALE,FINO AL TERMINE,TRA 35 E 44,NO,SI,3,20
202425,MODENA,SCUOLA SECONDARIA I GRADO,SOSTEGNO,ANNUALE,FINO A 34,NO,SI,0,3
202425,ANCONA,SCUOLA INFANZIA,SOSTEGNO,FINO AL TERMINE,TRA 35 E 44,NO,SI,0,32
202425,TARANTO,SCUOLA SECONDARIA II GRADO,SOSTEGNO,FINO AL TERMINE,FINO A 34,NO,NO,3,7
202425,PISTOIA,SCUOLA SECONDARIA II GRADO,SOSTEGNO,ANNUALE,FINO A 34,SI,SI,0,1
202425,PESARO E URBINO,SCUOLA PRIMARIA,SOSTEGNO,ANNUALE,TRA 35 E 44,SI,SI,1,0
202425,BERGAMO,SCUOLA PRIMARIA,SOSTEGNO,FINO AL TERMINE,OLTRE 54,NO,SI,3,29
202425,CASERTA,SCUOLA PRIMARIA,SOSTEGNO,FINO AL TERMINE,FINO A 34,NO,NO,0,1
202425,BELLUNO,SCUOLA PRIMARIA,SOSTEGNO,FINO AL TERMINE,TRA 45 E 54,NO,SI,2,7
202425,AREZZO,SCUOLA SECONDARIA II GRADO,SOSTEGNO,FINO AL TERMINE,TRA 45 E 54,NO,NO,2,10
202425,PISA,SCUOLA PRIMARIA,NORMALE,FINO AL TERMINE,FINO A 34,NO,SI,3,11
202425,RIETI,SCUOLA PRIMARIA,NORMALE,FINO AL TERMINE,FINO A 34,NO,SI,0,9
202425,SIRACUSA,SCUOLA PRIMARIA,NORMALE,ANNUALE,TRA 45 E 54,NO,SI,1,0
202425,BARLETTA-ANDRIA-TRANI,SCUOLA SECONDARIA II GRADO,NORMALE,FINO AL TERMINE,OLTRE 54,NO,NO,5,14
202425,RAGUSA,SCUOLA SECONDARIA I GRADO,NORMALE,FINO AL TERMINE,OLTRE 54,NO,SI,3,1
202425,BARI,SCUOLA INFANZIA,NORMALE,ANNUALE,FINO A 34,NO,SI,0,2
202425,BARI,SCUOLA PRIMARIA,SOSTEGNO,ANNUALE,OLTRE 54,NO,SI,0,2
202425,POTENZA,SCUOLA SECONDARIA I GRADO,SOSTEGNO,FINO AL TERMINE,TRA 45 E 54,NO,NO,0,5
202425,PESARO E URBINO,SCUOLA INFANZIA,NORMALE,FINO AL TERMINE,TRA 45 E 54,NO,NO,0,5
202425,TRAPANI,SCUOLA INFANZIA,SOSTEGNO,FINO AL TERMINE,TRA 35 E 44,NO,NO,0,3
202425,ASCOLI PICENO,SCUOLA SECONDARIA I GRADO,NORMALE,FINO AL TERMINE,TRA 35 E 44,NO,SI,1,2
202425,SALERNO,SCUOLA INFANZIA,SOSTEGNO,ANNUALE,OLTRE 54,NO,SI,0,1
202425,TORINO,SCUOLA SECONDARIA I GRADO,NORMALE,FINO AL TERMINE,FINO A 34,NO,SI,47,77
202425,TERAMO,SCUOLA SECONDARIA II GRADO,SOSTEGNO,ANNUALE,TRA 45 E 54,SI,SI,1,0
202425,VITERBO,SCUOLA SECONDARIA I GRADO,SOSTEGNO,ANNUALE,TRA 45 E 54,SI,SI,0,1
202425,LATINA,SCUOLA PRIMARIA,NORMALE,FINO AL TERMINE,TRA 35 E 44,NO,SI,2,23
202425,VITERBO,SCUOLA SECONDARIA I GRADO,SOSTEGNO,FINO AL TERMINE,TRA 35 E 44,NO,NO,2,7
202425,AGRIGENTO,SCUOLA SECONDARIA I GRADO,NORMALE,FINO AL TERMINE,OLTRE 54,NO,SI,1,1
202425,ENNA,SCUOLA SECONDARIA II GRADO,NORMALE,FINO AL TERMINE,TRA 45 E 54,NO,SI,11,9
202425,SUD SARDEGNA,SCUOLA SECONDARIA II GRADO,SOSTEGNO,FINO AL TERMINE,TRA 35 E 44,NO,SI,25,57
202425,TRAPANI,SCUOLA SECONDARIA II GRADO,SOSTEGNO,FINO AL TERMINE,FINO A 34,NO,SI,4,14
202425,CHIETI,SCUOLA SECONDARIA I GRADO,SOSTEGNO,ANNUALE,FINO A 34,NO,SI,2,1
202425,CATANIA,SCUOLA SECONDARIA I GRADO,SOSTEGNO,FINO AL TERMINE,TRA 35 E 44,NO,NO,4,48
202425,MODENA,SCUOLA PRIMARIA,NORMALE,ANNUALE,TRA 45 E 54,NO,SI,1,16
202425,LA SPEZIA,SCUOLA SECONDARIA I GRADO,NORMALE,ANNUALE,TRA 45 E 54,NO,NO,0,1
202425,AGRIGENTO,SCUOLA SECONDARIA I GRADO,SOSTEGNO,ANNUALE,OLTRE 54,SI,SI,0,1
202425,VERBANO-CUSIO-OSSOLA,SCUOLA SECONDARIA I GRADO,SOSTEGNO,ANNUALE,OLTRE 54,SI,SI,1,0
202425,MANTOVA,SCUOLA SECONDARIA II GRADO,SOSTEGNO,FINO AL TERMINE,TRA 35 E 44,NO,SI,24,46
202425,REGGIO EMILIA,SCUOLA INFANZIA,SOSTEGNO,FINO AL TERMINE,TRA 45 E 54,NO,NO,1,11
202425,IMPERIA,SCUOLA PRIMARIA,SOSTEGNO,FINO AL TERMINE,FINO A 34,NO,SI,5,47
202425,LECCO,SCUOLA PRIMARIA,SOSTEGNO,ANNUALE,FINO A 34,SI,SI,0,2
202425,NUORO,SCUOLA PRIMARIA,SOSTEGNO,FINO AL TERMINE,OLTRE 54,NO,SI,1,12
202425,LUCCA,SCUOLA SECONDARIA I GRADO,NORMALE,ANNUALE,OLTRE 54,NO,SI,2,4
202425,ROVIGO,SCUOLA PRIMARIA,NORMALE,FINO AL TERMINE,OLTRE 54,NO,NO,0,2
202425,NAPOLI,SCUOLA INFANZIA,NORMALE,FINO AL TERMINE,TRA 45 E 54,NO,NO,0,29
202425,COMO,SCUOLA PRIMARIA,NORMALE,FINO AL TERMINE,TRA 35 E 44,NO,NO,5,19
202425,MANTOVA,SCUOLA INFANZIA,NORMALE,FINO AL TERMINE,TRA 45 E 54,NO,NO,0,7
202425,VICENZA,SCUOLA PRIMARIA,SOSTEGNO,ANNUALE,FINO A 34,SI,NO,0,1
202425,CATANZARO,SCUOLA SECONDARIA II GRADO,SOSTEGNO,FINO AL TERMINE,OLTRE 54,NO,SI,1,4
202425,PIACENZA,SCUOLA SECONDARIA II GRADO,NORMALE,ANNUALE,OLTRE 54,NO,SI,6,4
202425,BARI,SCUOLA SECONDARIA II GRADO,NORMALE,FINO AL TERMINE,FINO A 34,NO,SI,10,18
202425,TRIESTE,SCUOLA PRIMARIA,SOSTEGNO,FINO AL TERMINE,TRA 35 E 44,NO,SI,0,15
202425,CAGLIARI,SCUOLA PRIMARIA,SOSTEGNO,FINO AL TERMINE,FINO A 34,NO,NO,0,3
202425,REGGIO EMILIA,SCUOLA INFANZIA,SOSTEGNO,FINO AL TERMINE,OLTRE 54,NO,NO,0,11
202425,REGGIO EMILIA,SCUOLA PRIMARIA,SOSTEGNO,FINO AL TERMINE,OLTRE 54,NO,NO,0,2
202425,BRESCIA,SCUOLA SECONDARIA I GRADO,NORMALE,FINO AL TERMINE,OLTRE 54,NO,NO,8,29
202425,ASTI,SCUOLA PRIMARIA,SOSTEGNO,ANNUALE,TRA 35 E 44,NO,SI,0,18
202425,RIETI,SCUOLA SECONDARIA I GRADO,NORMALE,ANNUALE,OLTRE 54,NO,SI,1,1
202425,CUNEO,SCUOLA SECONDARIA II GRADO,SOSTEGNO,ANNUALE,FINO A 34,SI,SI,3,8
202425,FOGGIA,SCUOLA INFANZIA,NORMALE,ANNUALE,OLTRE 54,NO,SI,0,5
202425,TERNI,SCUOLA SECONDARIA I GRADO,NORMALE,FINO AL TERMINE,FINO A 34,NO,NO,3,8
202425,BOLOGNA,SCUOLA SECONDARIA II GRADO,SOSTEGNO,FINO AL TERMINE,TRA 35 E 44,NO,NO,5,13
202425,SAVONA,SCUOLA PRIMARIA,SOSTEGNO,ANNUALE,TRA 35 E 44,NO,SI,0,7
202425,POTENZA,SCUOLA SECONDARIA II GRADO,NORMALE,ANNUALE,TRA 35 E 44,NO,SI,16,25
202425,TARANTO,SCUOLA INFANZIA,NORMALE,FINO AL TERMINE,TRA 45 E 54,NO,SI,0,4
202425,SALERNO,SCUOLA INFANZIA,NORMALE,ANNUALE,TRA 35 E 44,NO,SI,0,1
202425,LECCE,SCUOLA SECONDARIA II GRADO,NORMALE,FINO AL TERMINE,FINO A 34,NO,SI,2,11
202425,PADOVA,SCUOLA PRIMARIA,NORMALE,FINO AL TERMINE,TRA 45 E 54,NO,SI,2,43
202425,BENEVENTO,SCUOLA SECONDARIA I GRADO,NORMALE,FINO AL TERMINE,FINO A 34,NO,SI,1,1
202425,VARESE,SCUOLA SECONDARIA II GRADO,NORMALE,ANNUALE,OLTRE 54,SI,SI,1,0
202425,REGGIO CALABRIA,SCUOLA PRIMARIA,NORMALE,FINO AL TERMINE,OLTRE 54,NO,SI,0,5
202425,NUORO,SCUOLA PRIMARIA,SOSTEGNO,FINO AL TERMINE,TRA 45 E 54,NO,NO,0,16
202425,LIVORNO,SCUOLA PRIMARIA,SOSTEGNO,FINO AL TERMINE,FINO A 34,NO,SI,2,25
202425,BARLETTA-ANDRIA-TRANI,SCUOLA PRIMARIA,NORMALE,FINO AL TERMINE,OLTRE 54,NO,SI,0,8
202425,MATERA,SCUOLA SECONDARIA II GRADO,NORMALE,ANNUALE,FINO A 34,NO,NO,0,1
202425,RIMINI,SCUOLA PRIMARIA,NORMALE,FINO AL TERMINE,OLTRE 54,NO,NO,1,3
202425,MANTOVA,SCUOLA SECONDARIA II GRADO,NORMALE,ANNUALE,TRA 45 E 54,NO,NO,0,1
202425,COMO,SCUOLA INFANZIA,NORMALE,ANNUALE,TRA 35 E 44,NO,SI,0,3
202425,LA SPEZIA,SCUOLA SECONDARIA II GRADO,SOSTEGNO,FINO AL TERMINE,OLTRE 54,NO,SI,2,11
202425,BARI,SCUOLA INFANZIA,SOSTEGNO,ANNUALE,TRA 45 E 54,SI,SI,0,3
202425,VERONA,SCUOLA PRIMARIA,SOSTEGNO,FINO AL TERMINE,OLTRE 54,NO,NO,0,3
202425,BARI,SCUOLA SECONDARIA II GRADO,SOSTEGNO,FINO AL TERMINE,FINO A 34,NO,NO,2,13
202425,FERRARA,SCUOLA SECONDARIA II GRADO,NORMALE,FINO AL TERMINE,TRA 35 E 44,NO,NO,12,42
202425,ASCOLI PICENO,SCUOLA SECONDARIA II GRADO,NORMALE,ANNUALE,TRA 35 E 44,NO,NO,1,1
202425,CATANZARO,SCUOLA SECONDARIA I GRADO,SOSTEGNO,FINO AL TERMINE,OLTRE 54,NO,SI,1,2
202425,TARANTO,SCUOLA PRIMARIA,SOSTEGNO,FINO AL TERMINE,FINO A 34,NO,SI,2,51
202425,PARMA,SCUOLA SECONDARIA I GRADO,NORMALE,FINO AL TERMINE,FINO A 34,NO,NO,12,20
202425,FERRARA,SCUOLA SECONDARIA I GRADO,SOSTEGNO,FINO AL TERMINE,FINO A 34,NO,NO,2,7
202425,FORLI'-CESENA,SCUOLA SECONDARIA I GRADO,NORMALE,ANNUALE,FINO A 34,NO,SI,4,2
202425,ROVIGO,SCUOLA PRIMARIA,SOSTEGNO,FINO AL TERMINE,OLTRE 54,NO,SI,0,13
202425,CASERTA,SCUOLA SECONDARIA I GRADO,SOSTEGNO,FINO AL TERMINE,TRA 35 E 44,NO,SI,22,83
202425,TREVISO,SCUOLA INFANZIA,NORMALE,FINO AL TERMINE,TRA 45 E 54,NO,SI,0,14
202425,CHIETI,SCUOLA SECONDARIA II GRADO,NORMALE,FINO AL TERMINE,FINO A 34,NO,NO,7,11
202425,BRINDISI,SCUOLA SECONDARIA I GRADO,NORMALE,FINO AL TERMINE,FINO A 34,NO,NO,2,5
202425,VITERBO,SCUOLA SECONDARIA II GRADO,SOSTEGNO,FINO AL TERMINE,OLTRE 54,NO,SI,4,10
202425,RIMINI,SCUOLA INFANZIA,SOSTEGNO,FINO AL TERMINE,OLTRE 54,NO,NO,1,3
202425,VIBO VALENTIA,SCUOLA PRIMARIA,NORMALE,FINO AL TERMINE,OLTRE 54,NO,SI,1,1
202425,CATANIA,SCUOLA SECONDARIA II GRADO,NORMALE,FINO AL TERMINE,TRA 35 E 44,NO,NO,23,45
202425,ORISTANO,SCUOLA SECONDARIA I GRADO,NORMALE,FINO AL TERMINE,OLTRE 54,NO,NO,3,0
202425,PESARO E URBINO,SCUOLA SECONDARIA I GRADO,NORMALE,ANNUALE,FINO A 34,NO,NO,0,1
202425,PESARO E URBINO,SCUOLA SECONDARIA I GRADO,NORMALE,FINO AL TERMINE,TRA 35 E 44,NO,NO,5,14
202425,BARI,SCUOLA SECONDARIA II GRADO,NORMALE,FINO AL TERMINE,TRA 45 E 54,NO,SI,28,34
202425,AVELLINO,SCUOLA SECONDARIA I GRADO,NORMALE,ANNUALE,TRA 45 E 54,NO,SI,2,7
202425,REGGIO EMILIA,SCUOLA SECONDARIA I GRADO,NORMALE,FINO AL TERMINE,OLTRE 54,NO,SI,3,4
202425,GROSSETO,SCUOLA SECONDARIA II GRADO,NORMALE,FINO AL TERMINE,FINO A 34,NO,SI,8,12
202425,LA SPEZIA,SCUOLA SECONDARIA I GRADO,SOSTEGNO,FINO AL TERMINE,OLTRE 54,NO,NO,0,3
202425,PRATO,SCUOLA SECONDARIA I GRADO,SOSTEGNO,FINO AL TERMINE,OLTRE 54,NO,SI,13,14
202425,PORDENONE,SCUOLA SECONDARIA II GRADO,SOSTEGNO,FINO AL TERMINE,TRA 35 E 44,NO,NO,0,5
202425,BRESCIA,SCUOLA PRIMARIA,SOSTEGNO,ANNUALE,FINO A 34,SI,SI,2,23
202425,ORISTANO,SCUOLA PRIMARIA,NORMALE,FINO AL TERMINE,FINO A 34,NO,NO,1,2
202425,FORLI'-CESENA,SCUOLA SECONDARIA II GRADO,NORMALE,FINO AL TERMINE,TRA 35 E 44,NO,SI,6,25
202425,BIELLA,SCUOLA SECONDARIA II GRADO,NORMALE,FINO AL TERMINE,TRA 35 E 44,NO,NO,0,6
202425,FERRARA,SCUOLA INFANZIA,NORMALE,FINO AL TERMINE,OLTRE 54,NO,NO,0,1
202425,PORDENONE,SCUOLA PRIMARIA,NORMALE,FINO AL TERMINE,TRA 45 E 54,NO,NO,1,7
202425,GROSSETO,SCUOLA INFANZIA,NORMALE,FINO AL TERMINE,TRA 45 E 54,NO,NO,0,3
202425,RAVENNA,SCUOLA SECONDARIA I GRADO,NORMALE,FINO AL TERMINE,FINO A 34,NO,NO,4,13
202425,BENEVENTO,SCUOLA SECONDARIA II GRADO,NORMALE,FINO AL TERMINE,FINO A 34,NO,SI,1,3
202425,REGGIO CALABRIA,SCUOLA INFANZIA,SOSTEGNO,FINO AL TERMINE,TRA 35 E 44,NO,NO,0,3
202425,BIELLA,SCUOLA INFANZIA,SOSTEGNO,FINO AL TERMINE,OLTRE 54,NO,SI,0,13
202425,PERUGIA,SCUOLA SECONDARIA I GRADO,SOSTEGNO,ANNUALE,TRA 45 E 54,SI,NO,0,1
202425,MANTOVA,SCUOLA SECONDARIA II GRADO,SOSTEGNO,ANNUALE,TRA 45 E 54,NO,SI,0,1
202425,COSENZA,SCUOLA SECONDARIA II GRADO,NORMALE,FINO AL TERMINE,FINO A 34,NO,SI,6,11
202425,BELLUNO,SCUOLA SECONDARIA I GRADO,SOSTEGNO,ANNUALE,TRA 45 E 54,NO,SI,0,1
202425,COMO,SCUOLA SECONDARIA I GRADO,SOSTEGNO,FINO AL TERMINE,TRA 45 E 54,NO,NO,3,6
202425,BRINDISI,SCUOLA INFANZIA,NORMALE,FINO AL TERMINE,FINO A 34,NO,SI,0,2
202425,MACERATA,SCUOLA PRIMARIA,SOSTEGNO,FINO AL TERMINE,OLTRE 54,NO,SI,5,17
202425,PIACENZA,SCUOLA PRIMARIA,NORMALE,FINO AL TERMINE,FINO A 34,NO,SI,2,35
202425,BARLETTA-ANDRIA-TRANI,SCUOLA PRIMARIA,SOSTEGNO,ANNUALE,TRA 45 E 54,SI,SI,0,2
202425,VICENZA,SCUOLA SECONDARIA II GRADO,NORMALE,ANNUALE,TRA 45 E 54,NO,SI,34,27
202425,LODI,SCUOLA INFANZIA,SOSTEGNO,FINO AL TERMINE,TRA 45 E 54,NO,SI,0,19
202425,ROVIGO,SCUOLA INFANZIA,SOSTEGNO,FINO AL TERMINE,TRA 45 E 54,NO,SI,0,8
202425,PESARO E URBINO,SCUOLA INFANZIA,NORMALE,FINO AL TERMINE,FINO A 34,NO,SI,0,2
202425,LECCO,SCUOLA SECONDARIA I GRADO,SOSTEGNO,FINO AL TERMINE,OLTRE 54,NO,SI,6,9
202425,PESARO E URBINO,SCUOLA PRIMARIA,SOSTEGNO,FINO AL TERMINE,OLTRE 54,NO,NO,0,7
202425,PALERMO,SCUOLA SECONDARIA II GRADO,SOSTEGNO,FINO AL TERMINE,TRA 45 E 54,NO,SI,44,204
202425,LIVORNO,SCUOLA PRIMARIA,NORMALE,FINO AL TERMINE,TRA 35 E 44,NO,SI,2,9
202425,CALTANISSETTA,SCUOLA PRIMARIA,NORMALE,FINO AL TERMINE,TRA 35 E 44,NO,NO,5,2
202425,L'AQUILA,SCUOLA SECONDARIA I GRADO,NORMALE,ANNUALE,OLTRE 54,NO,SI,2,1
202425,FERMO,SCUOLA PRIMARIA,NORMALE,FINO AL TERMINE,TRA 35 E 44,NO,SI,2,5
202425,REGGIO EMILIA,SCUOLA SECONDARIA II GRADO,NORMALE,FINO AL TERMINE,TRA 35 E 44,NO,NO,27,44
202425,LECCE,SCUOLA INFANZIA,NORMALE,ANNUALE,TRA 35 E 44,NO,SI,0,1
202425,REGGIO CALABRIA,SCUOLA SECONDARIA I GRADO,SOSTEGNO,FINO AL TERMINE,FINO A 34,NO,NO,1,4
202425,GROSSETO,SCUOLA SECONDARIA II GRADO,SOSTEGNO,FINO AL TERMINE,TRA 35 E 44,NO,SI,17,40
202425,TORINO,SCUOLA SECONDARIA I GRADO,NORMALE,FINO AL TERMINE,TRA 45 E 54,NO,SI,18,32
202425,CROTONE,SCUOLA SECONDARIA I GRADO,NORMALE,ANNUALE,TRA 35 E 44,NO,NO,1,1
202425,CATANZARO,SCUOLA INFANZIA,NORMALE,FINO AL TERMINE,OLTRE 54,NO,SI,0,14
202425,BARLETTA-ANDRIA-TRANI,SCUOLA PRIMARIA,SOSTEGNO,FINO AL TERMINE,TRA 45 E 54,NO,NO,1,17
202425,PIACENZA,SCUOLA INFANZIA,SOSTEGNO,FINO AL TERMINE,FINO A 34,NO,SI,0,7
202425,LODI,SCUOLA SECONDARIA II GRADO,SOSTEGNO,FINO AL TERMINE,TRA 45 E 54,NO,SI,5,22
202425,PRATO,SCUOLA SECONDARIA II GRADO,NORMALE,FINO AL TERMINE,OLTRE 54,NO,NO,8,8
202425,ORISTANO,SCUOLA PRIMARIA,SOSTEGNO,ANNUALE,TRA 45 E 54,SI,SI,1,12
202425,AVELLINO,SCUOLA SECONDARIA I GRADO,SOSTEGNO,FINO AL TERMINE,TRA 45 E 54,NO,SI,7,14
202425,AGRIGENTO,SCUOLA SECONDARIA II GRADO,SOSTEGNO,FINO AL TERMINE,TRA 45 E 54,NO,NO,0,3
202425,SUD SARDEGNA,SCUOLA PRIMARIA,SOSTEGNO,ANNUALE,FINO A 34,SI,SI,0,1
202425,GROSSETO,SCUOLA PRIMARIA,NORMALE,ANNUALE,OLTRE 54,NO,SI,1,3
202425,GROSSETO,SCUOLA SECONDARIA I GRADO,SOSTEGNO,FINO AL TERMINE,FINO A 34,NO,NO,0,3
202425,CROTONE,SCUOLA SECONDARIA I GRADO,NORMALE,FINO AL TERMINE,OLTRE 54,NO,SI,2,1
202425,SIRACUSA,SCUOLA PRIMARIA,NORMALE,ANNUALE,TRA 35 E 44,NO,SI,1,0
202425,GENOVA,SCUOLA PRIMARIA,NORMALE,FINO AL TERMINE,FINO A 34,NO,NO,19,42
202425,TREVISO,SCUOLA SECONDARIA II GRADO,NORMALE,ANNUALE,TRA 45 E 54,NO,SI,40,39
202425,TREVISO,SCUOLA SECONDARIA II GRADO,SOSTEGNO,ANNUALE,TRA 35 E 44,NO,SI,9,13
202425,MATERA,SCUOLA INFANZIA,SOSTEGNO,FINO AL TERMINE,OLTRE 54,NO,NO,0,2
202425,LECCO,SCUOLA SECONDARIA I GRADO,NORMALE,FINO AL TERMINE,TRA 45 E 54,NO,SI,3,4
202425,FERRARA,SCUOLA INFANZIA,SOSTEGNO,FINO AL TERMINE,TRA 45 E 54,NO,SI,1,19
202425,VARESE,SCUOLA SECONDARIA I GRADO,NORMALE,ANNUALE,TRA 45 E 54,NO,SI,8,27
202425,CAMPOBASSO,SCUOLA SECONDARIA II GRADO,SOSTEGNO,FINO AL TERMINE,TRA 45 E 54,NO,NO,2,3
202425,SIENA,SCUOLA PRIMARIA,NORMALE,FINO AL TERMINE,TRA 35 E 44,NO,NO,2,4
202425,VIBO VALENTIA,SCUOLA PRIMARIA,SOSTEGNO,FINO AL TERMINE,OLTRE 54,NO,NO,0,1
202425,MILANO,SCUOLA SECONDARIA I GRADO,SOSTEGNO,ANNUALE,TRA 45 E 54,SI,SI,15,45
202425,TRIESTE,SCUOLA SECONDARIA II GRADO,SOSTEGNO,FINO AL TERMINE,FINO A 34,NO,NO,1,1
202425,VITERBO,SCUOLA SECONDARIA I GRADO,SOSTEGNO,FINO AL TERMINE,OLTRE 54,NO,SI,2,7
202425,MILANO,SCUOLA INFANZIA,SOSTEGNO,ANNUALE,OLTRE 54,NO,SI,0,32
202425,PESCARA,SCUOLA SECONDARIA I GRADO,NORMALE,FINO AL TERMINE,FINO A 34,NO,NO,7,11
202425,FORLI'-CESENA,SCUOLA INFANZIA,NORMALE,FINO AL TERMINE,TRA 45 E 54,NO,NO,0,3
202425,MASSA-CARRARA,SCUOLA SECONDARIA II GRADO,NORMALE,FINO AL TERMINE,OLTRE 54,NO,SI,3,2
202425,VENEZIA,SCUOLA SECONDARIA I GRADO,SOSTEGNO,ANNUALE,TRA 45 E 54,NO,SI,4,1
202425,ORISTANO,SCUOLA SECONDARIA I GRADO,SOSTEGNO,FINO AL TERMINE,TRA 45 E 54,NO,SI,3,16
202425,CAMPOBASSO,SCUOLA SECONDARIA II GRADO,NORMALE,ANNUALE,FINO A 34,NO,SI,11,5
202425,MACERATA,SCUOLA SECONDARIA I GRADO,SOSTEGNO,FINO AL TERMINE,OLTRE 54,NO,SI,1,8
202425,LUCCA,SCUOLA INFANZIA,NORMALE,FINO AL TERMINE,TRA 35 E 44,NO,NO,0,3
202425,VICENZA,SCUOLA SECONDARIA II GRADO,NORMALE,FINO AL TERMINE,TRA 45 E 54,NO,NO,26,30
202425,PRATO,SCUOLA SECONDARIA II GRADO,NORMALE,FINO AL TERMINE,TRA 35 E 44,NO,SI,8,9
202425,ANCONA,SCUOLA SECONDARIA I GRADO,NORMALE,FINO AL TERMINE,TRA 35 E 44,NO,SI,3,6
202425,LODI,SCUOLA PRIMARIA,NORMALE,FINO AL TERMINE,OLTRE 54,NO,NO,0,5
202425,LECCO,SCUOLA SECONDARIA I GRADO,SOSTEGNO,ANNUALE,FINO A 34,NO,SI,0,1
202425,CATANZARO,SCUOLA SECONDARIA II GRADO,NORMALE,FINO AL TERMINE,FINO A 34,NO,SI,1,3
202425,SONDRIO,SCUOLA SECONDARIA II GRADO,NORMALE,ANNUALE,FINO A 34,NO,NO,1,0
202425,MESSINA,SCUOLA INFANZIA,SOSTEGNO,FINO AL TERMINE,FINO A 34,NO,SI,0,3
202425,BERGAMO,SCUOLA SECONDARIA I GRADO,SOSTEGNO,FINO AL TERMINE,TRA 35 E 44,NO,SI,42,82
202425,PISA,SCUOLA SECONDARIA I GRADO,NORMALE,FINO AL TERMINE,TRA 35 E 44,NO,SI,5,8
202425,FIRENZE,SCUOLA SECONDARIA I GRADO,SOSTEGNO,FINO AL TERMINE,TRA 45 E 54,NO,SI,24,92
202425,CATANIA,SCUOLA SECONDARIA II GRADO,NORMALE,ANNUALE,TRA 45 E 54,SI,SI,1,0
202425,SIRACUSA,SCUOLA PRIMARIA,SOSTEGNO,FINO AL TERMINE,FINO A 34,NO,SI,0,39
202425,BELLUNO,SCUOLA PRIMARIA,NORMALE,ANNUALE,FINO A 34,NO,SI,0,6
202425,RAGUSA,SCUOLA SECONDARIA I GRADO,SOSTEGNO,FINO AL TERMINE,OLTRE 54,NO,SI,2,2
202425,L'AQUILA,SCUOLA SECONDARIA I GRADO,SOSTEGNO,FINO AL TERMINE,TRA 35 E 44,NO,SI,14,66
202425,BARI,SCUOLA PRIMARIA,SOSTEGNO,FINO AL TERMINE,TRA 35 E 44,NO,NO,0,26
202425,AGRIGENTO,SCUOLA SECONDARIA II GRADO,NORMALE,ANNUALE,FINO A 34,NO,NO,2,0
202425,PRATO,SCUOLA INFANZIA,SOSTEGNO,FINO AL TERMINE,FINO A 34,NO,SI,1,2
202425,FERMO,SCUOLA INFANZIA,SOSTEGNO,FINO AL TERMINE,TRA 45 E 54,NO,NO,0,3
202425,CHIETI,SCUOLA PRIMARIA,SOSTEGNO,ANNUALE,TRA 35 E 44,NO,SI,0,2
202425,BRESCIA,SCUOLA SECONDARIA I GRADO,SOSTEGNO,FINO AL TERMINE,OLTRE 54,NO,NO,0,7
202425,SALERNO,SCUOLA SECONDARIA I GRADO,SOSTEGNO,FINO AL TERMINE,TRA 45 E 54,NO,SI,15,59
202425,ASTI,SCUOLA INFANZIA,SOSTEGNO,FINO AL TERMINE,FINO A 34,NO,SI,0,9
202425,LECCO,SCUOLA INFANZIA,SOSTEGNO,ANNUALE,FINO A 34,SI,SI,0,1
202425,CROTONE,SCUOLA SECONDARIA II GRADO,SOSTEGNO,FINO AL TERMINE,TRA 45 E 54,NO,NO,0,1
202425,TORINO,SCUOLA INFANZIA,NORMALE,FINO AL TERMINE,TRA 45 E 54,NO,SI,0,48
202425,BOLOGNA,SCUOLA INFANZIA,NORMALE,ANNUALE,FINO A 34,NO,SI,0,4
202425,NOVARA,SCUOLA INFANZIA,SOSTEGNO,FINO AL TERMINE,TRA 45 E 54,NO,NO,0,6
202425,SAVONA,SCUOLA SECONDARIA I GRADO,SOSTEGNO,ANNUALE,OLTRE 54,SI,SI,0,2
202425,VERCELLI,SCUOLA INFANZIA,SOSTEGNO,ANNUALE,OLTRE 54,NO,SI,0,7
202425,ASTI,SCUOLA SECONDARIA II GRADO,NORMALE,ANNUALE,FINO A 34,NO,SI,25,21
202425,FERMO,SCUOLA SECONDARIA II GRADO,SOSTEGNO,FINO AL TERMINE,TRA 35 E 44,NO,NO,1,5
202425,GROSSETO,SCUOLA PRIMARIA,SOSTEGNO,FINO AL TERMINE,TRA 35 E 44,NO,NO,0,6
202425,PARMA,SCUOLA INFANZIA,NORMALE,FINO AL TERMINE,TRA 35 E 44,NO,SI,0,5
202425,LIVORNO,SCUOLA INFANZIA,NORMALE,FINO AL TERMINE,OLTRE 54,NO,SI,0,6
202425,CHIETI,SCUOLA SECONDARIA II GRADO,NORMALE,ANNUALE,FINO A 34,NO,SI,10,18
202425,BRINDISI,SCUOLA SECONDARIA II GRADO,NORMALE,ANNUALE,FINO A 34,NO,SI,29,25
202425,COMO,SCUOLA INFANZIA,SOSTEGNO,ANNUALE,FINO A 34,NO,SI,0,1
202425,GORIZIA,SCUOLA PRIMARIA,SOSTEGNO,FINO AL TERMINE,TRA 45 E 54,NO,SI,3,28
202425,TERNI,SCUOLA SECONDARIA II GRADO,SOSTEGNO,FINO AL TERMINE,OLTRE 54,NO,NO,1,2
202425,BELLUNO,SCUOLA INFANZIA,NORMALE,FINO AL TERMINE,TRA 35 E 44,NO,NO,0,2
202425,LATINA,SCUOLA SECONDARIA I GRADO,NORMALE,ANNUALE,FINO A 34,NO,SI,8,18
202425,ROMA,SCUOLA INFANZIA,SOSTEGNO,FINO AL TERMINE,OLTRE 54,NO,SI,1,204
202425,VERCELLI,SCUOLA SECONDARIA II GRADO,NORMALE,ANNUALE,TRA 45 E 54,NO,SI,15,8
202425,PESCARA,SCUOLA PRIMARIA,NORMALE,FINO AL TERMINE,FINO A 34,NO,SI,1,4
202425,FORLI'-CESENA,SCUOLA SECONDARIA II GRADO,NORMALE,FINO AL TERMINE,OLTRE 54,NO,NO,8,11
202425,MODENA,SCUOLA SECONDARIA II GRADO,SOSTEGNO,FINO AL TERMINE,TRA 35 E 44,NO,SI,39,98
202425,SONDRIO,SCUOLA INFANZIA,NORMALE,ANNUALE,OLTRE 54,NO,SI,1,0
202425,SALERNO,SCUOLA PRIMARIA,SOSTEGNO,FINO AL TERMINE,FINO A 34,NO,SI,1,66
202425,PADOVA,SCUOLA PRIMARIA,NORMALE,FINO AL TERMINE,TRA 45 E 54,NO,NO,2,22
202425,BELLUNO,SCUOLA SECONDARIA II GRADO,SOSTEGNO,FINO AL TERMINE,FINO A 34,NO,SI,5,11
202425,MANTOVA,SCUOLA PRIMARIA,SOSTEGNO,ANNUALE,FINO A 34,NO,SI,6,86
202425,PAVIA,SCUOLA SECONDARIA II GRADO,SOSTEGNO,FINO AL TERMINE,TRA 45 E 54,NO,SI,18,40
202425,PRATO,SCUOLA SECONDARIA II GRADO,SOSTEGNO,FINO AL TERMINE,TRA 35 E 44,NO,NO,4,5
202425,ISERNIA,SCUOLA SECONDARIA II GRADO,NORMALE,FINO AL TERMINE,TRA 35 E 44,NO,NO,4,2
202425,BELLUNO,SCUOLA SECONDARIA II GRADO,NORMALE,ANNUALE,TRA 45 E 54,NO,NO,1,1
202425,CATANZARO,SCUOLA SECONDARIA II GRADO,SOSTEGNO,ANNUALE,OLTRE 54,NO,SI,0,1
202425,ALESSANDRIA,SCUOLA SECONDARIA I GRADO,SOSTEGNO,FINO AL TERMINE,TRA 45 E 54,NO,SI,7,44
202425,VERONA,SCUOLA SECONDARIA I GRADO,SOSTEGNO,FINO AL TERMINE,TRA 45 E 54,NO,SI,18,41
202425,SONDRIO,SCUOLA SECONDARIA II GRADO,NORMALE,FINO AL TERMINE,TRA 45 E 54,NO,SI,4,7
202425,FERRARA,SCUOLA PRIMARIA,SOSTEGNO,ANNUALE,OLTRE 54,SI,SI,0,1
202425,TREVISO,SCUOLA PRIMARIA,NORMALE,FINO AL TERMINE,OLTRE 54,NO,SI,2,27
202425,PALERMO,SCUOLA PRIMARIA,SOSTEGNO,FINO AL TERMINE,FINO A 34,NO,NO,3,27
202425,REGGIO EMILIA,SCUOLA PRIMARIA,NORMALE,ANNUALE,TRA 45 E 54,NO,SI,0,6
202425,SONDRIO,SCUOLA INFANZIA,NORMALE,FINO AL TERMINE,TRA 45 E 54,NO,NO,0,2
202425,VIBO VALENTIA,SCUOLA SECONDARIA I GRADO,NORMALE,FINO AL TERMINE,FINO A 34,NO,NO,2,3
202425,PERUGIA,SCUOLA INFANZIA,NORMALE,FINO AL TERMINE,TRA 35 E 44,NO,NO,0,2
202425,CREMONA,SCUOLA PRIMARIA,NORMALE,ANNUALE,FINO A 34,NO,SI,4,10
202425,SAVONA,SCUOLA PRIMARIA,SOSTEGNO,FINO AL TERMINE,OLTRE 54,NO,SI,1,16
202425,VERBANO-CUSIO-OSSOLA,SCUOLA SECONDARIA II GRADO,SOSTEGNO,ANNUALE,TRA 35 E 44,SI,SI,2,4
202425,IMPERIA,SCUOLA INFANZIA,NORMALE,ANNUALE,OLTRE 54,NO,SI,0,7
202425,VENEZIA,SCUOLA SECONDARIA I GRADO,NORMALE,ANNUALE,FINO A 34,SI,SI,0,1
202425,MODENA,SCUOLA PRIMARIA,SOSTEGNO,ANNUALE,FINO A 34,SI,SI,1,40
202425,GENOVA,SCUOLA SECONDARIA I GRADO,SOSTEGNO,FINO AL TERMINE,OLTRE 54,NO,SI,14,54
202425,UDINE,SCUOLA SECONDARIA I GRADO,NORMALE,FINO AL TERMINE,TRA 35 E 44,NO,SI,4,11
202425,FORLI'-CESENA,SCUOLA SECONDARIA II GRADO,SOSTEGNO,FINO AL TERMINE,FINO A 34,NO,SI,17,31
202425,ROMA,SCUOLA SECONDARIA II GRADO,NORMALE,FINO AL TERMINE,TRA 45 E 54,NO,SI,81,108
202425,MATERA,SCUOLA SECONDARIA II GRADO,NORMALE,FINO AL TERMINE,OLTRE 54,NO,NO,11,10
202425,LECCO,SCUOLA SECONDARIA II GRADO,NORMALE,FINO AL TERMINE,TRA 45 E 54,NO,NO,5,12
202425,COMO,SCUOLA SECONDARIA I GRADO,SOSTEGNO,FINO AL TERMINE,OLTRE 54,NO,NO,0,2
202425,PADOVA,SCUOLA SECONDARIA I GRADO,NORMALE,FINO AL TERMINE,TRA 35 E 44,NO,NO,8,41
202425,RIETI,SCUOLA SECONDARIA II GRADO,NORMALE,FINO AL TERMINE,TRA 45 E 54,NO,NO,5,11
202425,MANTOVA,SCUOLA PRIMARIA,SOSTEGNO,FINO AL TERMINE,TRA 35 E 44,NO,NO,0,2
202425,BELLUNO,SCUOLA PRIMARIA,NORMALE,FINO AL TERMINE,TRA 35 E 44,NO,SI,2,9
202425,LATINA,SCUOLA PRIMARIA,SOSTEGNO,ANNUALE,TRA 35 E 44,NO,SI,1,0
202425,L'AQUILA,SCUOLA INFANZIA,NORMALE,ANNUALE,FINO A 34,NO,SI,0,1
202425,FERRARA,SCUOLA SECONDARIA II GRADO,SOSTEGNO,FINO AL TERMINE,OLTRE 54,NO,SI,0,10
202425,PERUGIA,SCUOLA SECONDARIA II GRADO,NORMALE,ANNUALE,TRA 35 E 44,SI,SI,1,0
202425,PESARO E URBINO,SCUOLA INFANZIA,SOSTEGNO,FINO AL TERMINE,FINO A 34,NO,SI,0,10
202425,SAVONA,SCUOLA INFANZIA,NORMALE,FINO AL TERMINE,FINO A 34,NO,NO,0,1
202425,BRESCIA,SCUOLA SECONDARIA I GRADO,NORMALE,ANNUALE,TRA 45 E 54,SI,SI,0,1
202425,ENNA,SCUOLA SECONDARIA I GRADO,NORMALE,ANNUALE,TRA 45 E 54,NO,SI,1,0
202425,FOGGIA,SCUOLA SECONDARIA I GRADO,NORMALE,FINO AL TERMINE,FINO A 34,NO,SI,4,21
202425,FOGGIA,SCUOLA SECONDARIA I GRADO,SOSTEGNO,FINO AL TERMINE,OLTRE 54,NO,SI,5,6
202425,L'AQUILA,SCUOLA INFANZIA,SOSTEGNO,ANNUALE,TRA 45 E 54,NO,SI,0,1
202425,BARLETTA-ANDRIA-TRANI,SCUOLA PRIMARIA,SOSTEGNO,ANNUALE,OLTRE 54,SI,SI,0,1
202425,SUD SARDEGNA,SCUOLA SECONDARIA I GRADO,SOSTEGNO,FINO AL TERMINE,FINO A 34,NO,SI,1,20
202425,FERRARA,SCUOLA INFANZIA,SOSTEGNO,FINO AL TERMINE,FINO A 34,NO,SI,0,6
202425,GROSSETO,SCUOLA SECONDARIA I GRADO,NORMALE,FINO AL TERMINE,TRA 45 E 54,NO,NO,8,13
202425,BELLUNO,SCUOLA SECONDARIA I GRADO,SOSTEGNO,ANNUALE,TRA 35 E 44,SI,SI,3,7
202425,CASERTA,SCUOLA SECONDARIA II GRADO,NORMALE,FINO AL TERMINE,FINO A 34,NO,NO,26,31
202425,CHIETI,SCUOLA SECONDARIA II GRADO,SOSTEGNO,ANNUALE,TRA 35 E 44,SI,SI,0,1
202425,LA SPEZIA,SCUOLA INFANZIA,NORMALE,ANNUALE,TRA 35 E 44,NO,SI,0,3
202425,VERCELLI,SCUOLA SECONDARIA II GRADO,SOSTEGNO,FINO AL TERMINE,OLTRE 54,NO,NO,0,1
202425,SONDRIO,SCUOLA SECONDARIA II GRADO,SOSTEGNO,FINO AL TERMINE,OLTRE 54,NO,NO,0,2
202425,VERCELLI,SCUOLA PRIMARIA,NORMALE,ANNUALE,TRA 45 E 54,NO,SI,0,5
202425,MANTOVA,SCUOLA SECONDARIA I GRADO,SOSTEGNO,FINO AL TERMINE,OLTRE 54,NO,NO,3,0
202425,REGGIO CALABRIA,SCUOLA SECONDARIA II GRADO,NORMALE,FINO AL TERMINE,FINO A 34,NO,NO,8,18
202425,IMPERIA,SCUOLA INFANZIA,SOSTEGNO,ANNUALE,TRA 35 E 44,NO,SI,0,1
202425,VENEZIA,SCUOLA INFANZIA,NORMALE,FINO AL TERMINE,FINO A 34,NO,SI,0,4
202425,LUCCA,SCUOLA INFANZIA,SOSTEGNO,FINO AL TERMINE,TRA 35 E 44,NO,SI,0,19
202425,MESSINA,SCUOLA SECONDARIA I GRADO,SOSTEGNO,FINO AL TERMINE,TRA 35 E 44,NO,NO,2,12
202425,POTENZA,SCUOLA PRIMARIA,NORMALE,FINO AL TERMINE,FINO A 34,NO,SI,0,20
202425,FORLI'-CESENA,SCUOLA SECONDARIA II GRADO,SOSTEGNO,FINO AL TERMINE,OLTRE 54,NO,SI,3,5
202425,IMPERIA,SCUOLA PRIMARIA,SOSTEGNO,ANNUALE,TRA 45 E 54,NO,SI,0,17
202425,PIACENZA,SCUOLA SECONDARIA I GRADO,NORMALE,ANNUALE,FINO A 34,SI,SI,0,1
202425,LUCCA,SCUOLA PRIMARIA,NORMALE,FINO AL TERMINE,TRA 35 E 44,NO,SI,1,11
202425,MODENA,SCUOLA SECONDARIA I GRADO,NORMALE,ANNUALE,TRA 45 E 54,SI,SI,0,1
202425,PESARO E URBINO,SCUOLA SECONDARIA II GRADO,NORMALE,ANNUALE,TRA 45 E 54,SI,SI,1,1
202425,FIRENZE,SCUOLA INFANZIA,NORMALE,FINO AL TERMINE,OLTRE 54,NO,SI,2,17
202425,RIMINI,SCUOLA SECONDARIA I GRADO,SOSTEGNO,ANNUALE,OLTRE 54,NO,SI,0,1
202425,RIETI,SCUOLA SECONDARIA I GRADO,NORMALE,FINO AL TERMINE,TRA 45 E 54,NO,NO,2,10
202425,TERNI,SCUOLA INFANZIA,SOSTEGNO,FINO AL TERMINE,FINO A 34,NO,SI,0,4
202425,TERNI,SCUOLA SECONDARIA I GRADO,SOSTEGNO,FINO AL TERMINE,TRA 35 E 44,NO,SI,10,39
202425,PERUGIA,SCUOLA PRIMARIA,NORMALE,ANNUALE,FINO A 34,NO,SI,1,5
202425,BARI,SCUOLA INFANZIA,NORMALE,FINO AL TERMINE,FINO A 34,NO,NO,0,3
202425,VERBANO-CUSIO-OSSOLA,SCUOLA SECONDARIA I GRADO,NORMALE,FINO AL TERMINE,TRA 35 E 44,NO,SI,2,6
202425,SUD SARDEGNA,SCUOLA SECONDARIA II GRADO,NORMALE,ANNUALE,TRA 45 E 54,NO,NO,3,0
202425,LECCE,SCUOLA SECONDARIA I GRADO,NORMALE,ANNUALE,TRA 35 E 44,NO,SI,8,6
202425,ROVIGO,SCUOLA SECONDARIA II GRADO,NORMALE,ANNUALE,TRA 45 E 54,NO,NO,0,1
202425,VARESE,SCUOLA SECONDARIA I GRADO,NORMALE,ANNUALE,TRA 35 E 44,SI,SI,0,1
202425,CAMPOBASSO,SCUOLA SECONDARIA II GRADO,SOSTEGNO,FINO AL TERMINE,OLTRE 54,NO,SI,3,8
202425,NOVARA,SCUOLA SECONDARIA II GRADO,SOSTEGNO,FINO AL TERMINE,TRA 35 E 44,NO,NO,1,7
202425,BENEVENTO,SCUOLA SECONDARIA II GRADO,NORMALE,FINO AL TERMINE,TRA 45 E 54,NO,SI,2,11
202425,RAGUSA,SCUOLA INFANZIA,NORMALE,ANNUALE,TRA 35 E 44,NO,SI,0,1
202425,BIELLA,SCUOLA INFANZIA,NORMALE,ANNUALE,TRA 45 E 54,NO,SI,0,2
202425,VITERBO,SCUOLA PRIMARIA,NORMALE,ANNUALE,TRA 35 E 44,NO,SI,1,0
202425,ROVIGO,SCUOLA INFANZIA,NORMALE,ANNUALE,FINO A 34,NO,SI,0,1
202425,MASSA-CARRARA,SCUOLA PRIMARIA,NORMALE,ANNUALE,TRA 45 E 54,NO,SI,0,2
202425,CATANIA,SCUOLA INFANZIA,SOSTEGNO,FINO AL TERMINE,FINO A 34,NO,SI,3,25
202425,CHIETI,SCUOLA SECONDARIA I GRADO,NORMALE,ANNUALE,FINO A 34,NO,SI,1,8
202425,PISTOIA,SCUOLA INFANZIA,NORMALE,FINO AL TERMINE,FINO A 34,NO,NO,0,3
202425,RIMINI,SCUOLA INFANZIA,NORMALE,FINO AL TERMINE,TRA 45 E 54,NO,NO,0,3
202425,CATANIA,SCUOLA SECONDARIA I GRADO,NORMALE,FINO AL TERMINE,OLTRE 54,NO,SI,5,3
202425,VERONA,SCUOLA INFANZIA,SOSTEGNO,FINO AL TERMINE,FINO A 34,NO,NO,2,13
202425,L'AQUILA,SCUOLA SECONDARIA II GRADO,NORMALE,FINO AL TERMINE,TRA 35 E 44,NO,SI,5,18
202425,AVELLINO,SCUOLA SECONDARIA I GRADO,SOSTEGNO,FINO AL TERMINE,TRA 35 E 44,NO,NO,2,8
202425,BARI,SCUOLA SECONDARIA I GRADO,NORMALE,FINO AL TERMINE,TRA 45 E 54,NO,NO,11,20
202425,LIVORNO,SCUOLA SECONDARIA II GRADO,NORMALE,ANNUALE,TRA 35 E 44,NO,NO,0,3
202425,AGRIGENTO,SCUOLA SECONDARIA I GRADO,NORMALE,ANNUALE,TRA 35 E 44,NO,NO,0,1
202425,PRATO,SCUOLA PRIMARIA,SOSTEGNO,FINO AL TERMINE,FINO A 34,NO,SI,7,59
202425,PERUGIA,SCUOLA SECONDARIA II GRADO,SOSTEGNO,FINO AL TERMINE,FINO A 34,NO,NO,3,9
202425,ROVIGO,SCUOLA SECONDARIA I GRADO,NORMALE,FINO AL TERMINE,OLTRE 54,NO,SI,2,2
202425,MANTOVA,SCUOLA SECONDARIA I GRADO,NORMALE,FINO AL TERMINE,FINO A 34,NO,SI,9,16
202425,BRESCIA,SCUOLA SECONDARIA I GRADO,SOSTEGNO,ANNUALE,TRA 45 E 54,NO,SI,1,1
202425,ASTI,SCUOLA PRIMARIA,NORMALE,FINO AL TERMINE,TRA 45 E 54,NO,SI,0,18
202425,NOVARA,SCUOLA SECONDARIA II GRADO,NORMALE,FINO AL TERMINE,OLTRE 54,NO,SI,3,6
202425,TERAMO,SCUOLA SECONDARIA I GRADO,NORMALE,ANNUALE,FINO A 34,NO,NO,0,2
202425,BARLETTA-ANDRIA-TRANI,SCUOLA SECONDARIA I GRADO,SOSTEGNO,FINO AL TERMINE,TRA 45 E 54,NO,SI,12,47
202425,LUCCA,SCUOLA INFANZIA,NORMALE,FINO AL TERMINE,OLTRE 54,NO,SI,0,11
202425,PARMA,SCUOLA PRIMARIA,NORMALE,ANNUALE,TRA 45 E 54,NO,SI,0,10
202425,LIVORNO,SCUOLA SECONDARIA I GRADO,NORMALE,ANNUALE,TRA 45 E 54,NO,SI,1,14
202425,FORLI'-CESENA,SCUOLA INFANZIA,SOSTEGNO,FINO AL TERMINE,OLTRE 54,NO,SI,0,8
202425,FERMO,SCUOLA SECONDARIA I GRADO,SOSTEGNO,FINO AL TERMINE,TRA 35 E 44,NO,NO,1,7
202425,PADOVA,SCUOLA SECONDARIA I GRADO,SOSTEGNO,FINO AL TERMINE,FINO A 34,NO,SI,19,59
202425,TRAPANI,SCUOLA SECONDARIA II GRADO,NORMALE,ANNUALE,FINO A 34,NO,SI,7,10
202425,MASSA-CARRARA,SCUOLA PRIMARIA,SOSTEGNO,ANNUALE,FINO A 34,SI,SI,0,3
202425,TREVISO,SCUOLA SECONDARIA I GRADO,NORMALE,FINO AL TERMINE,TRA 45 E 54,NO,NO,4,32
202425,SALERNO,SCUOLA INFANZIA,SOSTEGNO,ANNUALE,TRA 35 E 44,NO,SI,0,2
202425,COMO,SCUOLA PRIMARIA,NORMALE,ANNUALE,FINO A 34,NO,SI,7,24
202425,LECCE,SCUOLA PRIMARIA,SOSTEGNO,FINO AL TERMINE,FINO A 34,NO,SI,2,46
202425,BRINDISI,SCUOLA INFANZIA,NORMALE,FINO AL TERMINE,TRA 35 E 44,NO,SI,0,3
202425,MACERATA,SCUOLA SECONDARIA II GRADO,NORMALE,ANNUALE,FINO A 34,NO,SI,7,21
202425,VIBO VALENTIA,SCUOLA SECONDARIA II GRADO,SOSTEGNO,FINO AL TERMINE,TRA 45 E 54,NO,NO,1,1
202425,CATANZARO,SCUOLA SECONDARIA I GRADO,NORMALE,ANNUALE,TRA 35 E 44,NO,SI,4,14
202425,TORINO,SCUOLA INFANZIA,NORMALE,FINO AL TERMINE,TRA 45 E 54,NO,NO,0,16
202425,AVELLINO,SCUOLA INFANZIA,SOSTEGNO,FINO AL TERMINE,TRA 35 E 44,NO,NO,0,9
202425,VERCELLI,SCUOLA PRIMARIA,NORMALE,ANNUALE,TRA 35 E 44,NO,SI,0,3
202425,REGGIO CALABRIA,SCUOLA SECONDARIA II GRADO,SOSTEGNO,FINO AL TERMINE,TRA 45 E 54,NO,SI,13,79
202425,COMO,SCUOLA SECONDARIA I GRADO,NORMALE,ANNUALE,TRA 35 E 44,NO,SI,15,28
202425,TORINO,SCUOLA PRIMARIA,NORMALE,ANNUALE,TRA 35 E 44,NO,SI,3,20
202425,LECCO,SCUOLA INFANZIA,SOSTEGNO,FINO AL TERMINE,TRA 35 E 44,NO,SI,0,6
202425,CUNEO,SCUOLA SECONDARIA I GRADO,SOSTEGNO,ANNUALE,FINO A 34,SI,NO,0,1
202425,CREMONA,SCUOLA SECONDARIA II GRADO,SOSTEGNO,ANNUALE,TRA 45 E 54,SI,SI,1,4
202425,TERNI,SCUOLA PRIMARIA,SOSTEGNO,FINO AL TERMINE,TRA 35 E 44,NO,NO,0,7
202425,SIRACUSA,SCUOLA SECONDARIA I GRADO,SOSTEGNO,ANNUALE,TRA 35 E 44,SI,SI,0,1
202425,RAGUSA,SCUOLA INFANZIA,SOSTEGNO,FINO AL TERMINE,TRA 45 E 54,NO,SI,0,39
202425,NUORO,SCUOLA SECONDARIA II GRADO,NORMALE,ANNUALE,TRA 45 E 54,NO,SI,19,16
202425,PORDENONE,SCUOLA SECONDARIA II GRADO,NORMALE,ANNUALE,OLTRE 54,NO,NO,1,0
202425,MESSINA,SCUOLA SECONDARIA II GRADO,NORMALE,FINO AL TERMINE,TRA 35 E 44,NO,NO,20,41
202425,BARI,SCUOLA PRIMARIA,NORMALE,ANNUALE,TRA 45 E 54,NO,SI,0,26
202425,LIVORNO,SCUOLA SECONDARIA II GRADO,NORMALE,FINO AL TERMINE,OLTRE 54,NO,SI,4,8
202425,SAVONA,SCUOLA INFANZIA,NORMALE,FINO AL TERMINE,OLTRE 54,NO,SI,0,5
202425,PARMA,SCUOLA SECONDARIA II GRADO,SOSTEGNO,FINO AL TERMINE,TRA 45 E 54,NO,SI,4,19
202425,VERBANO-CUSIO-OSSOLA,SCUOLA SECONDARIA I GRADO,NORMALE,FINO AL TERMINE,FINO A 34,NO,NO,6,20
202425,TRIESTE,SCUOLA PRIMARIA,NORMALE,FINO AL TERMINE,TRA 45 E 54,NO,NO,0,7
202425,POTENZA,SCUOLA PRIMARIA,SOSTEGNO,ANNUALE,TRA 45 E 54,SI,SI,1,2
202425,ROVIGO,SCUOLA INFANZIA,SOSTEGNO,FINO AL TERMINE,OLTRE 54,NO,SI,0,8
202425,FERMO,SCUOLA SECONDARIA I GRADO,SOSTEGNO,FINO AL TERMINE,FINO A 34,NO,NO,1,1
202425,NAPOLI,SCUOLA SECONDARIA I GRADO,SOSTEGNO,FINO AL TERMINE,TRA 45 E 54,NO,NO,11,46
202425,BERGAMO,SCUOLA SECONDARIA II GRADO,NORMALE,ANNUALE,TRA 35 E 44,NO,SI,74,45
202425,ROVIGO,SCUOLA SECONDARIA I GRADO,SOSTEGNO,FINO AL TERMINE,OLTRE 54,NO,SI,3,5
202425,LECCO,SCUOLA PRIMARIA,NORMALE,ANNUALE,TRA 45 E 54,NO,SI,0,14
202425,BENEVENTO,SCUOLA PRIMARIA,SOSTEGNO,FINO AL TERMINE,TRA 35 E 44,NO,NO,0,7
202425,RAVENNA,SCUOLA SECONDARIA II GRADO,NORMALE,FINO AL TERMINE,OLTRE 54,NO,SI,2,7
202425,FROSINONE,SCUOLA SECONDARIA II GRADO,NORMALE,ANNUALE,TRA 45 E 54,NO,SI,10,10
202425,ALESSANDRIA,SCUOLA SECONDARIA II GRADO,SOSTEGNO,ANNUALE,FINO A 34,SI,SI,0,1
202425,LA SPEZIA,SCUOLA SECONDARIA I GRADO,NORMALE,FINO AL TERMINE,OLTRE 54,NO,SI,0,2
202425,MILANO,SCUOLA PRIMARIA,NORMALE,FINO AL TERMINE,FINO A 34,NO,SI,71,358
202425,PARMA,SCUOLA PRIMARIA,SOSTEGNO,ANNUALE,FINO A 34,SI,SI,1,4
202425,SAVONA,SCUOLA SECONDARIA II GRADO,NORMALE,FINO AL TERMINE,OLTRE 54,NO,SI,3,4
202425,TRIESTE,SCUOLA PRIMARIA,SOSTEGNO,FINO AL TERMINE,FINO A 34,NO,NO,1,7
202425,AGRIGENTO,SCUOLA PRIMARIA,NORMALE,ANNUALE,FINO A 34,NO,NO,0,1
202425,PRATO,SCUOLA PRIMARIA,NORMALE,ANNUALE,OLTRE 54,NO,SI,1,3
202425,PALERMO,SCUOLA SECONDARIA I GRADO,NORMALE,FINO AL TERMINE,OLTRE 54,NO,NO,3,4
202425,TRAPANI,SCUOLA SECONDARIA II GRADO,NORMALE,FINO AL TERMINE,OLTRE 54,NO,SI,9,10
202425,VERBANO-CUSIO-OSSOLA,SCUOLA INFANZIA,NORMALE,ANNUALE,OLTRE 54,NO,SI,0,4
202425,MACERATA,SCUOLA INFANZIA,NORMALE,FINO AL TERMINE,TRA 45 E 54,NO,NO,0,5
202425,BARLETTA-ANDRIA-TRANI,SCUOLA SECONDARIA I GRADO,NORMALE,ANNUALE,TRA 35 E 44,NO,SI,1,6
202425,AREZZO,SCUOLA SECONDARIA I GRADO,NORMALE,ANNUALE,TRA 35 E 44,NO,SI,2,5
202425,CATANIA,SCUOLA SECONDARIA I GRADO,SOSTEGNO,ANNUALE,TRA 45 E 54,SI,SI,1,4
202425,TERNI,SCUOLA SECONDARIA II GRADO,NORMALE,FINO AL TERMINE,TRA 35 E 44,NO,SI,6,6
202425,TORINO,SCUOLA INFANZIA,SOSTEGNO,FINO AL TERMINE,FINO A 34,NO,NO,1,8
202425,AVELLINO,SCUOLA SECONDARIA II GRADO,NORMALE,ANNUALE,OLTRE 54,NO,NO,0,1
202425,NAPOLI,SCUOLA SECONDARIA II GRADO,NORMALE,ANNUALE,TRA 45 E 54,NO,SI,45,55
202425,ASCOLI PICENO,SCUOLA PRIMARIA,SOSTEGNO,ANNUALE,FINO A 34,SI,SI,0,2
202425,BRINDISI,SCUOLA PRIMARIA,SOSTEGNO,FINO AL TERMINE,TRA 45 E 54,NO,SI,3,109
202425,AREZZO,SCUOLA SECONDARIA I GRADO,NORMALE,FINO AL TERMINE,TRA 35 E 44,NO,NO,8,20
202425,CATANZARO,SCUOLA PRIMARIA,NORMALE,ANNUALE,TRA 35 E 44,NO,SI,1,1
202425,PAVIA,SCUOLA INFANZIA,NORMALE,FINO AL TERMINE,TRA 45 E 54,NO,SI,0,9
202425,ALESSANDRIA,SCUOLA INFANZIA,NORMALE,FINO AL TERMINE,TRA 45 E 54,NO,NO,1,4
202425,ROMA,SCUOLA INFANZIA,SOSTEGNO,ANNUALE,OLTRE 54,SI,NO,0,1
202425,LIVORNO,SCUOLA INFANZIA,SOSTEGNO,FINO AL TERMINE,TRA 35 E 44,NO,NO,0,4
202425,MODENA,SCUOLA SECONDARIA I GRADO,SOSTEGNO,ANNUALE,TRA 45 E 54,SI,SI,3,8
202425,BRINDISI,SCUOLA INFANZIA,SOSTEGNO,FINO AL TERMINE,OLTRE 54,NO,NO,0,8
202425,CUNEO,SCUOLA SECONDARIA I GRADO,SOSTEGNO,FINO AL TERMINE,OLTRE 54,NO,NO,1,1
202425,NUORO,SCUOLA SECONDARIA II GRADO,SOSTEGNO,ANNUALE,TRA 35 E 44,SI,SI,1,4
202425,LATINA,SCUOLA SECONDARIA I GRADO,SOSTEGNO,FINO AL TERMINE,OLTRE 54,NO,NO,1,2
202425,MESSINA,SCUOLA SECONDARIA I GRADO,SOSTEGNO,ANNUALE,TRA 35 E 44,SI,SI,0,1
202425,BARI,SCUOLA SECONDARIA II GRADO,NORMALE,ANNUALE,FINO A 34,NO,SI,27,34
202425,MESSINA,SCUOLA PRIMARIA,NORMALE,FINO AL TERMINE,FINO A 34,NO,SI,0,1
202425,GROSSETO,SCUOLA PRIMARIA,NORMALE,FINO AL TERMINE,OLTRE 54,NO,NO,0,2
202425,CAGLIARI,SCUOLA PRIMARIA,NORMALE,FINO AL TERMINE,TRA 35 E 44,NO,NO,5,11
202425,GORIZIA,SCUOLA SECONDARIA II GRADO,NORMALE,ANNUALE,FINO A 34,NO,SI,10,16
202425,FROSINONE,SCUOLA SECONDARIA II GRADO,SOSTEGNO,FINO AL TERMINE,TRA 35 E 44,NO,NO,0,9
202425,ROMA,SCUOLA PRIMARIA,SOSTEGNO,FINO AL TERMINE,TRA 35 E 44,NO,SI,37,795
202425,FIRENZE,SCUOLA PRIMARIA,NORMALE,FINO AL TERMINE,FINO A 34,NO,NO,19,43
202425,COMO,SCUOLA INFANZIA,NORMALE,FINO AL TERMINE,FINO A 34,NO,SI,0,3
202425,SONDRIO,SCUOLA PRIMARIA,SOSTEGNO,FINO AL TERMINE,OLTRE 54,NO,SI,0,1
202425,RAVENNA,SCUOLA SECONDARIA II GRADO,NORMALE,ANNUALE,OLTRE 54,NO,SI,4,5
202425,VICENZA,SCUOLA INFANZIA,SOSTEGNO,FINO AL TERMINE,OLTRE 54,NO,NO,0,10
202425,PESCARA,SCUOLA INFANZIA,SOSTEGNO,FINO AL TERMINE,OLTRE 54,NO,SI,0,21
202425,MILANO,SCUOLA PRIMARIA,SOSTEGNO,ANNUALE,FINO A 34,NO,SI,46,321
202425,SAVONA,SCUOLA SECONDARIA II GRADO,NORMALE,ANNUALE,OLTRE 54,NO,SI,5,6
202425,BARI,SCUOLA SECONDARIA I GRADO,SOSTEGNO,ANNUALE,TRA 45 E 54,NO,SI,1,2
202425,VERCELLI,SCUOLA PRIMARIA,SOSTEGNO,ANNUALE,FINO A 34,NO,SI,2,20
202425,PARMA,SCUOLA INFANZIA,SOSTEGNO,FINO AL TERMINE,TRA 45 E 54,NO,NO,0,10
202425,MACERATA,SCUOLA PRIMARIA,NORMALE,FINO AL TERMINE,TRA 35 E 44,NO,NO,6,7
202425,VICENZA,SCUOLA SECONDARIA I GRADO,NORMALE,FINO AL TERMINE,OLTRE 54,NO,SI,0,3
202425,PESARO E URBINO,SCUOLA SECONDARIA I GRADO,NORMALE,ANNUALE,FINO A 34,NO,SI,2,6
202425,VERONA,SCUOLA SECONDARIA II GRADO,NORMALE,ANNUALE,TRA 35 E 44,SI,NO,1,0
202425,PERUGIA,SCUOLA SECONDARIA I GRADO,SOSTEGNO,FINO AL TERMINE,TRA 45 E 54,NO,SI,28,108
202425,FIRENZE,SCUOLA INFANZIA,SOSTEGNO,FINO AL TERMINE,OLTRE 54,NO,NO,0,8
202425,LECCO,SCUOLA SECONDARIA II GRADO,SOSTEGNO,ANNUALE,TRA 35 E 44,SI,SI,0,6
202425,BENEVENTO,SCUOLA INFANZIA,SOSTEGNO,ANNUALE,OLTRE 54,NO,SI,0,1
202425,REGGIO EMILIA,SCUOLA SECONDARIA II GRADO,NORMALE,FINO AL TERMINE,FINO A 34,NO,NO,45,56
202425,ORISTANO,SCUOLA SECONDARIA I GRADO,NORMALE,FINO AL TERMINE,TRA 45 E 54,NO,NO,1,3
202425,L'AQUILA,SCUOLA PRIMARIA,SOSTEGNO,FINO AL TERMINE,OLTRE 54,NO,NO,2,4
202425,BARI,SCUOLA SECONDARIA II GRADO,NORMALE,FINO AL TERMINE,TRA 45 E 54,NO,NO,24,56
202425,ENNA,SCUOLA SECONDARIA II GRADO,NORMALE,FINO AL TERMINE,TRA 35 E 44,NO,NO,10,16
202425,PISTOIA,SCUOLA SECONDARIA II GRADO,NORMALE,ANNUALE,TRA 35 E 44,NO,SI,12,6
202425,PESARO E URBINO,SCUOLA PRIMARIA,NORMALE,ANNUALE,TRA 45 E 54,NO,SI,1,5
202425,RIMINI,SCUOLA SECONDARIA II GRADO,NORMALE,FINO AL TERMINE,FINO A 34,NO,SI,13,20
202425,TORINO,SCUOLA SECONDARIA I GRADO,NORMALE,ANNUALE,FINO A 34,SI,SI,0,1
202425,IMPERIA,SCUOLA SECONDARIA I GRADO,NORMALE,ANNUALE,FINO A 34,NO,SI,4,15
202425,CROTONE,SCUOLA INFANZIA,NORMALE,FINO AL TERMINE,OLTRE 54,NO,NO,0,1
202425,VITERBO,SCUOLA SECONDARIA II GRADO,NORMALE,FINO AL TERMINE,FINO A 34,NO,NO,19,30
202425,PERUGIA,SCUOLA PRIMARIA,SOSTEGNO,FINO AL TERMINE,FINO A 34,NO,NO,1,29
202425,VARESE,SCUOLA INFANZIA,SOSTEGNO,ANNUALE,FINO A 34,NO,SI,0,2
202425,SAVONA,SCUOLA PRIMARIA,SOSTEGNO,ANNUALE,OLTRE 54,NO,SI,2,14
202425,CREMONA,SCUOLA SECONDARIA I GRADO,NORMALE,ANNUALE,TRA 35 E 44,NO,NO,0,1
202425,COMO,SCUOLA SECONDARIA II GRADO,SOSTEGNO,ANNUALE,OLTRE 54,SI,SI,0,2
202425,ROVIGO,SCUOLA SECONDARIA II GRADO,SOSTEGNO,FINO AL TERMINE,TRA 45 E 54,NO,NO,1,2
202425,BERGAMO,SCUOLA INFANZIA,NORMALE,FINO AL TERMINE,TRA 45 E 54,NO,SI,0,12
202425,CAMPOBASSO,SCUOLA INFANZIA,SOSTEGNO,FINO AL TERMINE,TRA 35 E 44,NO,SI,0,10
202425,VIBO VALENTIA,SCUOLA SECONDARIA II GRADO,NORMALE,FINO AL TERMINE,TRA 45 E 54,NO,SI,1,8
202425,PESARO E URBINO,SCUOLA SECONDARIA II GRADO,SOSTEGNO,FINO AL TERMINE,FINO A 34,NO,NO,0,4
202425,LIVORNO,SCUOLA SECONDARIA II GRADO,NORMALE,FINO AL TERMINE,FINO A 34,NO,NO,19,24
202425,LA SPEZIA,SCUOLA INFANZIA,SOSTEGNO,FINO AL TERMINE,FINO A 34,NO,NO,0,1
202425,LECCO,SCUOLA SECONDARIA I GRADO,SOSTEGNO,FINO AL TERMINE,TRA 35 E 44,NO,NO,0,9
202425,MODENA,SCUOLA SECONDARIA I GRADO,SOSTEGNO,FINO AL TERMINE,TRA 35 E 44,NO,SI,19,78
202425,MANTOVA,SCUOLA INFANZIA,NORMALE,FINO AL TERMINE,OLTRE 54,NO,SI,0,5
202425,NOVARA,SCUOLA SECONDARIA II GRADO,SOSTEGNO,FINO AL TERMINE,OLTRE 54,NO,SI,7,13
202425,PRATO,SCUOLA SECONDARIA I GRADO,SOSTEGNO,ANNUALE,OLTRE 54,SI,SI,1,0
202425,PIACENZA,SCUOLA SECONDARIA II GRADO,NORMALE,ANNUALE,FINO A 34,NO,SI,8,16
202425,LUCCA,SCUOLA SECONDARIA I GRADO,SOSTEGNO,FINO AL TERMINE,TRA 35 E 44,NO,NO,3,8
202425,ORISTANO,SCUOLA INFANZIA,SOSTEGNO,FINO AL TERMINE,TRA 35 E 44,NO,SI,0,5
202425,FOGGIA,SCUOLA SECONDARIA II GRADO,NORMALE,FINO AL TERMINE,TRA 45 E 54,NO,SI,10,12
202425,VITERBO,SCUOLA INFANZIA,SOSTEGNO,FINO AL TERMINE,TRA 45 E 54,NO,SI,1,55
202425,RAGUSA,SCUOLA SECONDARIA I GRADO,SOSTEGNO,ANNUALE,TRA 35 E 44,NO,SI,0,1
202425,L'AQUILA,SCUOLA SECONDARIA I GRADO,NORMALE,ANNUALE,TRA 35 E 44,NO,NO,1,0
202425,SUD SARDEGNA,SCUOLA SECONDARIA II GRADO,SOSTEGNO,FINO AL TERMINE,TRA 45 E 54,NO,NO,3,8
202425,GROSSETO,SCUOLA PRIMARIA,SOSTEGNO,FINO AL TERMINE,TRA 45 E 54,NO,SI,2,69
202425,GROSSETO,SCUOLA SECONDARIA II GRADO,SOSTEGNO,FINO AL TERMINE,TRA 45 E 54,NO,NO,1,2
202425,BRESCIA,SCUOLA SECONDARIA II GRADO,NORMALE,ANNUALE,TRA 35 E 44,NO,SI,80,75
202425,RIMINI,SCUOLA INFANZIA,NORMALE,FINO AL TERMINE,TRA 35 E 44,NO,SI,0,4
202425,PIACENZA,SCUOLA SECONDARIA I GRADO,NORMALE,FINO AL TERMINE,TRA 45 E 54,NO,NO,7,15
202425,VICENZA,SCUOLA SECONDARIA I GRADO,NORMALE,ANNUALE,FINO A 34,SI,SI,0,1
202425,MODENA,SCUOLA SECONDARIA I GRADO,SOSTEGNO,ANNUALE,FINO A 34,SI,SI,2,7
202425,ANCONA,SCUOLA INFANZIA,SOSTEGNO,FINO AL TERMINE,TRA 45 E 54,NO,NO,0,15
202425,LA SPEZIA,SCUOLA SECONDARIA I GRADO,NORMALE,ANNUALE,TRA 45 E 54,NO,SI,3,3
202425,PISTOIA,SCUOLA SECONDARIA II GRADO,SOSTEGNO,ANNUALE,TRA 35 E 44,SI,SI,0,3
202425,PESARO E URBINO,SCUOLA PRIMARIA,SOSTEGNO,ANNUALE,TRA 45 E 54,SI,SI,0,1
202425,BERGAMO,SCUOLA PRIMARIA,SOSTEGNO,FINO AL TERMINE,TRA 35 E 44,NO,NO,1,23
202425,BELLUNO,SCUOLA SECONDARIA I GRADO,NORMALE,ANNUALE,FINO A 34,NO,SI,5,5
202425,AREZZO,SCUOLA SECONDARIA II GRADO,SOSTEGNO,FINO AL TERMINE,TRA 45 E 54,NO,SI,19,61
202425,RAVENNA,SCUOLA PRIMARIA,SOSTEGNO,ANNUALE,TRA 45 E 54,NO,NO,0,1
202425,SIRACUSA,SCUOLA SECONDARIA II GRADO,NORMALE,ANNUALE,TRA 35 E 44,SI,SI,0,1
202425,PISA,SCUOLA PRIMARIA,NORMALE,FINO AL TERMINE,OLTRE 54,NO,NO,1,5
202425,RIETI,SCUOLA PRIMARIA,NORMALE,FINO AL TERMINE,OLTRE 54,NO,SI,0,6
202425,NUORO,SCUOLA PRIMARIA,SOSTEGNO,FINO AL TERMINE,TRA 35 E 44,NO,NO,0,3
202425,SIRACUSA,SCUOLA PRIMARIA,NORMALE,FINO AL TERMINE,FINO A 34,NO,NO,3,7
202425,BARLETTA-ANDRIA-TRANI,SCUOLA SECONDARIA II GRADO,NORMALE,FINO AL TERMINE,OLTRE 54,NO,SI,10,4
202425,RAGUSA,SCUOLA SECONDARIA I GRADO,NORMALE,FINO AL TERMINE,TRA 35 E 44,NO,NO,4,10
202425,SAVONA,SCUOLA INFANZIA,SOSTEGNO,FINO AL TERMINE,OLTRE 54,NO,NO,0,4
202425,TREVISO,SCUOLA SECONDARIA II GRADO,NORMALE,FINO AL TERMINE,FINO A 34,NO,NO,37,62
202425,POTENZA,SCUOLA SECONDARIA I GRADO,SOSTEGNO,FINO AL TERMINE,TRA 45 E 54,NO,SI,1,10
202425,REGGIO EMILIA,SCUOLA SECONDARIA I GRADO,SOSTEGNO,ANNUALE,FINO A 34,SI,SI,2,3
202425,VENEZIA,SCUOLA INFANZIA,SOSTEGNO,FINO AL TERMINE,TRA 45 E 54,NO,SI,0,41
202425,REGGIO CALABRIA,SCUOLA SECONDARIA I GRADO,NORMALE,FINO AL TERMINE,FINO A 34,NO,SI,2,5
202425,TORINO,SCUOLA SECONDARIA I GRADO,NORMALE,FINO AL TERMINE,OLTRE 54,NO,NO,3,14
202425,MACERATA,SCUOLA INFANZIA,NORMALE,ANNUALE,TRA 45 E 54,NO,SI,0,10
202425,MACERATA,SCUOLA SECONDARIA I GRADO,NORMALE,ANNUALE,OLTRE 54,NO,SI,0,2
202425,ANCONA,SCUOLA SECONDARIA II GRADO,NORMALE,FINO AL TERMINE,OLTRE 54,NO,SI,10,11
202425,TERAMO,SCUOLA SECONDARIA II GRADO,SOSTEGNO,FINO AL TERMINE,FINO A 34,NO,NO,1,2
202425,LUCCA,SCUOLA SECONDARIA II GRADO,NORMALE,ANNUALE,TRA 35 E 44,NO,NO,1,1
202425,UDINE,SCUOLA PRIMARIA,NORMALE,FINO AL TERMINE,OLTRE 54,NO,SI,1,6
202425,VITERBO,SCUOLA SECONDARIA I GRADO,SOSTEGNO,FINO AL TERMINE,TRA 35 E 44,NO,SI,13,79
202425,PORDENONE,SCUOLA SECONDARIA II GRADO,SOSTEGNO,FINO AL TERMINE,FINO A 34,NO,SI,8,26
202425,MILANO,SCUOLA INFANZIA,NORMALE,ANNUALE,TRA 45 E 54,NO,SI,1,42
202425,ROMA,SCUOLA SECONDARIA II GRADO,NORMALE,ANNUALE,TRA 45 E 54,NO,SI,101,116
202425,LIVORNO,SCUOLA SECONDARIA II GRADO,SOSTEGNO,ANNUALE,TRA 45 E 54,SI,SI,0,1
202425,LA SPEZIA,SCUOLA PRIMARIA,NORMALE,FINO AL TERMINE,FINO A 34,NO,SI,0,3
202425,TRIESTE,SCUOLA PRIMARIA,SOSTEGNO,FINO AL TERMINE,TRA 45 E 54,NO,NO,0,3
202425,POTENZA,SCUOLA SECONDARIA II GRADO,NORMALE,FINO AL TERMINE,OLTRE 54,NO,NO,15,16
202425,PIACENZA,SCUOLA INFANZIA,SOSTEGNO,ANNUALE,TRA 45 E 54,SI,SI,0,7
202425,AGRIGENTO,SCUOLA SECONDARIA I GRADO,NORMALE,FINO AL TERMINE,TRA 35 E 44,NO,NO,3,13
202425,MONZA E DELLA BRIANZA,SCUOLA SECONDARIA I GRADO,SOSTEGNO,ANNUALE,FINO A 34,NO,SI,2,2
202425,BRESCIA,SCUOLA SECONDARIA I GRADO,NORMALE,FINO AL TERMINE,OLTRE 54,NO,SI,4,5
202425,MANTOVA,SCUOLA INFANZIA,SOSTEGNO,FINO AL TERMINE,FINO A 34,NO,NO,0,15
202425,CATANZARO,SCUOLA SECONDARIA I GRADO,SOSTEGNO,ANNUALE,TRA 35 E 44,SI,SI,0,1
202425,TERNI,SCUOLA SECONDARIA I GRADO,NORMALE,FINO AL TERMINE,FINO A 34,NO,SI,2,5
202425,LATINA,SCUOLA INFANZIA,NORMALE,FINO AL TERMINE,TRA 45 E 54,NO,NO,0,4
202425,FERRARA,SCUOLA SECONDARIA I GRADO,SOSTEGNO,ANNUALE,FINO A 34,SI,SI,0,1
202425,TARANTO,SCUOLA INFANZIA,SOSTEGNO,ANNUALE,FINO A 34,SI,SI,0,3
202425,ISERNIA,SCUOLA PRIMARIA,NORMALE,ANNUALE,OLTRE 54,NO,SI,0,1
202425,MANTOVA,SCUOLA SECONDARIA II GRADO,SOSTEGNO,FINO AL TERMINE,TRA 45 E 54,NO,NO,0,3
202425,IMPERIA,SCUOLA PRIMARIA,SOSTEGNO,FINO AL TERMINE,OLTRE 54,NO,SI,0,11
202425,BRINDISI,SCUOLA SECONDARIA I GRADO,NORMALE,ANNUALE,TRA 35 E 44,NO,NO,0,1
202425,SASSARI,SCUOLA PRIMARIA,SOSTEGNO,ANNUALE,TRA 45 E 54,NO,SI,1,8
202425,CUNEO,SCUOLA SECONDARIA II GRADO,SOSTEGNO,FINO AL TERMINE,TRA 35 E 44,NO,NO,8,9
202425,VARESE,SCUOLA SECONDARIA II GRADO,NORMALE,ANNUALE,TRA 35 E 44,NO,NO,0,3
202425,SIRACUSA,SCUOLA SECONDARIA II GRADO,NORMALE,ANNUALE,FINO A 34,NO,NO,3,0
202425,CATANIA,SCUOLA SECONDARIA II GRADO,NORMALE,FINO AL TERMINE,FINO A 34,NO,NO,16,30
202425,RAGUSA,SCUOLA SECONDARIA I GRADO,SOSTEGNO,FINO AL TERMINE,TRA 35 E 44,NO,NO,0,4
202425,ROVIGO,SCUOLA PRIMARIA,NORMALE,FINO AL TERMINE,OLTRE 54,NO,SI,0,3
202425,AVELLINO,SCUOLA SECONDARIA I GRADO,NORMALE,ANNUALE,OLTRE 54,NO,SI,1,0
202425,VENEZIA,SCUOLA SECONDARIA I GRADO,NORMALE,FINO AL TERMINE,TRA 35 E 44,NO,NO,11,23
202425,CHIETI,SCUOLA SECONDARIA I GRADO,NORMALE,FINO AL TERMINE,FINO A 34,NO,SI,3,4
202425,SALERNO,SCUOLA SECONDARIA II GRADO,NORMALE,ANNUALE,FINO A 34,NO,NO,1,1
202425,COMO,SCUOLA INFANZIA,NORMALE,ANNUALE,TRA 45 E 54,NO,SI,0,4
202425,COMO,SCUOLA PRIMARIA,NORMALE,FINO AL TERMINE,TRA 35 E 44,NO,SI,0,29
202425,CASERTA,SCUOLA PRIMARIA,NORMALE,FINO AL TERMINE,OLTRE 54,NO,NO,1,4
202425,VERCELLI,SCUOLA SECONDARIA I GRADO,SOSTEGNO,ANNUALE,TRA 35 E 44,NO,NO,0,1
202425,VERONA,SCUOLA PRIMARIA,SOSTEGNO,FINO AL TERMINE,OLTRE 54,NO,SI,0,36
202425,MASSA-CARRARA,SCUOLA SECONDARIA II GRADO,NORMALE,ANNUALE,TRA 45 E 54,NO,NO,1,1
202425,CHIETI,SCUOLA PRIMARIA,NORMALE,FINO AL TERMINE,OLTRE 54,NO,SI,0,8
202425,ISERNIA,SCUOLA SECONDARIA II GRADO,NORMALE,ANNUALE,OLTRE 54,NO,SI,2,0
202425,VENEZIA,SCUOLA SECONDARIA II GRADO,SOSTEGNO,ANNUALE,FINO A 34,SI,SI,0,2
202425,REGGIO EMILIA,SCUOLA INFANZIA,SOSTEGNO,ANNUALE,TRA 35 E 44,SI,SI,0,1
202425,ASTI,SCUOLA PRIMARIA,SOSTEGNO,ANNUALE,TRA 35 E 44,SI,SI,0,2
202425,VARESE,SCUOLA SECONDARIA II GRADO,NORMALE,ANNUALE,TRA 35 E 44,NO,SI,83,70
202425,TERAMO,SCUOLA SECONDARIA II GRADO,NORMALE,FINO AL TERMINE,OLTRE 54,NO,SI,2,2
202425,LATINA,SCUOLA SECONDARIA I GRADO,NORMALE,ANNUALE,OLTRE 54,NO,SI,1,3
202425,MESSINA,SCUOLA SECONDARIA II GRADO,NORMALE,ANNUALE,TRA 45 E 54,NO,SI,11,16
202425,PARMA,SCUOLA SECONDARIA I GRADO,NORMALE,FINO AL TERMINE,FINO A 34,NO,SI,4,25
202425,VENEZIA,SCUOLA PRIMARIA,SOSTEGNO,FINO AL TERMINE,FINO A 34,NO,SI,22,150
202425,TREVISO,SCUOLA INFANZIA,SOSTEGNO,FINO AL TERMINE,FINO A 34,NO,NO,1,11
202425,SASSARI,SCUOLA INFANZIA,NORMALE,FINO AL TERMINE,TRA 45 E 54,NO,NO,0,4
202425,LECCE,SCUOLA SECONDARIA II GRADO,NORMALE,FINO AL TERMINE,OLTRE 54,NO,NO,13,20
202425,PISTOIA,SCUOLA PRIMARIA,SOSTEGNO,ANNUALE,TRA 45 E 54,SI,SI,0,4
202425,BENEVENTO,SCUOLA SECONDARIA I GRADO,NORMALE,FINO AL TERMINE,OLTRE 54,NO,NO,0,3
202425,REGGIO CALABRIA,SCUOLA PRIMARIA,NORMALE,FINO AL TERMINE,TRA 35 E 44,NO,NO,9,8
202425,VIBO VALENTIA,SCUOLA PRIMARIA,NORMALE,FINO AL TERMINE,TRA 35 E 44,NO,NO,3,2
202425,ANCONA,SCUOLA PRIMARIA,SOSTEGNO,ANNUALE,TRA 45 E 54,SI,SI,0,1
202425,FERRARA,SCUOLA SECONDARIA II GRADO,NORMALE,ANNUALE,OLTRE 54,NO,SI,8,2
202425,MATERA,SCUOLA SECONDARIA II GRADO,NORMALE,ANNUALE,FINO A 34,NO,SI,4,15
202425,FERRARA,SCUOLA PRIMARIA,NORMALE,FINO AL TERMINE,FINO A 34,NO,NO,9,14
202425,RIMINI,SCUOLA PRIMARIA,NORMALE,FINO AL TERMINE,OLTRE 54,NO,SI,1,10
202425,BERGAMO,SCUOLA SECONDARIA I GRADO,NORMALE,FINO AL TERMINE,OLTRE 54,NO,NO,12,19
202425,PALERMO,SCUOLA SECONDARIA II GRADO,SOSTEGNO,FINO AL TERMINE,TRA 35 E 44,NO,NO,3,10
202425,BRINDISI,SCUOLA SECONDARIA I GRADO,SOSTEGNO,ANNUALE,TRA 45 E 54,NO,SI,0,1
202425,SASSARI,SCUOLA SECONDARIA I GRADO,NORMALE,ANNUALE,TRA 35 E 44,NO,SI,10,19
202425,VICENZA,SCUOLA PRIMARIA,NORMALE,FINO AL TERMINE,TRA 45 E 54,NO,SI,1,39
202425,BARLETTA-ANDRIA-TRANI,SCUOLA SECONDARIA II GRADO,SOSTEGNO,FINO AL TERMINE,OLTRE 54,NO,SI,6,14
202425,PAVIA,SCUOLA SECONDARIA II GRADO,SOSTEGNO,FINO AL TERMINE,FINO A 34,NO,NO,1,1
202425,LA SPEZIA,SCUOLA SECONDARIA II GRADO,SOSTEGNO,FINO AL TERMINE,TRA 35 E 44,NO,NO,0,4
202425,VERCELLI,SCUOLA SECONDARIA I GRADO,SOSTEGNO,FINO AL TERMINE,TRA 45 E 54,NO,NO,1,2
202425,BARI,SCUOLA INFANZIA,SOSTEGNO,FINO AL TERMINE,FINO A 34,NO,NO,0,6
202425,FERRARA,SCUOLA SECONDARIA II GRADO,NORMALE,FINO AL TERMINE,TRA 35 E 44,NO,SI,14,18
202425,PERUGIA,SCUOLA SECONDARIA II GRADO,NORMALE,FINO AL TERMINE,FINO A 34,NO,NO,36,41
202425,ISERNIA,SCUOLA SECONDARIA II GRADO,SOSTEGNO,FINO AL TERMINE,FINO A 34,NO,SI,0,6
202425,ASCOLI PICENO,SCUOLA SECONDARIA II GRADO,NORMALE,ANNUALE,TRA 35 E 44,NO,SI,4,5
202425,VENEZIA,SCUOLA SECONDARIA II GRADO,SOSTEGNO,FINO AL TERMINE,TRA 35 E 44,NO,SI,29,85
202425,VICENZA,SCUOLA SECONDARIA II GRADO,NORMALE,FINO AL TERMINE,OLTRE 54,NO,SI,8,7
202425,TARANTO,SCUOLA PRIMARIA,SOSTEGNO,FINO AL TERMINE,OLTRE 54,NO,NO,1,10
202425,MESSINA,SCUOLA INFANZIA,SOSTEGNO,FINO AL TERMINE,TRA 45 E 54,NO,NO,0,20
202425,CASERTA,SCUOLA SECONDARIA I GRADO,SOSTEGNO,FINO AL TERMINE,TRA 45 E 54,NO,NO,3,18
202425,FERMO,SCUOLA SECONDARIA II GRADO,NORMALE,ANNUALE,FINO A 34,NO,SI,3,6
202425,PALERMO,SCUOLA SECONDARIA II GRADO,NORMALE,ANNUALE,TRA 35 E 44,NO,NO,1,1
202425,GROSSETO,SCUOLA INFANZIA,SOSTEGNO,FINO AL TERMINE,TRA 45 E 54,NO,NO,0,4
202425,REGGIO EMILIA,SCUOLA PRIMARIA,NORMALE,ANNUALE,TRA 35 E 44,NO,SI,1,5
202425,CHIETI,SCUOLA SECONDARIA II GRADO,NORMALE,FINO AL TERMINE,FINO A 34,NO,SI,5,6
202425,PISA,SCUOLA SECONDARIA I GRADO,NORMALE,FINO AL TERMINE,OLTRE 54,NO,NO,1,4
202425,CALTANISSETTA,SCUOLA SECONDARIA I GRADO,SOSTEGNO,FINO AL TERMINE,FINO A 34,NO,SI,1,18
202425,RIETI,SCUOLA SECONDARIA I GRADO,SOSTEGNO,FINO AL TERMINE,OLTRE 54,NO,NO,0,1
202425,MILANO,SCUOLA SECONDARIA I GRADO,SOSTEGNO,ANNUALE,OLTRE 54,NO,SI,0,3
202425,CATANIA,SCUOLA SECONDARIA II GRADO,NORMALE,FINO AL TERMINE,TRA 35 E 44,NO,SI,27,40
202425,TERNI,SCUOLA SECONDARIA II GRADO,NORMALE,ANNUALE,FINO A 34,NO,NO,1,2
202425,L'AQUILA,SCUOLA SECONDARIA I GRADO,SOSTEGNO,FINO AL TERMINE,OLTRE 54,NO,NO,0,1
202425,PESARO E URBINO,SCUOLA PRIMARIA,SOSTEGNO,FINO AL TERMINE,OLTRE 54,NO,SI,2,28
202425,BRESCIA,SCUOLA PRIMARIA,SOSTEGNO,FINO AL TERMINE,FINO A 34,NO,SI,31,206
202425,ASCOLI PICENO,SCUOLA SECONDARIA II GRADO,NORMALE,FINO AL TERMINE,TRA 45 E 54,NO,SI,3,3
202425,RIETI,SCUOLA PRIMARIA,NORMALE,FINO AL TERMINE,TRA 45 E 54,NO,SI,1,11
202425,PADOVA,SCUOLA INFANZIA,NORMALE,FINO AL TERMINE,TRA 35 E 44,NO,SI,0,2
202425,NUORO,SCUOLA SECONDARIA II GRADO,NORMALE,ANNUALE,OLTRE 54,NO,SI,11,4
202425,BOLOGNA,SCUOLA SECONDARIA I GRADO,NORMALE,ANNUALE,TRA 35 E 44,NO,SI,1,2
202425,PERUGIA,SCUOLA INFANZIA,NORMALE,ANNUALE,TRA 45 E 54,NO,NO,0,2
202425,BERGAMO,SCUOLA PRIMARIA,SOSTEGNO,ANNUALE,TRA 45 E 54,NO,SI,9,84
202425,LECCE,SCUOLA INFANZIA,NORMALE,FINO AL TERMINE,OLTRE 54,NO,NO,0,1
202425,VICENZA,SCUOLA INFANZIA,SOSTEGNO,ANNUALE,FINO A 34,SI,SI,0,1
202425,PIACENZA,SCUOLA INFANZIA,SOSTEGNO,FINO AL TERMINE,OLTRE 54,NO,NO,0,4
202425,MODENA,SCUOLA PRIMARIA,NORMALE,FINO AL TERMINE,FINO A 34,NO,NO,17,32
202425,BIELLA,SCUOLA INFANZIA,SOSTEGNO,FINO AL TERMINE,TRA 35 E 44,NO,NO,0,2
202425,VERONA,SCUOLA PRIMARIA,NORMALE,ANNUALE,TRA 35 E 44,NO,SI,3,8
202425,VERONA,SCUOLA SECONDARIA I GRADO,NORMALE,FINO AL TERMINE,TRA 35 E 44,NO,SI,5,14
202425,AGRIGENTO,SCUOLA SECONDARIA II GRADO,SOSTEGNO,FINO AL TERMINE,TRA 45 E 54,NO,SI,0,1
202425,SONDRIO,SCUOLA SECONDARIA I GRADO,SOSTEGNO,FINO AL TERMINE,TRA 35 E 44,NO,SI,8,10
202425,VERBANO-CUSIO-OSSOLA,SCUOLA INFANZIA,NORMALE,FINO AL TERMINE,TRA 45 E 54,NO,NO,0,1
202425,PIACENZA,SCUOLA PRIMARIA,NORMALE,FINO AL TERMINE,OLTRE 54,NO,NO,1,1
202425,VICENZA,SCUOLA SECONDARIA II GRADO,NORMALE,ANNUALE,TRA 45 E 54,SI,SI,0,1
202425,LUCCA,SCUOLA SECONDARIA II GRADO,NORMALE,FINO AL TERMINE,TRA 35 E 44,NO,SI,7,10
202425,MESSINA,SCUOLA SECONDARIA I GRADO,NORMALE,FINO AL TERMINE,FINO A 34,NO,NO,2,4
202425,PESARO E URBINO,SCUOLA INFANZIA,NORMALE,FINO AL TERMINE,OLTRE 54,NO,NO,0,3
202425,LIVORNO,SCUOLA PRIMARIA,NORMALE,FINO AL TERMINE,TRA 45 E 54,NO,NO,0,21
202425,LECCE,SCUOLA INFANZIA,SOSTEGNO,FINO AL TERMINE,OLTRE 54,NO,NO,1,6
202425,CALTANISSETTA,SCUOLA PRIMARIA,NORMALE,FINO AL TERMINE,TRA 45 E 54,NO,NO,2,7
202425,PESCARA,SCUOLA SECONDARIA I GRADO,NORMALE,FINO AL TERMINE,FINO A 34,NO,SI,0,2
202425,REGGIO EMILIA,SCUOLA SECONDARIA II GRADO,NORMALE,FINO AL TERMINE,TRA 35 E 44,NO,SI,17,30
202425,RAVENNA,SCUOLA SECONDARIA I GRADO,NORMALE,ANNUALE,TRA 35 E 44,SI,SI,0,1
202425,RIETI,SCUOLA SECONDARIA I GRADO,NORMALE,ANNUALE,TRA 35 E 44,NO,SI,0,9
202425,TERNI,SCUOLA SECONDARIA I GRADO,NORMALE,ANNUALE,OLTRE 54,NO,NO,0,1
202425,TERNI,SCUOLA SECONDARIA II GRADO,SOSTEGNO,ANNUALE,TRA 45 E 54,SI,SI,0,2
202425,FOGGIA,SCUOLA SECONDARIA II GRADO,SOSTEGNO,FINO AL TERMINE,TRA 45 E 54,NO,SI,23,73
202425,PRATO,SCUOLA SECONDARIA II GRADO,NORMALE,FINO AL TERMINE,TRA 45 E 54,NO,NO,15,10
202425,L'AQUILA,SCUOLA SECONDARIA II GRADO,SOSTEGNO,ANNUALE,TRA 45 E 54,SI,SI,0,1
202425,BIELLA,SCUOLA SECONDARIA I GRADO,NORMALE,FINO AL TERMINE,TRA 45 E 54,NO,NO,2,3
202425,SAVONA,SCUOLA INFANZIA,SOSTEGNO,ANNUALE,OLTRE 54,NO,SI,0,1
202425,CREMONA,SCUOLA SECONDARIA I GRADO,NORMALE,FINO AL TERMINE,TRA 35 E 44,NO,SI,3,6
202425,AREZZO,SCUOLA SECONDARIA II GRADO,SOSTEGNO,FINO AL TERMINE,TRA 35 E 44,NO,NO,3,10
202425,LECCO,SCUOLA INFANZIA,SOSTEGNO,ANNUALE,TRA 45 E 54,SI,SI,0,1
202425,SALERNO,SCUOLA PRIMARIA,SOSTEGNO,ANNUALE,TRA 45 E 54,NO,SI,0,3
202425,VENEZIA,SCUOLA INFANZIA,NORMALE,ANNUALE,TRA 35 E 44,NO,SI,0,2
202425,TERNI,SCUOLA INFANZIA,SOSTEGNO,FINO AL TERMINE,OLTRE 54,NO,NO,0,1
202425,SIRACUSA,SCUOLA PRIMARIA,SOSTEGNO,FINO AL TERMINE,OLTRE 54,NO,NO,0,7
202425,GORIZIA,SCUOLA PRIMARIA,SOSTEGNO,ANNUALE,TRA 45 E 54,NO,SI,1,9
202425,AGRIGENTO,SCUOLA SECONDARIA II GRADO,NORMALE,ANNUALE,FINO A 34,NO,SI,12,16
202425,SUD SARDEGNA,SCUOLA SECONDARIA II GRADO,NORMALE,ANNUALE,TRA 45 E 54,NO,SI,26,32
202425,CASERTA,SCUOLA SECONDARIA I GRADO,NORMALE,ANNUALE,FINO A 34,NO,SI,8,29
202425,IMPERIA,SCUOLA SECONDARIA II GRADO,NORMALE,ANNUALE,TRA 35 E 44,NO,SI,13,12
202425,MASSA-CARRARA,SCUOLA INFANZIA,SOSTEGNO,FINO AL TERMINE,TRA 35 E 44,NO,NO,0,1
202425,ROVIGO,SCUOLA SECONDARIA II GRADO,NORMALE,ANNUALE,TRA 45 E 54,NO,SI,13,15
202425,MACERATA,SCUOLA SECONDARIA I GRADO,NORMALE,FINO AL TERMINE,TRA 45 E 54,NO,NO,10,13
202425,CROTONE,SCUOLA PRIMARIA,SOSTEGNO,ANNUALE,FINO A 34,SI,SI,0,2
202425,TRIESTE,SCUOLA SECONDARIA II GRADO,SOSTEGNO,FINO AL TERMINE,FINO A 34,NO,SI,2,8
202425,LATINA,SCUOLA PRIMARIA,NORMALE,FINO AL TERMINE,TRA 45 E 54,NO,SI,0,16
202425,BOLOGNA,SCUOLA INFANZIA,NORMALE,ANNUALE,OLTRE 54,NO,SI,0,1
202425,MILANO,SCUOLA INFANZIA,SOSTEGNO,ANNUALE,OLTRE 54,SI,SI,0,5
202425,FORLI'-CESENA,SCUOLA INFANZIA,NORMALE,FINO AL TERMINE,TRA 45 E 54,NO,SI,0,11
202425,ROVIGO,SCUOLA PRIMARIA,SOSTEGNO,ANNUALE,TRA 45 E 54,NO,NO,0,1
202425,ASTI,SCUOLA SECONDARIA II GRADO,NORMALE,ANNUALE,OLTRE 54,NO,SI,5,2
202425,TRAPANI,SCUOLA PRIMARIA,NORMALE,FINO AL TERMINE,OLTRE 54,NO,SI,0,10
202425,MASSA-CARRARA,SCUOLA PRIMARIA,NORMALE,FINO AL TERMINE,FINO A 34,NO,NO,3,7
202425,REGGIO CALABRIA,SCUOLA SECONDARIA I GRADO,SOSTEGNO,ANNUALE,TRA 35 E 44,NO,SI,1,0
202425,ANCONA,SCUOLA SECONDARIA II GRADO,SOSTEGNO,FINO AL TERMINE,OLTRE 54,NO,SI,1,15
202425,GORIZIA,SCUOLA PRIMARIA,SOSTEGNO,ANNUALE,FINO A 34,NO,SI,0,4
202425,ROMA,SCUOLA INFANZIA,SOSTEGNO,FINO AL TERMINE,TRA 35 E 44,NO,NO,0,15
202425,PARMA,SCUOLA SECONDARIA II GRADO,NORMALE,FINO AL TERMINE,TRA 35 E 44,NO,SI,13,17
202425,PESCARA,SCUOLA PRIMARIA,NORMALE,FINO AL TERMINE,OLTRE 54,NO,NO,3,3
202425,MASSA-CARRARA,SCUOLA SECONDARIA II GRADO,SOSTEGNO,ANNUALE,TRA 45 E 54,SI,SI,1,2
202425,FORLI'-CESENA,SCUOLA SECONDARIA II GRADO,NORMALE,FINO AL TERMINE,OLTRE 54,NO,SI,1,8
202425,ROVIGO,SCUOLA PRIMARIA,SOSTEGNO,FINO AL TERMINE,TRA 35 E 44,NO,NO,0,6
202425,PALERMO,SCUOLA PRIMARIA,NORMALE,FINO AL TERMINE,FINO A 34,NO,SI,1,13
202425,TREVISO,SCUOLA PRIMARIA,SOSTEGNO,FINO AL TERMINE,OLTRE 54,NO,NO,0,8
202425,BRESCIA,SCUOLA SECONDARIA II GRADO,SOSTEGNO,ANNUALE,TRA 35 E 44,SI,NO,0,2
202425,BELLUNO,SCUOLA SECONDARIA II GRADO,SOSTEGNO,FINO AL TERMINE,OLTRE 54,NO,SI,0,2
202425,SONDRIO,SCUOLA PRIMARIA,NORMALE,ANNUALE,TRA 35 E 44,NO,SI,0,3
202425,RIMINI,SCUOLA INFANZIA,SOSTEGNO,FINO AL TERMINE,OLTRE 54,NO,SI,0,16
202425,VIBO VALENTIA,SCUOLA SECONDARIA II GRADO,NORMALE,ANNUALE,OLTRE 54,NO,SI,1,3
202425,MANTOVA,SCUOLA PRIMARIA,SOSTEGNO,ANNUALE,FINO A 34,SI,SI,1,4
202425,CATANZARO,SCUOLA PRIMARIA,NORMALE,FINO AL TERMINE,OLTRE 54,NO,NO,1,1
202425,PIACENZA,SCUOLA PRIMARIA,NORMALE,FINO AL TERMINE,TRA 35 E 44,NO,SI,0,13
202425,TORINO,SCUOLA INFANZIA,NORMALE,ANNUALE,TRA 35 E 44,NO,SI,0,7
202425,PRATO,SCUOLA SECONDARIA II GRADO,SOSTEGNO,FINO AL TERMINE,TRA 35 E 44,NO,SI,20,51
202425,ORISTANO,SCUOLA SECONDARIA I GRADO,NORMALE,FINO AL TERMINE,OLTRE 54,NO,SI,0,1
202425,PARMA,SCUOLA PRIMARIA,NORMALE,FINO AL TERMINE,FINO A 34,NO,NO,11,19
202425,BARI,SCUOLA PRIMARIA,NORMALE,FINO AL TERMINE,TRA 45 E 54,NO,SI,2,63
202425,SAVONA,SCUOLA SECONDARIA I GRADO,NORMALE,FINO AL TERMINE,FINO A 34,NO,NO,4,10
202425,SAVONA,SCUOLA SECONDARIA I GRADO,NORMALE,FINO AL TERMINE,TRA 45 E 54,NO,NO,1,10
202425,VERCELLI,SCUOLA INFANZIA,NORMALE,ANNUALE,TRA 35 E 44,NO,SI,0,2
202425,PADOVA,SCUOLA SECONDARIA I GRADO,SOSTEGNO,FINO AL TERMINE,OLTRE 54,NO,NO,1,4
202425,TRAPANI,SCUOLA SECONDARIA II GRADO,NORMALE,ANNUALE,OLTRE 54,NO,NO,0,1
202425,GROSSETO,SCUOLA SECONDARIA II GRADO,NORMALE,FINO AL TERMINE,OLTRE 54,NO,NO,8,10
202425,BRESCIA,SCUOLA SECONDARIA I GRADO,SOSTEGNO,FINO AL TERMINE,OLTRE 54,NO,SI,14,20
202425,CROTONE,SCUOLA SECONDARIA II GRADO,SOSTEGNO,FINO AL TERMINE,TRA 45 E 54,NO,SI,4,21
202425,TORINO,SCUOLA INFANZIA,SOSTEGNO,ANNUALE,FINO A 34,NO,SI,0,1
202425,ALESSANDRIA,SCUOLA SECONDARIA II GRADO,NORMALE,ANNUALE,FINO A 34,NO,NO,1,0
202425,LODI,SCUOLA PRIMARIA,SOSTEGNO,FINO AL TERMINE,OLTRE 54,NO,NO,0,1
202425,NOVARA,SCUOLA INFANZIA,SOSTEGNO,FINO AL TERMINE,TRA 45 E 54,NO,SI,1,23
202425,SAVONA,SCUOLA SECONDARIA I GRADO,SOSTEGNO,ANNUALE,TRA 35 E 44,SI,SI,0,11
202425,VERCELLI,SCUOLA INFANZIA,SOSTEGNO,ANNUALE,TRA 35 E 44,NO,SI,0,6
202425,MASSA-CARRARA,SCUOLA SECONDARIA II GRADO,SOSTEGNO,ANNUALE,TRA 45 E 54,NO,SI,0,1
202425,PRATO,SCUOLA PRIMARIA,SOSTEGNO,ANNUALE,FINO A 34,NO,SI,0,2
202425,FERRARA,SCUOLA PRIMARIA,SOSTEGNO,ANNUALE,TRA 35 E 44,NO,SI,0,1
202425,PALERMO,SCUOLA PRIMARIA,SOSTEGNO,FINO AL TERMINE,FINO A 34,NO,SI,19,363
202425,SASSARI,SCUOLA INFANZIA,SOSTEGNO,FINO AL TERMINE,TRA 35 E 44,NO,SI,0,27
202425,ORISTANO,SCUOLA SECONDARIA I GRADO,SOSTEGNO,FINO AL TERMINE,TRA 35 E 44,NO,NO,2,2
202425,BRINDISI,SCUOLA SECONDARIA II GRADO,NORMALE,ANNUALE,OLTRE 54,NO,NO,1,1
202425,VICENZA,SCUOLA PRIMARIA,SOSTEGNO,ANNUALE,TRA 45 E 54,SI,SI,1,11
202425,PIACENZA,SCUOLA SECONDARIA II GRADO,NORMALE,FINO AL TERMINE,TRA 35 E 44,NO,NO,11,15
202425,GORIZIA,SCUOLA SECONDARIA I GRADO,NORMALE,ANNUALE,FINO A 34,NO,SI,4,10
202425,BELLUNO,SCUOLA INFANZIA,NORMALE,FINO AL TERMINE,TRA 35 E 44,NO,SI,0,1
202425,ANCONA,SCUOLA SECONDARIA I GRADO,NORMALE,FINO AL TERMINE,OLTRE 54,NO,NO,3,6
202425,MATERA,SCUOLA INFANZIA,NORMALE,ANNUALE,TRA 35 E 44,NO,SI,0,1
202425,MONZA E DELLA BRIANZA,SCUOLA SECONDARIA I GRADO,NORMALE,FINO AL TERMINE,TRA 45 E 54,NO,NO,12,43
202425,BERGAMO,SCUOLA SECONDARIA I GRADO,SOSTEGNO,FINO AL TERMINE,OLTRE 54,NO,NO,1,2
202425,RIMINI,SCUOLA SECONDARIA I GRADO,NORMALE,FINO AL TERMINE,TRA 45 E 54,NO,SI,2,14
202425,REGGIO EMILIA,SCUOLA SECONDARIA I GRADO,NORMALE,ANNUALE,TRA 35 E 44,NO,SI,1,4
202425,MACERATA,SCUOLA PRIMARIA,SOSTEGNO,FINO AL TERMINE,TRA 35 E 44,NO,NO,0,13
202425,BELLUNO,SCUOLA INFANZIA,SOSTEGNO,FINO AL TERMINE,TRA 35 E 44,NO,SI,0,7
202425,UDINE,SCUOLA SECONDARIA I GRADO,SOSTEGNO,FINO AL TERMINE,TRA 45 E 54,NO,SI,8,48
202425,BARI,SCUOLA PRIMARIA,SOSTEGNO,FINO AL TERMINE,FINO A 34,NO,SI,5,171
202425,PRATO,SCUOLA INFANZIA,NORMALE,FINO AL TERMINE,TRA 45 E 54,NO,SI,0,6
202425,TARANTO,SCUOLA SECONDARIA I GRADO,NORMALE,FINO AL TERMINE,FINO A 34,NO,SI,1,6
202425,MATERA,SCUOLA SECONDARIA II GRADO,NORMALE,FINO AL TERMINE,OLTRE 54,NO,SI,2,2
202425,PALERMO,SCUOLA INFANZIA,NORMALE,ANNUALE,TRA 45 E 54,NO,SI,0,3
202425,ASTI,SCUOLA INFANZIA,SOSTEGNO,ANNUALE,TRA 45 E 54,NO,SI,0,3
202425,SONDRIO,SCUOLA INFANZIA,NORMALE,FINO AL TERMINE,FINO A 34,NO,SI,0,11
202425,VIBO VALENTIA,SCUOLA PRIMARIA,SOSTEGNO,FINO AL TERMINE,TRA 45 E 54,NO,SI,2,16
202425,AREZZO,SCUOLA PRIMARIA,SOSTEGNO,FINO AL TERMINE,FINO A 34,NO,NO,2,11
202425,MANTOVA,SCUOLA PRIMARIA,SOSTEGNO,FINO AL TERMINE,TRA 35 E 44,NO,SI,5,62
202425,CATANIA,SCUOLA SECONDARIA II GRADO,SOSTEGNO,FINO AL TERMINE,TRA 35 E 44,NO,NO,1,22
202425,VERCELLI,SCUOLA SECONDARIA I GRADO,SOSTEGNO,FINO AL TERMINE,TRA 35 E 44,NO,SI,6,18
202425,PARMA,SCUOLA SECONDARIA II GRADO,SOSTEGNO,FINO AL TERMINE,FINO A 34,NO,SI,8,38
202425,FORLI'-CESENA,SCUOLA PRIMARIA,SOSTEGNO,ANNUALE,TRA 35 E 44,SI,NO,0,1
202425,AGRIGENTO,SCUOLA SECONDARIA II GRADO,SOSTEGNO,ANNUALE,TRA 45 E 54,SI,SI,0,2
202425,FERRARA,SCUOLA SECONDARIA II GRADO,SOSTEGNO,FINO AL TERMINE,TRA 35 E 44,NO,NO,1,7
202425,FERMO,SCUOLA PRIMARIA,NORMALE,FINO AL TERMINE,TRA 45 E 54,NO,NO,1,5
202425,TREVISO,SCUOLA PRIMARIA,NORMALE,FINO AL TERMINE,TRA 35 E 44,NO,NO,3,12
202425,ISERNIA,SCUOLA SECONDARIA II GRADO,NORMALE,FINO AL TERMINE,TRA 45 E 54,NO,SI,1,1
202425,VENEZIA,SCUOLA SECONDARIA I GRADO,SOSTEGNO,FINO AL TERMINE,OLTRE 54,NO,NO,3,5
202425,RAVENNA,SCUOLA INFANZIA,SOSTEGNO,ANNUALE,TRA 45 E 54,NO,SI,0,1
202425,MONZA E DELLA BRIANZA,SCUOLA PRIMARIA,NORMALE,ANNUALE,OLTRE 54,NO,SI,0,2
202425,SONDRIO,SCUOLA INFANZIA,NORMALE,FINO AL TERMINE,TRA 45 E 54,NO,SI,0,9
202425,CUNEO,SCUOLA SECONDARIA II GRADO,NORMALE,FINO AL TERMINE,TRA 45 E 54,NO,NO,26,35
202425,RAVENNA,SCUOLA SECONDARIA II GRADO,NORMALE,ANNUALE,TRA 45 E 54,NO,SI,11,14
202425,VIBO VALENTIA,SCUOLA SECONDARIA I GRADO,NORMALE,FINO AL TERMINE,FINO A 34,NO,SI,1,2
202425,ENNA,SCUOLA SECONDARIA I GRADO,NORMALE,FINO AL TERMINE,FINO A 34,NO,NO,2,6
202425,PIACENZA,SCUOLA PRIMARIA,SOSTEGNO,FINO AL TERMINE,TRA 45 E 54,NO,NO,0,9
202425,CATANZARO,SCUOLA INFANZIA,NORMALE,FINO AL TERMINE,TRA 35 E 44,NO,SI,0,1
202425,MODENA,SCUOLA SECONDARIA I GRADO,NORMALE,ANNUALE,TRA 35 E 44,NO,SI,4,6
202425,FOGGIA,SCUOLA SECONDARIA I GRADO,NORMALE,FINO AL TERMINE,OLTRE 54,NO,NO,2,4
202425,L'AQUILA,SCUOLA INFANZIA,SOSTEGNO,FINO AL TERMINE,FINO A 34,NO,SI,0,4
202425,MILANO,SCUOLA PRIMARIA,NORMALE,ANNUALE,OLTRE 54,NO,SI,4,33
202425,SAVONA,SCUOLA PRIMARIA,SOSTEGNO,FINO AL TERMINE,TRA 35 E 44,NO,NO,0,7
202425,VERBANO-CUSIO-OSSOLA,SCUOLA SECONDARIA II GRADO,SOSTEGNO,ANNUALE,TRA 45 E 54,SI,SI,1,1
202425,FERRARA,SCUOLA INFANZIA,SOSTEGNO,FINO AL TERMINE,OLTRE 54,NO,NO,1,10
202425,GROSSETO,SCUOLA SECONDARIA I GRADO,NORMALE,FINO AL TERMINE,TRA 45 E 54,NO,SI,3,7
202425,PALERMO,SCUOLA SECONDARIA II GRADO,NORMALE,FINO AL TERMINE,TRA 35 E 44,NO,SI,30,59
202425,IMPERIA,SCUOLA INFANZIA,NORMALE,ANNUALE,TRA 35 E 44,NO,SI,0,2
202425,VENEZIA,SCUOLA SECONDARIA I GRADO,NORMALE,ANNUALE,OLTRE 54,NO,SI,3,13
202425,COMO,SCUOLA PRIMARIA,SOSTEGNO,ANNUALE,OLTRE 54,NO,SI,1,41
202425,SASSARI,SCUOLA INFANZIA,SOSTEGNO,FINO AL TERMINE,TRA 45 E 54,NO,NO,0,6
202425,CHIETI,SCUOLA SECONDARIA II GRADO,SOSTEGNO,ANNUALE,TRA 45 E 54,NO,SI,0,1
202425,REGGIO CALABRIA,SCUOLA PRIMARIA,SOSTEGNO,FINO AL TERMINE,TRA 35 E 44,NO,SI,4,148
202425,VICENZA,SCUOLA PRIMARIA,NORMALE,ANNUALE,FINO A 34,NO,SI,1,6
202425,MODENA,SCUOLA PRIMARIA,SOSTEGNO,ANNUALE,OLTRE 54,NO,SI,2,25
202425,UDINE,SCUOLA SECONDARIA I GRADO,NORMALE,FINO AL TERMINE,TRA 45 E 54,NO,NO,5,18
202425,MATERA,SCUOLA INFANZIA,SOSTEGNO,FINO AL TERMINE,OLTRE 54,NO,SI,1,10
202425,LECCO,SCUOLA SECONDARIA II GRADO,NORMALE,FINO AL TERMINE,TRA 45 E 54,NO,SI,5,4
202425,BERGAMO,SCUOLA SECONDARIA I GRADO,NORMALE,ANNUALE,TRA 35 E 44,SI,SI,0,4
202425,COMO,SCUOLA SECONDARIA I GRADO,SOSTEGNO,FINO AL TERMINE,OLTRE 54,NO,SI,12,24
202425,RIMINI,SCUOLA PRIMARIA,SOSTEGNO,FINO AL TERMINE,FINO A 34,NO,NO,0,10
202425,TREVISO,SCUOLA SECONDARIA I GRADO,SOSTEGNO,ANNUALE,OLTRE 54,SI,SI,0,2
202425,PADOVA,SCUOLA SECONDARIA I GRADO,NORMALE,FINO AL TERMINE,TRA 35 E 44,NO,SI,4,11
202425,BELLUNO,SCUOLA SECONDARIA II GRADO,NORMALE,ANNUALE,TRA 35 E 44,NO,NO,0,2
202425,BENEVENTO,SCUOLA INFANZIA,SOSTEGNO,FINO AL TERMINE,TRA 35 E 44,NO,NO,0,3
202425,L'AQUILA,SCUOLA INFANZIA,NORMALE,ANNUALE,OLTRE 54,NO,SI,0,2
202425,BARI,SCUOLA SECONDARIA I GRADO,NORMALE,ANNUALE,TRA 45 E 54,NO,SI,2,4
202425,LODI,SCUOLA SECONDARIA II GRADO,SOSTEGNO,ANNUALE,OLTRE 54,SI,SI,0,1
202425,FERRARA,SCUOLA SECONDARIA I GRADO,NORMALE,FINO AL TERMINE,TRA 35 E 44,NO,SI,6,12
202425,VENEZIA,SCUOLA SECONDARIA II GRADO,NORMALE,ANNUALE,FINO A 34,NO,SI,70,77
202425,BRINDISI,SCUOLA SECONDARIA II GRADO,SOSTEGNO,FINO AL TERMINE,TRA 45 E 54,NO,NO,1,6
202425,TORINO,SCUOLA PRIMARIA,NORMALE,ANNUALE,FINO A 34,NO,NO,1,1
202425,NUORO,SCUOLA INFANZIA,NORMALE,FINO AL TERMINE,TRA 45 E 54,NO,SI,0,4
202425,TORINO,SCUOLA SECONDARIA II GRADO,NORMALE,ANNUALE,TRA 45 E 54,NO,SI,61,72
202425,VITERBO,SCUOLA PRIMARIA,SOSTEGNO,FINO AL TERMINE,FINO A 34,NO,SI,2,31
202425,PAVIA,SCUOLA PRIMARIA,SOSTEGNO,ANNUALE,FINO A 34,SI,SI,3,11
202425,POTENZA,SCUOLA PRIMARIA,NORMALE,FINO AL TERMINE,TRA 35 E 44,NO,NO,7,12
202425,CREMONA,SCUOLA INFANZIA,SOSTEGNO,FINO AL TERMINE,TRA 35 E 44,NO,SI,0,9
202425,FIRENZE,SCUOLA INFANZIA,NORMALE,FINO AL TERMINE,TRA 35 E 44,NO,NO,0,8
202425,MONZA E DELLA BRIANZA,SCUOLA INFANZIA,NORMALE,FINO AL TERMINE,FINO A 34,NO,NO,0,8
202425,BENEVENTO,SCUOLA SECONDARIA II GRADO,SOSTEGNO,FINO AL TERMINE,FINO A 34,NO,SI,1,0
202425,PERUGIA,SCUOLA PRIMARIA,NORMALE,ANNUALE,OLTRE 54,NO,SI,0,1
202425,LA SPEZIA,SCUOLA INFANZIA,NORMALE,ANNUALE,TRA 45 E 54,NO,SI,0,11
202425,VERCELLI,SCUOLA SECONDARIA II GRADO,SOSTEGNO,FINO AL TERMINE,OLTRE 54,NO,SI,3,8
202425,PESARO E URBINO,SCUOLA SECONDARIA I GRADO,NORMALE,FINO AL TERMINE,FINO A 34,NO,SI,6,18
202425,NOVARA,SCUOLA SECONDARIA II GRADO,NORMALE,ANNUALE,TRA 35 E 44,NO,SI,21,22
202425,MANTOVA,SCUOLA SECONDARIA I GRADO,SOSTEGNO,FINO AL TERMINE,OLTRE 54,NO,SI,11,26
202425,IMPERIA,SCUOLA INFANZIA,SOSTEGNO,ANNUALE,TRA 35 E 44,SI,SI,0,2
202425,RAVENNA,SCUOLA INFANZIA,NORMALE,FINO AL TERMINE,FINO A 34,NO,SI,0,3
202425,SAVONA,SCUOLA SECONDARIA II GRADO,SOSTEGNO,FINO AL TERMINE,TRA 45 E 54,NO,NO,2,7
202425,LA SPEZIA,SCUOLA SECONDARIA I GRADO,SOSTEGNO,ANNUALE,TRA 45 E 54,SI,SI,1,6
202425,NUORO,SCUOLA SECONDARIA I GRADO,SOSTEGNO,FINO AL TERMINE,TRA 45 E 54,NO,SI,4,21
202425,AVELLINO,SCUOLA INFANZIA,SOSTEGNO,FINO AL TERMINE,FINO A 34,NO,SI,0,2
202425,MESSINA,SCUOLA INFANZIA,NORMALE,FINO AL TERMINE,OLTRE 54,NO,SI,0,13
202425,GROSSETO,SCUOLA INFANZIA,NORMALE,FINO AL TERMINE,OLTRE 54,NO,SI,0,4
202425,COSENZA,SCUOLA SECONDARIA I GRADO,NORMALE,FINO AL TERMINE,TRA 35 E 44,NO,SI,12,24
202425,PISTOIA,SCUOLA INFANZIA,NORMALE,FINO AL TERMINE,FINO A 34,NO,SI,0,5
202425,CREMONA,SCUOLA SECONDARIA II GRADO,SOSTEGNO,ANNUALE,OLTRE 54,SI,SI,0,1
202425,BENEVENTO,SCUOLA SECONDARIA II GRADO,NORMALE,ANNUALE,TRA 45 E 54,NO,NO,0,2
202425,PESCARA,SCUOLA SECONDARIA I GRADO,SOSTEGNO,ANNUALE,TRA 45 E 54,SI,SI,0,1
202425,FIRENZE,SCUOLA INFANZIA,NORMALE,FINO AL TERMINE,TRA 45 E 54,NO,SI,1,18
202425,REGGIO CALABRIA,SCUOLA SECONDARIA II GRADO,NORMALE,ANNUALE,OLTRE 54,NO,SI,11,3
202425,CAGLIARI,SCUOLA SECONDARIA I GRADO,SOSTEGNO,FINO AL TERMINE,TRA 35 E 44,NO,NO,5,11
202425,BRESCIA,SCUOLA SECONDARIA I GRADO,SOSTEGNO,ANNUALE,TRA 45 E 54,SI,SI,14,27
202425,TERAMO,SCUOLA SECONDARIA I GRADO,NORMALE,ANNUALE,FINO A 34,NO,SI,0,7
202425,RAGUSA,SCUOLA PRIMARIA,SOSTEGNO,FINO AL TERMINE,OLTRE 54,NO,SI,3,16
202425,PESARO E URBINO,SCUOLA SECONDARIA II GRADO,SOSTEGNO,FINO AL TERMINE,FINO A 34,NO,SI,16,21
202425,POTENZA,SCUOLA SECONDARIA I GRADO,NORMALE,FINO AL TERMINE,TRA 35 E 44,NO,NO,9,19
202425,LECCE,SCUOLA SECONDARIA I GRADO,NORMALE,ANNUALE,TRA 45 E 54,NO,NO,0,1
202425,CAMPOBASSO,SCUOLA SECONDARIA II GRADO,SOSTEGNO,FINO AL TERMINE,TRA 35 E 44,NO,NO,3,3
202425,MACERATA,SCUOLA INFANZIA,NORMALE,FINO AL TERMINE,OLTRE 54,NO,SI,0,5
202425,NOVARA,SCUOLA SECONDARIA II GRADO,SOSTEGNO,FINO AL TERMINE,TRA 35 E 44,NO,SI,21,65
202425,RAGUSA,SCUOLA INFANZIA,NORMALE,ANNUALE,TRA 45 E 54,NO,SI,0,5
202425,VITERBO,SCUOLA PRIMARIA,NORMALE,ANNUALE,TRA 45 E 54,NO,SI,0,1
202425,ANCONA,SCUOLA INFANZIA,NORMALE,FINO AL TERMINE,FINO A 34,NO,NO,0,5
202425,SAVONA,SCUOLA PRIMARIA,NORMALE,FINO AL TERMINE,FINO A 34,NO,SI,1,6
202425,ROVIGO,SCUOLA INFANZIA,NORMALE,FINO AL TERMINE,FINO A 34,NO,SI,0,1
202425,BERGAMO,SCUOLA PRIMARIA,NORMALE,FINO AL TERMINE,TRA 35 E 44,NO,SI,3,43
202425,VENEZIA,SCUOLA INFANZIA,SOSTEGNO,FINO AL TERMINE,FINO A 34,NO,SI,2,21
202425,CHIETI,SCUOLA SECONDARIA I GRADO,NORMALE,ANNUALE,OLTRE 54,NO,SI,2,1
202425,CALTANISSETTA,SCUOLA SECONDARIA II GRADO,NORMALE,ANNUALE,OLTRE 54,NO,SI,6,1
202425,SONDRIO,SCUOLA PRIMARIA,SOSTEGNO,ANNUALE,TRA 45 E 54,SI,SI,0,1
202425,RIMINI,SCUOLA INFANZIA,NORMALE,FINO AL TERMINE,TRA 45 E 54,NO,SI,0,4
202425,BARLETTA-ANDRIA-TRANI,SCUOLA PRIMARIA,SOSTEGNO,FINO AL TERMINE,OLTRE 54,NO,NO,0,8
202425,CATANIA,SCUOLA SECONDARIA I GRADO,NORMALE,FINO AL TERMINE,TRA 35 E 44,NO,NO,9,33
202425,MESSINA,SCUOLA SECONDARIA II GRADO,NORMALE,FINO AL TERMINE,TRA 35 E 44,NO,SI,7,15
202425,SAVONA,SCUOLA SECONDARIA II GRADO,NORMALE,ANNUALE,FINO A 34,NO,NO,0,2
202425,PRATO,SCUOLA PRIMARIA,SOSTEGNO,FINO AL TERMINE,OLTRE 54,NO,NO,1,1
202425,AGRIGENTO,SCUOLA SECONDARIA I GRADO,NORMALE,ANNUALE,TRA 35 E 44,NO,SI,5,6
202425,CATANZARO,SCUOLA SECONDARIA II GRADO,NORMALE,ANNUALE,TRA 35 E 44,NO,SI,7,22
202425,PERUGIA,SCUOLA SECONDARIA II GRADO,SOSTEGNO,FINO AL TERMINE,FINO A 34,NO,SI,37,117
202425,COSENZA,SCUOLA PRIMARIA,SOSTEGNO,ANNUALE,TRA 45 E 54,SI,SI,0,2
202425,VENEZIA,SCUOLA SECONDARIA I GRADO,SOSTEGNO,FINO AL TERMINE,TRA 45 E 54,NO,NO,3,16
202425,MACERATA,SCUOLA SECONDARIA II GRADO,NORMALE,ANNUALE,TRA 35 E 44,NO,SI,6,11
202425,NOVARA,SCUOLA SECONDARIA II GRADO,NORMALE,FINO AL TERMINE,TRA 35 E 44,NO,NO,14,14
202425,SIRACUSA,SCUOLA PRIMARIA,NORMALE,FINO AL TERMINE,TRA 45 E 54,NO,SI,1,13
202425,BARLETTA-ANDRIA-TRANI,SCUOLA SECONDARIA II GRADO,NORMALE,ANNUALE,FINO A 34,NO,NO,1,1
202425,UDINE,SCUOLA SECONDARIA II GRADO,SOSTEGNO,FINO AL TERMINE,FINO A 34,NO,SI,21,33
202425,TREVISO,SCUOLA SECONDARIA II GRADO,SOSTEGNO,ANNUALE,FINO A 34,NO,SI,6,9
202425,TARANTO,SCUOLA SECONDARIA II GRADO,NORMALE,ANNUALE,FINO A 34,NO,NO,1,1
202425,SONDRIO,SCUOLA SECONDARIA II GRADO,NORMALE,FINO AL TERMINE,FINO A 34,NO,NO,16,22
202425,MESSINA,SCUOLA PRIMARIA,NORMALE,ANNUALE,TRA 35 E 44,NO,SI,1,0
202425,FIRENZE,SCUOLA INFANZIA,SOSTEGNO,FINO AL TERMINE,TRA 45 E 54,NO,SI,1,59
202425,VENEZIA,SCUOLA PRIMARIA,NORMALE,ANNUALE,OLTRE 54,NO,SI,0,8
202425,REGGIO CALABRIA,SCUOLA SECONDARIA II GRADO,NORMALE,FINO AL TERMINE,TRA 35 E 44,NO,SI,19,33
202425,CALTANISSETTA,SCUOLA SECONDARIA II GRADO,NORMALE,ANNUALE,TRA 35 E 44,NO,NO,1,5
202425,MILANO,SCUOLA PRIMARIA,SOSTEGNO,ANNUALE,TRA 45 E 54,SI,SI,7,47
202425,TERNI,SCUOLA PRIMARIA,NORMALE,FINO AL TERMINE,TRA 45 E 54,NO,SI,0,7
202425,GORIZIA,SCUOLA SECONDARIA I GRADO,SOSTEGNO,FINO AL TERMINE,OLTRE 54,NO,SI,2,4
202425,TORINO,SCUOLA INFANZIA,SOSTEGNO,FINO AL TERMINE,FINO A 34,NO,SI,5,126
202425,L'AQUILA,SCUOLA SECONDARIA II GRADO,NORMALE,ANNUALE,TRA 45 E 54,NO,NO,1,2
202425,ROMA,SCUOLA PRIMARIA,SOSTEGNO,FINO AL TERMINE,OLTRE 54,NO,NO,0,12
202425,PIACENZA,SCUOLA INFANZIA,NORMALE,FINO AL TERMINE,OLTRE 54,NO,NO,0,3
202425,PADOVA,SCUOLA SECONDARIA II GRADO,NORMALE,ANNUALE,OLTRE 54,SI,SI,1,0
202425,REGGIO EMILIA,SCUOLA INFANZIA,NORMALE,ANNUALE,OLTRE 54,NO,SI,0,2
202425,IMPERIA,SCUOLA PRIMARIA,NORMALE,ANNUALE,TRA 45 E 54,NO,SI,2,19
202425,ORISTANO,SCUOLA SECONDARIA I GRADO,SOSTEGNO,FINO AL TERMINE,OLTRE 54,NO,SI,1,10
202425,MANTOVA,SCUOLA INFANZIA,SOSTEGNO,FINO AL TERMINE,FINO A 34,NO,SI,2,60
202425,LUCCA,SCUOLA PRIMARIA,SOSTEGNO,ANNUALE,OLTRE 54,SI,SI,0,3
202425,RAGUSA,SCUOLA PRIMARIA,NORMALE,ANNUALE,FINO A 34,NO,SI,1,1
202425,LATINA,SCUOLA INFANZIA,NORMALE,FINO AL TERMINE,TRA 45 E 54,NO,SI,0,28
202425,ANCONA,SCUOLA SECONDARIA I GRADO,NORMALE,FINO AL TERMINE,FINO A 34,NO,SI,7,12
202425,NOVARA,SCUOLA INFANZIA,SOSTEGNO,ANNUALE,FINO A 34,NO,SI,0,1
202425,POTENZA,SCUOLA PRIMARIA,SOSTEGNO,FINO AL TERMINE,FINO A 34,NO,NO,0,1
202425,ROVIGO,SCUOLA INFANZIA,SOSTEGNO,FINO AL TERMINE,TRA 35 E 44,NO,NO,0,2
202425,SUD SARDEGNA,SCUOLA SECONDARIA I GRADO,SOSTEGNO,FINO AL TERMINE,OLTRE 54,NO,SI,10,24
202425,MONZA E DELLA BRIANZA,SCUOLA SECONDARIA I GRADO,NORMALE,FINO AL TERMINE,TRA 35 E 44,NO,SI,11,16
202425,CASERTA,SCUOLA SECONDARIA II GRADO,NORMALE,FINO AL TERMINE,FINO A 34,NO,SI,7,14
202425,BERGAMO,SCUOLA SECONDARIA II GRADO,NORMALE,ANNUALE,TRA 35 E 44,SI,NO,0,1
202425,MODENA,SCUOLA SECONDARIA I GRADO,SOSTEGNO,FINO AL TERMINE,FINO A 34,NO,NO,4,10
202425,COMO,SCUOLA INFANZIA,SOSTEGNO,FINO AL TERMINE,FINO A 34,NO,SI,0,19
202425,RAVENNA,SCUOLA SECONDARIA II GRADO,NORMALE,FINO AL TERMINE,TRA 35 E 44,NO,NO,18,25
202425,VERCELLI,SCUOLA SECONDARIA II GRADO,SOSTEGNO,ANNUALE,FINO A 34,NO,SI,0,1
202425,ALESSANDRIA,SCUOLA SECONDARIA II GRADO,SOSTEGNO,ANNUALE,OLTRE 54,SI,SI,1,0
202425,VERONA,SCUOLA PRIMARIA,NORMALE,FINO AL TERMINE,TRA 35 E 44,NO,NO,7,22
202425,MESSINA,SCUOLA SECONDARIA I GRADO,SOSTEGNO,ANNUALE,TRA 45 E 54,SI,SI,1,2
202425,MILANO,SCUOLA PRIMARIA,NORMALE,FINO AL TERMINE,OLTRE 54,NO,NO,3,23
202425,BARI,SCUOLA INFANZIA,NORMALE,FINO AL TERMINE,TRA 45 E 54,NO,NO,0,3
202425,PARMA,SCUOLA PRIMARIA,SOSTEGNO,ANNUALE,OLTRE 54,NO,SI,3,14
202425,TRIESTE,SCUOLA PRIMARIA,SOSTEGNO,FINO AL TERMINE,FINO A 34,NO,SI,1,32
202425,MATERA,SCUOLA SECONDARIA I GRADO,NORMALE,FINO AL TERMINE,OLTRE 54,NO,SI,0,4
202425,PRATO,SCUOLA PRIMARIA,NORMALE,ANNUALE,TRA 35 E 44,NO,SI,0,18
202425,PALERMO,SCUOLA SECONDARIA I GRADO,NORMALE,FINO AL TERMINE,OLTRE 54,NO,SI,5,11
202425,TRAPANI,SCUOLA SECONDARIA II GRADO,NORMALE,FINO AL TERMINE,TRA 35 E 44,NO,NO,21,44
202425,VENEZIA,SCUOLA SECONDARIA II GRADO,NORMALE,ANNUALE,TRA 45 E 54,SI,SI,1,1
202425,CHIETI,SCUOLA SECONDARIA I GRADO,NORMALE,FINO AL TERMINE,OLTRE 54,NO,NO,3,6
202425,RAVENNA,SCUOLA SECONDARIA II GRADO,SOSTEGNO,FINO AL TERMINE,OLTRE 54,NO,SI,3,8
202425,MILANO,SCUOLA SECONDARIA I GRADO,NORMALE,ANNUALE,OLTRE 54,NO,NO,0,2
202425,BARLETTA-ANDRIA-TRANI,SCUOLA SECONDARIA I GRADO,NORMALE,ANNUALE,TRA 35 E 44,SI,SI,0,2
202425,AREZZO,SCUOLA SECONDARIA I GRADO,NORMALE,ANNUALE,TRA 45 E 54,NO,SI,1,2
202425,TERNI,SCUOLA SECONDARIA II GRADO,NORMALE,FINO AL TERMINE,TRA 45 E 54,NO,NO,9,28
202425,MILANO,SCUOLA PRIMARIA,SOSTEGNO,ANNUALE,OLTRE 54,SI,SI,1,10
202425,AVELLINO,SCUOLA SECONDARIA II GRADO,NORMALE,ANNUALE,OLTRE 54,NO,SI,12,5
202425,MESSINA,SCUOLA PRIMARIA,SOSTEGNO,FINO AL TERMINE,FINO A 34,NO,SI,2,26
202425,VENEZIA,SCUOLA SECONDARIA II GRADO,SOSTEGNO,ANNUALE,TRA 35 E 44,NO,SI,0,1
202425,LIVORNO,SCUOLA INFANZIA,NORMALE,FINO AL TERMINE,FINO A 34,NO,NO,0,1
202425,LIVORNO,SCUOLA INFANZIA,NORMALE,FINO AL TERMINE,TRA 45 E 54,NO,NO,0,1
202425,ASCOLI PICENO,SCUOLA PRIMARIA,SOSTEGNO,FINO AL TERMINE,FINO A 34,NO,NO,0,8
202425,BRINDISI,SCUOLA SECONDARIA I GRADO,NORMALE,ANNUALE,FINO A 34,NO,NO,0,1
202425,CASERTA,SCUOLA INFANZIA,SOSTEGNO,FINO AL TERMINE,TRA 45 E 54,NO,NO,0,13
202425,ORISTANO,SCUOLA SECONDARIA II GRADO,NORMALE,ANNUALE,TRA 45 E 54,NO,NO,0,1
202425,VICENZA,SCUOLA INFANZIA,SOSTEGNO,FINO AL TERMINE,OLTRE 54,NO,SI,0,21
202425,MODENA,SCUOLA SECONDARIA I GRADO,NORMALE,FINO AL TERMINE,TRA 45 E 54,NO,NO,5,30
202425,FROSINONE,SCUOLA PRIMARIA,NORMALE,FINO AL TERMINE,TRA 35 E 44,NO,SI,3,13
202425,ANCONA,SCUOLA PRIMARIA,NORMALE,FINO AL TERMINE,FINO A 34,NO,NO,7,32
202425,BARI,SCUOLA SECONDARIA I GRADO,SOSTEGNO,ANNUALE,TRA 45 E 54,SI,NO,0,1
202425,TRIESTE,SCUOLA PRIMARIA,NORMALE,FINO AL TERMINE,OLTRE 54,NO,SI,1,4
202425,FIRENZE,SCUOLA PRIMARIA,SOSTEGNO,ANNUALE,FINO A 34,SI,SI,0,20
202425,BERGAMO,SCUOLA PRIMARIA,SOSTEGNO,ANNUALE,OLTRE 54,NO,SI,2,30
202425,CAGLIARI,SCUOLA PRIMARIA,SOSTEGNO,FINO AL TERMINE,TRA 35 E 44,NO,SI,4,73
202425,LIVORNO,SCUOLA INFANZIA,SOSTEGNO,FINO AL TERMINE,TRA 35 E 44,NO,SI,0,9
202425,CHIETI,SCUOLA PRIMARIA,SOSTEGNO,FINO AL TERMINE,TRA 35 E 44,NO,NO,0,14
202425,RIETI,SCUOLA PRIMARIA,NORMALE,ANNUALE,TRA 35 E 44,NO,SI,1,1
202425,LATINA,SCUOLA SECONDARIA I GRADO,SOSTEGNO,FINO AL TERMINE,OLTRE 54,NO,SI,16,31
202425,CREMONA,SCUOLA PRIMARIA,NORMALE,FINO AL TERMINE,TRA 35 E 44,NO,SI,2,20
202425,BARI,SCUOLA SECONDARIA II GRADO,NORMALE,ANNUALE,OLTRE 54,NO,SI,9,4
202425,NOVARA,SCUOLA PRIMARIA,SOSTEGNO,FINO AL TERMINE,FINO A 34,NO,NO,2,15
202425,SASSARI,SCUOLA INFANZIA,NORMALE,FINO AL TERMINE,OLTRE 54,NO,SI,0,3
202425,COMO,SCUOLA PRIMARIA,NORMALE,FINO AL TERMINE,FINO A 34,NO,NO,19,27
202425,MONZA E DELLA BRIANZA,SCUOLA INFANZIA,SOSTEGNO,ANNUALE,TRA 45 E 54,SI,SI,0,4
202425,CATANZARO,SCUOLA SECONDARIA I GRADO,NORMALE,FINO AL TERMINE,OLTRE 54,NO,SI,2,4
202425,FOGGIA,SCUOLA SECONDARIA II GRADO,NORMALE,FINO AL TERMINE,TRA 35 E 44,NO,NO,18,53
202425,VERONA,SCUOLA SECONDARIA I GRADO,SOSTEGNO,FINO AL TERMINE,TRA 35 E 44,NO,NO,2,24
202425,NOVARA,SCUOLA SECONDARIA I GRADO,NORMALE,ANNUALE,TRA 35 E 44,NO,SI,9,23
202425,SAVONA,SCUOLA INFANZIA,NORMALE,ANNUALE,TRA 35 E 44,NO,SI,0,2
202425,COMO,SCUOLA INFANZIA,NORMALE,FINO AL TERMINE,OLTRE 54,NO,NO,0,2
202425,MODENA,SCUOLA INFANZIA,SOSTEGNO,ANNUALE,TRA 45 E 54,SI,SI,0,4
202425,VERONA,SCUOLA INFANZIA,SOSTEGNO,FINO AL TERMINE,FINO A 34,NO,SI,1,11
202425,VARESE,SCUOLA INFANZIA,SOSTEGNO,ANNUALE,FINO A 34,SI,SI,0,1
202425,NUORO,SCUOLA PRIMARIA,SOSTEGNO,FINO AL TERMINE,FINO A 34,NO,SI,0,3
202425,VICENZA,SCUOLA SECONDARIA I GRADO,NORMALE,FINO AL TERMINE,TRA 35 E 44,NO,NO,24,38
202425,BRESCIA,SCUOLA PRIMARIA,NORMALE,FINO AL TERMINE,FINO A 34,NO,SI,13,164
202425,LIVORNO,SCUOLA SECONDARIA II GRADO,NORMALE,FINO AL TERMINE,FINO A 34,NO,SI,12,20
202425,GENOVA,SCUOLA SECONDARIA I GRADO,NORMALE,FINO AL TERMINE,OLTRE 54,NO,SI,1,7
202425,PERUGIA,SCUOLA SECONDARIA II GRADO,NORMALE,ANNUALE,FINO A 34,NO,NO,2,2
202425,BERGAMO,SCUOLA SECONDARIA II GRADO,SOSTEGNO,ANNUALE,TRA 35 E 44,SI,NO,0,2
202425,LECCO,SCUOLA SECONDARIA II GRADO,SOSTEGNO,ANNUALE,TRA 45 E 54,SI,SI,3,1
202425,BENEVENTO,SCUOLA INFANZIA,SOSTEGNO,FINO AL TERMINE,FINO A 34,NO,SI,0,1
202425,REGGIO CALABRIA,SCUOLA INFANZIA,NORMALE,ANNUALE,TRA 35 E 44,NO,SI,0,1
202425,PIACENZA,SCUOLA SECONDARIA II GRADO,NORMALE,ANNUALE,FINO A 34,SI,SI,0,1
202425,ORISTANO,SCUOLA INFANZIA,SOSTEGNO,FINO AL TERMINE,TRA 45 E 54,NO,SI,0,7
202425,ORISTANO,SCUOLA SECONDARIA I GRADO,NORMALE,FINO AL TERMINE,TRA 45 E 54,NO,SI,0,1
202425,VERONA,SCUOLA SECONDARIA II GRADO,NORMALE,ANNUALE,TRA 45 E 54,NO,SI,33,32
202425,BOLOGNA,SCUOLA INFANZIA,SOSTEGNO,FINO AL TERMINE,OLTRE 54,NO,NO,0,24
202425,GROSSETO,SCUOLA SECONDARIA I GRADO,NORMALE,ANNUALE,FINO A 34,NO,NO,1,0
202425,REGGIO EMILIA,SCUOLA PRIMARIA,SOSTEGNO,FINO AL TERMINE,FINO A 34,NO,NO,8,30
202425,TORINO,SCUOLA SECONDARIA I GRADO,NORMALE,ANNUALE,OLTRE 54,NO,NO,0,1
202425,FOGGIA,SCUOLA SECONDARIA I GRADO,SOSTEGNO,ANNUALE,TRA 45 E 54,SI,SI,0,1
202425,PERUGIA,SCUOLA PRIMARIA,SOSTEGNO,FINO AL TERMINE,FINO A 34,NO,SI,18,219
202425,PORDENONE,SCUOLA SECONDARIA II GRADO,NORMALE,ANNUALE,OLTRE 54,NO,SI,17,3
202425,CUNEO,SCUOLA PRIMARIA,NORMALE,FINO AL TERMINE,OLTRE 54,NO,NO,0,4
202425,L'AQUILA,SCUOLA SECONDARIA I GRADO,NORMALE,FINO AL TERMINE,TRA 35 E 44,NO,SI,5,7
202425,SAVONA,SCUOLA PRIMARIA,SOSTEGNO,ANNUALE,OLTRE 54,SI,SI,0,1
202425,CREMONA,SCUOLA SECONDARIA I GRADO,NORMALE,ANNUALE,TRA 35 E 44,NO,SI,1,10
202425,POTENZA,SCUOLA SECONDARIA II GRADO,NORMALE,ANNUALE,OLTRE 54,NO,SI,6,1
202425,PARMA,SCUOLA SECONDARIA II GRADO,SOSTEGNO,FINO AL TERMINE,TRA 35 E 44,NO,SI,10,40
202425,PERUGIA,SCUOLA SECONDARIA I GRADO,NORMALE,FINO AL TERMINE,FINO A 34,NO,SI,11,10
202425,ROVIGO,SCUOLA SECONDARIA I GRADO,NORMALE,ANNUALE,TRA 35 E 44,NO,SI,8,12
202425,COMO,SCUOLA SECONDARIA II GRADO,SOSTEGNO,ANNUALE,TRA 35 E 44,SI,NO,0,1
202425,TREVISO,SCUOLA SECONDARIA I GRADO,NORMALE,ANNUALE,TRA 45 E 54,NO,SI,6,29
202425,ROVIGO,SCUOLA SECONDARIA II GRADO,SOSTEGNO,FINO AL TERMINE,TRA 45 E 54,NO,SI,1,11
202425,RAVENNA,SCUOLA PRIMARIA,SOSTEGNO,ANNUALE,TRA 45 E 54,NO,SI,3,15
202425,LECCE,SCUOLA SECONDARIA II GRADO,NORMALE,ANNUALE,TRA 45 E 54,SI,SI,1,0
202425,CAMPOBASSO,SCUOLA INFANZIA,SOSTEGNO,FINO AL TERMINE,TRA 45 E 54,NO,SI,0,18
202425,LIVORNO,SCUOLA PRIMARIA,SOSTEGNO,FINO AL TERMINE,TRA 45 E 54,NO,NO,0,14
202425,VERONA,SCUOLA SECONDARIA II GRADO,NORMALE,ANNUALE,OLTRE 54,NO,SI,10,8
202425,MASSA-CARRARA,SCUOLA SECONDARIA I GRADO,SOSTEGNO,FINO AL TERMINE,OLTRE 54,NO,SI,5,15
202425,AGRIGENTO,SCUOLA SECONDARIA I GRADO,NORMALE,FINO AL TERMINE,TRA 45 E 54,NO,SI,4,9
202425,ROVIGO,SCUOLA PRIMARIA,NORMALE,ANNUALE,FINO A 34,NO,SI,0,1
202425,MANTOVA,SCUOLA SECONDARIA II GRADO,NORMALE,ANNUALE,TRA 35 E 44,NO,NO,0,1
202425,CALTANISSETTA,SCUOLA INFANZIA,SOSTEGNO,FINO AL TERMINE,FINO A 34,NO,SI,0,4
202425,MACERATA,SCUOLA INFANZIA,NORMALE,FINO AL TERMINE,FINO A 34,NO,NO,1,4
202425,MACERATA,SCUOLA SECONDARIA I GRADO,NORMALE,ANNUALE,TRA 35 E 44,NO,NO,0,1
202425,L'AQUILA,SCUOLA PRIMARIA,SOSTEGNO,ANNUALE,TRA 35 E 44,SI,SI,1,2
202425,BRESCIA,SCUOLA INFANZIA,NORMALE,FINO AL TERMINE,TRA 45 E 54,NO,SI,0,23
202425,BARI,SCUOLA INFANZIA,SOSTEGNO,ANNUALE,TRA 35 E 44,SI,SI,0,3
202425,ROMA,SCUOLA SECONDARIA II GRADO,SOSTEGNO,FINO AL TERMINE,TRA 45 E 54,NO,NO,14,28
202425,LECCO,SCUOLA SECONDARIA I GRADO,NORMALE,FINO AL TERMINE,FINO A 34,NO,NO,12,22
202425,NAPOLI,SCUOLA SECONDARIA II GRADO,NORMALE,ANNUALE,TRA 45 E 54,SI,SI,1,0
202425,BRESCIA,SCUOLA SECONDARIA II GRADO,NORMALE,ANNUALE,TRA 35 E 44,SI,SI,0,4
202425,ASCOLI PICENO,SCUOLA SECONDARIA II GRADO,NORMALE,ANNUALE,OLTRE 54,NO,NO,1,1
202425,TERAMO,SCUOLA SECONDARIA II GRADO,NORMALE,FINO AL TERMINE,FINO A 34,NO,NO,7,12
202425,ALESSANDRIA,SCUOLA PRIMARIA,NORMALE,FINO AL TERMINE,FINO A 34,NO,SI,3,29
202425,FORLI'-CESENA,SCUOLA INFANZIA,NORMALE,FINO AL TERMINE,FINO A 34,NO,NO,1,3
202425,PARMA,SCUOLA SECONDARIA I GRADO,NORMALE,ANNUALE,TRA 35 E 44,SI,SI,0,2
202425,FERMO,SCUOLA INFANZIA,NORMALE,FINO AL TERMINE,TRA 45 E 54,NO,NO,0,2
202425,ROMA,SCUOLA INFANZIA,SOSTEGNO,ANNUALE,OLTRE 54,SI,SI,1,6
202425,CATANIA,SCUOLA PRIMARIA,NORMALE,ANNUALE,TRA 35 E 44,NO,SI,0,6
202425,TREVISO,SCUOLA INFANZIA,NORMALE,FINO AL TERMINE,TRA 35 E 44,NO,SI,1,2
202425,MODENA,SCUOLA SECONDARIA II GRADO,SOSTEGNO,ANNUALE,TRA 45 E 54,SI,SI,0,1
202425,SIRACUSA,SCUOLA SECONDARIA II GRADO,NORMALE,ANNUALE,TRA 45 E 54,NO,NO,2,0
202425,BRESCIA,SCUOLA SECONDARIA I GRADO,SOSTEGNO,ANNUALE,TRA 35 E 44,NO,SI,2,2
202425,BRINDISI,SCUOLA SECONDARIA I GRADO,NORMALE,ANNUALE,TRA 35 E 44,NO,SI,9,7
202425,VIBO VALENTIA,SCUOLA PRIMARIA,NORMALE,FINO AL TERMINE,FINO A 34,NO,NO,3,2
202425,CROTONE,SCUOLA PRIMARIA,NORMALE,ANNUALE,TRA 35 E 44,NO,SI,1,0
202425,CROTONE,SCUOLA PRIMARIA,NORMALE,FINO AL TERMINE,OLTRE 54,NO,SI,0,6
202425,MESSINA,SCUOLA SECONDARIA II GRADO,SOSTEGNO,FINO AL TERMINE,TRA 45 E 54,NO,NO,0,2
202425,SAVONA,SCUOLA INFANZIA,SOSTEGNO,FINO AL TERMINE,OLTRE 54,NO,SI,0,20
202425,AVELLINO,SCUOLA SECONDARIA I GRADO,NORMALE,ANNUALE,TRA 35 E 44,NO,SI,4,13
202425,REGGIO EMILIA,SCUOLA SECONDARIA I GRADO,SOSTEGNO,ANNUALE,OLTRE 54,SI,SI,2,1
202425,VENEZIA,SCUOLA PRIMARIA,NORMALE,ANNUALE,FINO A 34,NO,SI,3,10
202425,CROTONE,SCUOLA PRIMARIA,SOSTEGNO,ANNUALE,OLTRE 54,SI,SI,0,1
202425,GORIZIA,SCUOLA SECONDARIA I GRADO,SOSTEGNO,FINO AL TERMINE,OLTRE 54,NO,NO,0,2
202425,UDINE,SCUOLA PRIMARIA,NORMALE,FINO AL TERMINE,TRA 35 E 44,NO,NO,2,20
202425,VICENZA,SCUOLA SECONDARIA I GRADO,SOSTEGNO,FINO AL TERMINE,FINO A 34,NO,NO,11,31
202425,PORDENONE,SCUOLA SECONDARIA II GRADO,SOSTEGNO,FINO AL TERMINE,OLTRE 54,NO,NO,0,2
202425,GENOVA,SCUOLA INFANZIA,SOSTEGNO,FINO AL TERMINE,TRA 35 E 44,NO,SI,0,14
202425,MILANO,SCUOLA INFANZIA,NORMALE,FINO AL TERMINE,FINO A 34,NO,NO,2,30
202425,ROMA,SCUOLA SECONDARIA II GRADO,NORMALE,ANNUALE,TRA 45 E 54,SI,SI,0,2
202425,POTENZA,SCUOLA SECONDARIA II GRADO,NORMALE,FINO AL TERMINE,OLTRE 54,NO,SI,3,3
202425,MASSA-CARRARA,SCUOLA SECONDARIA II GRADO,NORMALE,ANNUALE,TRA 45 E 54,NO,SI,6,12
202425,PIACENZA,SCUOLA INFANZIA,SOSTEGNO,FINO AL TERMINE,FINO A 34,NO,NO,0,16
202425,MATERA,SCUOLA PRIMARIA,NORMALE,ANNUALE,FINO A 34,NO,SI,0,1
202425,FERMO,SCUOLA SECONDARIA II GRADO,SOSTEGNO,FINO AL TERMINE,TRA 45 E 54,NO,SI,6,17
202425,TREVISO,SCUOLA PRIMARIA,SOSTEGNO,ANNUALE,FINO A 34,SI,SI,0,9
202425,REGGIO EMILIA,SCUOLA INFANZIA,SOSTEGNO,FINO AL TERMINE,FINO A 34,NO,NO,1,6
202425,SONDRIO,SCUOLA INFANZIA,SOSTEGNO,FINO AL TERMINE,FINO A 34,NO,NO,0,5
202425,CAMPOBASSO,SCUOLA SECONDARIA II GRADO,NORMALE,ANNUALE,OLTRE 54,NO,SI,4,1
202425,ANCONA,SCUOLA SECONDARIA II GRADO,SOSTEGNO,FINO AL TERMINE,TRA 35 E 44,NO,NO,3,13
202425,VIBO VALENTIA,SCUOLA PRIMARIA,SOSTEGNO,FINO AL TERMINE,FINO A 34,NO,SI,0,6
202425,REGGIO CALABRIA,SCUOLA INFANZIA,SOSTEGNO,FINO AL TERMINE,OLTRE 54,NO,NO,0,8
202425,PIACENZA,SCUOLA SECONDARIA I GRADO,NORMALE,FINO AL TERMINE,OLTRE 54,NO,SI,2,3
202425,PIACENZA,SCUOLA SECONDARIA II GRADO,SOSTEGNO,ANNUALE,FINO A 34,SI,SI,1,1
202425,TRIESTE,SCUOLA SECONDARIA I GRADO,NORMALE,FINO AL TERMINE,TRA 45 E 54,NO,NO,0,11
202425,PESCARA,SCUOLA INFANZIA,SOSTEGNO,FINO AL TERMINE,TRA 35 E 44,NO,NO,0,2
202425,ALESSANDRIA,SCUOLA PRIMARIA,SOSTEGNO,ANNUALE,TRA 35 E 44,NO,SI,1,20
202425,VERCELLI,SCUOLA SECONDARIA I GRADO,SOSTEGNO,ANNUALE,TRA 45 E 54,SI,SI,2,6
202425,BARI,SCUOLA PRIMARIA,NORMALE,ANNUALE,OLTRE 54,NO,SI,3,11
202425,LODI,SCUOLA SECONDARIA I GRADO,NORMALE,FINO AL TERMINE,OLTRE 54,NO,SI,0,1
202425,PESARO E URBINO,SCUOLA PRIMARIA,SOSTEGNO,ANNUALE,FINO A 34,NO,SI,0,2
202425,FIRENZE,SCUOLA PRIMARIA,SOSTEGNO,FINO AL TERMINE,TRA 45 E 54,NO,NO,1,19
202425,TORINO,SCUOLA INFANZIA,NORMALE,ANNUALE,TRA 45 E 54,NO,NO,0,1
202425,BARI,SCUOLA PRIMARIA,SOSTEGNO,ANNUALE,FINO A 34,NO,SI,1,4
202425,ANCONA,SCUOLA PRIMARIA,SOSTEGNO,FINO AL TERMINE,FINO A 34,NO,NO,0,21
202425,SAVONA,SCUOLA SECONDARIA I GRADO,NORMALE,FINO AL TERMINE,FINO A 34,NO,SI,1,5
202425,MATERA,SCUOLA SECONDARIA I GRADO,SOSTEGNO,FINO AL TERMINE,TRA 45 E 54,NO,NO,1,4
202425,ENNA,SCUOLA SECONDARIA II GRADO,NORMALE,ANNUALE,TRA 45 E 54,NO,SI,9,10
202425,FERMO,SCUOLA SECONDARIA I GRADO,SOSTEGNO,FINO AL TERMINE,FINO A 34,NO,SI,5,23
202425,BERGAMO,SCUOLA SECONDARIA I GRADO,NORMALE,FINO AL TERMINE,OLTRE 54,NO,SI,0,4
202425,PALERMO,SCUOLA SECONDARIA II GRADO,SOSTEGNO,FINO AL TERMINE,TRA 35 E 44,NO,SI,52,309
202425,LIVORNO,SCUOLA PRIMARIA,NORMALE,FINO AL TERMINE,OLTRE 54,NO,SI,1,13
202425,MODENA,SCUOLA SECONDARIA II GRADO,NORMALE,ANNUALE,FINO A 34,SI,NO,0,1
202425,SALERNO,SCUOLA INFANZIA,NORMALE,FINO AL TERMINE,TRA 45 E 54,NO,SI,1,15
202425,FERRARA,SCUOLA SECONDARIA I GRADO,NORMALE,ANNUALE,FINO A 34,NO,SI,1,2
202425,BRINDISI,SCUOLA SECONDARIA I GRADO,SOSTEGNO,FINO AL TERMINE,FINO A 34,NO,NO,1,7
202425,GENOVA,SCUOLA SECONDARIA II GRADO,SOSTEGNO,FINO AL TERMINE,TRA 35 E 44,NO,NO,4,6
202425,MILANO,SCUOLA SECONDARIA I GRADO,NORMALE,ANNUALE,FINO A 34,SI,SI,0,3
202425,BARLETTA-ANDRIA-TRANI,SCUOLA SECONDARIA II GRADO,SOSTEGNO,FINO AL TERMINE,TRA 35 E 44,NO,NO,1,10
202425,VERCELLI,SCUOLA SECONDARIA I GRADO,SOSTEGNO,ANNUALE,TRA 35 E 44,NO,SI,4,4
202425,NOVARA,SCUOLA INFANZIA,SOSTEGNO,ANNUALE,TRA 35 E 44,NO,SI,0,2
202425,ENNA,SCUOLA SECONDARIA II GRADO,NORMALE,FINO AL TERMINE,TRA 35 E 44,NO,SI,7,10
202425,ISERNIA,SCUOLA SECONDARIA II GRADO,NORMALE,ANNUALE,TRA 35 E 44,NO,SI,4,7
202425,COMO,SCUOLA SECONDARIA I GRADO,NORMALE,ANNUALE,FINO A 34,SI,SI,0,1
202425,MODENA,SCUOLA SECONDARIA II GRADO,NORMALE,FINO AL TERMINE,OLTRE 54,NO,SI,5,16
202425,MACERATA,SCUOLA PRIMARIA,NORMALE,ANNUALE,FINO A 34,NO,SI,0,4
202425,CASERTA,SCUOLA PRIMARIA,NORMALE,FINO AL TERMINE,TRA 35 E 44,NO,SI,0,2
202425,CROTONE,SCUOLA INFANZIA,NORMALE,FINO AL TERMINE,OLTRE 54,NO,SI,0,1
202425,CATANZARO,SCUOLA INFANZIA,SOSTEGNO,FINO AL TERMINE,OLTRE 54,NO,SI,2,53
202425,MESSINA,SCUOLA SECONDARIA II GRADO,NORMALE,FINO AL TERMINE,FINO A 34,NO,NO,17,30
202425,LODI,SCUOLA INFANZIA,NORMALE,FINO AL TERMINE,TRA 35 E 44,NO,NO,0,2
202425,MATERA,SCUOLA SECONDARIA I GRADO,SOSTEGNO,FINO AL TERMINE,FINO A 34,NO,SI,0,5
202425,TERAMO,SCUOLA PRIMARIA,NORMALE,FINO AL TERMINE,FINO A 34,NO,NO,1,7
202425,PORDENONE,SCUOLA PRIMARIA,NORMALE,ANNUALE,TRA 45 E 54,NO,SI,1,16
202425,FERMO,SCUOLA SECONDARIA II GRADO,NORMALE,ANNUALE,TRA 35 E 44,NO,NO,1,0
202425,COSENZA,SCUOLA PRIMARIA,NORMALE,ANNUALE,TRA 45 E 54,NO,SI,2,8
202425,BERGAMO,SCUOLA PRIMARIA,SOSTEGNO,ANNUALE,FINO A 34,SI,SI,0,9
202425,GROSSETO,SCUOLA INFANZIA,SOSTEGNO,FINO AL TERMINE,TRA 45 E 54,NO,SI,0,13
202425,MONZA E DELLA BRIANZA,SCUOLA PRIMARIA,NORMALE,FINO AL TERMINE,OLTRE 54,NO,SI,2,12
202425,BENEVENTO,SCUOLA PRIMARIA,SOSTEGNO,FINO AL TERMINE,FINO A 34,NO,SI,0,7
202425,SONDRIO,SCUOLA SECONDARIA I GRADO,SOSTEGNO,ANNUALE,TRA 45 E 54,SI,SI,2,9
202425,VICENZA,SCUOLA PRIMARIA,NORMALE,FINO AL TERMINE,FINO A 34,NO,SI,14,119
202425,CATANZARO,SCUOLA SECONDARIA II GRADO,NORMALE,FINO AL TERMINE,OLTRE 54,NO,SI,4,5
202425,UDINE,SCUOLA SECONDARIA II GRADO,NORMALE,ANNUALE,FINO A 34,NO,NO,1,1
202425,VERONA,SCUOLA PRIMARIA,SOSTEGNO,ANNUALE,TRA 35 E 44,SI,NO,0,3
202425,LA SPEZIA,SCUOLA INFANZIA,SOSTEGNO,FINO AL TERMINE,FINO A 34,NO,SI,0,3
202425,TARANTO,SCUOLA SECONDARIA I GRADO,NORMALE,FINO AL TERMINE,OLTRE 54,NO,NO,0,2
202425,FERRARA,SCUOLA SECONDARIA II GRADO,NORMALE,ANNUALE,TRA 45 E 54,NO,NO,3,2
202425,PADOVA,SCUOLA SECONDARIA II GRADO,SOSTEGNO,ANNUALE,TRA 45 E 54,SI,SI,1,1
202425,FERRARA,SCUOLA PRIMARIA,NORMALE,FINO AL TERMINE,FINO A 34,NO,SI,4,17
202425,PALERMO,SCUOLA INFANZIA,NORMALE,FINO AL TERMINE,FINO A 34,NO,NO,0,2
202425,CAGLIARI,SCUOLA PRIMARIA,NORMALE,FINO AL TERMINE,OLTRE 54,NO,NO,1,4
202425,VERBANO-CUSIO-OSSOLA,SCUOLA PRIMARIA,NORMALE,FINO AL TERMINE,FINO A 34,NO,NO,8,13
202425,ASCOLI PICENO,SCUOLA SECONDARIA II GRADO,SOSTEGNO,ANNUALE,TRA 35 E 44,NO,SI,1,0
202425,SIRACUSA,SCUOLA SECONDARIA II GRADO,SOSTEGNO,FINO AL TERMINE,FINO A 34,NO,SI,4,33
202425,SONDRIO,SCUOLA INFANZIA,NORMALE,FINO AL TERMINE,OLTRE 54,NO,NO,0,6
202425,MANTOVA,SCUOLA INFANZIA,NORMALE,FINO AL TERMINE,TRA 35 E 44,NO,NO,0,5
202425,PADOVA,SCUOLA INFANZIA,NORMALE,FINO AL TERMINE,TRA 45 E 54,NO,NO,0,9
202425,VICENZA,SCUOLA PRIMARIA,SOSTEGNO,ANNUALE,FINO A 34,NO,NO,0,1
202425,CATANZARO,SCUOLA SECONDARIA II GRADO,SOSTEGNO,FINO AL TERMINE,FINO A 34,NO,NO,0,1
202425,PERUGIA,SCUOLA INFANZIA,NORMALE,ANNUALE,TRA 45 E 54,NO,SI,0,2
202425,SAVONA,SCUOLA PRIMARIA,NORMALE,FINO AL TERMINE,TRA 45 E 54,NO,NO,0,6
202425,RIMINI,SCUOLA SECONDARIA I GRADO,NORMALE,ANNUALE,TRA 35 E 44,SI,SI,0,1
202425,BERGAMO,SCUOLA PRIMARIA,SOSTEGNO,ANNUALE,TRA 45 E 54,SI,SI,0,13
202425,ISERNIA,SCUOLA SECONDARIA II GRADO,SOSTEGNO,FINO AL TERMINE,OLTRE 54,NO,SI,0,5
202425,VENEZIA,SCUOLA SECONDARIA II GRADO,SOSTEGNO,FINO AL TERMINE,TRA 45 E 54,NO,NO,3,7
202425,CUNEO,SCUOLA SECONDARIA II GRADO,NORMALE,FINO AL TERMINE,TRA 45 E 54,NO,SI,19,19
202425,VICENZA,SCUOLA SECONDARIA II GRADO,NORMALE,FINO AL TERMINE,TRA 35 E 44,NO,NO,27,40
202425,NUORO,SCUOLA PRIMARIA,SOSTEGNO,ANNUALE,TRA 45 E 54,NO,SI,0,3
202425,POTENZA,SCUOLA INFANZIA,SOSTEGNO,FINO AL TERMINE,OLTRE 54,NO,SI,0,22
202425,SONDRIO,SCUOLA SECONDARIA I GRADO,SOSTEGNO,FINO AL TERMINE,TRA 45 E 54,NO,NO,0,4
202425,MESSINA,SCUOLA INFANZIA,SOSTEGNO,FINO AL TERMINE,TRA 45 E 54,NO,SI,0,151
202425,RAVENNA,SCUOLA SECONDARIA I GRADO,SOSTEGNO,FINO AL TERMINE,FINO A 34,NO,NO,3,9
202425,PISA,SCUOLA SECONDARIA I GRADO,NORMALE,FINO AL TERMINE,OLTRE 54,NO,SI,1,6
202425,CALTANISSETTA,SCUOLA PRIMARIA,NORMALE,FINO AL TERMINE,OLTRE 54,NO,SI,0,6
202425,SASSARI,SCUOLA SECONDARIA I GRADO,NORMALE,ANNUALE,TRA 45 E 54,NO,SI,5,11
202425,RIETI,SCUOLA SECONDARIA I GRADO,SOSTEGNO,FINO AL TERMINE,OLTRE 54,NO,SI,1,4
202425,BENEVENTO,SCUOLA SECONDARIA I GRADO,NORMALE,ANNUALE,TRA 35 E 44,NO,SI,7,8
202425,REGGIO CALABRIA,SCUOLA PRIMARIA,NORMALE,FINO AL TERMINE,FINO A 34,NO,SI,0,2
202425,MILANO,SCUOLA SECONDARIA I GRADO,SOSTEGNO,ANNUALE,OLTRE 54,SI,SI,2,7
202425,TERNI,SCUOLA SECONDARIA II GRADO,NORMALE,ANNUALE,FINO A 34,NO,SI,14,16
202425,FROSINONE,SCUOLA SECONDARIA I GRADO,NORMALE,ANNUALE,OLTRE 54,SI,SI,0,1
202425,L'AQUILA,SCUOLA SECONDARIA I GRADO,SOSTEGNO,FINO AL TERMINE,OLTRE 54,NO,SI,5,7
202425,BARLETTA-ANDRIA-TRANI,SCUOLA PRIMARIA,NORMALE,FINO AL TERMINE,FINO A 34,NO,SI,2,5
202425,PRATO,SCUOLA SECONDARIA I GRADO,NORMALE,ANNUALE,TRA 35 E 44,NO,SI,2,15
202425,RIMINI,SCUOLA PRIMARIA,NORMALE,FINO AL TERMINE,FINO A 34,NO,NO,6,11
202425,COMO,SCUOLA SECONDARIA II GRADO,SOSTEGNO,FINO AL TERMINE,TRA 45 E 54,NO,SI,0,11
202425,NAPOLI,SCUOLA INFANZIA,SOSTEGNO,FINO AL TERMINE,TRA 35 E 44,NO,NO,0,47
202425,VERBANO-CUSIO-OSSOLA,SCUOLA PRIMARIA,NORMALE,FINO AL TERMINE,TRA 45 E 54,NO,SI,2,8
202425,CAGLIARI,SCUOLA SECONDARIA II GRADO,NORMALE,FINO AL TERMINE,FINO A 34,NO,SI,5,6
202425,BOLOGNA,SCUOLA SECONDARIA I GRADO,NORMALE,ANNUALE,TRA 45 E 54,NO,SI,0,3
202425,ANCONA,SCUOLA INFANZIA,SOSTEGNO,ANNUALE,TRA 45 E 54,SI,SI,0,2
202425,FERRARA,SCUOLA SECONDARIA II GRADO,SOSTEGNO,ANNUALE,TRA 35 E 44,SI,SI,1,1
202425,FIRENZE,SCUOLA PRIMARIA,NORMALE,ANNUALE,TRA 35 E 44,NO,NO,0,1
202425,IMPERIA,SCUOLA SECONDARIA I GRADO,SOSTEGNO,FINO AL TERMINE,TRA 35 E 44,NO,NO,3,4
202425,PARMA,SCUOLA INFANZIA,SOSTEGNO,ANNUALE,TRA 45 E 54,SI,SI,0,2
202425,BRINDISI,SCUOLA SECONDARIA II GRADO,NORMALE,ANNUALE,TRA 45 E 54,NO,SI,20,28
202425,CATANZARO,SCUOLA SECONDARIA I GRADO,SOSTEGNO,FINO AL TERMINE,FINO A 34,NO,NO,0,2
202425,FROSINONE,SCUOLA SECONDARIA II GRADO,NORMALE,FINO AL TERMINE,TRA 35 E 44,NO,NO,32,56
202425,BELLUNO,SCUOLA INFANZIA,SOSTEGNO,ANNUALE,TRA 45 E 54,NO,SI,0,1
202425,FORLI'-CESENA,SCUOLA INFANZIA,NORMALE,ANNUALE,FINO A 34,NO,SI,0,1
202425,ROMA,SCUOLA INFANZIA,SOSTEGNO,FINO AL TERMINE,FINO A 34,NO,SI,0,30
202425,TARANTO,SCUOLA PRIMARIA,SOSTEGNO,ANNUALE,TRA 45 E 54,NO,SI,0,3
202425,VERONA,SCUOLA PRIMARIA,NORMALE,ANNUALE,TRA 45 E 54,NO,SI,0,10
202425,VERONA,SCUOLA SECONDARIA I GRADO,NORMALE,FINO AL TERMINE,TRA 45 E 54,NO,NO,5,26
202425,PESCARA,SCUOLA PRIMARIA,NORMALE,ANNUALE,TRA 45 E 54,NO,SI,0,1
202425,FERRARA,SCUOLA SECONDARIA I GRADO,SOSTEGNO,ANNUALE,TRA 35 E 44,SI,SI,0,4
202425,CREMONA,SCUOLA SECONDARIA I GRADO,NORMALE,FINO AL TERMINE,TRA 45 E 54,NO,NO,5,11
202425,RAGUSA,SCUOLA SECONDARIA II GRADO,NORMALE,ANNUALE,FINO A 34,NO,SI,10,5
202425,SASSARI,SCUOLA PRIMARIA,SOSTEGNO,ANNUALE,TRA 45 E 54,SI,SI,1,9
202425,CUNEO,SCUOLA SECONDARIA II GRADO,SOSTEGNO,FINO AL TERMINE,TRA 35 E 44,NO,SI,21,71
202425,FOGGIA,SCUOLA PRIMARIA,SOSTEGNO,ANNUALE,TRA 45 E 54,NO,SI,0,2
202425,PRATO,SCUOLA SECONDARIA II GRADO,SOSTEGNO,FINO AL TERMINE,OLTRE 54,NO,NO,2,2
202425,PORDENONE,SCUOLA SECONDARIA II GRADO,NORMALE,FINO AL TERMINE,TRA 35 E 44,NO,SI,8,12
202425,ORISTANO,SCUOLA SECONDARIA I GRADO,NORMALE,FINO AL TERMINE,FINO A 34,NO,NO,2,2
202425,PESARO E URBINO,SCUOLA SECONDARIA I GRADO,NORMALE,FINO AL TERMINE,OLTRE 54,NO,NO,1,5
202425,BOLOGNA,SCUOLA INFANZIA,SOSTEGNO,ANNUALE,FINO A 34,SI,SI,0,1
202425,CASERTA,SCUOLA SECONDARIA I GRADO,NORMALE,ANNUALE,OLTRE 54,NO,SI,2,1
202425,GROSSETO,SCUOLA SECONDARIA II GRADO,NORMALE,ANNUALE,TRA 45 E 54,NO,SI,12,15
202425,RAVENNA,SCUOLA PRIMARIA,SOSTEGNO,FINO AL TERMINE,TRA 45 E 54,NO,SI,4,68
202425,LECCE,SCUOLA INFANZIA,SOSTEGNO,FINO AL TERMINE,OLTRE 54,NO,SI,0,55
202425,CREMONA,SCUOLA SECONDARIA II GRADO,NORMALE,FINO AL TERMINE,FINO A 34,NO,NO,26,21
202425,MODENA,SCUOLA INFANZIA,SOSTEGNO,FINO AL TERMINE,TRA 35 E 44,NO,SI,0,24
202425,PERUGIA,SCUOLA SECONDARIA II GRADO,NORMALE,FINO AL TERMINE,TRA 35 E 44,NO,SI,15,13
202425,TRAPANI,SCUOLA PRIMARIA,NORMALE,FINO AL TERMINE,TRA 35 E 44,NO,NO,6,1
202425,RAVENNA,SCUOLA SECONDARIA I GRADO,NORMALE,ANNUALE,TRA 45 E 54,NO,NO,1,0
202425,TERNI,SCUOLA SECONDARIA I GRADO,NORMALE,ANNUALE,TRA 35 E 44,NO,SI,0,7
202425,AVELLINO,SCUOLA SECONDARIA I GRADO,SOSTEGNO,FINO AL TERMINE,FINO A 34,NO,SI,3,18
202425,SAVONA,SCUOLA INFANZIA,SOSTEGNO,ANNUALE,TRA 35 E 44,SI,SI,0,1
202425,PERUGIA,SCUOLA SECONDARIA I GRADO,SOSTEGNO,ANNUALE,TRA 35 E 44,NO,SI,0,1
202425,AREZZO,SCUOLA SECONDARIA II GRADO,SOSTEGNO,FINO AL TERMINE,TRA 35 E 44,NO,SI,24,77
202425,LECCO,SCUOLA INFANZIA,SOSTEGNO,FINO AL TERMINE,FINO A 34,NO,NO,0,2
202425,VICENZA,SCUOLA SECONDARIA II GRADO,NORMALE,ANNUALE,TRA 35 E 44,SI,SI,1,2
202425,FIRENZE,SCUOLA SECONDARIA I GRADO,SOSTEGNO,ANNUALE,TRA 45 E 54,SI,SI,1,2
202425,GORIZIA,SCUOLA PRIMARIA,SOSTEGNO,FINO AL TERMINE,FINO A 34,NO,NO,2,9
202425,LA SPEZIA,SCUOLA SECONDARIA I GRADO,SOSTEGNO,ANNUALE,FINO A 34,SI,SI,2,7
202425,LECCO,SCUOLA SECONDARIA I GRADO,SOSTEGNO,FINO AL TERMINE,FINO A 34,NO,SI,6,15
202425,MONZA E DELLA BRIANZA,SCUOLA SECONDARIA I GRADO,SOSTEGNO,FINO AL TERMINE,FINO A 34,NO,NO,4,13
202425,TRAPANI,SCUOLA INFANZIA,SOSTEGNO,FINO AL TERMINE,OLTRE 54,NO,NO,0,6
202425,REGGIO CALABRIA,SCUOLA SECONDARIA I GRADO,NORMALE,ANNUALE,TRA 45 E 54,NO,SI,5,12
202425,TORINO,SCUOLA SECONDARIA I GRADO,NORMALE,ANNUALE,TRA 45 E 54,NO,SI,29,57
202425,MACERATA,SCUOLA SECONDARIA I GRADO,NORMALE,FINO AL TERMINE,TRA 45 E 54,NO,SI,2,5
202425,SIENA,SCUOLA INFANZIA,SOSTEGNO,FINO AL TERMINE,TRA 45 E 54,NO,SI,0,19
202425,TERAMO,SCUOLA SECONDARIA II GRADO,NORMALE,FINO AL TERMINE,TRA 45 E 54,NO,NO,12,19
202425,BELLUNO,SCUOLA PRIMARIA,NORMALE,FINO AL TERMINE,OLTRE 54,NO,SI,0,4
202425,LATINA,SCUOLA PRIMARIA,SOSTEGNO,ANNUALE,FINO A 34,SI,SI,0,1
202425,L'AQUILA,SCUOLA SECONDARIA I GRADO,NORMALE,ANNUALE,FINO A 34,NO,SI,4,9
202425,ROVIGO,SCUOLA PRIMARIA,SOSTEGNO,ANNUALE,TRA 45 E 54,NO,SI,1,17
202425,FERMO,SCUOLA PRIMARIA,NORMALE,FINO AL TERMINE,OLTRE 54,NO,SI,0,4
202425,REGGIO EMILIA,SCUOLA SECONDARIA II GRADO,NORMALE,FINO AL TERMINE,OLTRE 54,NO,NO,8,14
202425,REGGIO CALABRIA,SCUOLA SECONDARIA I GRADO,SOSTEGNO,ANNUALE,TRA 35 E 44,SI,SI,2,0
202425,GROSSETO,SCUOLA SECONDARIA II GRADO,SOSTEGNO,FINO AL TERMINE,OLTRE 54,NO,SI,5,10
202425,PISTOIA,SCUOLA PRIMARIA,SOSTEGNO,ANNUALE,TRA 35 E 44,SI,SI,0,6
202425,VARESE,SCUOLA PRIMARIA,SOSTEGNO,FINO AL TERMINE,FINO A 34,NO,SI,31,249
202425,CROTONE,SCUOLA SECONDARIA I GRADO,NORMALE,ANNUALE,FINO A 34,NO,SI,2,8
202425,BARLETTA-ANDRIA-TRANI,SCUOLA PRIMARIA,SOSTEGNO,FINO AL TERMINE,TRA 35 E 44,NO,NO,0,20
202425,LODI,SCUOLA SECONDARIA II GRADO,SOSTEGNO,FINO AL TERMINE,TRA 35 E 44,NO,SI,6,35
202425,FOGGIA,SCUOLA SECONDARIA I GRADO,NORMALE,ANNUALE,TRA 45 E 54,NO,SI,8,15
202425,BIELLA,SCUOLA PRIMARIA,SOSTEGNO,FINO AL TERMINE,TRA 45 E 54,NO,NO,1,0
202425,AVELLINO,SCUOLA SECONDARIA I GRADO,SOSTEGNO,FINO AL TERMINE,TRA 35 E 44,NO,SI,6,22
202425,LA SPEZIA,SCUOLA SECONDARIA I GRADO,NORMALE,ANNUALE,OLTRE 54,NO,SI,1,2
202425,ALESSANDRIA,SCUOLA INFANZIA,NORMALE,FINO AL TERMINE,FINO A 34,NO,NO,0,3
202425,FERRARA,SCUOLA INFANZIA,SOSTEGNO,ANNUALE,TRA 45 E 54,SI,SI,0,3
202425,MANTOVA,SCUOLA SECONDARIA II GRADO,SOSTEGNO,FINO AL TERMINE,FINO A 34,NO,SI,14,45
202425,CAMPOBASSO,SCUOLA SECONDARIA II GRADO,NORMALE,FINO AL TERMINE,TRA 35 E 44,NO,SI,4,13
202425,RAVENNA,SCUOLA SECONDARIA II GRADO,NORMALE,ANNUALE,FINO A 34,NO,SI,21,21
202425,MILANO,SCUOLA SECONDARIA II GRADO,NORMALE,FINO AL TERMINE,TRA 35 E 44,NO,SI,56,85
202425,CATANZARO,SCUOLA PRIMARIA,NORMALE,FINO AL TERMINE,OLTRE 54,NO,SI,2,8
202425,PIACENZA,SCUOLA PRIMARIA,NORMALE,FINO AL TERMINE,TRA 45 E 54,NO,NO,1,4
202425,TORINO,SCUOLA INFANZIA,NORMALE,FINO AL TERMINE,FINO A 34,NO,SI,0,13
202425,VERCELLI,SCUOLA SECONDARIA II GRADO,SOSTEGNO,FINO AL TERMINE,FINO A 34,NO,NO,1,2
202425,TREVISO,SCUOLA SECONDARIA II GRADO,SOSTEGNO,ANNUALE,FINO A 34,SI,SI,0,2
202425,MATERA,SCUOLA INFANZIA,SOSTEGNO,FINO AL TERMINE,FINO A 34,NO,NO,0,1
202425,BRESCIA,SCUOLA PRIMARIA,SOSTEGNO,FINO AL TERMINE,OLTRE 54,NO,NO,2,5
202425,ASTI,SCUOLA PRIMARIA,NORMALE,FINO AL TERMINE,FINO A 34,NO,NO,7,10
202425,BRESCIA,SCUOLA INFANZIA,NORMALE,ANNUALE,FINO A 34,NO,SI,0,1
202425,VITERBO,SCUOLA SECONDARIA I GRADO,SOSTEGNO,FINO AL TERMINE,FINO A 34,NO,SI,11,53
202425,BERGAMO,SCUOLA SECONDARIA I GRADO,SOSTEGNO,ANNUALE,TRA 35 E 44,SI,SI,19,41
202425,ORISTANO,SCUOLA SECONDARIA I GRADO,SOSTEGNO,FINO AL TERMINE,TRA 35 E 44,NO,SI,3,12
202425,LECCE,SCUOLA PRIMARIA,NORMALE,FINO AL TERMINE,TRA 45 E 54,NO,NO,8,10
202425,LECCO,SCUOLA INFANZIA,SOSTEGNO,FINO AL TERMINE,TRA 45 E 54,NO,NO,0,10
202425,MONZA E DELLA BRIANZA,SCUOLA PRIMARIA,NORMALE,ANNUALE,TRA 35 E 44,NO,SI,0,15
202425,BELLUNO,SCUOLA SECONDARIA II GRADO,SOSTEGNO,ANNUALE,TRA 35 E 44,NO,SI,4,7
202425,PIACENZA,SCUOLA SECONDARIA II GRADO,NORMALE,FINO AL TERMINE,TRA 35 E 44,NO,SI,8,15
202425,MODENA,SCUOLA SECONDARIA I GRADO,NORMALE,ANNUALE,TRA 35 E 44,SI,SI,0,1
202425,MILANO,SCUOLA INFANZIA,SOSTEGNO,ANNUALE,TRA 45 E 54,NO,SI,1,28
202425,ANCONA,SCUOLA SECONDARIA I GRADO,NORMALE,FINO AL TERMINE,OLTRE 54,NO,SI,2,4
202425,VERONA,SCUOLA SECONDARIA I GRADO,NORMALE,ANNUALE,TRA 45 E 54,NO,SI,6,17
202425,MILANO,SCUOLA PRIMARIA,NORMALE,ANNUALE,TRA 35 E 44,NO,NO,1,0
202425,BARI,SCUOLA SECONDARIA I GRADO,SOSTEGNO,FINO AL TERMINE,OLTRE 54,NO,SI,11,32
202425,MONZA E DELLA BRIANZA,SCUOLA SECONDARIA I GRADO,NORMALE,FINO AL TERMINE,TRA 45 E 54,NO,SI,3,9
202425,BERGAMO,SCUOLA SECONDARIA I GRADO,SOSTEGNO,FINO AL TERMINE,OLTRE 54,NO,SI,11,23
202425,RIMINI,SCUOLA SECONDARIA I GRADO,SOSTEGNO,ANNUALE,FINO A 34,NO,SI,1,0
202425,REGGIO EMILIA,SCUOLA SECONDARIA I GRADO,NORMALE,ANNUALE,TRA 35 E 44,SI,NO,0,2
202425,VERBANO-CUSIO-OSSOLA,SCUOLA PRIMARIA,SOSTEGNO,FINO AL TERMINE,TRA 35 E 44,NO,NO,1,6
202425,TORINO,SCUOLA SECONDARIA II GRADO,NORMALE,ANNUALE,FINO A 34,SI,SI,0,2
202425,BELLUNO,SCUOLA INFANZIA,SOSTEGNO,FINO AL TERMINE,TRA 45 E 54,NO,NO,0,4
202425,MESSINA,SCUOLA SECONDARIA I GRADO,NORMALE,FINO AL TERMINE,FINO A 34,NO,SI,3,6
202425,PARMA,SCUOLA SECONDARIA I GRADO,SOSTEGNO,ANNUALE,TRA 45 E 54,SI,SI,0,2
202425,BARI,SCUOLA PRIMARIA,SOSTEGNO,FINO AL TERMINE,OLTRE 54,NO,NO,1,12
202425,CREMONA,SCUOLA PRIMARIA,SOSTEGNO,ANNUALE,FINO A 34,NO,SI,6,53
202425,PRATO,SCUOLA INFANZIA,SOSTEGNO,ANNUALE,TRA 45 E 54,SI,SI,0,1
202425,TREVISO,SCUOLA PRIMARIA,NORMALE,ANNUALE,OLTRE 54,NO,SI,0,4
202425,COMO,SCUOLA INFANZIA,NORMALE,ANNUALE,FINO A 34,NO,SI,0,3
202425,ASTI,SCUOLA INFANZIA,SOSTEGNO,ANNUALE,TRA 45 E 54,SI,SI,0,2
202425,AREZZO,SCUOLA PRIMARIA,SOSTEGNO,FINO AL TERMINE,FINO A 34,NO,SI,4,63
202425,CATANIA,SCUOLA SECONDARIA II GRADO,SOSTEGNO,FINO AL TERMINE,TRA 35 E 44,NO,SI,27,203
202425,PAVIA,SCUOLA PRIMARIA,SOSTEGNO,ANNUALE,FINO A 34,NO,NO,0,1
202425,TORINO,SCUOLA INFANZIA,SOSTEGNO,ANNUALE,TRA 35 E 44,SI,SI,0,15
202425,LA SPEZIA,SCUOLA SECONDARIA I GRADO,NORMALE,FINO AL TERMINE,OLTRE 54,NO,NO,2,5
202425,PARMA,SCUOLA SECONDARIA II GRADO,SOSTEGNO,FINO AL TERMINE,OLTRE 54,NO,NO,1,2
202425,SAVONA,SCUOLA SECONDARIA I GRADO,SOSTEGNO,FINO AL TERMINE,OLTRE 54,NO,SI,7,10
202425,FORLI'-CESENA,SCUOLA PRIMARIA,SOSTEGNO,ANNUALE,TRA 35 E 44,SI,SI,2,7
202425,AGRIGENTO,SCUOLA SECONDARIA II GRADO,SOSTEGNO,FINO AL TERMINE,FINO A 34,NO,SI,0,1
202425,VERCELLI,SCUOLA INFANZIA,SOSTEGNO,FINO AL TERMINE,FINO A 34,NO,SI,1,21
202425,MESSINA,SCUOLA PRIMARIA,SOSTEGNO,FINO AL TERMINE,OLTRE 54,NO,NO,1,9
202425,MONZA E DELLA BRIANZA,SCUOLA SECONDARIA II GRADO,NORMALE,FINO AL TERMINE,TRA 45 E 54,NO,SI,9,18
202425,LIVORNO,SCUOLA INFANZIA,NORMALE,FINO AL TERMINE,FINO A 34,NO,SI,0,1
202425,COMO,SCUOLA INFANZIA,NORMALE,FINO AL TERMINE,TRA 45 E 54,NO,NO,0,11
202425,PADOVA,SCUOLA PRIMARIA,NORMALE,ANNUALE,FINO A 34,NO,SI,0,2
202425,TERNI,SCUOLA SECONDARIA II GRADO,SOSTEGNO,FINO AL TERMINE,FINO A 34,NO,NO,0,2
202425,LATINA,SCUOLA PRIMARIA,SOSTEGNO,FINO AL TERMINE,TRA 45 E 54,NO,SI,13,377
202425,NUORO,SCUOLA PRIMARIA,SOSTEGNO,ANNUALE,TRA 35 E 44,NO,SI,0,1
202425,PRATO,SCUOLA PRIMARIA,SOSTEGNO,FINO AL TERMINE,TRA 45 E 54,NO,SI,5,45
202425,ISERNIA,SCUOLA SECONDARIA II GRADO,NORMALE,ANNUALE,FINO A 34,NO,SI,1,3
202425,COMO,SCUOLA PRIMARIA,SOSTEGNO,ANNUALE,TRA 35 E 44,NO,SI,3,75
202425,SALERNO,SCUOLA PRIMARIA,SOSTEGNO,ANNUALE,TRA 45 E 54,SI,SI,0,2
202425,BENEVENTO,SCUOLA INFANZIA,NORMALE,ANNUALE,OLTRE 54,NO,SI,0,1
202425,VENEZIA,SCUOLA INFANZIA,NORMALE,FINO AL TERMINE,FINO A 34,NO,NO,0,8
202425,TERAMO,SCUOLA PRIMARIA,SOSTEGNO,FINO AL TERMINE,TRA 45 E 54,NO,NO,0,8
202425,CREMONA,SCUOLA PRIMARIA,NORMALE,FINO AL TERMINE,TRA 45 E 54,NO,NO,0,9
202425,BERGAMO,SCUOLA SECONDARIA I GRADO,NORMALE,ANNUALE,TRA 45 E 54,NO,SI,4,9
202425,RIMINI,SCUOLA PRIMARIA,SOSTEGNO,FINO AL TERMINE,FINO A 34,NO,SI,3,57
202425,COMO,SCUOLA PRIMARIA,NORMALE,FINO AL TERMINE,FINO A 34,NO,SI,5,66
202425,SAVONA,SCUOLA SECONDARIA II GRADO,SOSTEGNO,FINO AL TERMINE,TRA 45 E 54,NO,SI,8,26
202425,BELLUNO,SCUOLA SECONDARIA II GRADO,NORMALE,ANNUALE,TRA 35 E 44,NO,SI,14,12
202425,BENEVENTO,SCUOLA INFANZIA,SOSTEGNO,FINO AL TERMINE,TRA 35 E 44,NO,SI,0,12
202425,LA SPEZIA,SCUOLA SECONDARIA I GRADO,SOSTEGNO,FINO AL TERMINE,FINO A 34,NO,NO,1,1
202425,CATANZARO,SCUOLA SECONDARIA I GRADO,NORMALE,FINO AL TERMINE,TRA 35 E 44,NO,NO,5,14
202425,NUORO,SCUOLA SECONDARIA II GRADO,NORMALE,ANNUALE,FINO A 34,NO,NO,3,1
202425,VERONA,SCUOLA SECONDARIA I GRADO,SOSTEGNO,FINO AL TERMINE,TRA 35 E 44,NO,SI,30,79
202425,BARI,SCUOLA SECONDARIA I GRADO,NORMALE,FINO AL TERMINE,FINO A 34,NO,NO,4,16
202425,FERRARA,SCUOLA SECONDARIA I GRADO,NORMALE,FINO AL TERMINE,TRA 45 E 54,NO,NO,3,10
202425,GROSSETO,SCUOLA INFANZIA,NORMALE,FINO AL TERMINE,TRA 35 E 44,NO,NO,0,1
202425,TORINO,SCUOLA PRIMARIA,NORMALE,ANNUALE,FINO A 34,NO,SI,6,69
202425,REGGIO EMILIA,SCUOLA SECONDARIA II GRADO,SOSTEGNO,ANNUALE,TRA 45 E 54,SI,SI,0,2
202425,CREMONA,SCUOLA SECONDARIA II GRADO,SOSTEGNO,ANNUALE,TRA 35 E 44,SI,NO,0,1
202425,BENEVENTO,SCUOLA SECONDARIA II GRADO,NORMALE,ANNUALE,TRA 45 E 54,NO,SI,6,4
202425,VICENZA,SCUOLA PRIMARIA,SOSTEGNO,FINO AL TERMINE,TRA 35 E 44,NO,NO,0,30
202425,FROSINONE,SCUOLA SECONDARIA II GRADO,NORMALE,FINO AL TERMINE,OLTRE 54,NO,SI,6,10
202425,PARMA,SCUOLA SECONDARIA II GRADO,NORMALE,FINO AL TERMINE,TRA 45 E 54,NO,NO,12,36
202425,CREMONA,SCUOLA INFANZIA,SOSTEGNO,FINO AL TERMINE,TRA 45 E 54,NO,NO,0,9
202425,PERUGIA,SCUOLA SECONDARIA I GRADO,NORMALE,FINO AL TERMINE,TRA 45 E 54,NO,NO,2,22
202425,ROVIGO,SCUOLA INFANZIA,SOSTEGNO,FINO AL TERMINE,FINO A 34,NO,SI,0,3
202425,PALERMO,SCUOLA PRIMARIA,NORMALE,FINO AL TERMINE,OLTRE 54,NO,NO,5,6
202425,TREVISO,SCUOLA PRIMARIA,SOSTEGNO,FINO AL TERMINE,OLTRE 54,NO,SI,5,70
202425,CAGLIARI,SCUOLA SECONDARIA I GRADO,SOSTEGNO,FINO AL TERMINE,TRA 35 E 44,NO,SI,18,68
202425,SONDRIO,SCUOLA PRIMARIA,NORMALE,ANNUALE,TRA 45 E 54,NO,SI,0,7
202425,BENEVENTO,SCUOLA SECONDARIA II GRADO,SOSTEGNO,FINO AL TERMINE,OLTRE 54,NO,SI,0,2
202425,VIBO VALENTIA,SCUOLA SECONDARIA II GRADO,NORMALE,ANNUALE,TRA 35 E 44,NO,NO,1,0
202425,PIACENZA,SCUOLA PRIMARIA,NORMALE,ANNUALE,TRA 45 E 54,NO,SI,0,7
202425,PIACENZA,SCUOLA SECONDARIA I GRADO,SOSTEGNO,ANNUALE,FINO A 34,SI,SI,5,9
202425,MODENA,SCUOLA PRIMARIA,SOSTEGNO,ANNUALE,FINO A 34,NO,SI,2,10
202425,MILANO,SCUOLA PRIMARIA,NORMALE,FINO AL TERMINE,TRA 45 E 54,NO,SI,16,148
202425,SAVONA,SCUOLA SECONDARIA I GRADO,NORMALE,FINO AL TERMINE,TRA 45 E 54,NO,SI,1,3
202425,NOVARA,SCUOLA SECONDARIA II GRADO,NORMALE,ANNUALE,TRA 35 E 44,SI,SI,0,2
202425,AGRIGENTO,SCUOLA INFANZIA,SOSTEGNO,FINO AL TERMINE,TRA 45 E 54,NO,NO,0,6
202425,PESARO E URBINO,SCUOLA INFANZIA,NORMALE,ANNUALE,TRA 45 E 54,NO,SI,0,1
202425,BRESCIA,SCUOLA SECONDARIA I GRADO,NORMALE,ANNUALE,FINO A 34,SI,SI,0,5
202425,SASSARI,SCUOLA SECONDARIA II GRADO,NORMALE,FINO AL TERMINE,FINO A 34,NO,SI,12,9
202425,MACERATA,SCUOLA INFANZIA,NORMALE,FINO AL TERMINE,TRA 35 E 44,NO,NO,0,2
202425,PADOVA,SCUOLA SECONDARIA I GRADO,NORMALE,FINO AL TERMINE,OLTRE 54,NO,NO,6,19
202425,SAVONA,SCUOLA PRIMARIA,NORMALE,FINO AL TERMINE,OLTRE 54,NO,NO,2,6
202425,PESARO E URBINO,SCUOLA INFANZIA,SOSTEGNO,ANNUALE,TRA 45 E 54,SI,SI,0,2
202425,SUD SARDEGNA,SCUOLA PRIMARIA,NORMALE,ANNUALE,FINO A 34,NO,SI,0,8
202425,MESSINA,SCUOLA INFANZIA,NORMALE,FINO AL TERMINE,TRA 35 E 44,NO,NO,0,1
202425,VENEZIA,SCUOLA INFANZIA,SOSTEGNO,FINO AL TERMINE,OLTRE 54,NO,NO,0,8
202425,COSENZA,SCUOLA SECONDARIA I GRADO,NORMALE,FINO AL TERMINE,TRA 45 E 54,NO,NO,8,23
202425,FROSINONE,SCUOLA SECONDARIA II GRADO,SOSTEGNO,FINO AL TERMINE,TRA 45 E 54,NO,SI,5,41
202425,BARLETTA-ANDRIA-TRANI,SCUOLA PRIMARIA,NORMALE,FINO AL TERMINE,TRA 45 E 54,NO,SI,1,10
202425,FIRENZE,SCUOLA INFANZIA,SOSTEGNO,ANNUALE,FINO A 34,NO,SI,0,1
202425,CASERTA,SCUOLA PRIMARIA,SOSTEGNO,FINO AL TERMINE,OLTRE 54,NO,SI,0,7
202425,MODENA,SCUOLA SECONDARIA I GRADO,SOSTEGNO,ANNUALE,TRA 35 E 44,SI,SI,2,14
202425,CAMPOBASSO,SCUOLA INFANZIA,NORMALE,ANNUALE,TRA 35 E 44,NO,SI,0,2
202425,MACERATA,SCUOLA SECONDARIA II GRADO,NORMALE,ANNUALE,TRA 45 E 54,NO,SI,7,6
202425,L'AQUILA,SCUOLA SECONDARIA II GRADO,SOSTEGNO,FINO AL TERMINE,TRA 45 E 54,NO,SI,17,68
202425,MESSINA,SCUOLA SECONDARIA I GRADO,SOSTEGNO,ANNUALE,OLTRE 54,SI,SI,1,0
202425,PISTOIA,SCUOLA SECONDARIA II GRADO,NORMALE,FINO AL TERMINE,OLTRE 54,NO,NO,7,9
202425,MANTOVA,SCUOLA SECONDARIA I GRADO,SOSTEGNO,FINO AL TERMINE,FINO A 34,NO,NO,0,6
202425,NAPOLI,SCUOLA SECONDARIA I GRADO,SOSTEGNO,ANNUALE,TRA 45 E 54,SI,SI,1,5
202425,PARMA,SCUOLA INFANZIA,NORMALE,ANNUALE,TRA 45 E 54,NO,SI,0,1
202425,PISA,SCUOLA INFANZIA,SOSTEGNO,FINO AL TERMINE,TRA 45 E 54,NO,SI,2,40
202425,PRATO,SCUOLA SECONDARIA I GRADO,SOSTEGNO,ANNUALE,TRA 45 E 54,SI,SI,0,1
202425,L'AQUILA,SCUOLA SECONDARIA II GRADO,NORMALE,ANNUALE,TRA 45 E 54,NO,SI,9,7
202425,ROMA,SCUOLA PRIMARIA,SOSTEGNO,FINO AL TERMINE,OLTRE 54,NO,SI,61,614
202425,PESARO E URBINO,SCUOLA SECONDARIA I GRADO,SOSTEGNO,FINO AL TERMINE,TRA 45 E 54,NO,SI,9,39
202425,PADOVA,SCUOLA SECONDARIA II GRADO,NORMALE,ANNUALE,TRA 35 E 44,NO,NO,0,1
202425,RIMINI,SCUOLA SECONDARIA I GRADO,NORMALE,FINO AL TERMINE,OLTRE 54,NO,NO,2,5
202425,REGGIO EMILIA,SCUOLA SECONDARIA II GRADO,NORMALE,FINO AL TERMINE,FINO A 34,NO,SI,41,53
202425,IMPERIA,SCUOLA PRIMARIA,NORMALE,FINO AL TERMINE,FINO A 34,NO,NO,6,13
202425,RAVENNA,SCUOLA INFANZIA,SOSTEGNO,ANNUALE,TRA 45 E 54,SI,SI,0,2
202425,SONDRIO,SCUOLA PRIMARIA,SOSTEGNO,FINO AL TERMINE,FINO A 34,NO,NO,1,10
202425,PIACENZA,SCUOLA PRIMARIA,SOSTEGNO,FINO AL TERMINE,TRA 45 E 54,NO,SI,3,43
202425,BARLETTA-ANDRIA-TRANI,SCUOLA PRIMARIA,SOSTEGNO,FINO AL TERMINE,OLTRE 54,NO,SI,7,70
202425,PRATO,SCUOLA SECONDARIA II GRADO,NORMALE,FINO AL TERMINE,OLTRE 54,NO,SI,3,3
202425,PESARO E URBINO,SCUOLA SECONDARIA II GRADO,NORMALE,ANNUALE,TRA 45 E 54,NO,NO,3,0
202425,SAVONA,SCUOLA SECONDARIA II GRADO,NORMALE,ANNUALE,FINO A 34,NO,SI,20,31
202425,CATANZARO,SCUOLA SECONDARIA II GRADO,NORMALE,ANNUALE,TRA 45 E 54,NO,SI,6,9
202425,COSENZA,SCUOLA PRIMARIA,SOSTEGNO,FINO AL TERMINE,FINO A 34,NO,NO,1,4
202425,VENEZIA,SCUOLA SECONDARIA I GRADO,SOSTEGNO,FINO AL TERMINE,TRA 45 E 54,NO,SI,11,31
202425,TORINO,SCUOLA PRIMARIA,SOSTEGNO,ANNUALE,OLTRE 54,NO,NO,0,1
202425,UDINE,SCUOLA SECONDARIA II GRADO,SOSTEGNO,FINO AL TERMINE,OLTRE 54,NO,NO,0,2
202425,MATERA,SCUOLA SECONDARIA I GRADO,NORMALE,FINO AL TERMINE,TRA 35 E 44,NO,NO,5,21
202425,TARANTO,SCUOLA SECONDARIA II GRADO,NORMALE,ANNUALE,FINO A 34,NO,SI,29,50
202425,FIRENZE,SCUOLA PRIMARIA,NORMALE,ANNUALE,FINO A 34,NO,SI,5,68
202425,LECCE,SCUOLA SECONDARIA I GRADO,NORMALE,ANNUALE,OLTRE 54,NO,SI,5,3
202425,CALTANISSETTA,SCUOLA SECONDARIA II GRADO,NORMALE,ANNUALE,TRA 35 E 44,NO,SI,16,15
202425,BENEVENTO,SCUOLA INFANZIA,NORMALE,FINO AL TERMINE,TRA 45 E 54,NO,NO,0,2
202425,MILANO,SCUOLA PRIMARIA,SOSTEGNO,FINO AL TERMINE,FINO A 34,NO,NO,35,95
202425,CROTONE,SCUOLA SECONDARIA II GRADO,SOSTEGNO,FINO AL TERMINE,TRA 35 E 44,NO,NO,1,2
202425,SIENA,SCUOLA SECONDARIA II GRADO,SOSTEGNO,FINO AL TERMINE,TRA 35 E 44,NO,NO,0,6
202425,TERNI,SCUOLA PRIMARIA,SOSTEGNO,ANNUALE,TRA 35 E 44,SI,NO,0,1
202425,LUCCA,SCUOLA PRIMARIA,SOSTEGNO,FINO AL TERMINE,TRA 35 E 44,NO,NO,1,11
202425,PIACENZA,SCUOLA INFANZIA,NORMALE,FINO AL TERMINE,OLTRE 54,NO,SI,0,4
202425,BARI,SCUOLA SECONDARIA II GRADO,NORMALE,FINO AL TERMINE,TRA 35 E 44,NO,NO,19,71
202425,CAGLIARI,SCUOLA PRIMARIA,SOSTEGNO,FINO AL TERMINE,TRA 35 E 44,NO,NO,1,13
202425,CHIETI,SCUOLA PRIMARIA,SOSTEGNO,FINO AL TERMINE,TRA 45 E 54,NO,SI,8,151
202425,CASERTA,SCUOLA INFANZIA,SOSTEGNO,FINO AL TERMINE,TRA 45 E 54,NO,SI,0,57
202425,NUORO,SCUOLA INFANZIA,SOSTEGNO,ANNUALE,TRA 45 E 54,SI,SI,0,1
202425,CATANIA,SCUOLA SECONDARIA I GRADO,NORMALE,FINO AL TERMINE,FINO A 34,NO,SI,8,13
202425,FOGGIA,SCUOLA INFANZIA,NORMALE,FINO AL TERMINE,FINO A 34,NO,SI,0,3
202425,PAVIA,SCUOLA SECONDARIA I GRADO,NORMALE,FINO AL TERMINE,TRA 45 E 54,NO,SI,1,6
202425,VITERBO,SCUOLA PRIMARIA,SOSTEGNO,FINO AL TERMINE,OLTRE 54,NO,NO,0,3
202425,ALESSANDRIA,SCUOLA SECONDARIA II GRADO,NORMALE,FINO AL TERMINE,OLTRE 54,NO,SI,3,6
202425,VARESE,SCUOLA INFANZIA,NORMALE,FINO AL TERMINE,TRA 45 E 54,NO,NO,0,10
202425,SAVONA,SCUOLA PRIMARIA,SOSTEGNO,ANNUALE,TRA 45 E 54,NO,SI,2,14
202425,LIVORNO,SCUOLA SECONDARIA II GRADO,NORMALE,ANNUALE,OLTRE 54,NO,NO,0,1
202425,CREMONA,SCUOLA SECONDARIA I GRADO,NORMALE,ANNUALE,FINO A 34,NO,SI,7,17
202425,FERMO,SCUOLA SECONDARIA I GRADO,SOSTEGNO,ANNUALE,OLTRE 54,SI,SI,0,1
202425,PALERMO,SCUOLA SECONDARIA II GRADO,NORMALE,FINO AL TERMINE,FINO A 34,NO,NO,17,27
202425,VENEZIA,SCUOLA PRIMARIA,SOSTEGNO,FINO AL TERMINE,TRA 45 E 54,NO,NO,2,13
202425,MONZA E DELLA BRIANZA,SCUOLA PRIMARIA,SOSTEGNO,ANNUALE,FINO A 34,NO,SI,3,75
202425,VIBO VALENTIA,SCUOLA SECONDARIA II GRADO,NORMALE,FINO AL TERMINE,TRA 35 E 44,NO,SI,3,8
202425,SIENA,SCUOLA SECONDARIA I GRADO,SOSTEGNO,FINO AL TERMINE,OLTRE 54,NO,SI,5,5
202425,SIRACUSA,SCUOLA SECONDARIA II GRADO,NORMALE,ANNUALE,FINO A 34,NO,SI,8,11
202425,BARLETTA-ANDRIA-TRANI,SCUOLA SECONDARIA II GRADO,NORMALE,ANNUALE,TRA 35 E 44,NO,SI,5,33
202425,FIRENZE,SCUOLA SECONDARIA I GRADO,NORMALE,ANNUALE,FINO A 34,NO,SI,10,33
202425,MILANO,SCUOLA SECONDARIA II GRADO,SOSTEGNO,ANNUALE,TRA 45 E 54,NO,SI,0,6
202425,VERCELLI,SCUOLA SECONDARIA II GRADO,SOSTEGNO,ANNUALE,FINO A 34,SI,SI,1,4
202425,VERONA,SCUOLA PRIMARIA,NORMALE,FINO AL TERMINE,TRA 35 E 44,NO,SI,5,44
202425,PARMA,SCUOLA PRIMARIA,NORMALE,ANNUALE,TRA 35 E 44,NO,SI,0,10
202425,ENNA,SCUOLA SECONDARIA I GRADO,SOSTEGNO,FINO AL TERMINE,FINO A 34,NO,SI,1,9
202425,PADOVA,SCUOLA SECONDARIA I GRADO,SOSTEGNO,ANNUALE,TRA 45 E 54,SI,SI,3,2
202425,TRAPANI,SCUOLA SECONDARIA I GRADO,SOSTEGNO,FINO AL TERMINE,TRA 45 E 54,NO,NO,2,6
202425,TARANTO,SCUOLA INFANZIA,NORMALE,ANNUALE,TRA 35 E 44,NO,SI,0,2
202425,FERMO,SCUOLA SECONDARIA I GRADO,SOSTEGNO,FINO AL TERMINE,OLTRE 54,NO,NO,1,2
202425,COMO,SCUOLA PRIMARIA,SOSTEGNO,FINO AL TERMINE,TRA 45 E 54,NO,NO,2,4
202425,SASSARI,SCUOLA INFANZIA,NORMALE,FINO AL TERMINE,TRA 35 E 44,NO,NO,0,2
202425,VARESE,SCUOLA SECONDARIA I GRADO,NORMALE,FINO AL TERMINE,TRA 35 E 44,NO,SI,7,12
202425,CREMONA,SCUOLA SECONDARIA II GRADO,NORMALE,FINO AL TERMINE,TRA 35 E 44,NO,NO,8,22
202425,SIRACUSA,SCUOLA SECONDARIA I GRADO,NORMALE,FINO AL TERMINE,OLTRE 54,NO,NO,0,2
202425,ORISTANO,SCUOLA INFANZIA,SOSTEGNO,FINO AL TERMINE,OLTRE 54,NO,SI,0,2
202425,FOGGIA,SCUOLA SECONDARIA II GRADO,NORMALE,FINO AL TERMINE,TRA 35 E 44,NO,SI,17,26
202425,MILANO,SCUOLA PRIMARIA,SOSTEGNO,ANNUALE,TRA 35 E 44,NO,SI,34,256
202425,TRIESTE,SCUOLA PRIMARIA,NORMALE,ANNUALE,TRA 45 E 54,NO,NO,0,1
202425,GENOVA,SCUOLA SECONDARIA I GRADO,SOSTEGNO,FINO AL TERMINE,TRA 35 E 44,NO,NO,3,20
202425,CHIETI,SCUOLA PRIMARIA,NORMALE,FINO AL TERMINE,TRA 35 E 44,NO,NO,4,7
202425,MESSINA,SCUOLA PRIMARIA,SOSTEGNO,FINO AL TERMINE,TRA 35 E 44,NO,SI,4,195
202425,AVELLINO,SCUOLA INFANZIA,SOSTEGNO,FINO AL TERMINE,OLTRE 54,NO,NO,0,6
202425,GROSSETO,SCUOLA PRIMARIA,SOSTEGNO,FINO AL TERMINE,TRA 35 E 44,NO,SI,1,38
202425,COMO,SCUOLA SECONDARIA I GRADO,NORMALE,ANNUALE,OLTRE 54,NO,SI,1,1
202425,CASERTA,SCUOLA PRIMARIA,NORMALE,FINO AL TERMINE,TRA 45 E 54,NO,SI,0,16
202425,SIRACUSA,SCUOLA SECONDARIA I GRADO,SOSTEGNO,ANNUALE,OLTRE 54,SI,SI,0,1
202425,MODENA,SCUOLA SECONDARIA I GRADO,NORMALE,FINO AL TERMINE,TRA 45 E 54,NO,SI,2,11
202425,PORDENONE,SCUOLA SECONDARIA I GRADO,SOSTEGNO,FINO AL TERMINE,TRA 45 E 54,NO,SI,8,18
202425,ROMA,SCUOLA SECONDARIA I GRADO,SOSTEGNO,FINO AL TERMINE,FINO A 34,NO,NO,15,33
202425,ANCONA,SCUOLA PRIMARIA,NORMALE,FINO AL TERMINE,FINO A 34,NO,SI,3,33
202425,PESCARA,SCUOLA SECONDARIA I GRADO,SOSTEGNO,FINO AL TERMINE,FINO A 34,NO,NO,1,3
202425,TRIESTE,SCUOLA PRIMARIA,NORMALE,FINO AL TERMINE,TRA 35 E 44,NO,NO,0,6
202425,MASSA-CARRARA,SCUOLA SECONDARIA I GRADO,NORMALE,FINO AL TERMINE,TRA 35 E 44,NO,SI,4,3
202425,FERMO,SCUOLA SECONDARIA I GRADO,SOSTEGNO,ANNUALE,TRA 45 E 54,NO,SI,0,1
202425,BERGAMO,SCUOLA PRIMARIA,SOSTEGNO,ANNUALE,TRA 35 E 44,NO,NO,0,2
202425,REGGIO CALABRIA,SCUOLA SECONDARIA II GRADO,NORMALE,ANNUALE,TRA 35 E 44,NO,NO,3,4
202425,BENEVENTO,SCUOLA PRIMARIA,SOSTEGNO,FINO AL TERMINE,OLTRE 54,NO,NO,0,1
202425,SONDRIO,SCUOLA SECONDARIA I GRADO,NORMALE,FINO AL TERMINE,TRA 35 E 44,NO,NO,3,9
202425,RIETI,SCUOLA PRIMARIA,NORMALE,FINO AL TERMINE,FINO A 34,NO,NO,4,6
202425,RAGUSA,SCUOLA PRIMARIA,SOSTEGNO,FINO AL TERMINE,TRA 35 E 44,NO,NO,0,9
202425,BRESCIA,SCUOLA PRIMARIA,NORMALE,FINO AL TERMINE,OLTRE 54,NO,NO,1,10
202425,SAVONA,SCUOLA SECONDARIA II GRADO,NORMALE,FINO AL TERMINE,FINO A 34,NO,SI,6,9
202425,FERRARA,SCUOLA SECONDARIA II GRADO,NORMALE,ANNUALE,TRA 35 E 44,NO,NO,0,1
202425,POTENZA,SCUOLA SECONDARIA I GRADO,NORMALE,FINO AL TERMINE,TRA 35 E 44,NO,SI,3,10
202425,COMO,SCUOLA SECONDARIA I GRADO,SOSTEGNO,FINO AL TERMINE,FINO A 34,NO,NO,2,4
202425,BERGAMO,SCUOLA SECONDARIA II GRADO,NORMALE,ANNUALE,TRA 45 E 54,SI,SI,1,0
202425,BERGAMO,SCUOLA SECONDARIA II GRADO,SOSTEGNO,ANNUALE,TRA 35 E 44,SI,SI,1,3
202425,REGGIO CALABRIA,SCUOLA INFANZIA,NORMALE,ANNUALE,TRA 45 E 54,NO,SI,0,1
202425,AREZZO,SCUOLA SECONDARIA I GRADO,NORMALE,ANNUALE,FINO A 34,NO,SI,2,7
202425,FIRENZE,SCUOLA SECONDARIA II GRADO,SOSTEGNO,FINO AL TERMINE,FINO A 34,NO,SI,45,127
202425,PAVIA,SCUOLA SECONDARIA II GRADO,SOSTEGNO,FINO AL TERMINE,FINO A 34,NO,SI,30,55
202425,ANCONA,SCUOLA INFANZIA,NORMALE,FINO AL TERMINE,FINO A 34,NO,SI,0,4
202425,NOVARA,SCUOLA SECONDARIA I GRADO,NORMALE,ANNUALE,TRA 45 E 54,NO,NO,0,1
202425,MATERA,SCUOLA PRIMARIA,NORMALE,FINO AL TERMINE,FINO A 34,NO,SI,0,4
202425,FERRARA,SCUOLA SECONDARIA I GRADO,NORMALE,FINO AL TERMINE,OLTRE 54,NO,SI,0,4
202425,BERGAMO,SCUOLA PRIMARIA,NORMALE,FINO AL TERMINE,TRA 45 E 54,NO,NO,4,16
202425,PALERMO,SCUOLA SECONDARIA I GRADO,SOSTEGNO,FINO AL TERMINE,TRA 45 E 54,NO,NO,5,17
202425,MONZA E DELLA BRIANZA,SCUOLA SECONDARIA II GRADO,SOSTEGNO,FINO AL TERMINE,FINO A 34,NO,NO,1,9
202425,VERBANO-CUSIO-OSSOLA,SCUOLA SECONDARIA I GRADO,NORMALE,ANNUALE,OLTRE 54,NO,SI,1,4
202425,BRINDISI,SCUOLA PRIMARIA,SOSTEGNO,FINO AL TERMINE,TRA 35 E 44,NO,SI,0,97
202425,MODENA,SCUOLA INFANZIA,SOSTEGNO,FINO AL TERMINE,FINO A 34,NO,NO,3,29
202425,LA SPEZIA,SCUOLA SECONDARIA II GRADO,SOSTEGNO,FINO AL TERMINE,OLTRE 54,NO,NO,0,2
202425,FOGGIA,SCUOLA SECONDARIA I GRADO,SOSTEGNO,FINO AL TERMINE,FINO A 34,NO,NO,3,10
202425,L'AQUILA,SCUOLA INFANZIA,NORMALE,FINO AL TERMINE,TRA 45 E 54,NO,SI,0,3
202425,L'AQUILA,SCUOLA SECONDARIA I GRADO,NORMALE,FINO AL TERMINE,TRA 45 E 54,NO,NO,3,11
202425,PERUGIA,SCUOLA SECONDARIA I GRADO,SOSTEGNO,FINO AL TERMINE,FINO A 34,NO,SI,32,92
202425,ROMA,SCUOLA INFANZIA,SOSTEGNO,ANNUALE,FINO A 34,SI,SI,0,25
202425,GROSSETO,SCUOLA SECONDARIA I GRADO,NORMALE,FINO AL TERMINE,TRA 35 E 44,NO,NO,7,13
202425,COSENZA,SCUOLA SECONDARIA I GRADO,SOSTEGNO,FINO AL TERMINE,FINO A 34,NO,SI,4,28
202425,LIVORNO,SCUOLA PRIMARIA,NORMALE,ANNUALE,TRA 35 E 44,NO,SI,1,1
202425,SALERNO,SCUOLA SECONDARIA I GRADO,SOSTEGNO,ANNUALE,OLTRE 54,SI,SI,1,1
202425,ORISTANO,SCUOLA SECONDARIA II GRADO,SOSTEGNO,FINO AL TERMINE,TRA 45 E 54,NO,SI,8,28
202425,BIELLA,SCUOLA INFANZIA,SOSTEGNO,ANNUALE,TRA 35 E 44,NO,SI,0,1
202425,TARANTO,SCUOLA SECONDARIA II GRADO,NORMALE,FINO AL TERMINE,TRA 35 E 44,NO,NO,13,23
202425,MESSINA,SCUOLA PRIMARIA,NORMALE,ANNUALE,TRA 45 E 54,NO,SI,0,4
202425,ROVIGO,SCUOLA PRIMARIA,NORMALE,FINO AL TERMINE,FINO A 34,NO,SI,0,6
202425,PALERMO,SCUOLA PRIMARIA,SOSTEGNO,FINO AL TERMINE,TRA 35 E 44,NO,NO,2,34
202425,SONDRIO,SCUOLA PRIMARIA,SOSTEGNO,ANNUALE,FINO A 34,SI,SI,0,2
202425,PERUGIA,SCUOLA PRIMARIA,NORMALE,FINO AL TERMINE,TRA 35 E 44,NO,SI,2,17
202425,BRESCIA,SCUOLA INFANZIA,SOSTEGNO,ANNUALE,FINO A 34,SI,SI,0,7
202425,VERONA,SCUOLA INFANZIA,NORMALE,FINO AL TERMINE,TRA 35 E 44,NO,NO,0,11
202425,VERONA,SCUOLA SECONDARIA II GRADO,NORMALE,FINO AL TERMINE,FINO A 34,NO,NO,36,55
202425,MASSA-CARRARA,SCUOLA SECONDARIA II GRADO,NORMALE,ANNUALE,TRA 35 E 44,NO,NO,2,0
202425,FIRENZE,SCUOLA PRIMARIA,NORMALE,ANNUALE,TRA 35 E 44,NO,SI,2,23
202425,VENEZIA,SCUOLA SECONDARIA II GRADO,SOSTEGNO,FINO AL TERMINE,FINO A 34,NO,SI,33,58
202425,RAVENNA,SCUOLA PRIMARIA,SOSTEGNO,FINO AL TERMINE,FINO A 34,NO,NO,7,42
202425,TERAMO,SCUOLA SECONDARIA II GRADO,NORMALE,FINO AL TERMINE,FINO A 34,NO,SI,0,6
202425,CUNEO,SCUOLA PRIMARIA,NORMALE,FINO AL TERMINE,OLTRE 54,NO,SI,1,7
202425,POTENZA,SCUOLA SECONDARIA II GRADO,NORMALE,ANNUALE,TRA 35 E 44,NO,NO,2,1
202425,PARMA,SCUOLA SECONDARIA II GRADO,SOSTEGNO,FINO AL TERMINE,TRA 45 E 54,NO,NO,1,3
202425,ROVIGO,SCUOLA SECONDARIA I GRADO,NORMALE,ANNUALE,TRA 45 E 54,NO,SI,2,12
202425,CATANIA,SCUOLA PRIMARIA,NORMALE,ANNUALE,TRA 45 E 54,NO,SI,2,6
202425,PARMA,SCUOLA INFANZIA,SOSTEGNO,FINO AL TERMINE,TRA 35 E 44,NO,NO,0,8
202425,TREVISO,SCUOLA SECONDARIA I GRADO,NORMALE,FINO AL TERMINE,FINO A 34,NO,NO,23,44
202425,LATINA,SCUOLA SECONDARIA II GRADO,SOSTEGNO,FINO AL TERMINE,OLTRE 54,NO,NO,2,0
202425,COMO,SCUOLA INFANZIA,SOSTEGNO,FINO AL TERMINE,OLTRE 54,NO,NO,0,3
202425,LECCE,SCUOLA SECONDARIA II GRADO,NORMALE,FINO AL TERMINE,FINO A 34,NO,NO,5,12
202425,PIACENZA,SCUOLA SECONDARIA I GRADO,SOSTEGNO,FINO AL TERMINE,OLTRE 54,NO,NO,0,2
202425,L'AQUILA,SCUOLA SECONDARIA II GRADO,SOSTEGNO,FINO AL TERMINE,TRA 45 E 54,NO,NO,4,15
202425,VERONA,SCUOLA SECONDARIA II GRADO,NORMALE,ANNUALE,TRA 35 E 44,NO,NO,1,2
202425,PESARO E URBINO,SCUOLA INFANZIA,SOSTEGNO,ANNUALE,TRA 35 E 44,NO,SI,0,1
202425,RIMINI,SCUOLA SECONDARIA I GRADO,SOSTEGNO,FINO AL TERMINE,TRA 45 E 54,NO,SI,11,37
202425,MANTOVA,SCUOLA SECONDARIA II GRADO,NORMALE,ANNUALE,TRA 35 E 44,NO,SI,31,26
202425,RAVENNA,SCUOLA SECONDARIA I GRADO,NORMALE,ANNUALE,FINO A 34,NO,SI,1,3
202425,REGGIO EMILIA,SCUOLA SECONDARIA II GRADO,NORMALE,ANNUALE,TRA 45 E 54,NO,SI,26,16
202425,VICENZA,SCUOLA SECONDARIA I GRADO,SOSTEGNO,FINO AL TERMINE,FINO A 34,NO,SI,19,50
202425,L'AQUILA,SCUOLA PRIMARIA,SOSTEGNO,FINO AL TERMINE,FINO A 34,NO,NO,0,6
202425,GENOVA,SCUOLA INFANZIA,SOSTEGNO,FINO AL TERMINE,TRA 45 E 54,NO,NO,0,21
202425,BARI,SCUOLA INFANZIA,SOSTEGNO,ANNUALE,TRA 45 E 54,NO,SI,0,2
202425,ROMA,SCUOLA SECONDARIA II GRADO,SOSTEGNO,FINO AL TERMINE,TRA 45 E 54,NO,SI,118,434
202425,PERUGIA,SCUOLA SECONDARIA II GRADO,NORMALE,FINO AL TERMINE,TRA 45 E 54,NO,NO,35,37
202425,LECCO,SCUOLA SECONDARIA I GRADO,NORMALE,FINO AL TERMINE,FINO A 34,NO,SI,2,10
202425,PESARO E URBINO,SCUOLA PRIMARIA,NORMALE,ANNUALE,OLTRE 54,NO,SI,0,1
202425,TORINO,SCUOLA PRIMARIA,SOSTEGNO,FINO AL TERMINE,TRA 45 E 54,NO,SI,40,407
202425,ASCOLI PICENO,SCUOLA SECONDARIA II GRADO,NORMALE,ANNUALE,OLTRE 54,NO,SI,1,1
202425,LIVORNO,SCUOLA INFANZIA,NORMALE,FINO AL TERMINE,TRA 45 E 54,NO,SI,0,6
202425,TRIESTE,SCUOLA SECONDARIA I GRADO,NORMALE,FINO AL TERMINE,TRA 45 E 54,NO,SI,1,5
202425,VITERBO,SCUOLA SECONDARIA II GRADO,NORMALE,ANNUALE,TRA 35 E 44,NO,SI,12,16
202425,FORLI'-CESENA,SCUOLA INFANZIA,NORMALE,FINO AL TERMINE,FINO A 34,NO,SI,0,3
202425,AGRIGENTO,SCUOLA SECONDARIA I GRADO,NORMALE,ANNUALE,FINO A 34,NO,SI,8,5
202425,FIRENZE,SCUOLA PRIMARIA,SOSTEGNO,ANNUALE,OLTRE 54,SI,SI,0,3
202425,SUD SARDEGNA,SCUOLA PRIMARIA,SOSTEGNO,FINO AL TERMINE,OLTRE 54,NO,NO,0,2
202425,LECCO,SCUOLA SECONDARIA I GRADO,SOSTEGNO,ANNUALE,TRA 35 E 44,SI,SI,15,28
202425,FERMO,SCUOLA INFANZIA,NORMALE,FINO AL TERMINE,TRA 45 E 54,NO,SI,0,3
202425,REGGIO EMILIA,SCUOLA PRIMARIA,NORMALE,ANNUALE,OLTRE 54,NO,SI,0,1
202425,CHIETI,SCUOLA SECONDARIA II GRADO,NORMALE,ANNUALE,TRA 45 E 54,NO,SI,13,12
202425,LECCE,SCUOLA INFANZIA,NORMALE,FINO AL TERMINE,TRA 45 E 54,NO,NO,0,2
202425,CROTONE,SCUOLA PRIMARIA,NORMALE,ANNUALE,TRA 45 E 54,NO,SI,1,0
202425,CROTONE,SCUOLA PRIMARIA,NORMALE,FINO AL TERMINE,TRA 35 E 44,NO,NO,2,3
202425,MILANO,SCUOLA SECONDARIA I GRADO,SOSTEGNO,ANNUALE,FINO A 34,SI,NO,0,1
202425,TERNI,SCUOLA SECONDARIA I GRADO,SOSTEGNO,FINO AL TERMINE,TRA 45 E 54,NO,NO,3,6
202425,FOGGIA,SCUOLA SECONDARIA II GRADO,NORMALE,ANNUALE,TRA 45 E 54,SI,SI,1,0
202425,PESARO E URBINO,SCUOLA SECONDARIA II GRADO,NORMALE,FINO AL TERMINE,TRA 45 E 54,NO,SI,6,6
202425,L'AQUILA,SCUOLA SECONDARIA II GRADO,NORMALE,ANNUALE,FINO A 34,NO,NO,0,2
202425,BIELLA,SCUOLA PRIMARIA,SOSTEGNO,FINO AL TERMINE,OLTRE 54,NO,SI,3,12
202425,LA SPEZIA,SCUOLA INFANZIA,SOSTEGNO,ANNUALE,OLTRE 54,SI,SI,0,5
202425,PRATO,SCUOLA INFANZIA,SOSTEGNO,FINO AL TERMINE,TRA 35 E 44,NO,NO,0,4
202425,PERUGIA,SCUOLA SECONDARIA I GRADO,SOSTEGNO,ANNUALE,OLTRE 54,SI,SI,0,1
202425,PISTOIA,SCUOLA SECONDARIA II GRADO,SOSTEGNO,FINO AL TERMINE,FINO A 34,NO,SI,19,55
202425,NAPOLI,SCUOLA SECONDARIA II GRADO,NORMALE,ANNUALE,FINO A 34,NO,SI,61,159
202425,SALERNO,SCUOLA INFANZIA,SOSTEGNO,ANNUALE,FINO A 34,NO,SI,0,1
202425,FERRARA,SCUOLA SECONDARIA I GRADO,NORMALE,ANNUALE,OLTRE 54,NO,SI,1,1
202425,ASCOLI PICENO,SCUOLA SECONDARIA II GRADO,NORMALE,FINO AL TERMINE,TRA 35 E 44,NO,SI,3,4
202425,NOVARA,SCUOLA SECONDARIA II GRADO,SOSTEGNO,FINO AL TERMINE,FINO A 34,NO,NO,0,2
202425,SIENA,SCUOLA SECONDARIA II GRADO,SOSTEGNO,FINO AL TERMINE,OLTRE 54,NO,SI,6,18
202425,PRATO,SCUOLA SECONDARIA I GRADO,NORMALE,FINO AL TERMINE,TRA 45 E 54,NO,NO,2,12
202425,PIACENZA,SCUOLA SECONDARIA II GRADO,NORMALE,ANNUALE,TRA 45 E 54,NO,SI,12,8
202425,LUCCA,SCUOLA SECONDARIA I GRADO,SOSTEGNO,FINO AL TERMINE,OLTRE 54,NO,NO,2,3
202425,PIACENZA,SCUOLA INFANZIA,NORMALE,FINO AL TERMINE,FINO A 34,NO,NO,0,5
202425,TREVISO,SCUOLA SECONDARIA I GRADO,SOSTEGNO,FINO AL TERMINE,FINO A 34,NO,SI,32,79
202425,BERGAMO,SCUOLA PRIMARIA,SOSTEGNO,ANNUALE,TRA 35 E 44,SI,SI,1,11
202425,BELLUNO,SCUOLA SECONDARIA I GRADO,SOSTEGNO,FINO AL TERMINE,TRA 35 E 44,NO,NO,2,6
202425,REGGIO CALABRIA,SCUOLA SECONDARIA II GRADO,SOSTEGNO,FINO AL TERMINE,TRA 35 E 44,NO,SI,9,78
202425,REGGIO EMILIA,SCUOLA PRIMARIA,SOSTEGNO,FINO AL TERMINE,TRA 35 E 44,NO,SI,12,103
202425,PISA,SCUOLA INFANZIA,SOSTEGNO,FINO AL TERMINE,TRA 45 E 54,NO,NO,0,8
202425,VARESE,SCUOLA PRIMARIA,NORMALE,FINO AL TERMINE,TRA 45 E 54,NO,SI,1,21
202425,PISTOIA,SCUOLA PRIMARIA,SOSTEGNO,ANNUALE,TRA 45 E 54,NO,SI,0,6
202425,SONDRIO,SCUOLA INFANZIA,SOSTEGNO,FINO AL TERMINE,FINO A 34,NO,SI,0,6
202425,RIMINI,SCUOLA INFANZIA,NORMALE,FINO AL TERMINE,OLTRE 54,NO,SI,0,3
202425,CATANZARO,SCUOLA INFANZIA,SOSTEGNO,FINO AL TERMINE,TRA 35 E 44,NO,SI,0,17
202425,PIACENZA,SCUOLA SECONDARIA I GRADO,NORMALE,FINO AL TERMINE,TRA 35 E 44,NO,NO,4,15
202425,PIACENZA,SCUOLA SECONDARIA II GRADO,SOSTEGNO,ANNUALE,OLTRE 54,SI,SI,1,1
202425,VERCELLI,SCUOLA SECONDARIA I GRADO,SOSTEGNO,FINO AL TERMINE,FINO A 34,NO,NO,0,3
202425,MESSINA,SCUOLA SECONDARIA II GRADO,NORMALE,FINO AL TERMINE,OLTRE 54,NO,NO,5,19
202425,BARI,SCUOLA PRIMARIA,NORMALE,ANNUALE,TRA 35 E 44,NO,SI,2,12
202425,TREVISO,SCUOLA SECONDARIA II GRADO,NORMALE,ANNUALE,OLTRE 54,NO,NO,2,1
202425,LA SPEZIA,SCUOLA SECONDARIA I GRADO,NORMALE,ANNUALE,TRA 35 E 44,NO,SI,4,8
202425,ALESSANDRIA,SCUOLA INFANZIA,NORMALE,FINO AL TERMINE,FINO A 34,NO,SI,0,5
202425,PESARO E URBINO,SCUOLA PRIMARIA,SOSTEGNO,ANNUALE,FINO A 34,SI,SI,0,5
202425,TORINO,SCUOLA PRIMARIA,NORMALE,FINO AL TERMINE,TRA 35 E 44,NO,SI,5,110
202425,BRESCIA,SCUOLA SECONDARIA II GRADO,SOSTEGNO,ANNUALE,TRA 35 E 44,SI,SI,5,12
202425,NUORO,SCUOLA PRIMARIA,SOSTEGNO,FINO AL TERMINE,OLTRE 54,NO,NO,0,3
202425,TERAMO,SCUOLA SECONDARIA I GRADO,NORMALE,FINO AL TERMINE,OLTRE 54,NO,NO,0,3
202425,FIRENZE,SCUOLA PRIMARIA,SOSTEGNO,FINO AL TERMINE,TRA 45 E 54,NO,SI,18,171
202425,PARMA,SCUOLA PRIMARIA,NORMALE,FINO AL TERMINE,TRA 45 E 54,NO,SI,1,8
202425,TRIESTE,SCUOLA PRIMARIA,SOSTEGNO,ANNUALE,TRA 45 E 54,NO,SI,1,9
202425,PARMA,SCUOLA SECONDARIA I GRADO,SOSTEGNO,FINO AL TERMINE,OLTRE 54,NO,SI,4,2
202425,SUD SARDEGNA,SCUOLA PRIMARIA,NORMALE,FINO AL TERMINE,TRA 35 E 44,NO,SI,0,13
202425,ENNA,SCUOLA SECONDARIA II GRADO,NORMALE,FINO AL TERMINE,FINO A 34,NO,NO,7,12
202425,PADOVA,SCUOLA SECONDARIA II GRADO,SOSTEGNO,FINO AL TERMINE,FINO A 34,NO,NO,4,7
202425,TRAPANI,SCUOLA SECONDARIA II GRADO,NORMALE,FINO AL TERMINE,FINO A 34,NO,SI,4,13
202425,LIVORNO,SCUOLA PRIMARIA,NORMALE,FINO AL TERMINE,TRA 35 E 44,NO,NO,3,4
202425,SIRACUSA,SCUOLA SECONDARIA II GRADO,SOSTEGNO,FINO AL TERMINE,OLTRE 54,NO,NO,1,1
202425,LECCE,SCUOLA SECONDARIA II GRADO,SOSTEGNO,FINO AL TERMINE,OLTRE 54,NO,SI,3,12
202425,GENOVA,SCUOLA SECONDARIA II GRADO,SOSTEGNO,FINO AL TERMINE,TRA 35 E 44,NO,SI,65,129
202425,CATANIA,SCUOLA SECONDARIA I GRADO,SOSTEGNO,ANNUALE,OLTRE 54,SI,SI,0,2
202425,TERNI,SCUOLA SECONDARIA II GRADO,NORMALE,FINO AL TERMINE,OLTRE 54,NO,SI,1,2
202425,MILANO,SCUOLA INFANZIA,NORMALE,FINO AL TERMINE,TRA 35 E 44,NO,SI,0,29
202425,ROMA,SCUOLA SECONDARIA II GRADO,NORMALE,ANNUALE,TRA 35 E 44,SI,SI,1,3
202425,SAVONA,SCUOLA PRIMARIA,NORMALE,FINO AL TERMINE,TRA 45 E 54,NO,SI,1,9
202425,LA SPEZIA,SCUOLA PRIMARIA,NORMALE,ANNUALE,TRA 45 E 54,NO,SI,0,7
202425,PIACENZA,SCUOLA INFANZIA,SOSTEGNO,ANNUALE,TRA 35 E 44,SI,NO,0,2
202425,AGRIGENTO,SCUOLA SECONDARIA I GRADO,NORMALE,FINO AL TERMINE,OLTRE 54,NO,NO,1,2
202425,VERBANO-CUSIO-OSSOLA,SCUOLA SECONDARIA II GRADO,NORMALE,FINO AL TERMINE,OLTRE 54,NO,NO,5,6
202425,MANTOVA,SCUOLA SECONDARIA II GRADO,NORMALE,FINO AL TERMINE,TRA 45 E 54,NO,NO,4,14
202425,MACERATA,SCUOLA PRIMARIA,NORMALE,ANNUALE,TRA 35 E 44,NO,SI,0,4
202425,CASERTA,SCUOLA PRIMARIA,NORMALE,FINO AL TERMINE,TRA 45 E 54,NO,NO,5,9
202425,GORIZIA,SCUOLA SECONDARIA II GRADO,NORMALE,FINO AL TERMINE,OLTRE 54,NO,SI,1,1
202425,FOGGIA,SCUOLA SECONDARIA II GRADO,SOSTEGNO,FINO AL TERMINE,TRA 35 E 44,NO,SI,24,93
202425,POTENZA,SCUOLA INFANZIA,SOSTEGNO,FINO AL TERMINE,TRA 35 E 44,NO,NO,0,1
202425,MILANO,SCUOLA INFANZIA,SOSTEGNO,ANNUALE,TRA 45 E 54,SI,SI,0,23
202425,CREMONA,SCUOLA SECONDARIA I GRADO,NORMALE,FINO AL TERMINE,OLTRE 54,NO,SI,2,4
202425,MATERA,SCUOLA SECONDARIA I GRADO,SOSTEGNO,FINO AL TERMINE,OLTRE 54,NO,SI,0,2
202425,COSENZA,SCUOLA PRIMARIA,NORMALE,FINO AL TERMINE,FINO A 34,NO,NO,16,17
202425,PORDENONE,SCUOLA PRIMARIA,NORMALE,FINO AL TERMINE,FINO A 34,NO,NO,13,21
202425,SIRACUSA,SCUOLA SECONDARIA I GRADO,SOSTEGNO,FINO AL TERMINE,TRA 45 E 54,NO,NO,0,7
202425,CATANZARO,SCUOLA SECONDARIA II GRADO,NORMALE,FINO AL TERMINE,TRA 35 E 44,NO,NO,15,22
202425,BARI,SCUOLA SECONDARIA I GRADO,SOSTEGNO,FINO AL TERMINE,TRA 45 E 54,NO,SI,35,122
202425,FERRARA,SCUOLA SECONDARIA II GRADO,NORMALE,ANNUALE,TRA 45 E 54,NO,SI,10,18
202425,TRAPANI,SCUOLA INFANZIA,SOSTEGNO,FINO AL TERMINE,TRA 45 E 54,NO,SI,5,87
202425,COMO,SCUOLA INFANZIA,NORMALE,ANNUALE,OLTRE 54,NO,SI,0,4
202425,CROTONE,SCUOLA PRIMARIA,SOSTEGNO,FINO AL TERMINE,TRA 35 E 44,NO,NO,0,2
202425,VERCELLI,SCUOLA SECONDARIA I GRADO,SOSTEGNO,ANNUALE,FINO A 34,SI,SI,3,16
202425,UDINE,SCUOLA SECONDARIA I GRADO,NORMALE,ANNUALE,TRA 45 E 54,NO,SI,2,4
202425,BRESCIA,SCUOLA PRIMARIA,SOSTEGNO,ANNUALE,TRA 35 E 44,NO,NO,0,2
202425,LODI,SCUOLA INFANZIA,SOSTEGNO,FINO AL TERMINE,FINO A 34,NO,SI,2,12
202425,FORLI'-CESENA,SCUOLA SECONDARIA I GRADO,SOSTEGNO,FINO AL TERMINE,TRA 35 E 44,NO,NO,3,9
202425,BIELLA,SCUOLA SECONDARIA II GRADO,NORMALE,FINO AL TERMINE,TRA 45 E 54,NO,SI,2,3
202425,CHIETI,SCUOLA PRIMARIA,NORMALE,FINO AL TERMINE,FINO A 34,NO,SI,1,25
202425,FERRARA,SCUOLA INFANZIA,NORMALE,FINO AL TERMINE,TRA 45 E 54,NO,NO,0,2
202425,PALERMO,SCUOLA SECONDARIA I GRADO,SOSTEGNO,FINO AL TERMINE,TRA 35 E 44,NO,SI,95,333
202425,BENEVENTO,SCUOLA SECONDARIA II GRADO,NORMALE,FINO AL TERMINE,TRA 35 E 44,NO,NO,10,15
202425,REGGIO CALABRIA,SCUOLA INFANZIA,SOSTEGNO,FINO AL TERMINE,TRA 45 E 54,NO,SI,0,62
202425,VICENZA,SCUOLA INFANZIA,SOSTEGNO,FINO AL TERMINE,FINO A 34,NO,NO,1,29
202425,PARMA,SCUOLA SECONDARIA I GRADO,NORMALE,ANNUALE,TRA 45 E 54,NO,SI,2,6
202425,CREMONA,SCUOLA INFANZIA,NORMALE,FINO AL TERMINE,TRA 45 E 54,NO,NO,0,5
202425,TREVISO,SCUOLA INFANZIA,NORMALE,FINO AL TERMINE,TRA 45 E 54,NO,NO,0,15
202425,RAGUSA,SCUOLA SECONDARIA II GRADO,NORMALE,ANNUALE,OLTRE 54,NO,SI,2,2
202425,COMO,SCUOLA SECONDARIA II GRADO,NORMALE,ANNUALE,FINO A 34,SI,SI,0,1
202425,MODENA,SCUOLA SECONDARIA II GRADO,SOSTEGNO,FINO AL TERMINE,FINO A 34,NO,NO,3,8
202425,BENEVENTO,SCUOLA SECONDARIA I GRADO,NORMALE,ANNUALE,TRA 45 E 54,NO,SI,1,15
202425,ENNA,SCUOLA PRIMARIA,SOSTEGNO,FINO AL TERMINE,TRA 35 E 44,NO,NO,0,2
202425,REGGIO CALABRIA,SCUOLA PRIMARIA,NORMALE,FINO AL TERMINE,OLTRE 54,NO,NO,3,10
202425,VIBO VALENTIA,SCUOLA PRIMARIA,NORMALE,FINO AL TERMINE,OLTRE 54,NO,NO,0,1
202425,PORDENONE,SCUOLA SECONDARIA II GRADO,NORMALE,FINO AL TERMINE,TRA 45 E 54,NO,NO,6,24
202425,PESARO E URBINO,SCUOLA PRIMARIA,SOSTEGNO,FINO AL TERMINE,TRA 45 E 54,NO,SI,0,108
202425,ORISTANO,SCUOLA SECONDARIA I GRADO,NORMALE,FINO AL TERMINE,FINO A 34,NO,SI,0,1
202425,MESSINA,SCUOLA SECONDARIA II GRADO,SOSTEGNO,FINO AL TERMINE,TRA 45 E 54,NO,SI,3,47
202425,BARI,SCUOLA PRIMARIA,SOSTEGNO,ANNUALE,TRA 35 E 44,SI,SI,1,4
202425,BARLETTA-ANDRIA-TRANI,SCUOLA PRIMARIA,NORMALE,FINO AL TERMINE,OLTRE 54,NO,NO,1,4
202425,PRATO,SCUOLA SECONDARIA I GRADO,NORMALE,ANNUALE,TRA 45 E 54,NO,SI,1,9
202425,RIMINI,SCUOLA PRIMARIA,NORMALE,FINO AL TERMINE,FINO A 34,NO,SI,3,25
202425,COSENZA,SCUOLA INFANZIA,NORMALE,ANNUALE,OLTRE 54,NO,SI,0,3
202425,GROSSETO,SCUOLA SECONDARIA II GRADO,NORMALE,FINO AL TERMINE,FINO A 34,NO,NO,18,20
202425,SALERNO,SCUOLA PRIMARIA,SOSTEGNO,ANNUALE,OLTRE 54,NO,NO,0,1
202425,BENEVENTO,SCUOLA SECONDARIA I GRADO,NORMALE,FINO AL TERMINE,TRA 35 E 44,NO,SI,0,1
202425,MODENA,SCUOLA INFANZIA,SOSTEGNO,FINO AL TERMINE,TRA 45 E 54,NO,NO,0,22
202425,GENOVA,SCUOLA PRIMARIA,SOSTEGNO,FINO AL TERMINE,TRA 45 E 54,NO,SI,11,95
202425,ANCONA,SCUOLA INFANZIA,SOSTEGNO,FINO AL TERMINE,FINO A 34,NO,NO,0,19
202425,CREMONA,SCUOLA INFANZIA,NORMALE,FINO AL TERMINE,FINO A 34,NO,SI,0,2
202425,FERRARA,SCUOLA SECONDARIA II GRADO,SOSTEGNO,FINO AL TERMINE,FINO A 34,NO,NO,2,1
202425,PERUGIA,SCUOLA SECONDARIA II GRADO,NORMALE,ANNUALE,TRA 45 E 54,SI,SI,0,1
202425,PARMA,SCUOLA INFANZIA,SOSTEGNO,FINO AL TERMINE,FINO A 34,NO,NO,1,10
202425,BRINDISI,SCUOLA SECONDARIA II GRADO,NORMALE,FINO AL TERMINE,FINO A 34,NO,NO,7,17
202425,VICENZA,SCUOLA PRIMARIA,SOSTEGNO,FINO AL TERMINE,TRA 35 E 44,NO,SI,9,92
202425,PIACENZA,SCUOLA SECONDARIA II GRADO,NORMALE,FINO AL TERMINE,OLTRE 54,NO,NO,6,12
202425,AVELLINO,SCUOLA SECONDARIA I GRADO,SOSTEGNO,FINO AL TERMINE,OLTRE 54,NO,SI,3,2
202425,FROSINONE,SCUOLA SECONDARIA II GRADO,NORMALE,FINO AL TERMINE,TRA 35 E 44,NO,SI,12,32
202425,BELLUNO,SCUOLA INFANZIA,SOSTEGNO,FINO AL TERMINE,FINO A 34,NO,NO,1,9
202425,TARANTO,SCUOLA PRIMARIA,SOSTEGNO,ANNUALE,TRA 45 E 54,SI,SI,0,3
202425,RIMINI,SCUOLA SECONDARIA I GRADO,SOSTEGNO,FINO AL TERMINE,OLTRE 54,NO,NO,1,3
202425,CAGLIARI,SCUOLA SECONDARIA II GRADO,NORMALE,FINO AL TERMINE,OLTRE 54,NO,NO,14,6
202425,RIETI,SCUOLA SECONDARIA I GRADO,SOSTEGNO,FINO AL TERMINE,FINO A 34,NO,NO,2,3
202425,NOVARA,SCUOLA SECONDARIA II GRADO,SOSTEGNO,ANNUALE,FINO A 34,SI,SI,2,1
202425,FOGGIA,SCUOLA PRIMARIA,SOSTEGNO,FINO AL TERMINE,FINO A 34,NO,NO,0,5
202425,LIVORNO,SCUOLA PRIMARIA,SOSTEGNO,FINO AL TERMINE,TRA 35 E 44,NO,NO,1,3
202425,NOVARA,SCUOLA SECONDARIA I GRADO,SOSTEGNO,FINO AL TERMINE,OLTRE 54,NO,NO,0,1
202425,BOLOGNA,SCUOLA INFANZIA,SOSTEGNO,ANNUALE,OLTRE 54,SI,SI,0,2
202425,LECCO,SCUOLA SECONDARIA I GRADO,SOSTEGNO,FINO AL TERMINE,OLTRE 54,NO,NO,1,2
202425,PORDENONE,SCUOLA PRIMARIA,NORMALE,ANNUALE,OLTRE 54,NO,SI,1,3
202425,BRESCIA,SCUOLA PRIMARIA,SOSTEGNO,ANNUALE,TRA 45 E 54,SI,SI,1,6
202425,SIENA,SCUOLA PRIMARIA,NORMALE,FINO AL TERMINE,TRA 45 E 54,NO,SI,0,16
202425,CATANZARO,SCUOLA SECONDARIA II GRADO,SOSTEGNO,FINO AL TERMINE,TRA 45 E 54,NO,NO,0,3
202425,BIELLA,SCUOLA INFANZIA,NORMALE,FINO AL TERMINE,TRA 45 E 54,NO,SI,0,5
202425,L'AQUILA,SCUOLA SECONDARIA I GRADO,NORMALE,ANNUALE,OLTRE 54,NO,NO,0,1
202425,FERMO,SCUOLA PRIMARIA,NORMALE,FINO AL TERMINE,TRA 35 E 44,NO,NO,1,3
202425,GROSSETO,SCUOLA SECONDARIA II GRADO,SOSTEGNO,FINO AL TERMINE,TRA 35 E 44,NO,NO,0,3
202425,CROTONE,SCUOLA SECONDARIA I GRADO,NORMALE,ANNUALE,OLTRE 54,NO,SI,4,0
202425,PIACENZA,SCUOLA SECONDARIA I GRADO,NORMALE,ANNUALE,TRA 45 E 54,NO,SI,5,2
202425,LODI,SCUOLA SECONDARIA II GRADO,SOSTEGNO,FINO AL TERMINE,TRA 45 E 54,NO,NO,1,1
202425,GENOVA,SCUOLA PRIMARIA,NORMALE,FINO AL TERMINE,OLTRE 54,NO,SI,1,14
202425,PESARO E URBINO,SCUOLA SECONDARIA II GRADO,NORMALE,FINO AL TERMINE,OLTRE 54,NO,NO,11,7
202425,TERAMO,SCUOLA PRIMARIA,NORMALE,FINO AL TERMINE,FINO A 34,NO,SI,3,5
202425,SONDRIO,SCUOLA SECONDARIA II GRADO,NORMALE,ANNUALE,TRA 35 E 44,NO,NO,0,2
202425,MANTOVA,SCUOLA SECONDARIA I GRADO,NORMALE,FINO AL TERMINE,TRA 35 E 44,NO,SI,3,7
202425,PORDENONE,SCUOLA SECONDARIA I GRADO,NORMALE,FINO AL TERMINE,FINO A 34,NO,SI,2,9
202425,PISA,SCUOLA SECONDARIA II GRADO,NORMALE,FINO AL TERMINE,FINO A 34,NO,NO,24,26
202425,LUCCA,SCUOLA SECONDARIA II GRADO,SOSTEGNO,FINO AL TERMINE,TRA 45 E 54,NO,NO,0,8
202425,CAMPOBASSO,SCUOLA SECONDARIA II GRADO,NORMALE,FINO AL TERMINE,TRA 45 E 54,NO,NO,6,19
202425,SONDRIO,SCUOLA SECONDARIA I GRADO,SOSTEGNO,FINO AL TERMINE,FINO A 34,NO,NO,4,6
202425,SIRACUSA,SCUOLA PRIMARIA,NORMALE,ANNUALE,OLTRE 54,NO,NO,1,0
202425,VICENZA,SCUOLA SECONDARIA II GRADO,NORMALE,ANNUALE,TRA 45 E 54,NO,NO,3,3
202425,MESSINA,SCUOLA SECONDARIA I GRADO,NORMALE,ANNUALE,TRA 35 E 44,NO,NO,1,0
202425,ROMA,SCUOLA PRIMARIA,NORMALE,FINO AL TERMINE,OLTRE 54,NO,SI,10,132
202425,VERONA,SCUOLA PRIMARIA,SOSTEGNO,ANNUALE,TRA 35 E 44,SI,SI,0,16
202425,TREVISO,SCUOLA SECONDARIA II GRADO,NORMALE,ANNUALE,TRA 45 E 54,NO,NO,0,2
202425,PESCARA,SCUOLA PRIMARIA,SOSTEGNO,FINO AL TERMINE,TRA 35 E 44,NO,SI,4,106
202425,MATERA,SCUOLA INFANZIA,SOSTEGNO,FINO AL TERMINE,FINO A 34,NO,SI,0,3
202425,REGGIO EMILIA,SCUOLA SECONDARIA I GRADO,NORMALE,FINO AL TERMINE,TRA 45 E 54,NO,NO,5,21
202425,ROMA,SCUOLA INFANZIA,SOSTEGNO,ANNUALE,TRA 35 E 44,NO,SI,0,7
202425,REGGIO CALABRIA,SCUOLA SECONDARIA I GRADO,NORMALE,FINO AL TERMINE,OLTRE 54,NO,SI,5,3
202425,TORINO,SCUOLA SECONDARIA I GRADO,NORMALE,FINO AL TERMINE,FINO A 34,NO,NO,47,62
202425,MACERATA,SCUOLA PRIMARIA,SOSTEGNO,FINO AL TERMINE,TRA 45 E 54,NO,SI,9,61
202425,SIENA,SCUOLA PRIMARIA,NORMALE,ANNUALE,FINO A 34,NO,SI,0,4
202425,TERAMO,SCUOLA SECONDARIA II GRADO,NORMALE,FINO AL TERMINE,TRA 45 E 54,NO,SI,2,8
202425,VITERBO,SCUOLA SECONDARIA I GRADO,SOSTEGNO,FINO AL TERMINE,OLTRE 54,NO,NO,1,3
202425,PESCARA,SCUOLA SECONDARIA I GRADO,NORMALE,ANNUALE,TRA 45 E 54,NO,SI,2,1
202425,REGGIO EMILIA,SCUOLA SECONDARIA II GRADO,NORMALE,FINO AL TERMINE,OLTRE 54,NO,SI,4,3
202425,LECCE,SCUOLA PRIMARIA,NORMALE,FINO AL TERMINE,TRA 45 E 54,NO,SI,0,10
202425,CAMPOBASSO,SCUOLA SECONDARIA II GRADO,NORMALE,ANNUALE,FINO A 34,NO,NO,0,1
202425,VARESE,SCUOLA PRIMARIA,SOSTEGNO,FINO AL TERMINE,OLTRE 54,NO,NO,1,3
202425,CREMONA,SCUOLA SECONDARIA II GRADO,SOSTEGNO,FINO AL TERMINE,TRA 35 E 44,NO,NO,0,5
202425,TERNI,SCUOLA PRIMARIA,SOSTEGNO,FINO AL TERMINE,TRA 45 E 54,NO,SI,1,116
202425,SIRACUSA,SCUOLA SECONDARIA I GRADO,SOSTEGNO,FINO AL TERMINE,FINO A 34,NO,SI,5,32
202425,FIRENZE,SCUOLA SECONDARIA I GRADO,SOSTEGNO,FINO AL TERMINE,FINO A 34,NO,NO,7,14
202425,PRATO,SCUOLA SECONDARIA II GRADO,NORMALE,FINO AL TERMINE,TRA 35 E 44,NO,NO,10,21
202425,GENOVA,SCUOLA INFANZIA,SOSTEGNO,FINO AL TERMINE,TRA 35 E 44,NO,NO,0,3
202425,SAVONA,SCUOLA INFANZIA,NORMALE,FINO AL TERMINE,TRA 45 E 54,NO,NO,0,9
202425,LA SPEZIA,SCUOLA SECONDARIA I GRADO,NORMALE,ANNUALE,TRA 35 E 44,NO,NO,0,2
202425,SONDRIO,SCUOLA SECONDARIA II GRADO,NORMALE,FINO AL TERMINE,FINO A 34,NO,SI,10,13
202425,MONZA E DELLA BRIANZA,SCUOLA SECONDARIA I GRADO,SOSTEGNO,FINO AL TERMINE,FINO A 34,NO,SI,33,76
202425,MANTOVA,SCUOLA SECONDARIA II GRADO,SOSTEGNO,FINO AL TERMINE,OLTRE 54,NO,SI,1,6
202425,RAVENNA,SCUOLA SECONDARIA I GRADO,SOSTEGNO,FINO AL TERMINE,FINO A 34,NO,SI,12,21
202425,ROVIGO,SCUOLA SECONDARIA I GRADO,SOSTEGNO,FINO AL TERMINE,TRA 45 E 54,NO,NO,2,1
202425,LECCO,SCUOLA INFANZIA,SOSTEGNO,ANNUALE,OLTRE 54,NO,SI,0,1
202425,MONZA E DELLA BRIANZA,SCUOLA INFANZIA,NORMALE,ANNUALE,FINO A 34,NO,SI,1,0
202425,MILANO,SCUOLA SECONDARIA II GRADO,NORMALE,FINO AL TERMINE,TRA 45 E 54,NO,NO,70,113
202425,SIRACUSA,SCUOLA PRIMARIA,SOSTEGNO,FINO AL TERMINE,FINO A 34,NO,NO,0,1
202425,TORINO,SCUOLA INFANZIA,NORMALE,FINO AL TERMINE,OLTRE 54,NO,NO,0,13
202425,GORIZIA,SCUOLA PRIMARIA,SOSTEGNO,ANNUALE,OLTRE 54,NO,SI,1,3
202425,VERCELLI,SCUOLA SECONDARIA II GRADO,SOSTEGNO,FINO AL TERMINE,FINO A 34,NO,SI,15,19
202425,MASSA-CARRARA,SCUOLA INFANZIA,SOSTEGNO,FINO AL TERMINE,OLTRE 54,NO,NO,0,6
202425,PISA,SCUOLA SECONDARIA I GRADO,NORMALE,FINO AL TERMINE,TRA 45 E 54,NO,SI,1,8
202425,MACERATA,SCUOLA SECONDARIA I GRADO,NORMALE,FINO AL TERMINE,TRA 35 E 44,NO,NO,4,19
202425,ROMA,SCUOLA SECONDARIA II GRADO,NORMALE,ANNUALE,TRA 35 E 44,NO,SI,154,253
202425,ANCONA,SCUOLA SECONDARIA I GRADO,NORMALE,ANNUALE,OLTRE 54,NO,SI,2,5
202425,PIACENZA,SCUOLA INFANZIA,SOSTEGNO,ANNUALE,OLTRE 54,SI,SI,0,1
202425,ROVIGO,SCUOLA PRIMARIA,SOSTEGNO,ANNUALE,TRA 35 E 44,NO,SI,1,11
202425,LECCO,SCUOLA SECONDARIA II GRADO,NORMALE,FINO AL TERMINE,FINO A 34,NO,NO,27,33
202425,IMPERIA,SCUOLA SECONDARIA I GRADO,SOSTEGNO,FINO AL TERMINE,TRA 35 E 44,NO,SI,3,17
202425,REGGIO CALABRIA,SCUOLA SECONDARIA I GRADO,SOSTEGNO,FINO AL TERMINE,TRA 35 E 44,NO,NO,0,13
202425,REGGIO EMILIA,SCUOLA INFANZIA,NORMALE,FINO AL TERMINE,TRA 45 E 54,NO,NO,0,12
202425,LATINA,SCUOLA SECONDARIA I GRADO,NORMALE,ANNUALE,FINO A 34,NO,NO,0,1
202425,ROMA,SCUOLA INFANZIA,SOSTEGNO,FINO AL TERMINE,OLTRE 54,NO,NO,0,25
202425,VERONA,SCUOLA SECONDARIA I GRADO,NORMALE,FINO AL TERMINE,FINO A 34,NO,NO,17,33
202425,L'AQUILA,SCUOLA SECONDARIA I GRADO,SOSTEGNO,ANNUALE,OLTRE 54,SI,SI,1,0
202425,NOVARA,SCUOLA INFANZIA,SOSTEGNO,ANNUALE,OLTRE 54,NO,SI,0,8
202425,PARMA,SCUOLA SECONDARIA II GRADO,NORMALE,FINO AL TERMINE,OLTRE 54,NO,SI,3,4
202425,PESCARA,SCUOLA PRIMARIA,NORMALE,FINO AL TERMINE,FINO A 34,NO,NO,3,6
202425,TRIESTE,SCUOLA INFANZIA,SOSTEGNO,FINO AL TERMINE,TRA 35 E 44,NO,NO,0,1
202425,FERMO,SCUOLA PRIMARIA,SOSTEGNO,FINO AL TERMINE,TRA 45 E 54,NO,SI,3,54
202425,PALERMO,SCUOLA PRIMARIA,NORMALE,ANNUALE,TRA 45 E 54,NO,SI,2,10
202425,TREVISO,SCUOLA PRIMARIA,SOSTEGNO,FINO AL TERMINE,FINO A 34,NO,NO,4,41
202425,BRESCIA,SCUOLA SECONDARIA II GRADO,SOSTEGNO,ANNUALE,OLTRE 54,SI,SI,1,3
202425,SONDRIO,SCUOLA PRIMARIA,NORMALE,ANNUALE,FINO A 34,NO,SI,1,9
202425,CROTONE,SCUOLA SECONDARIA I GRADO,NORMALE,FINO AL TERMINE,TRA 45 E 54,NO,NO,2,3
202425,VIBO VALENTIA,SCUOLA SECONDARIA II GRADO,NORMALE,ANNUALE,FINO A 34,NO,NO,1,0
202425,TORINO,SCUOLA SECONDARIA II GRADO,NORMALE,ANNUALE,OLTRE 54,NO,SI,26,23
202425,BARLETTA-ANDRIA-TRANI,SCUOLA SECONDARIA II GRADO,NORMALE,ANNUALE,TRA 45 E 54,NO,SI,7,23
202425,FOGGIA,SCUOLA SECONDARIA I GRADO,SOSTEGNO,FINO AL TERMINE,TRA 35 E 44,NO,SI,13,65
202425,PRATO,SCUOLA SECONDARIA II GRADO,SOSTEGNO,FINO AL TERMINE,OLTRE 54,NO,SI,9,20
202425,BIELLA,SCUOLA PRIMARIA,NORMALE,ANNUALE,FINO A 34,NO,SI,0,5
202425,BARI,SCUOLA INFANZIA,NORMALE,FINO AL TERMINE,TRA 45 E 54,NO,SI,0,22
202425,PARMA,SCUOLA SECONDARIA I GRADO,SOSTEGNO,FINO AL TERMINE,FINO A 34,NO,NO,0,10
202425,SAVONA,SCUOLA SECONDARIA I GRADO,NORMALE,FINO AL TERMINE,OLTRE 54,NO,SI,0,4
202425,FERRARA,SCUOLA PRIMARIA,NORMALE,ANNUALE,TRA 35 E 44,NO,SI,0,1
202425,TARANTO,SCUOLA INFANZIA,NORMALE,FINO AL TERMINE,FINO A 34,NO,NO,0,1
202425,TREVISO,SCUOLA PRIMARIA,NORMALE,ANNUALE,TRA 35 E 44,NO,SI,1,15
202425,BERGAMO,SCUOLA SECONDARIA I GRADO,NORMALE,FINO AL TERMINE,FINO A 34,NO,NO,34,77
202425,PAVIA,SCUOLA PRIMARIA,SOSTEGNO,ANNUALE,FINO A 34,NO,SI,5,59
202425,MODENA,SCUOLA PRIMARIA,SOSTEGNO,FINO AL TERMINE,TRA 45 E 54,NO,NO,0,11
202425,TORINO,SCUOLA INFANZIA,SOSTEGNO,ANNUALE,TRA 45 E 54,NO,NO,1,0
202425,ALESSANDRIA,SCUOLA SECONDARIA I GRADO,SOSTEGNO,FINO AL TERMINE,TRA 45 E 54,NO,NO,1,1
202425,SAVONA,SCUOLA SECONDARIA I GRADO,SOSTEGNO,FINO AL TERMINE,TRA 35 E 44,NO,NO,0,9
202425,TRIESTE,SCUOLA PRIMARIA,NORMALE,ANNUALE,TRA 45 E 54,NO,SI,0,6
202425,MASSA-CARRARA,SCUOLA SECONDARIA II GRADO,NORMALE,FINO AL TERMINE,TRA 45 E 54,NO,NO,7,13
202425,MATERA,SCUOLA PRIMARIA,NORMALE,FINO AL TERMINE,TRA 45 E 54,NO,NO,4,5
202425,FERRARA,SCUOLA PRIMARIA,SOSTEGNO,ANNUALE,OLTRE 54,NO,SI,0,8
202425,SONDRIO,SCUOLA PRIMARIA,SOSTEGNO,FINO AL TERMINE,TRA 45 E 54,NO,NO,0,3
202425,MACERATA,SCUOLA SECONDARIA I GRADO,SOSTEGNO,FINO AL TERMINE,TRA 45 E 54,NO,NO,0,7
202425,CATANZARO,SCUOLA PRIMARIA,NORMALE,FINO AL TERMINE,FINO A 34,NO,SI,0,7
202425,PERUGIA,SCUOLA PRIMARIA,SOSTEGNO,FINO AL TERMINE,TRA 45 E 54,NO,NO,1,29
202425,ANCONA,SCUOLA SECONDARIA I GRADO,SOSTEGNO,ANNUALE,OLTRE 54,SI,SI,0,1
202425,PERUGIA,SCUOLA SECONDARIA I GRADO,NORMALE,FINO AL TERMINE,TRA 45 E 54,NO,SI,3,15
202425,PERUGIA,SCUOLA SECONDARIA II GRADO,SOSTEGNO,ANNUALE,TRA 35 E 44,SI,SI,1,3
202425,MESSINA,SCUOLA INFANZIA,SOSTEGNO,FINO AL TERMINE,TRA 35 E 44,NO,NO,0,9
202425,BERGAMO,SCUOLA SECONDARIA II GRADO,NORMALE,ANNUALE,FINO A 34,NO,NO,2,4
202425,COSENZA,SCUOLA PRIMARIA,SOSTEGNO,ANNUALE,FINO A 34,SI,SI,0,1
202425,FIRENZE,SCUOLA SECONDARIA II GRADO,NORMALE,ANNUALE,OLTRE 54,NO,NO,1,1
202425,UDINE,SCUOLA SECONDARIA I GRADO,SOSTEGNO,FINO AL TERMINE,TRA 35 E 44,NO,SI,19,41
202425,GENOVA,SCUOLA SECONDARIA I GRADO,SOSTEGNO,ANNUALE,FINO A 34,NO,SI,1,2
202425,TARANTO,SCUOLA SECONDARIA I GRADO,NORMALE,ANNUALE,TRA 45 E 54,NO,SI,5,15
202425,SONDRIO,SCUOLA SECONDARIA II GRADO,NORMALE,ANNUALE,TRA 45 E 54,NO,SI,11,6
202425,FIRENZE,SCUOLA INFANZIA,SOSTEGNO,FINO AL TERMINE,TRA 35 E 44,NO,SI,0,28
202425,FERMO,SCUOLA PRIMARIA,NORMALE,ANNUALE,TRA 35 E 44,NO,SI,0,5
202425,PALERMO,SCUOLA INFANZIA,NORMALE,ANNUALE,TRA 35 E 44,NO,SI,0,1
202425,BERGAMO,SCUOLA SECONDARIA II GRADO,NORMALE,FINO AL TERMINE,FINO A 34,NO,NO,55,67
202425,SONDRIO,SCUOLA INFANZIA,NORMALE,ANNUALE,TRA 45 E 54,NO,SI,0,2
202425,CUNEO,SCUOLA SECONDARIA I GRADO,NORMALE,ANNUALE,FINO A 34,NO,SI,4,24
202425,VIBO VALENTIA,SCUOLA PRIMARIA,SOSTEGNO,FINO AL TERMINE,TRA 35 E 44,NO,SI,0,24
202425,VENEZIA,SCUOLA INFANZIA,NORMALE,FINO AL TERMINE,TRA 35 E 44,NO,NO,1,11
202425,MILANO,SCUOLA SECONDARIA I GRADO,SOSTEGNO,FINO AL TERMINE,OLTRE 54,NO,NO,2,7
202425,BELLUNO,SCUOLA PRIMARIA,NORMALE,FINO AL TERMINE,TRA 35 E 44,NO,NO,2,5
202425,FOGGIA,SCUOLA SECONDARIA I GRADO,NORMALE,ANNUALE,OLTRE 54,NO,NO,1,1
202425,L'AQUILA,SCUOLA PRIMARIA,SOSTEGNO,FINO AL TERMINE,TRA 35 E 44,NO,SI,5,95
202425,L'AQUILA,SCUOLA SECONDARIA II GRADO,NORMALE,ANNUALE,TRA 35 E 44,NO,NO,1,6
202425,VERCELLI,SCUOLA SECONDARIA I GRADO,SOSTEGNO,FINO AL TERMINE,OLTRE 54,NO,SI,7,8
202425,CREMONA,SCUOLA INFANZIA,SOSTEGNO,ANNUALE,TRA 45 E 54,SI,SI,0,3
202425,PARMA,SCUOLA INFANZIA,SOSTEGNO,ANNUALE,OLTRE 54,SI,SI,0,1
202425,SAVONA,SCUOLA INFANZIA,NORMALE,ANNUALE,TRA 45 E 54,NO,SI,0,5
202425,IMPERIA,SCUOLA PRIMARIA,NORMALE,ANNUALE,TRA 35 E 44,NO,NO,0,1
202425,VENEZIA,SCUOLA SECONDARIA I GRADO,SOSTEGNO,FINO AL TERMINE,FINO A 34,NO,NO,10,15
202425,RAVENNA,SCUOLA INFANZIA,SOSTEGNO,ANNUALE,TRA 35 E 44,SI,SI,0,3
202425,SASSARI,SCUOLA PRIMARIA,SOSTEGNO,FINO AL TERMINE,TRA 35 E 44,NO,NO,0,21
202425,COMO,SCUOLA INFANZIA,SOSTEGNO,ANNUALE,TRA 35 E 44,NO,SI,0,8
202425,LUCCA,SCUOLA PRIMARIA,SOSTEGNO,ANNUALE,FINO A 34,SI,SI,0,3
202425,MODENA,SCUOLA SECONDARIA I GRADO,NORMALE,FINO AL TERMINE,OLTRE 54,NO,NO,3,3
202425,FOGGIA,SCUOLA SECONDARIA I GRADO,NORMALE,FINO AL TERMINE,FINO A 34,NO,NO,8,22
202425,L'AQUILA,SCUOLA INFANZIA,SOSTEGNO,ANNUALE,FINO A 34,SI,SI,0,1
202425,GENOVA,SCUOLA INFANZIA,NORMALE,ANNUALE,OLTRE 54,NO,SI,0,3
202425,VERONA,SCUOLA SECONDARIA I GRADO,NORMALE,FINO AL TERMINE,OLTRE 54,NO,SI,0,3
202425,BARLETTA-ANDRIA-TRANI,SCUOLA PRIMARIA,SOSTEGNO,ANNUALE,FINO A 34,SI,SI,0,5
202425,ROVIGO,SCUOLA INFANZIA,SOSTEGNO,FINO AL TERMINE,OLTRE 54,NO,NO,0,1
202425,FERRARA,SCUOLA INFANZIA,SOSTEGNO,FINO AL TERMINE,FINO A 34,NO,NO,0,4
202425,GROSSETO,SCUOLA SECONDARIA I GRADO,NORMALE,FINO AL TERMINE,TRA 35 E 44,NO,SI,2,7
202425,CHIETI,SCUOLA SECONDARIA II GRADO,SOSTEGNO,ANNUALE,TRA 35 E 44,NO,SI,0,1
202425,RIETI,SCUOLA SECONDARIA I GRADO,SOSTEGNO,ANNUALE,TRA 45 E 54,NO,SI,0,1
202425,RAVENNA,SCUOLA SECONDARIA II GRADO,NORMALE,ANNUALE,FINO A 34,SI,SI,0,1
202425,PIACENZA,SCUOLA PRIMARIA,NORMALE,FINO AL TERMINE,FINO A 34,NO,NO,5,14
202425,PIACENZA,SCUOLA SECONDARIA I GRADO,SOSTEGNO,ANNUALE,OLTRE 54,NO,SI,1,1
202425,MODENA,SCUOLA PRIMARIA,SOSTEGNO,ANNUALE,FINO A 34,SI,NO,0,1
202425,VERONA,SCUOLA SECONDARIA I GRADO,SOSTEGNO,ANNUALE,TRA 45 E 54,NO,SI,4,3
202425,PESARO E URBINO,SCUOLA SECONDARIA II GRADO,SOSTEGNO,FINO AL TERMINE,TRA 35 E 44,NO,NO,5,11
202425,AGRIGENTO,SCUOLA INFANZIA,SOSTEGNO,FINO AL TERMINE,TRA 45 E 54,NO,SI,0,15
202425,PESARO E URBINO,SCUOLA INFANZIA,NORMALE,FINO AL TERMINE,FINO A 34,NO,NO,0,5
202425,ASTI,SCUOLA PRIMARIA,NORMALE,FINO AL TERMINE,FINO A 34,NO,SI,0,21
202425,PADOVA,SCUOLA SECONDARIA I GRADO,NORMALE,FINO AL TERMINE,OLTRE 54,NO,SI,0,7
202425,BENEVENTO,SCUOLA SECONDARIA II GRADO,NORMALE,ANNUALE,FINO A 34,NO,NO,1,1
202425,TERAMO,SCUOLA SECONDARIA I GRADO,SOSTEGNO,ANNUALE,TRA 35 E 44,SI,NO,0,1
202425,BRESCIA,SCUOLA INFANZIA,NORMALE,ANNUALE,OLTRE 54,NO,SI,0,3
202425,PERUGIA,SCUOLA PRIMARIA,NORMALE,FINO AL TERMINE,TRA 45 E 54,NO,SI,1,26
202425,BIELLA,SCUOLA SECONDARIA I GRADO,NORMALE,FINO AL TERMINE,FINO A 34,NO,NO,5,7
202425,SONDRIO,SCUOLA SECONDARIA II GRADO,SOSTEGNO,ANNUALE,TRA 45 E 54,SI,SI,0,1
202425,BERGAMO,SCUOLA SECONDARIA I GRADO,SOSTEGNO,ANNUALE,TRA 45 E 54,NO,SI,1,1
202425,RIMINI,SCUOLA SECONDARIA I GRADO,NORMALE,FINO AL TERMINE,OLTRE 54,NO,SI,3,5
202425,LECCE,SCUOLA SECONDARIA I GRADO,SOSTEGNO,FINO AL TERMINE,FINO A 34,NO,SI,8,41
202425,NUORO,SCUOLA INFANZIA,NORMALE,FINO AL TERMINE,TRA 35 E 44,NO,SI,0,1
202425,BELLUNO,SCUOLA SECONDARIA II GRADO,SOSTEGNO,ANNUALE,TRA 35 E 44,SI,NO,0,2
202425,GENOVA,SCUOLA SECONDARIA II GRADO,NORMALE,ANNUALE,TRA 35 E 44,NO,SI,48,50
202425,L'AQUILA,SCUOLA SECONDARIA II GRADO,SOSTEGNO,ANNUALE,FINO A 34,NO,SI,0,1
202425,BARI,SCUOLA SECONDARIA I GRADO,SOSTEGNO,FINO AL TERMINE,TRA 35 E 44,NO,NO,6,25
202425,MANTOVA,SCUOLA SECONDARIA I GRADO,NORMALE,FINO AL TERMINE,TRA 35 E 44,NO,NO,4,6
202425,CASERTA,SCUOLA PRIMARIA,SOSTEGNO,FINO AL TERMINE,TRA 35 E 44,NO,NO,0,22
202425,LATINA,SCUOLA SECONDARIA II GRADO,SOSTEGNO,FINO AL TERMINE,OLTRE 54,NO,SI,6,16
202425,TORINO,SCUOLA PRIMARIA,SOSTEGNO,ANNUALE,OLTRE 54,NO,SI,8,60
202425,RIETI,SCUOLA SECONDARIA II GRADO,NORMALE,ANNUALE,OLTRE 54,NO,SI,5,6
202425,LA SPEZIA,SCUOLA INFANZIA,NORMALE,ANNUALE,OLTRE 54,NO,SI,0,2
202425,CREMONA,SCUOLA PRIMARIA,SOSTEGNO,ANNUALE,FINO A 34,SI,SI,1,4
202425,PISTOIA,SCUOLA SECONDARIA II GRADO,NORMALE,FINO AL TERMINE,OLTRE 54,NO,SI,5,4
202425,MANTOVA,SCUOLA SECONDARIA I GRADO,SOSTEGNO,FINO AL TERMINE,FINO A 34,NO,SI,6,38
202425,NAPOLI,SCUOLA SECONDARIA I GRADO,SOSTEGNO,FINO AL TERMINE,FINO A 34,NO,NO,11,50
202425,PISA,SCUOLA PRIMARIA,NORMALE,ANNUALE,FINO A 34,NO,SI,1,1
202425,PESARO E URBINO,SCUOLA SECONDARIA II GRADO,NORMALE,ANNUALE,FINO A 34,NO,NO,2,2
202425,PISA,SCUOLA PRIMARIA,NORMALE,FINO AL TERMINE,TRA 45 E 54,NO,NO,1,19
202425,BRESCIA,SCUOLA SECONDARIA I GRADO,NORMALE,FINO AL TERMINE,TRA 45 E 54,NO,SI,8,10
202425,CREMONA,SCUOLA SECONDARIA II GRADO,SOSTEGNO,FINO AL TERMINE,OLTRE 54,NO,SI,2,15
202425,LIVORNO,SCUOLA SECONDARIA II GRADO,NORMALE,FINO AL TERMINE,TRA 45 E 54,NO,NO,9,25
202425,PESCARA,SCUOLA SECONDARIA I GRADO,SOSTEGNO,ANNUALE,TRA 35 E 44,SI,SI,0,1
202425,TORINO,SCUOLA SECONDARIA II GRADO,SOSTEGNO,FINO AL TERMINE,FINO A 34,NO,SI,233,537
202425,REGGIO CALABRIA,SCUOLA SECONDARIA II GRADO,NORMALE,ANNUALE,FINO A 34,NO,NO,1,1
202425,PORDENONE,SCUOLA SECONDARIA I GRADO,SOSTEGNO,FINO AL TERMINE,FINO A 34,NO,SI,3,31
202425,BRESCIA,SCUOLA SECONDARIA I GRADO,SOSTEGNO,ANNUALE,TRA 35 E 44,SI,SI,31,53
202425,LECCO,SCUOLA INFANZIA,SOSTEGNO,ANNUALE,OLTRE 54,NO,NO,0,1
202425,TERAMO,SCUOLA PRIMARIA,SOSTEGNO,FINO AL TERMINE,TRA 45 E 54,NO,SI,8,157
202425,SIENA,SCUOLA SECONDARIA I GRADO,SOSTEGNO,FINO AL TERMINE,TRA 35 E 44,NO,NO,0,7
202425,RAGUSA,SCUOLA PRIMARIA,SOSTEGNO,FINO AL TERMINE,FINO A 34,NO,SI,1,13
202425,ROMA,SCUOLA PRIMARIA,SOSTEGNO,ANNUALE,TRA 35 E 44,NO,SI,0,6
202425,BIELLA,SCUOLA PRIMARIA,SOSTEGNO,FINO AL TERMINE,TRA 35 E 44,NO,SI,4,37
202425,PARMA,SCUOLA PRIMARIA,NORMALE,ANNUALE,TRA 45 E 54,NO,NO,0,3
202425,POTENZA,SCUOLA SECONDARIA I GRADO,NORMALE,FINO AL TERMINE,FINO A 34,NO,SI,6,6
202425,ROVIGO,SCUOLA PRIMARIA,NORMALE,FINO AL TERMINE,TRA 45 E 54,NO,SI,0,6
202425,PADOVA,SCUOLA SECONDARIA I GRADO,SOSTEGNO,FINO AL TERMINE,FINO A 34,NO,NO,6,12
202425,TRAPANI,SCUOLA SECONDARIA I GRADO,SOSTEGNO,FINO AL TERMINE,TRA 45 E 54,NO,SI,16,57
202425,PISTOIA,SCUOLA SECONDARIA II GRADO,SOSTEGNO,FINO AL TERMINE,OLTRE 54,NO,NO,2,10
202425,LECCE,SCUOLA SECONDARIA I GRADO,NORMALE,ANNUALE,TRA 35 E 44,NO,NO,0,1
202425,MODENA,SCUOLA SECONDARIA II GRADO,NORMALE,ANNUALE,OLTRE 54,SI,SI,1,0
202425,BENEVENTO,SCUOLA INFANZIA,NORMALE,FINO AL TERMINE,TRA 45 E 54,NO,SI,0,1
202425,MACERATA,SCUOLA INFANZIA,SOSTEGNO,FINO AL TERMINE,OLTRE 54,NO,NO,0,2
202425,CROTONE,SCUOLA SECONDARIA II GRADO,SOSTEGNO,FINO AL TERMINE,TRA 35 E 44,NO,SI,5,26
202425,ANCONA,SCUOLA SECONDARIA II GRADO,NORMALE,FINO AL TERMINE,TRA 45 E 54,NO,NO,29,45
202425,RAVENNA,SCUOLA SECONDARIA II GRADO,SOSTEGNO,FINO AL TERMINE,TRA 45 E 54,NO,NO,4,15
202425,PIACENZA,SCUOLA PRIMARIA,SOSTEGNO,FINO AL TERMINE,FINO A 34,NO,NO,2,20
202425,PIACENZA,SCUOLA SECONDARIA II GRADO,NORMALE,ANNUALE,TRA 45 E 54,SI,SI,1,0
202425,LUCCA,SCUOLA PRIMARIA,SOSTEGNO,FINO AL TERMINE,TRA 35 E 44,NO,SI,0,42
202425,MESSINA,SCUOLA SECONDARIA I GRADO,SOSTEGNO,FINO AL TERMINE,TRA 45 E 54,NO,SI,8,55
202425,BARI,SCUOLA SECONDARIA II GRADO,NORMALE,FINO AL TERMINE,TRA 35 E 44,NO,SI,17,46
202425,AGRIGENTO,SCUOLA PRIMARIA,SOSTEGNO,FINO AL TERMINE,OLTRE 54,NO,SI,0,3
202425,PESARO E URBINO,SCUOLA INFANZIA,SOSTEGNO,FINO AL TERMINE,TRA 35 E 44,NO,NO,0,9
202425,BERGAMO,SCUOLA PRIMARIA,NORMALE,FINO AL TERMINE,OLTRE 54,NO,SI,2,16
202425,AVELLINO,SCUOLA PRIMARIA,SOSTEGNO,FINO AL TERMINE,TRA 35 E 44,NO,NO,0,16
202425,REGGIO EMILIA,SCUOLA PRIMARIA,SOSTEGNO,FINO AL TERMINE,TRA 45 E 54,NO,NO,0,15
202425,SALERNO,SCUOLA INFANZIA,NORMALE,FINO AL TERMINE,FINO A 34,NO,NO,0,1
202425,CHIETI,SCUOLA SECONDARIA I GRADO,NORMALE,ANNUALE,FINO A 34,NO,NO,0,1
202425,CATANIA,SCUOLA SECONDARIA I GRADO,NORMALE,FINO AL TERMINE,OLTRE 54,NO,NO,5,7
202425,AREZZO,SCUOLA SECONDARIA I GRADO,SOSTEGNO,FINO AL TERMINE,FINO A 34,NO,SI,15,36
202425,UDINE,SCUOLA INFANZIA,NORMALE,ANNUALE,TRA 45 E 54,NO,SI,0,3
202425,FOGGIA,SCUOLA INFANZIA,NORMALE,FINO AL TERMINE,OLTRE 54,NO,NO,0,4
202425,PORDENONE,SCUOLA SECONDARIA II GRADO,NORMALE,ANNUALE,FINO A 34,NO,SI,30,33
202425,ALESSANDRIA,SCUOLA SECONDARIA II GRADO,NORMALE,FINO AL TERMINE,TRA 35 E 44,NO,NO,17,19
202425,MESSINA,SCUOLA SECONDARIA II GRADO,NORMALE,FINO AL TERMINE,OLTRE 54,NO,SI,3,9
202425,ROMA,SCUOLA SECONDARIA I GRADO,SOSTEGNO,FINO AL TERMINE,FINO A 34,NO,SI,185,475
202425,SAVONA,SCUOLA PRIMARIA,SOSTEGNO,ANNUALE,TRA 45 E 54,SI,SI,1,4
202425,LIVORNO,SCUOLA SECONDARIA II GRADO,NORMALE,ANNUALE,OLTRE 54,NO,SI,11,11
202425,CREMONA,SCUOLA SECONDARIA I GRADO,NORMALE,ANNUALE,OLTRE 54,NO,SI,1,1
202425,PARMA,SCUOLA SECONDARIA II GRADO,SOSTEGNO,FINO AL TERMINE,OLTRE 54,NO,SI,0,5
202425,ALESSANDRIA,SCUOLA INFANZIA,SOSTEGNO,ANNUALE,FINO A 34,SI,SI,0,1
202425,FERMO,SCUOLA SECONDARIA I GRADO,SOSTEGNO,ANNUALE,TRA 35 E 44,SI,SI,0,1
202425,PALERMO,SCUOLA SECONDARIA II GRADO,NORMALE,FINO AL TERMINE,FINO A 34,NO,SI,15,27
202425,COMO,SCUOLA SECONDARIA II GRADO,SOSTEGNO,ANNUALE,FINO A 34,SI,SI,5,12
202425,TREVISO,SCUOLA SECONDARIA I GRADO,NORMALE,ANNUALE,TRA 35 E 44,NO,SI,10,28
202425,LECCE,SCUOLA SECONDARIA II GRADO,NORMALE,FINO AL TERMINE,TRA 35 E 44,NO,SI,9,20
202425,BRESCIA,SCUOLA SECONDARIA II GRADO,SOSTEGNO,FINO AL TERMINE,TRA 45 E 54,NO,NO,1,2
202425,SONDRIO,SCUOLA SECONDARIA I GRADO,NORMALE,FINO AL TERMINE,TRA 35 E 44,NO,SI,1,2
202425,BARLETTA-ANDRIA-TRANI,SCUOLA SECONDARIA II GRADO,NORMALE,ANNUALE,TRA 45 E 54,NO,NO,0,1
202425,SAVONA,SCUOLA SECONDARIA II GRADO,NORMALE,FINO AL TERMINE,OLTRE 54,NO,NO,10,17
202425,ENNA,SCUOLA SECONDARIA I GRADO,SOSTEGNO,FINO AL TERMINE,OLTRE 54,NO,SI,1,0
202425,RIMINI,SCUOLA PRIMARIA,NORMALE,FINO AL TERMINE,TRA 45 E 54,NO,NO,1,5
202425,MONZA E DELLA BRIANZA,SCUOLA SECONDARIA II GRADO,SOSTEGNO,ANNUALE,TRA 45 E 54,SI,SI,7,5
202425,TARANTO,SCUOLA INFANZIA,NORMALE,ANNUALE,TRA 45 E 54,NO,SI,1,20
202425,REGGIO CALABRIA,SCUOLA SECONDARIA II GRADO,NORMALE,FINO AL TERMINE,OLTRE 54,NO,SI,8,9
202425,COMO,SCUOLA PRIMARIA,SOSTEGNO,FINO AL TERMINE,TRA 45 E 54,NO,SI,5,40
202425,VARESE,SCUOLA SECONDARIA I GRADO,NORMALE,FINO AL TERMINE,TRA 45 E 54,NO,NO,4,26
202425,CREMONA,SCUOLA SECONDARIA II GRADO,NORMALE,FINO AL TERMINE,TRA 35 E 44,NO,SI,7,11
202425,MILANO,SCUOLA PRIMARIA,SOSTEGNO,ANNUALE,TRA 45 E 54,NO,SI,26,274
202425,TERNI,SCUOLA PRIMARIA,NORMALE,FINO AL TERMINE,TRA 35 E 44,NO,SI,0,3
202425,SIRACUSA,SCUOLA SECONDARIA I GRADO,NORMALE,FINO AL TERMINE,OLTRE 54,NO,SI,0,4
202425,LA SPEZIA,SCUOLA SECONDARIA II GRADO,SOSTEGNO,FINO AL TERMINE,TRA 45 E 54,NO,SI,3,13
202425,BRESCIA,SCUOLA INFANZIA,NORMALE,FINO AL TERMINE,TRA 35 E 44,NO,SI,0,9
202425,ROMA,SCUOLA SECONDARIA I GRADO,NORMALE,ANNUALE,FINO A 34,NO,NO,0,1
202425,VERBANO-CUSIO-OSSOLA,SCUOLA SECONDARIA II GRADO,NORMALE,FINO AL TERMINE,TRA 35 E 44,NO,NO,8,14
202425,MESSINA,SCUOLA PRIMARIA,SOSTEGNO,FINO AL TERMINE,TRA 45 E 54,NO,NO,2,31
202425,CATANIA,SCUOLA INFANZIA,SOSTEGNO,FINO AL TERMINE,TRA 35 E 44,NO,NO,0,17
202425,SALERNO,SCUOLA INFANZIA,SOSTEGNO,FINO AL TERMINE,FINO A 34,NO,SI,0,9
202425,MONZA E DELLA BRIANZA,SCUOLA INFANZIA,SOSTEGNO,FINO AL TERMINE,TRA 45 E 54,NO,SI,1,50
202425,VARESE,SCUOLA SECONDARIA I GRADO,SOSTEGNO,ANNUALE,TRA 45 E 54,SI,SI,9,18
202425,RAVENNA,SCUOLA SECONDARIA II GRADO,NORMALE,ANNUALE,TRA 35 E 44,SI,SI,1,1
202425,UDINE,SCUOLA INFANZIA,SOSTEGNO,FINO AL TERMINE,FINO A 34,NO,SI,0,24
202425,MILANO,SCUOLA INFANZIA,SOSTEGNO,FINO AL TERMINE,TRA 45 E 54,NO,SI,3,141
202425,PARMA,SCUOLA SECONDARIA I GRADO,NORMALE,FINO AL TERMINE,TRA 35 E 44,NO,NO,10,32
202425,MASSA-CARRARA,SCUOLA SECONDARIA I GRADO,NORMALE,FINO AL TERMINE,TRA 45 E 54,NO,NO,1,8
202425,ROMA,SCUOLA INFANZIA,SOSTEGNO,ANNUALE,OLTRE 54,NO,SI,0,4
202425,TREVISO,SCUOLA INFANZIA,SOSTEGNO,FINO AL TERMINE,OLTRE 54,NO,SI,0,23
202425,MODENA,SCUOLA SECONDARIA I GRADO,SOSTEGNO,ANNUALE,TRA 45 E 54,NO,SI,0,1
202425,CHIETI,SCUOLA SECONDARIA II GRADO,NORMALE,FINO AL TERMINE,TRA 35 E 44,NO,NO,15,32
202425,VIBO VALENTIA,SCUOLA INFANZIA,NORMALE,FINO AL TERMINE,TRA 35 E 44,NO,SI,0,1
202425,CATANIA,SCUOLA SECONDARIA II GRADO,SOSTEGNO,ANNUALE,OLTRE 54,SI,SI,0,1
202425,VERONA,SCUOLA PRIMARIA,NORMALE,FINO AL TERMINE,OLTRE 54,NO,NO,1,4
202425,VARESE,SCUOLA INFANZIA,SOSTEGNO,FINO AL TERMINE,TRA 45 E 54,NO,NO,0,23
202425,MESSINA,SCUOLA SECONDARIA I GRADO,SOSTEGNO,ANNUALE,TRA 35 E 44,NO,SI,0,1
202425,BARI,SCUOLA INFANZIA,NORMALE,FINO AL TERMINE,TRA 35 E 44,NO,NO,0,1
202425,TARANTO,SCUOLA SECONDARIA II GRADO,NORMALE,FINO AL TERMINE,TRA 35 E 44,NO,SI,13,13
202425,LODI,SCUOLA SECONDARIA II GRADO,NORMALE,ANNUALE,TRA 35 E 44,NO,SI,6,7
202425,PALERMO,SCUOLA PRIMARIA,SOSTEGNO,FINO AL TERMINE,TRA 35 E 44,NO,SI,11,478
202425,COMO,SCUOLA SECONDARIA I GRADO,SOSTEGNO,FINO AL TERMINE,FINO A 34,NO,SI,15,25
202425,TREVISO,SCUOLA SECONDARIA I GRADO,SOSTEGNO,ANNUALE,FINO A 34,SI,SI,6,30
202425,CAGLIARI,SCUOLA PRIMARIA,NORMALE,FINO AL TERMINE,OLTRE 54,NO,SI,0,5
202425,SONDRIO,SCUOLA PRIMARIA,SOSTEGNO,ANNUALE,OLTRE 54,NO,SI,0,5
202425,BENEVENTO,SCUOLA INFANZIA,SOSTEGNO,FINO AL TERMINE,OLTRE 54,NO,NO,0,4
202425,AREZZO,SCUOLA SECONDARIA I GRADO,NORMALE,ANNUALE,OLTRE 54,NO,SI,1,1
202425,VICENZA,SCUOLA INFANZIA,NORMALE,FINO AL TERMINE,FINO A 34,NO,SI,0,4
202425,VICENZA,SCUOLA SECONDARIA I GRADO,SOSTEGNO,ANNUALE,TRA 45 E 54,SI,NO,0,1
202425,VERONA,SCUOLA INFANZIA,NORMALE,FINO AL TERMINE,TRA 35 E 44,NO,SI,0,7
202425,PARMA,SCUOLA PRIMARIA,SOSTEGNO,ANNUALE,TRA 35 E 44,SI,SI,0,5
202425,FERRARA,SCUOLA SECONDARIA I GRADO,NORMALE,FINO AL TERMINE,TRA 35 E 44,NO,NO,5,11
202425,PADOVA,SCUOLA SECONDARIA II GRADO,NORMALE,ANNUALE,TRA 45 E 54,NO,NO,0,3
202425,FERRARA,SCUOLA INFANZIA,NORMALE,FINO AL TERMINE,TRA 45 E 54,NO,SI,1,3
202425,RIMINI,SCUOLA SECONDARIA II GRADO,NORMALE,FINO AL TERMINE,TRA 35 E 44,NO,NO,18,27
202425,RAVENNA,SCUOLA PRIMARIA,SOSTEGNO,FINO AL TERMINE,FINO A 34,NO,SI,5,80
202425,BRINDISI,SCUOLA PRIMARIA,SOSTEGNO,FINO AL TERMINE,TRA 45 E 54,NO,NO,0,17
202425,BENEVENTO,SCUOLA PRIMARIA,NORMALE,FINO AL TERMINE,TRA 35 E 44,NO,NO,4,5
202425,VICENZA,SCUOLA INFANZIA,SOSTEGNO,FINO AL TERMINE,FINO A 34,NO,SI,0,19
202425,PESCARA,SCUOLA INFANZIA,SOSTEGNO,FINO AL TERMINE,OLTRE 54,NO,NO,0,3
202425,BARLETTA-ANDRIA-TRANI,SCUOLA INFANZIA,NORMALE,FINO AL TERMINE,OLTRE 54,NO,SI,0,6
202425,COSENZA,SCUOLA SECONDARIA I GRADO,SOSTEGNO,FINO AL TERMINE,OLTRE 54,NO,SI,5,3
202425,COMO,SCUOLA SECONDARIA II GRADO,NORMALE,ANNUALE,OLTRE 54,NO,SI,7,4
202425,LIVORNO,SCUOLA PRIMARIA,NORMALE,ANNUALE,TRA 45 E 54,NO,SI,0,2
202425,SALERNO,SCUOLA SECONDARIA I GRADO,SOSTEGNO,ANNUALE,TRA 35 E 44,NO,SI,0,1
202425,BENEVENTO,SCUOLA SECONDARIA II GRADO,SOSTEGNO,ANNUALE,OLTRE 54,NO,SI,0,2
202425,FROSINONE,SCUOLA SECONDARIA II GRADO,NORMALE,FINO AL TERMINE,OLTRE 54,NO,NO,11,16
202425,CREMONA,SCUOLA PRIMARIA,NORMALE,FINO AL TERMINE,OLTRE 54,NO,SI,0,1
202425,CREMONA,SCUOLA SECONDARIA I GRADO,SOSTEGNO,ANNUALE,FINO A 34,SI,SI,17,36
202425,FERMO,SCUOLA SECONDARIA I GRADO,SOSTEGNO,FINO AL TERMINE,TRA 45 E 54,NO,SI,4,14
202425,VERBANO-CUSIO-OSSOLA,SCUOLA INFANZIA,NORMALE,FINO AL TERMINE,FINO A 34,NO,NO,0,1
202425,COMO,SCUOLA PRIMARIA,NORMALE,ANNUALE,TRA 35 E 44,SI,SI,0,2
202425,CALTANISSETTA,SCUOLA PRIMARIA,SOSTEGNO,FINO AL TERMINE,FINO A 34,NO,SI,0,23
202425,SAVONA,SCUOLA SECONDARIA II GRADO,SOSTEGNO,FINO AL TERMINE,TRA 35 E 44,NO,NO,1,7
202425,GENOVA,SCUOLA SECONDARIA II GRADO,SOSTEGNO,FINO AL TERMINE,OLTRE 54,NO,NO,1,5
202425,CATANZARO,SCUOLA SECONDARIA I GRADO,NORMALE,FINO AL TERMINE,FINO A 34,NO,SI,3,2
202425,FOGGIA,SCUOLA SECONDARIA II GRADO,SOSTEGNO,FINO AL TERMINE,FINO A 34,NO,NO,0,4
202425,PERUGIA,SCUOLA PRIMARIA,NORMALE,FINO AL TERMINE,TRA 45 E 54,NO,NO,6,22
202425,COSENZA,SCUOLA SECONDARIA I GRADO,NORMALE,FINO AL TERMINE,TRA 35 E 44,NO,NO,13,30
202425,COMO,SCUOLA SECONDARIA I GRADO,NORMALE,ANNUALE,TRA 45 E 54,NO,SI,3,14
202425,MACERATA,SCUOLA INFANZIA,SOSTEGNO,FINO AL TERMINE,TRA 45 E 54,NO,NO,0,10
202425,CUNEO,SCUOLA SECONDARIA I GRADO,SOSTEGNO,ANNUALE,TRA 35 E 44,NO,NO,0,1
202425,VICENZA,SCUOLA SECONDARIA I GRADO,NORMALE,ANNUALE,TRA 35 E 44,NO,SI,11,24
202425,VITERBO,SCUOLA SECONDARIA II GRADO,NORMALE,ANNUALE,TRA 45 E 54,NO,SI,5,4
202425,VARESE,SCUOLA INFANZIA,NORMALE,FINO AL TERMINE,TRA 45 E 54,NO,SI,0,2
202425,LODI,SCUOLA INFANZIA,NORMALE,FINO AL TERMINE,OLTRE 54,NO,NO,0,1
202425,FIRENZE,SCUOLA INFANZIA,NORMALE,FINO AL TERMINE,TRA 35 E 44,NO,SI,1,9
202425,BENEVENTO,SCUOLA PRIMARIA,SOSTEGNO,FINO AL TERMINE,TRA 45 E 54,NO,SI,2,25
202425,RIETI,SCUOLA INFANZIA,NORMALE,FINO AL TERMINE,TRA 35 E 44,NO,NO,0,2
202425,SIENA,SCUOLA SECONDARIA II GRADO,SOSTEGNO,FINO AL TERMINE,TRA 45 E 54,NO,SI,10,30
202425,VIBO VALENTIA,SCUOLA SECONDARIA II GRADO,NORMALE,FINO AL TERMINE,TRA 45 E 54,NO,NO,6,11
202425,MILANO,SCUOLA SECONDARIA II GRADO,SOSTEGNO,ANNUALE,TRA 45 E 54,SI,SI,5,8
202425,L'AQUILA,SCUOLA PRIMARIA,NORMALE,FINO AL TERMINE,OLTRE 54,NO,SI,0,7
202425,PESARO E URBINO,SCUOLA SECONDARIA II GRADO,SOSTEGNO,ANNUALE,TRA 35 E 44,SI,SI,0,1
202425,TREVISO,SCUOLA SECONDARIA II GRADO,NORMALE,FINO AL TERMINE,OLTRE 54,NO,SI,13,5
202425,LA SPEZIA,SCUOLA INFANZIA,SOSTEGNO,ANNUALE,TRA 45 E 54,SI,SI,0,2
202425,BOLOGNA,SCUOLA PRIMARIA,SOSTEGNO,ANNUALE,TRA 45 E 54,NO,SI,1,1
202425,PADOVA,SCUOLA SECONDARIA II GRADO,SOSTEGNO,ANNUALE,TRA 35 E 44,SI,SI,1,1
202425,RIMINI,SCUOLA SECONDARIA II GRADO,NORMALE,ANNUALE,FINO A 34,NO,SI,14,19
202425,NAPOLI,SCUOLA SECONDARIA II GRADO,NORMALE,ANNUALE,FINO A 34,SI,SI,2,0
202425,TORINO,SCUOLA PRIMARIA,SOSTEGNO,FINO AL TERMINE,OLTRE 54,NO,NO,1,5
202425,REGGIO EMILIA,SCUOLA SECONDARIA II GRADO,NORMALE,ANNUALE,TRA 45 E 54,SI,NO,0,1
202425,SIRACUSA,SCUOLA SECONDARIA II GRADO,SOSTEGNO,ANNUALE,TRA 45 E 54,SI,SI,0,1
202425,SIENA,SCUOLA PRIMARIA,SOSTEGNO,ANNUALE,FINO A 34,SI,SI,0,8
202425,CUNEO,SCUOLA SECONDARIA II GRADO,SOSTEGNO,ANNUALE,TRA 45 E 54,NO,SI,0,1
202425,NOVARA,SCUOLA SECONDARIA II GRADO,SOSTEGNO,FINO AL TERMINE,FINO A 34,NO,SI,24,49
202425,TERAMO,SCUOLA SECONDARIA I GRADO,SOSTEGNO,FINO AL TERMINE,TRA 45 E 54,NO,SI,11,68
202425,PRATO,SCUOLA SECONDARIA I GRADO,NORMALE,FINO AL TERMINE,TRA 45 E 54,NO,SI,2,1
202425,LUCCA,SCUOLA SECONDARIA I GRADO,SOSTEGNO,FINO AL TERMINE,OLTRE 54,NO,SI,4,26
202425,ORISTANO,SCUOLA INFANZIA,SOSTEGNO,FINO AL TERMINE,TRA 35 E 44,NO,NO,0,3
202425,SAVONA,SCUOLA PRIMARIA,NORMALE,FINO AL TERMINE,TRA 35 E 44,NO,NO,3,7
202425,COMO,SCUOLA SECONDARIA II GRADO,NORMALE,FINO AL TERMINE,OLTRE 54,NO,NO,3,12
202425,BELLUNO,SCUOLA SECONDARIA I GRADO,SOSTEGNO,FINO AL TERMINE,TRA 35 E 44,NO,SI,3,8
202425,GROSSETO,SCUOLA PRIMARIA,SOSTEGNO,FINO AL TERMINE,TRA 45 E 54,NO,NO,0,10
202425,TORINO,SCUOLA SECONDARIA I GRADO,NORMALE,ANNUALE,FINO A 34,NO,SI,42,106
202425,RIMINI,SCUOLA INFANZIA,NORMALE,FINO AL TERMINE,TRA 35 E 44,NO,NO,0,4
202425,MASSA-CARRARA,SCUOLA SECONDARIA II GRADO,SOSTEGNO,FINO AL TERMINE,OLTRE 54,NO,NO,4,5
202425,AGRIGENTO,SCUOLA SECONDARIA I GRADO,NORMALE,ANNUALE,FINO A 34,SI,SI,0,1
202425,ROVIGO,SCUOLA SECONDARIA I GRADO,NORMALE,ANNUALE,FINO A 34,NO,SI,6,10
202425,LECCO,SCUOLA SECONDARIA I GRADO,SOSTEGNO,ANNUALE,TRA 45 E 54,NO,SI,0,1
202425,LECCE,SCUOLA INFANZIA,NORMALE,FINO AL TERMINE,TRA 45 E 54,NO,SI,0,10
202425,MACERATA,SCUOLA PRIMARIA,NORMALE,FINO AL TERMINE,TRA 45 E 54,NO,SI,0,8
202425,MILANO,SCUOLA SECONDARIA I GRADO,SOSTEGNO,ANNUALE,FINO A 34,SI,SI,45,150
202425,TERNI,SCUOLA SECONDARIA I GRADO,SOSTEGNO,FINO AL TERMINE,TRA 45 E 54,NO,SI,6,46
202425,FOGGIA,SCUOLA SECONDARIA II GRADO,NORMALE,FINO AL TERMINE,FINO A 34,NO,NO,18,35
202425,L'AQUILA,SCUOLA SECONDARIA II GRADO,NORMALE,ANNUALE,FINO A 34,NO,SI,8,13
202425,BIELLA,SCUOLA PRIMARIA,SOSTEGNO,FINO AL TERMINE,TRA 35 E 44,NO,NO,1,2
202425,AGRIGENTO,SCUOLA SECONDARIA I GRADO,NORMALE,FINO AL TERMINE,TRA 35 E 44,NO,SI,8,10
202425,REGGIO CALABRIA,SCUOLA SECONDARIA I GRADO,NORMALE,FINO AL TERMINE,FINO A 34,NO,NO,3,6
202425,BRESCIA,SCUOLA SECONDARIA I GRADO,SOSTEGNO,FINO AL TERMINE,TRA 45 E 54,NO,SI,16,53
202425,MACERATA,SCUOLA SECONDARIA I GRADO,NORMALE,ANNUALE,FINO A 34,NO,SI,0,2
202425,LECCE,SCUOLA SECONDARIA II GRADO,SOSTEGNO,FINO AL TERMINE,TRA 35 E 44,NO,NO,1,8
202425,BOLOGNA,SCUOLA SECONDARIA I GRADO,NORMALE,ANNUALE,OLTRE 54,SI,SI,1,0
202425,LA SPEZIA,SCUOLA PRIMARIA,NORMALE,FINO AL TERMINE,FINO A 34,NO,NO,4,2
202425,PIACENZA,SCUOLA INFANZIA,NORMALE,FINO AL TERMINE,FINO A 34,NO,SI,0,8
202425,PADOVA,SCUOLA SECONDARIA II GRADO,NORMALE,ANNUALE,OLTRE 54,NO,NO,1,0
202425,PISTOIA,SCUOLA SECONDARIA II GRADO,NORMALE,FINO AL TERMINE,FINO A 34,NO,NO,16,15
202425,SUD SARDEGNA,SCUOLA SECONDARIA I GRADO,NORMALE,FINO AL TERMINE,TRA 35 E 44,NO,NO,4,14
202425,ASTI,SCUOLA SECONDARIA I GRADO,SOSTEGNO,ANNUALE,TRA 35 E 44,NO,SI,3,6
202425,LECCO,SCUOLA SECONDARIA I GRADO,NORMALE,ANNUALE,TRA 35 E 44,SI,SI,1,2
202425,PESARO E URBINO,SCUOLA PRIMARIA,NORMALE,FINO AL TERMINE,OLTRE 54,NO,NO,1,3
202425,MANTOVA,SCUOLA SECONDARIA II GRADO,NORMALE,FINO AL TERMINE,TRA 45 E 54,NO,SI,4,11
202425,REGGIO CALABRIA,SCUOLA SECONDARIA II GRADO,SOSTEGNO,FINO AL TERMINE,TRA 45 E 54,NO,NO,0,2
202425,BRINDISI,SCUOLA SECONDARIA II GRADO,NORMALE,ANNUALE,TRA 35 E 44,NO,SI,14,23
202425,VARESE,SCUOLA PRIMARIA,SOSTEGNO,ANNUALE,FINO A 34,NO,SI,2,60
202425,SIRACUSA,SCUOLA INFANZIA,SOSTEGNO,FINO AL TERMINE,OLTRE 54,NO,SI,0,30
202425,BELLUNO,SCUOLA INFANZIA,SOSTEGNO,ANNUALE,FINO A 34,NO,SI,0,2
202425,ROMA,SCUOLA INFANZIA,SOSTEGNO,FINO AL TERMINE,TRA 45 E 54,NO,SI,1,323
202425,BIELLA,SCUOLA SECONDARIA II GRADO,NORMALE,ANNUALE,FINO A 34,NO,SI,15,12
202425,TREVISO,SCUOLA SECONDARIA II GRADO,NORMALE,ANNUALE,OLTRE 54,NO,SI,35,9
202425,FERMO,SCUOLA INFANZIA,NORMALE,FINO AL TERMINE,OLTRE 54,NO,SI,0,1
202425,TRAPANI,SCUOLA INFANZIA,NORMALE,FINO AL TERMINE,OLTRE 54,NO,SI,0,3
202425,VENEZIA,SCUOLA PRIMARIA,SOSTEGNO,FINO AL TERMINE,TRA 35 E 44,NO,NO,1,13
202425,RAGUSA,SCUOLA SECONDARIA I GRADO,SOSTEGNO,FINO AL TERMINE,TRA 45 E 54,NO,SI,8,24
202425,MODENA,SCUOLA SECONDARIA II GRADO,SOSTEGNO,ANNUALE,TRA 35 E 44,SI,SI,4,2
202425,SALERNO,SCUOLA SECONDARIA II GRADO,SOSTEGNO,ANNUALE,TRA 35 E 44,NO,SI,0,1
202425,PISTOIA,SCUOLA PRIMARIA,NORMALE,ANNUALE,TRA 45 E 54,NO,SI,0,3
202425,SIRACUSA,SCUOLA SECONDARIA I GRADO,SOSTEGNO,FINO AL TERMINE,TRA 45 E 54,NO,SI,15,59
202425,CROTONE,SCUOLA PRIMARIA,NORMALE,FINO AL TERMINE,FINO A 34,NO,SI,0,1
202425,TERAMO,SCUOLA SECONDARIA I GRADO,NORMALE,FINO AL TERMINE,OLTRE 54,NO,SI,0,1
202425,PORDENONE,SCUOLA SECONDARIA II GRADO,NORMALE,FINO AL TERMINE,OLTRE 54,NO,SI,4,1
202425,MESSINA,SCUOLA SECONDARIA II GRADO,SOSTEGNO,FINO AL TERMINE,TRA 35 E 44,NO,NO,0,14
202425,PARMA,SCUOLA PRIMARIA,SOSTEGNO,ANNUALE,FINO A 34,NO,SI,1,5
202425,TRIESTE,SCUOLA PRIMARIA,SOSTEGNO,ANNUALE,TRA 45 E 54,SI,SI,0,2
202425,PARMA,SCUOLA SECONDARIA I GRADO,SOSTEGNO,FINO AL TERMINE,TRA 35 E 44,NO,NO,3,11
202425,MATERA,SCUOLA SECONDARIA I GRADO,NORMALE,FINO AL TERMINE,FINO A 34,NO,SI,1,7
202425,TRAPANI,SCUOLA SECONDARIA II GRADO,NORMALE,FINO AL TERMINE,OLTRE 54,NO,NO,7,3
202425,REGGIO EMILIA,SCUOLA PRIMARIA,SOSTEGNO,ANNUALE,OLTRE 54,SI,SI,1,0
202425,CHIETI,SCUOLA SECONDARIA I GRADO,NORMALE,FINO AL TERMINE,FINO A 34,NO,NO,4,13
202425,PISA,SCUOLA SECONDARIA I GRADO,NORMALE,ANNUALE,TRA 35 E 44,NO,NO,0,2
202425,CAMPOBASSO,SCUOLA SECONDARIA I GRADO,SOSTEGNO,FINO AL TERMINE,FINO A 34,NO,SI,9,40
202425,CROTONE,SCUOLA PRIMARIA,SOSTEGNO,FINO AL TERMINE,TRA 35 E 44,NO,SI,4,51
202425,TERNI,SCUOLA SECONDARIA II GRADO,NORMALE,FINO AL TERMINE,TRA 35 E 44,NO,NO,9,21
202425,ROMA,SCUOLA SECONDARIA II GRADO,NORMALE,ANNUALE,TRA 45 E 54,NO,NO,2,6
202425,ALESSANDRIA,SCUOLA SECONDARIA I GRADO,SOSTEGNO,ANNUALE,FINO A 34,SI,SI,6,11
202425,PESCARA,SCUOLA INFANZIA,NORMALE,FINO AL TERMINE,TRA 35 E 44,NO,SI,0,3
202425,MASSA-CARRARA,SCUOLA SECONDARIA II GRADO,NORMALE,ANNUALE,TRA 35 E 44,NO,SI,7,13
202425,LODI,SCUOLA INFANZIA,SOSTEGNO,FINO AL TERMINE,OLTRE 54,NO,NO,0,1
202425,PIACENZA,SCUOLA INFANZIA,SOSTEGNO,ANNUALE,TRA 35 E 44,SI,SI,1,0
202425,VERBANO-CUSIO-OSSOLA,SCUOLA SECONDARIA II GRADO,NORMALE,FINO AL TERMINE,OLTRE 54,NO,SI,1,4
202425,CHIETI,SCUOLA PRIMARIA,NORMALE,FINO AL TERMINE,OLTRE 54,NO,NO,3,5
202425,TREVISO,SCUOLA PRIMARIA,NORMALE,FINO AL TERMINE,TRA 45 E 54,NO,SI,5,48
202425,REGGIO EMILIA,SCUOLA INFANZIA,NORMALE,FINO AL TERMINE,TRA 45 E 54,NO,SI,0,3
202425,ASTI,SCUOLA INFANZIA,NORMALE,FINO AL TERMINE,OLTRE 54,NO,SI,0,4
202425,SONDRIO,SCUOLA INFANZIA,SOSTEGNO,ANNUALE,TRA 35 E 44,NO,SI,0,3
202425,VIBO VALENTIA,SCUOLA PRIMARIA,NORMALE,FINO AL TERMINE,TRA 45 E 54,NO,SI,0,3
202425,AVELLINO,SCUOLA SECONDARIA I GRADO,NORMALE,FINO AL TERMINE,TRA 45 E 54,NO,SI,2,6
202425,BOLOGNA,SCUOLA SECONDARIA II GRADO,NORMALE,FINO AL TERMINE,OLTRE 54,NO,NO,19,27
202425,VERCELLI,SCUOLA SECONDARIA I GRADO,SOSTEGNO,ANNUALE,TRA 35 E 44,SI,SI,3,15
202425,ANCONA,SCUOLA PRIMARIA,NORMALE,ANNUALE,TRA 35 E 44,NO,SI,0,1
202425,CREMONA,SCUOLA INFANZIA,NORMALE,FINO AL TERMINE,TRA 45 E 54,NO,SI,0,6
202425,PALERMO,SCUOLA SECONDARIA II GRADO,SOSTEGNO,ANNUALE,TRA 35 E 44,NO,SI,1,1
202425,SONDRIO,SCUOLA SECONDARIA I GRADO,NORMALE,FINO AL TERMINE,FINO A 34,NO,SI,5,9
202425,FIRENZE,SCUOLA PRIMARIA,SOSTEGNO,FINO AL TERMINE,TRA 35 E 44,NO,NO,2,11
202425,PIACENZA,SCUOLA SECONDARIA I GRADO,SOSTEGNO,FINO AL TERMINE,OLTRE 54,NO,SI,3,11
202425,BARI,SCUOLA PRIMARIA,SOSTEGNO,ANNUALE,TRA 45 E 54,NO,SI,0,2
202425,ANCONA,SCUOLA PRIMARIA,SOSTEGNO,ANNUALE,TRA 35 E 44,SI,SI,0,5
202425,BARI,SCUOLA SECONDARIA II GRADO,NORMALE,ANNUALE,FINO A 34,NO,NO,2,2
202425,MATERA,SCUOLA SECONDARIA I GRADO,SOSTEGNO,FINO AL TERMINE,TRA 35 E 44,NO,NO,0,2
202425,ENNA,SCUOLA SECONDARIA II GRADO,NORMALE,ANNUALE,TRA 35 E 44,NO,NO,1,0
202425,TRAPANI,SCUOLA PRIMARIA,NORMALE,ANNUALE,OLTRE 54,NO,SI,0,2
202425,BERGAMO,SCUOLA SECONDARIA I GRADO,NORMALE,FINO AL TERMINE,FINO A 34,NO,SI,12,27
202425,MODENA,SCUOLA SECONDARIA II GRADO,NORMALE,ANNUALE,FINO A 34,NO,NO,0,2
202425,SALERNO,SCUOLA PRIMARIA,SOSTEGNO,ANNUALE,OLTRE 54,NO,SI,0,1
202425,RIETI,SCUOLA PRIMARIA,SOSTEGNO,FINO AL TERMINE,FINO A 34,NO,SI,3,15
202425,MILANO,SCUOLA PRIMARIA,SOSTEGNO,FINO AL TERMINE,TRA 45 E 54,NO,SI,39,309
202425,MILANO,SCUOLA SECONDARIA I GRADO,SOSTEGNO,FINO AL TERMINE,TRA 45 E 54,NO,NO,9,20
202425,LUCCA,SCUOLA SECONDARIA II GRADO,NORMALE,ANNUALE,TRA 45 E 54,NO,SI,10,18
202425,VERCELLI,SCUOLA SECONDARIA I GRADO,SOSTEGNO,ANNUALE,OLTRE 54,NO,SI,1,2
202425,UDINE,SCUOLA SECONDARIA I GRADO,NORMALE,FINO AL TERMINE,FINO A 34,NO,NO,14,16
202425,CREMONA,SCUOLA INFANZIA,NORMALE,FINO AL TERMINE,OLTRE 54,NO,NO,0,6
202425,FORLI'-CESENA,SCUOLA SECONDARIA I GRADO,SOSTEGNO,FINO AL TERMINE,TRA 35 E 44,NO,SI,6,28
202425,TARANTO,SCUOLA INFANZIA,NORMALE,ANNUALE,OLTRE 54,NO,SI,0,12
202425,LECCE,SCUOLA SECONDARIA II GRADO,NORMALE,ANNUALE,OLTRE 54,NO,NO,1,1
202425,MODENA,SCUOLA INFANZIA,SOSTEGNO,ANNUALE,FINO A 34,SI,SI,0,2
202425,FOGGIA,SCUOLA PRIMARIA,SOSTEGNO,FINO AL TERMINE,OLTRE 54,NO,SI,1,36
202425,PAVIA,SCUOLA PRIMARIA,SOSTEGNO,ANNUALE,TRA 35 E 44,NO,SI,7,48
202425,LA SPEZIA,SCUOLA PRIMARIA,SOSTEGNO,ANNUALE,TRA 45 E 54,SI,SI,0,4
202425,TARANTO,SCUOLA SECONDARIA I GRADO,NORMALE,ANNUALE,FINO A 34,NO,NO,2,1
202425,LODI,SCUOLA SECONDARIA II GRADO,NORMALE,FINO AL TERMINE,TRA 35 E 44,NO,NO,7,15
202425,TERAMO,SCUOLA PRIMARIA,NORMALE,ANNUALE,TRA 35 E 44,NO,SI,0,1
202425,BERGAMO,SCUOLA PRIMARIA,NORMALE,FINO AL TERMINE,TRA 45 E 54,NO,SI,2,47
202425,MASSA-CARRARA,SCUOLA INFANZIA,NORMALE,ANNUALE,TRA 45 E 54,NO,SI,0,1
202425,REGGIO EMILIA,SCUOLA PRIMARIA,NORMALE,ANNUALE,TRA 35 E 44,NO,NO,0,1
202425,CHIETI,SCUOLA SECONDARIA II GRADO,SOSTEGNO,FINO AL TERMINE,FINO A 34,NO,SI,13,31
202425,BENEVENTO,SCUOLA INFANZIA,NORMALE,ANNUALE,TRA 45 E 54,NO,SI,0,1
202425,ORISTANO,SCUOLA SECONDARIA II GRADO,SOSTEGNO,FINO AL TERMINE,TRA 35 E 44,NO,SI,5,22
202425,SONDRIO,SCUOLA SECONDARIA I GRADO,SOSTEGNO,ANNUALE,TRA 35 E 44,SI,SI,3,6
202425,VICENZA,SCUOLA PRIMARIA,NORMALE,ANNUALE,TRA 45 E 54,NO,SI,0,8
202425,MODENA,SCUOLA PRIMARIA,NORMALE,ANNUALE,OLTRE 54,NO,SI,0,7
202425,BRESCIA,SCUOLA PRIMARIA,NORMALE,ANNUALE,TRA 45 E 54,SI,SI,0,1
202425,VERONA,SCUOLA PRIMARIA,SOSTEGNO,ANNUALE,TRA 35 E 44,NO,NO,0,2
202425,FERRARA,SCUOLA SECONDARIA II GRADO,NORMALE,ANNUALE,TRA 35 E 44,NO,SI,18,10
202425,CREMONA,SCUOLA SECONDARIA I GRADO,SOSTEGNO,FINO AL TERMINE,OLTRE 54,NO,SI,3,19
202425,BERGAMO,SCUOLA SECONDARIA II GRADO,SOSTEGNO,ANNUALE,FINO A 34,NO,SI,1,1
202425,BRESCIA,SCUOLA PRIMARIA,SOSTEGNO,FINO AL TERMINE,FINO A 34,NO,NO,8,59
202425,VERBANO-CUSIO-OSSOLA,SCUOLA PRIMARIA,NORMALE,ANNUALE,OLTRE 54,NO,SI,0,1
202425,ASCOLI PICENO,SCUOLA SECONDARIA II GRADO,NORMALE,FINO AL TERMINE,TRA 45 E 54,NO,NO,9,13
202425,COMO,SCUOLA PRIMARIA,SOSTEGNO,ANNUALE,FINO A 34,NO,SI,3,64
202425,BENEVENTO,SCUOLA SECONDARIA I GRADO,NORMALE,FINO AL TERMINE,TRA 45 E 54,NO,NO,1,2
202425,VARESE,SCUOLA SECONDARIA II GRADO,SOSTEGNO,FINO AL TERMINE,OLTRE 54,NO,NO,2,0
202425,VENEZIA,SCUOLA INFANZIA,NORMALE,FINO AL TERMINE,TRA 35 E 44,NO,SI,0,14
202425,CATANZARO,SCUOLA SECONDARIA II GRADO,SOSTEGNO,FINO AL TERMINE,TRA 45 E 54,NO,SI,2,12
202425,BIELLA,SCUOLA INFANZIA,SOSTEGNO,ANNUALE,OLTRE 54,NO,SI,0,6
202425,PERUGIA,SCUOLA INFANZIA,NORMALE,ANNUALE,TRA 35 E 44,NO,SI,0,4
202425,PARMA,SCUOLA PRIMARIA,SOSTEGNO,FINO AL TERMINE,TRA 45 E 54,NO,NO,0,11
202425,TRIESTE,SCUOLA SECONDARIA I GRADO,NORMALE,FINO AL TERMINE,OLTRE 54,NO,NO,2,9
202425,MONZA E DELLA BRIANZA,SCUOLA SECONDARIA I GRADO,SOSTEGNO,ANNUALE,OLTRE 54,SI,SI,1,1
202425,BERGAMO,SCUOLA PRIMARIA,SOSTEGNO,ANNUALE,TRA 45 E 54,NO,NO,0,1
202425,TREVISO,SCUOLA INFANZIA,NORMALE,ANNUALE,FINO A 34,NO,SI,0,1
202425,LECCE,SCUOLA PRIMARIA,NORMALE,FINO AL TERMINE,TRA 35 E 44,NO,NO,12,12
202425,PISA,SCUOLA SECONDARIA I GRADO,NORMALE,ANNUALE,OLTRE 54,NO,SI,2,6
202425,RIETI,SCUOLA PRIMARIA,NORMALE,FINO AL TERMINE,TRA 35 E 44,NO,NO,1,5
202425,PIACENZA,SCUOLA SECONDARIA I GRADO,NORMALE,FINO AL TERMINE,FINO A 34,NO,NO,6,19
202425,PIACENZA,SCUOLA SECONDARIA II GRADO,NORMALE,FINO AL TERMINE,OLTRE 54,NO,SI,7,7
202425,MODENA,SCUOLA SECONDARIA I GRADO,NORMALE,FINO AL TERMINE,OLTRE 54,NO,SI,1,8
202425,PESARO E URBINO,SCUOLA SECONDARIA II GRADO,NORMALE,FINO AL TERMINE,OLTRE 54,NO,SI,2,6
202425,REGGIO EMILIA,SCUOLA SECONDARIA I GRADO,NORMALE,ANNUALE,OLTRE 54,NO,SI,1,0
202425,RIETI,SCUOLA SECONDARIA I GRADO,SOSTEGNO,FINO AL TERMINE,FINO A 34,NO,SI,8,17
202425,NOVARA,SCUOLA SECONDARIA II GRADO,SOSTEGNO,ANNUALE,TRA 35 E 44,SI,NO,0,1
202425,TERAMO,SCUOLA SECONDARIA II GRADO,SOSTEGNO,FINO AL TERMINE,FINO A 34,NO,SI,7,42
202425,MESSINA,SCUOLA SECONDARIA I GRADO,NORMALE,ANNUALE,TRA 35 E 44,NO,SI,4,6
202425,LIVORNO,SCUOLA PRIMARIA,SOSTEGNO,FINO AL TERMINE,TRA 35 E 44,NO,SI,5,49
202425,COMO,SCUOLA SECONDARIA II GRADO,SOSTEGNO,FINO AL TERMINE,TRA 35 E 44,NO,SI,11,14
202425,LECCE,SCUOLA SECONDARIA I GRADO,NORMALE,FINO AL TERMINE,FINO A 34,NO,SI,4,3
202425,CHIETI,SCUOLA SECONDARIA II GRADO,SOSTEGNO,ANNUALE,FINO A 34,NO,SI,1,0
202425,ENNA,SCUOLA INFANZIA,NORMALE,ANNUALE,OLTRE 54,NO,SI,0,1
202425,BENEVENTO,SCUOLA SECONDARIA II GRADO,NORMALE,ANNUALE,FINO A 34,NO,SI,5,12
202425,AREZZO,SCUOLA PRIMARIA,SOSTEGNO,ANNUALE,TRA 45 E 54,SI,SI,0,2
202425,VICENZA,SCUOLA SECONDARIA I GRADO,NORMALE,ANNUALE,TRA 45 E 54,NO,NO,0,3
202425,LA SPEZIA,SCUOLA SECONDARIA I GRADO,NORMALE,FINO AL TERMINE,FINO A 34,NO,NO,3,10
202425,VERONA,SCUOLA PRIMARIA,SOSTEGNO,FINO AL TERMINE,TRA 45 E 54,NO,NO,2,22
202425,FERRARA,SCUOLA SECONDARIA II GRADO,SOSTEGNO,ANNUALE,FINO A 34,SI,SI,0,2
202425,AGRIGENTO,SCUOLA SECONDARIA II GRADO,NORMALE,FINO AL TERMINE,TRA 45 E 54,NO,SI,8,9
202425,MASSA-CARRARA,SCUOLA PRIMARIA,NORMALE,FINO AL TERMINE,TRA 35 E 44,NO,NO,2,3
202425,FOGGIA,SCUOLA SECONDARIA II GRADO,SOSTEGNO,FINO AL TERMINE,TRA 45 E 54,NO,NO,2,6
202425,TARANTO,SCUOLA PRIMARIA,SOSTEGNO,FINO AL TERMINE,TRA 35 E 44,NO,SI,1,177
202425,L'AQUILA,SCUOLA SECONDARIA II GRADO,SOSTEGNO,ANNUALE,OLTRE 54,SI,SI,0,1
202425,CREMONA,SCUOLA SECONDARIA I GRADO,NORMALE,FINO AL TERMINE,TRA 35 E 44,NO,NO,6,11
202425,ROVIGO,SCUOLA PRIMARIA,SOSTEGNO,FINO AL TERMINE,TRA 45 E 54,NO,SI,0,53
202425,PERUGIA,SCUOLA SECONDARIA II GRADO,SOSTEGNO,FINO AL TERMINE,TRA 35 E 44,NO,NO,14,19
202425,CASERTA,SCUOLA SECONDARIA II GRADO,NORMALE,ANNUALE,FINO A 34,NO,SI,10,19
202425,PORDENONE,SCUOLA SECONDARIA I GRADO,NORMALE,FINO AL TERMINE,OLTRE 54,NO,NO,3,4
202425,CALTANISSETTA,SCUOLA SECONDARIA I GRADO,SOSTEGNO,FINO AL TERMINE,TRA 35 E 44,NO,SI,4,32
202425,LUCCA,SCUOLA SECONDARIA II GRADO,SOSTEGNO,FINO AL TERMINE,TRA 45 E 54,NO,SI,17,57
202425,PISA,SCUOLA SECONDARIA II GRADO,NORMALE,FINO AL TERMINE,FINO A 34,NO,SI,14,26
202425,RIMINI,SCUOLA INFANZIA,SOSTEGNO,FINO AL TERMINE,TRA 45 E 54,NO,NO,0,10
202425,TRIESTE,SCUOLA SECONDARIA I GRADO,SOSTEGNO,FINO AL TERMINE,TRA 45 E 54,NO,SI,1,6
202425,ROMA,SCUOLA PRIMARIA,NORMALE,FINO AL TERMINE,TRA 35 E 44,NO,NO,44,67
202425,PARMA,SCUOLA PRIMARIA,NORMALE,FINO AL TERMINE,OLTRE 54,NO,SI,2,7
202425,PESCARA,SCUOLA PRIMARIA,SOSTEGNO,FINO AL TERMINE,TRA 45 E 54,NO,NO,1,7
202425,BOLOGNA,SCUOLA PRIMARIA,SOSTEGNO,FINO AL TERMINE,TRA 45 E 54,NO,SI,18,155
202425,PADOVA,SCUOLA SECONDARIA I GRADO,SOSTEGNO,FINO AL TERMINE,TRA 35 E 44,NO,SI,21,60
202425,TRAPANI,SCUOLA SECONDARIA I GRADO,NORMALE,FINO AL TERMINE,TRA 45 E 54,NO,NO,2,6
202425,REGGIO EMILIA,SCUOLA SECONDARIA I GRADO,NORMALE,FINO AL TERMINE,TRA 45 E 54,NO,SI,8,15
202425,REGGIO CALABRIA,SCUOLA SECONDARIA I GRADO,NORMALE,FINO AL TERMINE,TRA 35 E 44,NO,NO,3,13
202425,CROTONE,SCUOLA SECONDARIA II GRADO,NORMALE,FINO AL TERMINE,FINO A 34,NO,NO,15,16
202425,BRESCIA,SCUOLA PRIMARIA,SOSTEGNO,ANNUALE,TRA 35 E 44,NO,SI,5,47
202425,PESARO E URBINO,SCUOLA SECONDARIA I GRADO,NORMALE,FINO AL TERMINE,TRA 45 E 54,NO,SI,1,11
202425,LODI,SCUOLA PRIMARIA,SOSTEGNO,FINO AL TERMINE,TRA 35 E 44,NO,SI,6,52
202425,BIELLA,SCUOLA SECONDARIA II GRADO,SOSTEGNO,ANNUALE,TRA 35 E 44,SI,SI,1,1
202425,PERUGIA,SCUOLA SECONDARIA II GRADO,NORMALE,FINO AL TERMINE,OLTRE 54,NO,SI,10,9
202425,TRAPANI,SCUOLA PRIMARIA,NORMALE,FINO AL TERMINE,OLTRE 54,NO,NO,3,1
202425,IMPERIA,SCUOLA SECONDARIA II GRADO,SOSTEGNO,FINO AL TERMINE,TRA 45 E 54,NO,NO,1,3
202425,BENEVENTO,SCUOLA SECONDARIA II GRADO,NORMALE,FINO AL TERMINE,TRA 35 E 44,NO,SI,3,9
202425,TERNI,SCUOLA SECONDARIA I GRADO,NORMALE,ANNUALE,FINO A 34,NO,SI,1,3
202425,SIRACUSA,SCUOLA SECONDARIA I GRADO,SOSTEGNO,FINO AL TERMINE,OLTRE 54,NO,SI,2,3
202425,GORIZIA,SCUOLA PRIMARIA,NORMALE,FINO AL TERMINE,TRA 35 E 44,NO,NO,2,7
202425,BIELLA,SCUOLA INFANZIA,SOSTEGNO,FINO AL TERMINE,TRA 45 E 54,NO,SI,1,15
202425,LIVORNO,SCUOLA SECONDARIA II GRADO,NORMALE,FINO AL TERMINE,TRA 45 E 54,NO,SI,5,27
202425,SAVONA,SCUOLA INFANZIA,NORMALE,FINO AL TERMINE,TRA 45 E 54,NO,SI,0,3
202425,PARMA,SCUOLA SECONDARIA II GRADO,NORMALE,FINO AL TERMINE,TRA 35 E 44,NO,NO,19,36
202425,TRIESTE,SCUOLA INFANZIA,SOSTEGNO,FINO AL TERMINE,TRA 35 E 44,NO,SI,1,0
202425,MATERA,SCUOLA INFANZIA,NORMALE,FINO AL TERMINE,OLTRE 54,NO,NO,0,1
202425,PALERMO,SCUOLA PRIMARIA,NORMALE,FINO AL TERMINE,FINO A 34,NO,NO,17,15
202425,TREVISO,SCUOLA PRIMARIA,SOSTEGNO,FINO AL TERMINE,FINO A 34,NO,SI,22,180
202425,BRESCIA,SCUOLA SECONDARIA II GRADO,SOSTEGNO,ANNUALE,TRA 35 E 44,NO,SI,0,2
202425,LECCO,SCUOLA INFANZIA,SOSTEGNO,ANNUALE,TRA 45 E 54,NO,SI,0,1
202425,SONDRIO,SCUOLA PRIMARIA,NORMALE,ANNUALE,OLTRE 54,NO,SI,0,2
202425,MACERATA,SCUOLA SECONDARIA II GRADO,SOSTEGNO,ANNUALE,FINO A 34,SI,SI,0,1
202425,ENNA,SCUOLA PRIMARIA,SOSTEGNO,FINO AL TERMINE,TRA 35 E 44,NO,SI,0,1
202425,VIBO VALENTIA,SCUOLA SECONDARIA II GRADO,NORMALE,ANNUALE,FINO A 34,NO,SI,4,20
202425,PIACENZA,SCUOLA SECONDARIA II GRADO,SOSTEGNO,FINO AL TERMINE,TRA 35 E 44,NO,SI,5,36
202425,GORIZIA,SCUOLA PRIMARIA,SOSTEGNO,ANNUALE,TRA 35 E 44,NO,SI,0,5
202425,LA SPEZIA,SCUOLA SECONDARIA I GRADO,NORMALE,FINO AL TERMINE,TRA 45 E 54,NO,NO,1,10
202425,MILANO,SCUOLA PRIMARIA,NORMALE,FINO AL TERMINE,TRA 35 E 44,NO,SI,18,181
202425,SAVONA,SCUOLA SECONDARIA I GRADO,NORMALE,FINO AL TERMINE,TRA 35 E 44,NO,NO,1,8
202425,PESARO E URBINO,SCUOLA PRIMARIA,SOSTEGNO,FINO AL TERMINE,TRA 45 E 54,NO,NO,3,16
202425,MASSA-CARRARA,SCUOLA INFANZIA,SOSTEGNO,FINO AL TERMINE,OLTRE 54,NO,SI,0,13
202425,PISA,SCUOLA SECONDARIA I GRADO,SOSTEGNO,ANNUALE,FINO A 34,SI,SI,1,0
202425,MACERATA,SCUOLA SECONDARIA I GRADO,NORMALE,FINO AL TERMINE,TRA 35 E 44,NO,SI,0,8
202425,GENOVA,SCUOLA SECONDARIA I GRADO,NORMALE,ANNUALE,FINO A 34,NO,SI,7,32
202425,MESSINA,SCUOLA SECONDARIA II GRADO,NORMALE,ANNUALE,OLTRE 54,NO,NO,0,1
202425,ANCONA,SCUOLA SECONDARIA I GRADO,NORMALE,ANNUALE,TRA 35 E 44,NO,SI,5,9
202425,ROVIGO,SCUOLA PRIMARIA,SOSTEGNO,ANNUALE,TRA 35 E 44,SI,SI,0,3
202425,MESSINA,SCUOLA INFANZIA,NORMALE,ANNUALE,TRA 45 E 54,NO,SI,0,4
202425,FERMO,SCUOLA PRIMARIA,SOSTEGNO,ANNUALE,OLTRE 54,SI,SI,0,1
202425,LECCO,SCUOLA SECONDARIA II GRADO,NORMALE,FINO AL TERMINE,FINO A 34,NO,SI,13,19
202425,REGGIO CALABRIA,SCUOLA SECONDARIA I GRADO,SOSTEGNO,FINO AL TERMINE,TRA 35 E 44,NO,SI,15,73
202425,VIBO VALENTIA,SCUOLA PRIMARIA,NORMALE,FINO AL TERMINE,TRA 45 E 54,NO,NO,1,1
202425,CATANZARO,SCUOLA INFANZIA,SOSTEGNO,FINO AL TERMINE,FINO A 34,NO,SI,0,2
202425,UDINE,SCUOLA INFANZIA,NORMALE,FINO AL TERMINE,FINO A 34,NO,NO,0,11
202425,L'AQUILA,SCUOLA SECONDARIA I GRADO,SOSTEGNO,ANNUALE,TRA 35 E 44,SI,SI,0,3
202425,ALESSANDRIA,SCUOLA INFANZIA,NORMALE,ANNUALE,TRA 35 E 44,NO,SI,0,2
202425,FERMO,SCUOLA SECONDARIA I GRADO,NORMALE,ANNUALE,FINO A 34,NO,SI,2,1
202425,CROTONE,SCUOLA SECONDARIA I GRADO,NORMALE,FINO AL TERMINE,TRA 45 E 54,NO,SI,4,2
202425,RAVENNA,SCUOLA SECONDARIA I GRADO,SOSTEGNO,FINO AL TERMINE,TRA 45 E 54,NO,NO,1,22
202425,MILANO,SCUOLA SECONDARIA II GRADO,NORMALE,FINO AL TERMINE,OLTRE 54,NO,SI,40,23
202425,TORINO,SCUOLA INFANZIA,NORMALE,ANNUALE,TRA 45 E 54,NO,SI,0,20
202425,FOGGIA,SCUOLA SECONDARIA I GRADO,SOSTEGNO,FINO AL TERMINE,TRA 45 E 54,NO,NO,0,9
202425,UDINE,SCUOLA SECONDARIA I GRADO,SOSTEGNO,FINO AL TERMINE,TRA 45 E 54,NO,NO,2,9
202425,VITERBO,SCUOLA INFANZIA,NORMALE,FINO AL TERMINE,OLTRE 54,NO,NO,0,4
202425,NOVARA,SCUOLA PRIMARIA,SOSTEGNO,FINO AL TERMINE,TRA 35 E 44,NO,NO,0,12
202425,TARANTO,SCUOLA SECONDARIA I GRADO,NORMALE,FINO AL TERMINE,FINO A 34,NO,NO,5,7
202425,MATERA,SCUOLA INFANZIA,SOSTEGNO,FINO AL TERMINE,TRA 45 E 54,NO,SI,1,21
202425,FERRARA,SCUOLA PRIMARIA,NORMALE,ANNUALE,TRA 45 E 54,NO,SI,0,3
202425,PORDENONE,SCUOLA PRIMARIA,SOSTEGNO,ANNUALE,FINO A 34,SI,SI,0,4
202425,PALERMO,SCUOLA INFANZIA,NORMALE,ANNUALE,TRA 45 E 54,NO,NO,0,1
202425,ASTI,SCUOLA PRIMARIA,NORMALE,ANNUALE,TRA 35 E 44,NO,SI,0,2
202425,MONZA E DELLA BRIANZA,SCUOLA INFANZIA,SOSTEGNO,FINO AL TERMINE,OLTRE 54,NO,NO,1,9
202425,SONDRIO,SCUOLA INFANZIA,NORMALE,FINO AL TERMINE,FINO A 34,NO,NO,0,2
202425,VIBO VALENTIA,SCUOLA PRIMARIA,SOSTEGNO,FINO AL TERMINE,TRA 45 E 54,NO,NO,0,2
202425,SIRACUSA,SCUOLA PRIMARIA,SOSTEGNO,FINO AL TERMINE,TRA 35 E 44,NO,SI,4,125
202425,MILANO,SCUOLA SECONDARIA I GRADO,SOSTEGNO,FINO AL TERMINE,OLTRE 54,NO,SI,46,93
202425,AREZZO,SCUOLA PRIMARIA,SOSTEGNO,ANNUALE,FINO A 34,SI,SI,0,2
202425,GORIZIA,SCUOLA SECONDARIA II GRADO,NORMALE,ANNUALE,TRA 35 E 44,NO,NO,0,2
202425,BOLOGNA,SCUOLA SECONDARIA II GRADO,SOSTEGNO,FINO AL TERMINE,TRA 45 E 54,NO,NO,1,10
202425,ROMA,SCUOLA SECONDARIA I GRADO,NORMALE,ANNUALE,FINO A 34,NO,SI,37,93
202425,VERCELLI,SCUOLA SECONDARIA I GRADO,SOSTEGNO,FINO AL TERMINE,TRA 35 E 44,NO,NO,2,3
202425,PESCARA,SCUOLA SECONDARIA I GRADO,NORMALE,FINO AL TERMINE,TRA 35 E 44,NO,NO,3,10
202425,MASSA-CARRARA,SCUOLA SECONDARIA II GRADO,NORMALE,FINO AL TERMINE,TRA 45 E 54,NO,SI,2,8
202425,MATERA,SCUOLA PRIMARIA,NORMALE,FINO AL TERMINE,TRA 45 E 54,NO,SI,0,2
202425,BERGAMO,SCUOLA SECONDARIA I GRADO,SOSTEGNO,ANNUALE,OLTRE 54,SI,SI,1,0
202425,RIMINI,SCUOLA SECONDARIA I GRADO,NORMALE,FINO AL TERMINE,FINO A 34,NO,NO,5,9
202425,REGGIO EMILIA,SCUOLA SECONDARIA II GRADO,NORMALE,ANNUALE,FINO A 34,NO,SI,29,39
202425,VENEZIA,SCUOLA SECONDARIA I GRADO,SOSTEGNO,FINO AL TERMINE,FINO A 34,NO,SI,14,24
202425,RAVENNA,SCUOLA INFANZIA,SOSTEGNO,ANNUALE,TRA 45 E 54,NO,NO,0,1
202425,COMO,SCUOLA INFANZIA,NORMALE,FINO AL TERMINE,TRA 35 E 44,NO,SI,0,4
202425,MONZA E DELLA BRIANZA,SCUOLA PRIMARIA,NORMALE,ANNUALE,FINO A 34,NO,SI,5,32
202425,SASSARI,SCUOLA PRIMARIA,SOSTEGNO,FINO AL TERMINE,TRA 35 E 44,NO,SI,6,142
202425,SONDRIO,SCUOLA PRIMARIA,SOSTEGNO,FINO AL TERMINE,TRA 45 E 54,NO,SI,2,19
202425,BELLUNO,SCUOLA SECONDARIA II GRADO,SOSTEGNO,ANNUALE,FINO A 34,SI,SI,2,1
202425,MACERATA,SCUOLA SECONDARIA I GRADO,SOSTEGNO,FINO AL TERMINE,TRA 45 E 54,NO,SI,2,16
202425,RAVENNA,SCUOLA SECONDARIA II GRADO,NORMALE,ANNUALE,TRA 45 E 54,NO,NO,0,1
202425,PERUGIA,SCUOLA PRIMARIA,SOSTEGNO,FINO AL TERMINE,TRA 45 E 54,NO,SI,8,235
202425,POTENZA,SCUOLA INFANZIA,SOSTEGNO,FINO AL TERMINE,FINO A 34,NO,SI,0,1
202425,ROMA,SCUOLA SECONDARIA II GRADO,SOSTEGNO,ANNUALE,TRA 35 E 44,SI,NO,0,1
202425,MILANO,SCUOLA INFANZIA,SOSTEGNO,ANNUALE,TRA 35 E 44,SI,NO,0,1
202425,ANCONA,SCUOLA SECONDARIA I GRADO,SOSTEGNO,ANNUALE,TRA 35 E 44,NO,SI,0,1
202425,MILANO,SCUOLA PRIMARIA,NORMALE,ANNUALE,FINO A 34,NO,SI,35,109
202425,BARI,SCUOLA SECONDARIA I GRADO,SOSTEGNO,FINO AL TERMINE,FINO A 34,NO,SI,47,153
202425,MESSINA,SCUOLA INFANZIA,SOSTEGNO,FINO AL TERMINE,TRA 35 E 44,NO,SI,0,61
202425,BERGAMO,SCUOLA SECONDARIA II GRADO,NORMALE,ANNUALE,FINO A 34,NO,SI,124,122
202425,COSENZA,SCUOLA PRIMARIA,SOSTEGNO,ANNUALE,TRA 35 E 44,SI,SI,0,2
202425,AREZZO,SCUOLA PRIMARIA,NORMALE,FINO AL TERMINE,TRA 35 E 44,NO,NO,2,6
202425,FIRENZE,SCUOLA SECONDARIA II GRADO,NORMALE,ANNUALE,OLTRE 54,NO,SI,8,13
202425,VICENZA,SCUOLA SECONDARIA I GRADO,NORMALE,FINO AL TERMINE,TRA 45 E 54,NO,SI,3,5
202425,VERONA,SCUOLA SECONDARIA I GRADO,SOSTEGNO,ANNUALE,TRA 45 E 54,SI,SI,3,8
202425,PARMA,SCUOLA SECONDARIA I GRADO,SOSTEGNO,ANNUALE,TRA 35 E 44,NO,SI,1,0
202425,SONDRIO,SCUOLA SECONDARIA II GRADO,NORMALE,ANNUALE,TRA 45 E 54,SI,SI,1,0
202425,FIRENZE,SCUOLA INFANZIA,SOSTEGNO,FINO AL TERMINE,TRA 45 E 54,NO,NO,1,16
202425,FERMO,SCUOLA PRIMARIA,NORMALE,ANNUALE,TRA 45 E 54,NO,SI,1,4
202425,TREVISO,SCUOLA INFANZIA,SOSTEGNO,FINO AL TERMINE,TRA 45 E 54,NO,SI,0,41
202425,LECCO,SCUOLA SECONDARIA II GRADO,SOSTEGNO,FINO AL TERMINE,OLTRE 54,NO,NO,1,0
202425,CATANIA,SCUOLA SECONDARIA II GRADO,SOSTEGNO,FINO AL TERMINE,OLTRE 54,NO,SI,7,20
202425,TORINO,SCUOLA INFANZIA,SOSTEGNO,ANNUALE,OLTRE 54,SI,SI,1,6
202425,FOGGIA,SCUOLA SECONDARIA I GRADO,NORMALE,ANNUALE,OLTRE 54,NO,SI,3,6
202425,L'AQUILA,SCUOLA PRIMARIA,SOSTEGNO,FINO AL TERMINE,TRA 45 E 54,NO,NO,0,18
202425,SAVONA,SCUOLA SECONDARIA I GRADO,SOSTEGNO,FINO AL TERMINE,FINO A 34,NO,SI,8,14
202425,NOVARA,SCUOLA PRIMARIA,NORMALE,ANNUALE,TRA 35 E 44,NO,SI,0,2
202425,CREMONA,SCUOLA INFANZIA,SOSTEGNO,FINO AL TERMINE,FINO A 34,NO,NO,0,10
202425,VERCELLI,SCUOLA INFANZIA,SOSTEGNO,ANNUALE,TRA 45 E 54,SI,SI,0,1
202425,NAPOLI,SCUOLA PRIMARIA,NORMALE,FINO AL TERMINE,OLTRE 54,NO,NO,13,17
202425,PARMA,SCUOLA INFANZIA,SOSTEGNO,ANNUALE,TRA 35 E 44,NO,SI,0,1
202425,SALERNO,SCUOLA PRIMARIA,SOSTEGNO,ANNUALE,FINO A 34,SI,SI,0,4
202425,COMO,SCUOLA INFANZIA,SOSTEGNO,ANNUALE,TRA 35 E 44,SI,SI,0,1
202425,NUORO,SCUOLA INFANZIA,NORMALE,FINO AL TERMINE,TRA 45 E 54,NO,NO,0,1
202425,PORDENONE,SCUOLA SECONDARIA II GRADO,NORMALE,ANNUALE,TRA 45 E 54,NO,SI,13,10
202425,VARESE,SCUOLA INFANZIA,SOSTEGNO,ANNUALE,TRA 35 E 44,NO,SI,0,2
202425,VERONA,SCUOLA SECONDARIA I GRADO,NORMALE,FINO AL TERMINE,TRA 35 E 44,NO,NO,10,30
202425,CREMONA,SCUOLA SECONDARIA I GRADO,NORMALE,ANNUALE,TRA 45 E 54,NO,SI,1,5
202425,COMO,SCUOLA SECONDARIA II GRADO,SOSTEGNO,ANNUALE,TRA 45 E 54,SI,SI,3,12
202425,MONZA E DELLA BRIANZA,SCUOLA INFANZIA,NORMALE,ANNUALE,TRA 45 E 54,NO,SI,0,4
202425,BELLUNO,SCUOLA SECONDARIA II GRADO,SOSTEGNO,FINO AL TERMINE,TRA 45 E 54,NO,NO,0,5
202425,SIENA,SCUOLA SECONDARIA I GRADO,SOSTEGNO,FINO AL TERMINE,FINO A 34,NO,SI,10,24
202425,MANTOVA,SCUOLA PRIMARIA,SOSTEGNO,ANNUALE,TRA 35 E 44,NO,SI,2,36
202425,ENNA,SCUOLA SECONDARIA I GRADO,SOSTEGNO,ANNUALE,TRA 45 E 54,SI,SI,0,2
202425,BOLOGNA,SCUOLA INFANZIA,NORMALE,FINO AL TERMINE,TRA 45 E 54,NO,NO,0,15
202425,CALTANISSETTA,SCUOLA INFANZIA,SOSTEGNO,FINO AL TERMINE,TRA 35 E 44,NO,SI,0,14
202425,SAVONA,SCUOLA SECONDARIA II GRADO,SOSTEGNO,FINO AL TERMINE,TRA 35 E 44,NO,SI,12,38
202425,CREMONA,SCUOLA SECONDARIA II GRADO,NORMALE,FINO AL TERMINE,OLTRE 54,NO,NO,6,12
202425,ENNA,SCUOLA PRIMARIA,SOSTEGNO,FINO AL TERMINE,FINO A 34,NO,SI,0,4
202425,TERAMO,SCUOLA SECONDARIA I GRADO,SOSTEGNO,ANNUALE,TRA 35 E 44,SI,SI,0,1
202425,PAVIA,SCUOLA SECONDARIA I GRADO,NORMALE,ANNUALE,TRA 45 E 54,SI,SI,0,1
202425,UDINE,SCUOLA SECONDARIA II GRADO,NORMALE,FINO AL TERMINE,TRA 35 E 44,NO,NO,26,34
202425,FOGGIA,SCUOLA SECONDARIA II GRADO,SOSTEGNO,FINO AL TERMINE,FINO A 34,NO,SI,11,35
202425,TARANTO,SCUOLA SECONDARIA I GRADO,SOSTEGNO,FINO AL TERMINE,OLTRE 54,NO,NO,1,5
202425,BOLOGNA,SCUOLA INFANZIA,SOSTEGNO,FINO AL TERMINE,TRA 35 E 44,NO,SI,1,24
202425,FERRARA,SCUOLA PRIMARIA,SOSTEGNO,ANNUALE,TRA 45 E 54,SI,SI,1,11
202425,PALERMO,SCUOLA INFANZIA,SOSTEGNO,FINO AL TERMINE,TRA 35 E 44,NO,SI,1,142
202425,SONDRIO,SCUOLA INFANZIA,SOSTEGNO,FINO AL TERMINE,OLTRE 54,NO,SI,0,5
202425,VICENZA,SCUOLA PRIMARIA,SOSTEGNO,FINO AL TERMINE,OLTRE 54,NO,NO,1,5
202425,VICENZA,SCUOLA SECONDARIA I GRADO,NORMALE,ANNUALE,TRA 35 E 44,SI,SI,0,1
202425,ALESSANDRIA,SCUOLA PRIMARIA,NORMALE,FINO AL TERMINE,TRA 35 E 44,NO,NO,6,10
202425,L'AQUILA,SCUOLA SECONDARIA II GRADO,SOSTEGNO,FINO AL TERMINE,FINO A 34,NO,SI,14,45
202425,PESCARA,SCUOLA SECONDARIA I GRADO,SOSTEGNO,ANNUALE,TRA 45 E 54,NO,SI,0,1
202425,MASSA-CARRARA,SCUOLA SECONDARIA I GRADO,NORMALE,FINO AL TERMINE,OLTRE 54,NO,SI,0,2
202425,REGGIO CALABRIA,SCUOLA SECONDARIA II GRADO,NORMALE,ANNUALE,FINO A 34,NO,SI,31,51
202425,RAVENNA,SCUOLA PRIMARIA,NORMALE,FINO AL TERMINE,FINO A 34,NO,NO,9,16
202425,ORISTANO,SCUOLA SECONDARIA II GRADO,NORMALE,ANNUALE,FINO A 34,SI,SI,0,1
202425,RAGUSA,SCUOLA PRIMARIA,SOSTEGNO,FINO AL TERMINE,OLTRE 54,NO,NO,0,3
202425,CUNEO,SCUOLA INFANZIA,NORMALE,FINO AL TERMINE,TRA 35 E 44,NO,SI,0,16
202425,BIELLA,SCUOLA SECONDARIA I GRADO,NORMALE,FINO AL TERMINE,FINO A 34,NO,SI,4,4
202425,POTENZA,SCUOLA SECONDARIA I GRADO,NORMALE,FINO AL TERMINE,OLTRE 54,NO,NO,4,7
202425,ROVIGO,SCUOLA PRIMARIA,SOSTEGNO,ANNUALE,FINO A 34,NO,SI,1,3
202425,COSENZA,SCUOLA SECONDARIA I GRADO,NORMALE,ANNUALE,TRA 45 E 54,NO,NO,0,2
202425,ANCONA,SCUOLA SECONDARIA II GRADO,NORMALE,FINO AL TERMINE,TRA 45 E 54,NO,SI,16,23
202425,PIACENZA,SCUOLA PRIMARIA,SOSTEGNO,FINO AL TERMINE,FINO A 34,NO,SI,6,73
202425,MODENA,SCUOLA PRIMARIA,SOSTEGNO,FINO AL TERMINE,TRA 45 E 54,NO,SI,11,109
202425,ANCONA,SCUOLA INFANZIA,NORMALE,ANNUALE,TRA 45 E 54,NO,SI,0,5
202425,AGRIGENTO,SCUOLA PRIMARIA,NORMALE,ANNUALE,TRA 45 E 54,NO,SI,0,4
202425,MATERA,SCUOLA PRIMARIA,NORMALE,ANNUALE,TRA 45 E 54,NO,SI,0,2
202425,AGRIGENTO,SCUOLA PRIMARIA,SOSTEGNO,FINO AL TERMINE,TRA 35 E 44,NO,NO,0,10
202425,PESARO E URBINO,SCUOLA INFANZIA,SOSTEGNO,FINO AL TERMINE,TRA 35 E 44,NO,SI,0,21
202425,BERGAMO,SCUOLA PRIMARIA,NORMALE,FINO AL TERMINE,TRA 35 E 44,NO,NO,8,31
202425,PISA,SCUOLA PRIMARIA,NORMALE,FINO AL TERMINE,TRA 45 E 54,NO,SI,1,15
202425,MANTOVA,SCUOLA INFANZIA,NORMALE,FINO AL TERMINE,FINO A 34,NO,SI,0,15
202425,MILANO,SCUOLA SECONDARIA I GRADO,NORMALE,ANNUALE,TRA 35 E 44,NO,SI,50,113
202425,LA SPEZIA,SCUOLA SECONDARIA II GRADO,SOSTEGNO,FINO AL TERMINE,FINO A 34,NO,NO,1,1
202425,SUD SARDEGNA,SCUOLA SECONDARIA I GRADO,SOSTEGNO,FINO AL TERMINE,TRA 45 E 54,NO,NO,3,11
202425,CASERTA,SCUOLA SECONDARIA II GRADO,NORMALE,FINO AL TERMINE,TRA 35 E 44,NO,NO,37,64
202425,LECCE,SCUOLA PRIMARIA,SOSTEGNO,FINO AL TERMINE,TRA 35 E 44,NO,NO,1,11
202425,NUORO,SCUOLA PRIMARIA,NORMALE,FINO AL TERMINE,FINO A 34,NO,SI,0,3
202425,LA SPEZIA,SCUOLA INFANZIA,NORMALE,FINO AL TERMINE,TRA 35 E 44,NO,NO,0,1
202425,TARANTO,SCUOLA SECONDARIA II GRADO,NORMALE,FINO AL TERMINE,OLTRE 54,NO,NO,5,10
202425,PALERMO,SCUOLA PRIMARIA,SOSTEGNO,FINO AL TERMINE,OLTRE 54,NO,NO,2,14
202425,MANTOVA,SCUOLA SECONDARIA I GRADO,SOSTEGNO,FINO AL TERMINE,TRA 45 E 54,NO,NO,0,1
202425,TRAPANI,SCUOLA SECONDARIA I GRADO,SOSTEGNO,FINO AL TERMINE,TRA 35 E 44,NO,NO,2,7
202425,REGGIO CALABRIA,SCUOLA SECONDARIA II GRADO,NORMALE,FINO AL TERMINE,TRA 35 E 44,NO,NO,17,44
202425,RAVENNA,SCUOLA INFANZIA,NORMALE,FINO AL TERMINE,TRA 35 E 44,NO,NO,0,2
202425,MODENA,SCUOLA SECONDARIA II GRADO,NORMALE,ANNUALE,TRA 35 E 44,NO,NO,1,6
202425,SONDRIO,SCUOLA PRIMARIA,NORMALE,FINO AL TERMINE,TRA 45 E 54,NO,SI,2,9
202425,VERONA,SCUOLA INFANZIA,NORMALE,FINO AL TERMINE,OLTRE 54,NO,NO,0,2
202425,L'AQUILA,SCUOLA SECONDARIA II GRADO,NORMALE,ANNUALE,TRA 35 E 44,NO,SI,11,19
202425,CROTONE,SCUOLA SECONDARIA II GRADO,NORMALE,FINO AL TERMINE,OLTRE 54,NO,SI,4,2
202425,MESSINA,SCUOLA SECONDARIA II GRADO,NORMALE,ANNUALE,FINO A 34,NO,SI,18,18
202425,ENNA,SCUOLA SECONDARIA II GRADO,SOSTEGNO,FINO AL TERMINE,FINO A 34,NO,SI,0,1
202425,PADOVA,SCUOLA SECONDARIA II GRADO,NORMALE,ANNUALE,OLTRE 54,NO,SI,21,20
202425,VENEZIA,SCUOLA SECONDARIA II GRADO,SOSTEGNO,ANNUALE,TRA 45 E 54,SI,SI,2,0
202425,IMPERIA,SCUOLA PRIMARIA,NORMALE,ANNUALE,TRA 35 E 44,NO,SI,2,8
202425,SALERNO,SCUOLA INFANZIA,SOSTEGNO,FINO AL TERMINE,OLTRE 54,NO,NO,0,19
202425,LUCCA,SCUOLA PRIMARIA,SOSTEGNO,ANNUALE,OLTRE 54,NO,SI,0,2
202425,PARMA,SCUOLA SECONDARIA I GRADO,NORMALE,FINO AL TERMINE,TRA 35 E 44,NO,SI,2,17
202425,PARMA,SCUOLA SECONDARIA II GRADO,SOSTEGNO,FINO AL TERMINE,TRA 35 E 44,NO,NO,4,10
202425,SUD SARDEGNA,SCUOLA INFANZIA,NORMALE,FINO AL TERMINE,TRA 45 E 54,NO,SI,0,17
202425,TRAPANI,SCUOLA SECONDARIA I GRADO,SOSTEGNO,ANNUALE,TRA 45 E 54,SI,SI,0,2
202425,TREVISO,SCUOLA INFANZIA,SOSTEGNO,FINO AL TERMINE,TRA 35 E 44,NO,NO,0,11
202425,BELLUNO,SCUOLA SECONDARIA I GRADO,NORMALE,FINO AL TERMINE,FINO A 34,NO,NO,20,17
202425,TREVISO,SCUOLA SECONDARIA I GRADO,NORMALE,ANNUALE,TRA 35 E 44,SI,SI,1,1
202425,LECCE,SCUOLA SECONDARIA II GRADO,NORMALE,FINO AL TERMINE,TRA 45 E 54,NO,NO,11,33
202425,COMO,SCUOLA INFANZIA,SOSTEGNO,FINO AL TERMINE,FINO A 34,NO,NO,0,12
202425,BRESCIA,SCUOLA SECONDARIA II GRADO,SOSTEGNO,FINO AL TERMINE,TRA 45 E 54,NO,SI,21,41
202425,PISTOIA,SCUOLA INFANZIA,SOSTEGNO,FINO AL TERMINE,FINO A 34,NO,NO,0,9
202425,VIBO VALENTIA,SCUOLA INFANZIA,NORMALE,FINO AL TERMINE,TRA 45 E 54,NO,SI,0,1
202425,BARI,SCUOLA INFANZIA,NORMALE,FINO AL TERMINE,TRA 35 E 44,NO,SI,0,9
202425,PESCARA,SCUOLA SECONDARIA II GRADO,SOSTEGNO,FINO AL TERMINE,TRA 45 E 54,NO,SI,9,61
202425,MATERA,SCUOLA SECONDARIA I GRADO,NORMALE,FINO AL TERMINE,OLTRE 54,NO,NO,0,3
202425,LODI,SCUOLA SECONDARIA II GRADO,NORMALE,ANNUALE,TRA 35 E 44,SI,SI,0,1
202425,REGGIO CALABRIA,SCUOLA SECONDARIA II GRADO,NORMALE,FINO AL TERMINE,TRA 45 E 54,NO,SI,13,19
202425,PADOVA,SCUOLA INFANZIA,SOSTEGNO,FINO AL TERMINE,OLTRE 54,NO,NO,0,7
202425,MILANO,SCUOLA PRIMARIA,SOSTEGNO,ANNUALE,TRA 45 E 54,SI,NO,0,2
202425,TERNI,SCUOLA PRIMARIA,NORMALE,FINO AL TERMINE,TRA 45 E 54,NO,NO,3,7
202425,LUCCA,SCUOLA PRIMARIA,SOSTEGNO,FINO AL TERMINE,OLTRE 54,NO,NO,1,8
202425,LATINA,SCUOLA INFANZIA,NORMALE,ANNUALE,OLTRE 54,NO,SI,0,2
202425,FORLI'-CESENA,SCUOLA PRIMARIA,SOSTEGNO,ANNUALE,TRA 35 E 44,NO,SI,0,1
202425,TARANTO,SCUOLA INFANZIA,SOSTEGNO,ANNUALE,TRA 45 E 54,NO,SI,0,1
202425,CATANIA,SCUOLA INFANZIA,SOSTEGNO,FINO AL TERMINE,TRA 35 E 44,NO,SI,1,120
202425,LIVORNO,SCUOLA INFANZIA,NORMALE,FINO AL TERMINE,TRA 35 E 44,NO,NO,0,2
202425,CHIETI,SCUOLA SECONDARIA I GRADO,NORMALE,ANNUALE,TRA 45 E 54,NO,SI,2,2
202425,LECCE,SCUOLA SECONDARIA I GRADO,SOSTEGNO,FINO AL TERMINE,OLTRE 54,NO,NO,0,1
202425,CASERTA,SCUOLA INFANZIA,SOSTEGNO,FINO AL TERMINE,TRA 35 E 44,NO,SI,0,29
202425,BENEVENTO,SCUOLA PRIMARIA,NORMALE,FINO AL TERMINE,TRA 35 E 44,NO,SI,0,3
202425,VARESE,SCUOLA SECONDARIA I GRADO,SOSTEGNO,FINO AL TERMINE,FINO A 34,NO,NO,12,16
202425,CATANIA,SCUOLA SECONDARIA I GRADO,NORMALE,FINO AL TERMINE,TRA 45 E 54,NO,SI,7,15
202425,GENOVA,SCUOLA SECONDARIA II GRADO,NORMALE,ANNUALE,TRA 35 E 44,SI,SI,0,1
202425,FOGGIA,SCUOLA INFANZIA,NORMALE,ANNUALE,TRA 45 E 54,NO,SI,0,4
202425,UDINE,SCUOLA INFANZIA,SOSTEGNO,FINO AL TERMINE,OLTRE 54,NO,NO,0,4
202425,VERONA,SCUOLA INFANZIA,SOSTEGNO,FINO AL TERMINE,TRA 35 E 44,NO,NO,0,10
202425,BARLETTA-ANDRIA-TRANI,SCUOLA INFANZIA,NORMALE,FINO AL TERMINE,TRA 35 E 44,NO,SI,0,2
202425,AGRIGENTO,SCUOLA SECONDARIA I GRADO,NORMALE,FINO AL TERMINE,FINO A 34,NO,NO,4,8
202425,PRATO,SCUOLA PRIMARIA,SOSTEGNO,FINO AL TERMINE,TRA 35 E 44,NO,SI,4,38
202425,ASTI,SCUOLA SECONDARIA II GRADO,SOSTEGNO,FINO AL TERMINE,OLTRE 54,NO,SI,5,5
202425,FERMO,SCUOLA SECONDARIA I GRADO,NORMALE,FINO AL TERMINE,TRA 45 E 54,NO,NO,5,9
202425,PALERMO,SCUOLA SECONDARIA II GRADO,NORMALE,ANNUALE,TRA 45 E 54,NO,SI,22,20
202425,COMO,SCUOLA PRIMARIA,SOSTEGNO,ANNUALE,FINO A 34,SI,SI,0,10
202425,CHIETI,SCUOLA SECONDARIA II GRADO,NORMALE,FINO AL TERMINE,TRA 35 E 44,NO,SI,7,14
202425,MONZA E DELLA BRIANZA,SCUOLA PRIMARIA,NORMALE,FINO AL TERMINE,TRA 45 E 54,NO,NO,1,17
202425,BARLETTA-ANDRIA-TRANI,SCUOLA SECONDARIA II GRADO,NORMALE,ANNUALE,OLTRE 54,NO,SI,7,0
202425,CATANIA,SCUOLA SECONDARIA II GRADO,SOSTEGNO,ANNUALE,TRA 35 E 44,SI,SI,0,1
202425,MILANO,SCUOLA SECONDARIA II GRADO,SOSTEGNO,ANNUALE,TRA 35 E 44,SI,NO,0,1
202425,VERONA,SCUOLA PRIMARIA,NORMALE,FINO AL TERMINE,OLTRE 54,NO,SI,3,12
202425,VARESE,SCUOLA INFANZIA,SOSTEGNO,FINO AL TERMINE,TRA 45 E 54,NO,SI,0,36
202425,CREMONA,SCUOLA PRIMARIA,NORMALE,FINO AL TERMINE,TRA 35 E 44,NO,NO,0,10
202425,CREMONA,SCUOLA SECONDARIA I GRADO,SOSTEGNO,ANNUALE,OLTRE 54,SI,SI,1,0
202425,GENOVA,SCUOLA SECONDARIA I GRADO,NORMALE,FINO AL TERMINE,TRA 45 E 54,NO,NO,7,27
202425,PERUGIA,SCUOLA SECONDARIA I GRADO,SOSTEGNO,ANNUALE,FINO A 34,NO,SI,0,1
202425,CHIETI,SCUOLA INFANZIA,SOSTEGNO,FINO AL TERMINE,TRA 45 E 54,NO,SI,0,47
202425,COSENZA,SCUOLA INFANZIA,NORMALE,FINO AL TERMINE,OLTRE 54,NO,SI,0,14
202425,TREVISO,SCUOLA SECONDARIA I GRADO,SOSTEGNO,ANNUALE,OLTRE 54,NO,SI,4,1
202425,COMO,SCUOLA PRIMARIA,SOSTEGNO,FINO AL TERMINE,TRA 35 E 44,NO,NO,0,10
202425,COMO,SCUOLA PRIMARIA,NORMALE,ANNUALE,TRA 45 E 54,NO,SI,2,12
202425,PISA,SCUOLA SECONDARIA II GRADO,SOSTEGNO,ANNUALE,TRA 35 E 44,SI,SI,2,1
202425,BENEVENTO,SCUOLA INFANZIA,SOSTEGNO,FINO AL TERMINE,OLTRE 54,NO,SI,1,3
202425,VICENZA,SCUOLA INFANZIA,NORMALE,FINO AL TERMINE,OLTRE 54,NO,NO,0,3
202425,CATANZARO,SCUOLA SECONDARIA I GRADO,NORMALE,FINO AL TERMINE,OLTRE 54,NO,NO,3,3
202425,BOLOGNA,SCUOLA SECONDARIA I GRADO,NORMALE,FINO AL TERMINE,OLTRE 54,NO,SI,1,6
202425,PARMA,SCUOLA PRIMARIA,SOSTEGNO,ANNUALE,TRA 45 E 54,NO,NO,0,1
202425,TRIESTE,SCUOLA PRIMARIA,NORMALE,ANNUALE,OLTRE 54,NO,SI,0,3
202425,BARLETTA-ANDRIA-TRANI,SCUOLA INFANZIA,SOSTEGNO,FINO AL TERMINE,TRA 35 E 44,NO,NO,0,1
202425,PADOVA,SCUOLA SECONDARIA II GRADO,NORMALE,ANNUALE,TRA 45 E 54,NO,SI,40,54
202425,BELLUNO,SCUOLA SECONDARIA I GRADO,SOSTEGNO,FINO AL TERMINE,FINO A 34,NO,SI,0,6
202425,REGGIO EMILIA,SCUOLA INFANZIA,NORMALE,FINO AL TERMINE,OLTRE 54,NO,NO,0,1
202425,COMO,SCUOLA SECONDARIA I GRADO,NORMALE,FINO AL TERMINE,FINO A 34,NO,NO,10,16
202425,CAGLIARI,SCUOLA SECONDARIA II GRADO,NORMALE,ANNUALE,FINO A 34,NO,SI,22,12
202425,PORDENONE,SCUOLA SECONDARIA II GRADO,NORMALE,ANNUALE,TRA 45 E 54,NO,NO,2,3
202425,BRESCIA,SCUOLA INFANZIA,SOSTEGNO,FINO AL TERMINE,TRA 45 E 54,NO,SI,0,54
202425,MESSINA,SCUOLA SECONDARIA II GRADO,SOSTEGNO,ANNUALE,TRA 35 E 44,NO,SI,0,2
202425,PERUGIA,SCUOLA SECONDARIA I GRADO,NORMALE,FINO AL TERMINE,TRA 35 E 44,NO,NO,10,24
202425,PORDENONE,SCUOLA SECONDARIA I GRADO,SOSTEGNO,FINO AL TERMINE,OLTRE 54,NO,NO,2,1
202425,ASCOLI PICENO,SCUOLA SECONDARIA I GRADO,SOSTEGNO,FINO AL TERMINE,TRA 35 E 44,NO,NO,1,7
202425,MONZA E DELLA BRIANZA,SCUOLA PRIMARIA,SOSTEGNO,ANNUALE,OLTRE 54,NO,SI,8,29
202425,BENEVENTO,SCUOLA SECONDARIA I GRADO,NORMALE,ANNUALE,FINO A 34,NO,SI,4,19
202425,BENEVENTO,SCUOLA SECONDARIA II GRADO,SOSTEGNO,ANNUALE,TRA 35 E 44,NO,SI,0,1
202425,BRESCIA,SCUOLA PRIMARIA,NORMALE,FINO AL TERMINE,FINO A 34,NO,NO,37,73
202425,ROMA,SCUOLA PRIMARIA,SOSTEGNO,ANNUALE,TRA 35 E 44,SI,SI,0,11
202425,NAPOLI,SCUOLA INFANZIA,SOSTEGNO,FINO AL TERMINE,TRA 45 E 54,NO,SI,6,520
202425,BERGAMO,SCUOLA SECONDARIA II GRADO,NORMALE,ANNUALE,TRA 45 E 54,NO,NO,1,2
202425,BERGAMO,SCUOLA SECONDARIA II GRADO,SOSTEGNO,ANNUALE,TRA 35 E 44,NO,SI,1,0
202425,TREVISO,SCUOLA SECONDARIA I GRADO,SOSTEGNO,ANNUALE,TRA 35 E 44,SI,NO,0,1
202425,VERBANO-CUSIO-OSSOLA,SCUOLA INFANZIA,NORMALE,FINO AL TERMINE,FINO A 34,NO,SI,0,3
202425,CALTANISSETTA,SCUOLA PRIMARIA,SOSTEGNO,FINO AL TERMINE,OLTRE 54,NO,SI,0,4
202425,CUNEO,SCUOLA SECONDARIA II GRADO,SOSTEGNO,ANNUALE,TRA 45 E 54,SI,SI,1,5
202425,RAVENNA,SCUOLA SECONDARIA II GRADO,SOSTEGNO,FINO AL TERMINE,TRA 45 E 54,NO,SI,11,26
202425,GENOVA,SCUOLA SECONDARIA II GRADO,SOSTEGNO,FINO AL TERMINE,OLTRE 54,NO,SI,13,37
202425,ORISTANO,SCUOLA PRIMARIA,SOSTEGNO,FINO AL TERMINE,TRA 45 E 54,NO,SI,2,34
202425,AVELLINO,SCUOLA PRIMARIA,SOSTEGNO,FINO AL TERMINE,TRA 35 E 44,NO,SI,6,90
202425,COMO,SCUOLA SECONDARIA II GRADO,NORMALE,FINO AL TERMINE,OLTRE 54,NO,SI,0,3
202425,MACERATA,SCUOLA INFANZIA,SOSTEGNO,FINO AL TERMINE,TRA 45 E 54,NO,SI,1,36
202425,AREZZO,SCUOLA SECONDARIA I GRADO,SOSTEGNO,FINO AL TERMINE,OLTRE 54,NO,NO,0,2
202425,LODI,SCUOLA INFANZIA,NORMALE,FINO AL TERMINE,OLTRE 54,NO,SI,0,1
202425,PERUGIA,SCUOLA SECONDARIA I GRADO,SOSTEGNO,ANNUALE,TRA 45 E 54,SI,SI,1,4
202425,FIRENZE,SCUOLA INFANZIA,NORMALE,FINO AL TERMINE,TRA 45 E 54,NO,NO,0,9
202425,PORDENONE,SCUOLA PRIMARIA,NORMALE,ANNUALE,TRA 35 E 44,NO,SI,2,10
202425,CASERTA,SCUOLA PRIMARIA,SOSTEGNO,FINO AL TERMINE,FINO A 34,NO,SI,0,18
202425,ROMA,SCUOLA INFANZIA,NORMALE,ANNUALE,OLTRE 54,NO,SI,0,14
202425,COSENZA,SCUOLA SECONDARIA I GRADO,SOSTEGNO,ANNUALE,TRA 45 E 54,SI,SI,0,1
202425,LIVORNO,SCUOLA PRIMARIA,NORMALE,ANNUALE,FINO A 34,NO,SI,0,2
202425,FROSINONE,SCUOLA SECONDARIA I GRADO,SOSTEGNO,FINO AL TERMINE,FINO A 34,NO,SI,5,25
202425,L'AQUILA,SCUOLA PRIMARIA,NORMALE,FINO AL TERMINE,TRA 35 E 44,NO,NO,1,10
202425,LATINA,SCUOLA SECONDARIA I GRADO,SOSTEGNO,FINO AL TERMINE,TRA 45 E 54,NO,NO,4,16
202425,BOLOGNA,SCUOLA PRIMARIA,SOSTEGNO,ANNUALE,TRA 45 E 54,SI,NO,0,1
202425,CASERTA,SCUOLA SECONDARIA I GRADO,NORMALE,ANNUALE,TRA 45 E 54,NO,NO,1,0
202425,TRAPANI,SCUOLA INFANZIA,SOSTEGNO,FINO AL TERMINE,TRA 35 E 44,NO,SI,2,66
202425,CROTONE,SCUOLA PRIMARIA,SOSTEGNO,FINO AL TERMINE,OLTRE 54,NO,NO,0,1
202425,VICENZA,SCUOLA SECONDARIA II GRADO,NORMALE,ANNUALE,OLTRE 54,NO,NO,2,2
202425,BRESCIA,SCUOLA INFANZIA,NORMALE,FINO AL TERMINE,TRA 45 E 54,NO,NO,0,28
202425,UDINE,SCUOLA SECONDARIA II GRADO,SOSTEGNO,FINO AL TERMINE,TRA 35 E 44,NO,SI,13,45
202425,CREMONA,SCUOLA PRIMARIA,SOSTEGNO,FINO AL TERMINE,OLTRE 54,NO,SI,0,5
202425,LODI,SCUOLA INFANZIA,SOSTEGNO,ANNUALE,TRA 45 E 54,SI,SI,0,3
202425,CAMPOBASSO,SCUOLA SECONDARIA I GRADO,NORMALE,FINO AL TERMINE,OLTRE 54,NO,NO,0,2
202425,SIENA,SCUOLA INFANZIA,SOSTEGNO,FINO AL TERMINE,FINO A 34,NO,SI,1,0
202425,ANCONA,SCUOLA SECONDARIA II GRADO,SOSTEGNO,FINO AL TERMINE,TRA 45 E 54,NO,SI,21,47
202425,VICENZA,SCUOLA INFANZIA,SOSTEGNO,FINO AL TERMINE,TRA 45 E 54,NO,NO,0,12
202425,FROSINONE,SCUOLA PRIMARIA,SOSTEGNO,ANNUALE,FINO A 34,SI,SI,0,2
202425,GENOVA,SCUOLA PRIMARIA,NORMALE,FINO AL TERMINE,TRA 35 E 44,NO,NO,7,23
202425,ROMA,SCUOLA PRIMARIA,NORMALE,ANNUALE,FINO A 34,NO,NO,1,0
202425,ALESSANDRIA,SCUOLA PRIMARIA,SOSTEGNO,ANNUALE,TRA 45 E 54,SI,SI,0,4
202425,PESCARA,SCUOLA INFANZIA,SOSTEGNO,FINO AL TERMINE,TRA 45 E 54,NO,SI,1,67
202425,MASSA-CARRARA,SCUOLA SECONDARIA II GRADO,SOSTEGNO,FINO AL TERMINE,OLTRE 54,NO,SI,8,18
202425,ROVIGO,SCUOLA SECONDARIA I GRADO,NORMALE,ANNUALE,OLTRE 54,NO,SI,0,4
202425,LATINA,SCUOLA SECONDARIA II GRADO,SOSTEGNO,FINO AL TERMINE,FINO A 34,NO,NO,2,5
202425,MODENA,SCUOLA SECONDARIA II GRADO,SOSTEGNO,ANNUALE,TRA 45 E 54,NO,SI,1,0
202425,TORINO,SCUOLA PRIMARIA,SOSTEGNO,ANNUALE,FINO A 34,NO,SI,5,62
202425,MACERATA,SCUOLA PRIMARIA,SOSTEGNO,ANNUALE,FINO A 34,SI,SI,0,1
202425,PIACENZA,SCUOLA PRIMARIA,SOSTEGNO,ANNUALE,OLTRE 54,NO,SI,1,19
202425,MESSINA,SCUOLA SECONDARIA II GRADO,SOSTEGNO,FINO AL TERMINE,TRA 35 E 44,NO,SI,6,49
202425,PESCARA,SCUOLA PRIMARIA,NORMALE,FINO AL TERMINE,TRA 35 E 44,NO,SI,1,12
202425,BARI,SCUOLA PRIMARIA,SOSTEGNO,ANNUALE,OLTRE 54,SI,SI,0,3
202425,AGRIGENTO,SCUOLA SECONDARIA I GRADO,NORMALE,FINO AL TERMINE,TRA 45 E 54,NO,NO,3,7
202425,BOLOGNA,SCUOLA SECONDARIA I GRADO,NORMALE,ANNUALE,FINO A 34,NO,SI,2,4
202425,LECCO,SCUOLA PRIMARIA,SOSTEGNO,FINO AL TERMINE,TRA 45 E 54,NO,SI,2,30
202425,FIRENZE,SCUOLA SECONDARIA I GRADO,NORMALE,FINO AL TERMINE,TRA 45 E 54,NO,NO,12,30
202425,VICENZA,SCUOLA SECONDARIA I GRADO,SOSTEGNO,ANNUALE,TRA 45 E 54,SI,SI,8,11
202425,BIELLA,SCUOLA SECONDARIA II GRADO,NORMALE,FINO AL TERMINE,OLTRE 54,NO,SI,1,2
202425,ANCONA,SCUOLA INFANZIA,SOSTEGNO,ANNUALE,TRA 35 E 44,SI,SI,0,1
202425,LECCO,SCUOLA SECONDARIA I GRADO,NORMALE,ANNUALE,TRA 45 E 54,NO,SI,1,2
202425,ENNA,SCUOLA SECONDARIA II GRADO,SOSTEGNO,FINO AL TERMINE,FINO A 34,NO,NO,0,1
202425,ENNA,SCUOLA SECONDARIA II GRADO,SOSTEGNO,FINO AL TERMINE,TRA 45 E 54,NO,SI,4,5
202425,PALERMO,SCUOLA INFANZIA,NORMALE,FINO AL TERMINE,OLTRE 54,NO,SI,0,7
202425,BRINDISI,SCUOLA SECONDARIA II GRADO,NORMALE,ANNUALE,TRA 35 E 44,SI,SI,1,0
202425,SIRACUSA,SCUOLA INFANZIA,SOSTEGNO,FINO AL TERMINE,TRA 35 E 44,NO,NO,0,1
202425,GORIZIA,SCUOLA INFANZIA,SOSTEGNO,FINO AL TERMINE,OLTRE 54,NO,SI,1,11
202425,BELLUNO,SCUOLA INFANZIA,SOSTEGNO,ANNUALE,FINO A 34,SI,SI,0,1
202425,SAVONA,SCUOLA PRIMARIA,SOSTEGNO,ANNUALE,TRA 35 E 44,SI,NO,0,1
202425,FORLI'-CESENA,SCUOLA INFANZIA,NORMALE,ANNUALE,TRA 45 E 54,NO,SI,0,2
202425,BOLOGNA,SCUOLA PRIMARIA,SOSTEGNO,FINO AL TERMINE,TRA 35 E 44,NO,NO,6,27
202425,FERMO,SCUOLA INFANZIA,NORMALE,FINO AL TERMINE,TRA 35 E 44,NO,SI,0,2
202425,REGGIO EMILIA,SCUOLA SECONDARIA I GRADO,NORMALE,FINO AL TERMINE,FINO A 34,NO,NO,18,38
202425,SALERNO,SCUOLA SECONDARIA II GRADO,SOSTEGNO,FINO AL TERMINE,FINO A 34,NO,NO,1,2
202425,SALERNO,SCUOLA INFANZIA,NORMALE,ANNUALE,TRA 45 E 54,NO,SI,0,8
202425,CAMPOBASSO,SCUOLA PRIMARIA,NORMALE,FINO AL TERMINE,FINO A 34,NO,SI,0,2
202425,PISTOIA,SCUOLA PRIMARIA,NORMALE,FINO AL TERMINE,FINO A 34,NO,NO,8,10
202425,CROTONE,SCUOLA PRIMARIA,NORMALE,FINO AL TERMINE,OLTRE 54,NO,NO,4,1
202425,MESSINA,SCUOLA SECONDARIA I GRADO,NORMALE,FINO AL TERMINE,TRA 35 E 44,NO,SI,6,21
202425,ROMA,SCUOLA SECONDARIA II GRADO,NORMALE,ANNUALE,FINO A 34,SI,SI,1,0
202425,PRATO,SCUOLA INFANZIA,SOSTEGNO,FINO AL TERMINE,OLTRE 54,NO,NO,0,4
202425,ASTI,SCUOLA SECONDARIA I GRADO,SOSTEGNO,ANNUALE,TRA 35 E 44,SI,SI,3,18
202425,FERRARA,SCUOLA INFANZIA,SOSTEGNO,ANNUALE,TRA 35 E 44,SI,SI,0,3
202425,MODENA,SCUOLA SECONDARIA II GRADO,NORMALE,ANNUALE,FINO A 34,NO,SI,48,51
202425,REGGIO EMILIA,SCUOLA PRIMARIA,SOSTEGNO,ANNUALE,TRA 35 E 44,NO,NO,0,1
202425,PISA,SCUOLA SECONDARIA I GRADO,NORMALE,ANNUALE,TRA 35 E 44,NO,SI,4,17
202425,MANTOVA,SCUOLA INFANZIA,NORMALE,FINO AL TERMINE,TRA 45 E 54,NO,SI,0,8
202425,CAMPOBASSO,SCUOLA SECONDARIA I GRADO,SOSTEGNO,FINO AL TERMINE,OLTRE 54,NO,SI,2,3
202425,MILANO,SCUOLA SECONDARIA I GRADO,NORMALE,ANNUALE,FINO A 34,NO,SI,67,189
202425,CATANZARO,SCUOLA INFANZIA,NORMALE,FINO AL TERMINE,OLTRE 54,NO,NO,0,1
202425,MILANO,SCUOLA SECONDARIA I GRADO,SOSTEGNO,FINO AL TERMINE,TRA 45 E 54,NO,SI,86,222
202425,CATANZARO,SCUOLA SECONDARIA II GRADO,SOSTEGNO,FINO AL TERMINE,TRA 35 E 44,NO,NO,0,1
202425,PIACENZA,SCUOLA SECONDARIA II GRADO,NORMALE,ANNUALE,TRA 35 E 44,NO,NO,0,3
202425,ALESSANDRIA,SCUOLA SECONDARIA I GRADO,SOSTEGNO,ANNUALE,OLTRE 54,NO,SI,2,2
202425,PESCARA,SCUOLA INFANZIA,NORMALE,FINO AL TERMINE,TRA 45 E 54,NO,NO,0,6
202425,AGRIGENTO,SCUOLA SECONDARIA II GRADO,SOSTEGNO,FINO AL TERMINE,TRA 35 E 44,NO,SI,0,3
202425,TREVISO,SCUOLA PRIMARIA,SOSTEGNO,ANNUALE,FINO A 34,NO,SI,1,6
202425,REGGIO EMILIA,SCUOLA PRIMARIA,SOSTEGNO,FINO AL TERMINE,OLTRE 54,NO,SI,3,27
202425,BRESCIA,SCUOLA SECONDARIA II GRADO,NORMALE,FINO AL TERMINE,TRA 35 E 44,NO,SI,26,42
202425,ASTI,SCUOLA INFANZIA,NORMALE,FINO AL TERMINE,TRA 35 E 44,NO,NO,0,2
202425,SONDRIO,SCUOLA INFANZIA,SOSTEGNO,ANNUALE,TRA 45 E 54,NO,SI,0,3
202425,CUNEO,SCUOLA SECONDARIA II GRADO,SOSTEGNO,ANNUALE,TRA 35 E 44,NO,SI,1,0
202425,VIBO VALENTIA,SCUOLA PRIMARIA,SOSTEGNO,FINO AL TERMINE,FINO A 34,NO,NO,0,1
202425,CATANZARO,SCUOLA INFANZIA,SOSTEGNO,FINO AL TERMINE,OLTRE 54,NO,NO,0,3
202425,PAVIA,SCUOLA PRIMARIA,NORMALE,FINO AL TERMINE,OLTRE 54,NO,NO,0,3
202425,BOLOGNA,SCUOLA SECONDARIA II GRADO,NORMALE,FINO AL TERMINE,OLTRE 54,NO,SI,14,10
202425,VERCELLI,SCUOLA SECONDARIA I GRADO,SOSTEGNO,ANNUALE,TRA 45 E 54,NO,SI,1,5
202425,ANCONA,SCUOLA PRIMARIA,NORMALE,ANNUALE,TRA 45 E 54,NO,SI,0,1
202425,TERAMO,SCUOLA PRIMARIA,NORMALE,ANNUALE,TRA 45 E 54,NO,SI,0,1
202425,MESSINA,SCUOLA INFANZIA,NORMALE,ANNUALE,TRA 35 E 44,NO,SI,0,1
202425,PADOVA,SCUOLA SECONDARIA II GRADO,SOSTEGNO,ANNUALE,FINO A 34,NO,SI,1,1
202425,IMPERIA,SCUOLA SECONDARIA I GRADO,SOSTEGNO,ANNUALE,TRA 45 E 54,NO,SI,2,6
202425,BERGAMO,SCUOLA PRIMARIA,SOSTEGNO,ANNUALE,FINO A 34,NO,SI,5,68
202425,PALERMO,SCUOLA SECONDARIA II GRADO,SOSTEGNO,ANNUALE,TRA 35 E 44,SI,SI,0,1
202425,SIRACUSA,SCUOLA SECONDARIA II GRADO,NORMALE,FINO AL TERMINE,TRA 45 E 54,NO,NO,24,42
202425,SONDRIO,SCUOLA SECONDARIA I GRADO,SOSTEGNO,ANNUALE,TRA 45 E 54,NO,SI,0,1
202425,SIRACUSA,SCUOLA INFANZIA,NORMALE,FINO AL TERMINE,FINO A 34,NO,SI,0,1
202425,VICENZA,SCUOLA PRIMARIA,NORMALE,FINO AL TERMINE,FINO A 34,NO,NO,30,57
202425,GENOVA,SCUOLA SECONDARIA II GRADO,SOSTEGNO,ANNUALE,OLTRE 54,NO,SI,0,1
202425,MODENA,SCUOLA PRIMARIA,NORMALE,ANNUALE,TRA 35 E 44,NO,SI,0,16
202425,FIRENZE,SCUOLA PRIMARIA,SOSTEGNO,FINO AL TERMINE,TRA 35 E 44,NO,SI,6,117
202425,VERONA,SCUOLA PRIMARIA,SOSTEGNO,ANNUALE,TRA 35 E 44,NO,SI,5,59
202425,TREVISO,SCUOLA SECONDARIA II GRADO,NORMALE,FINO AL TERMINE,TRA 35 E 44,NO,NO,25,48
202425,PARMA,SCUOLA SECONDARIA I GRADO,SOSTEGNO,FINO AL TERMINE,FINO A 34,NO,SI,7,25
202425,MASSA-CARRARA,SCUOLA SECONDARIA I GRADO,SOSTEGNO,FINO AL TERMINE,TRA 45 E 54,NO,NO,1,9
202425,CHIETI,SCUOLA INFANZIA,SOSTEGNO,FINO AL TERMINE,TRA 45 E 54,NO,NO,0,5
202425,MATERA,SCUOLA SECONDARIA I GRADO,SOSTEGNO,FINO AL TERMINE,TRA 35 E 44,NO,SI,1,9
202425,ENNA,SCUOLA SECONDARIA II GRADO,NORMALE,ANNUALE,TRA 35 E 44,NO,SI,3,8
202425,PADOVA,SCUOLA SECONDARIA II GRADO,SOSTEGNO,ANNUALE,TRA 45 E 54,NO,SI,0,1
202425,RAGUSA,SCUOLA SECONDARIA II GRADO,SOSTEGNO,FINO AL TERMINE,OLTRE 54,NO,SI,1,3
202425,MONZA E DELLA BRIANZA,SCUOLA INFANZIA,NORMALE,FINO AL TERMINE,OLTRE 54,NO,SI,0,4
202425,VERBANO-CUSIO-OSSOLA,SCUOLA PRIMARIA,NORMALE,ANNUALE,TRA 45 E 54,NO,SI,0,1
202425,SIRACUSA,SCUOLA SECONDARIA II GRADO,SOSTEGNO,FINO AL TERMINE,FINO A 34,NO,NO,0,2
202425,MACERATA,SCUOLA SECONDARIA I GRADO,NORMALE,FINO AL TERMINE,FINO A 34,NO,NO,6,13
202425,VARESE,SCUOLA SECONDARIA II GRADO,SOSTEGNO,FINO AL TERMINE,OLTRE 54,NO,SI,5,5
202425,TERAMO,SCUOLA SECONDARIA II GRADO,NORMALE,ANNUALE,FINO A 34,NO,SI,3,11
202425,LUCCA,SCUOLA SECONDARIA II GRADO,NORMALE,FINO AL TERMINE,FINO A 34,NO,NO,21,27
202425,PRATO,SCUOLA SECONDARIA II GRADO,SOSTEGNO,ANNUALE,OLTRE 54,SI,SI,1,1
202425,PORDENONE,SCUOLA SECONDARIA II GRADO,SOSTEGNO,FINO AL TERMINE,TRA 35 E 44,NO,SI,6,28
202425,POTENZA,SCUOLA INFANZIA,NORMALE,FINO AL TERMINE,TRA 35 E 44,NO,SI,0,3
202425,MILANO,SCUOLA INFANZIA,NORMALE,FINO AL TERMINE,OLTRE 54,NO,SI,0,25
202425,SAVONA,SCUOLA PRIMARIA,NORMALE,FINO AL TERMINE,TRA 35 E 44,NO,SI,1,3
202425,PARMA,SCUOLA PRIMARIA,SOSTEGNO,FINO AL TERMINE,TRA 45 E 54,NO,SI,4,77
202425,TRIESTE,SCUOLA SECONDARIA I GRADO,NORMALE,FINO AL TERMINE,OLTRE 54,NO,SI,0,6
202425,MONZA E DELLA BRIANZA,SCUOLA SECONDARIA I GRADO,SOSTEGNO,ANNUALE,TRA 35 E 44,NO,SI,1,3
202425,COSENZA,SCUOLA INFANZIA,SOSTEGNO,FINO AL TERMINE,TRA 35 E 44,NO,SI,0,20
202425,TREVISO,SCUOLA INFANZIA,NORMALE,ANNUALE,TRA 45 E 54,NO,SI,0,4
202425,LECCE,SCUOLA SECONDARIA II GRADO,NORMALE,ANNUALE,OLTRE 54,NO,SI,6,5
202425,CASERTA,SCUOLA PRIMARIA,NORMALE,FINO AL TERMINE,TRA 35 E 44,NO,NO,13,16
202425,MODENA,SCUOLA INFANZIA,SOSTEGNO,ANNUALE,TRA 35 E 44,SI,SI,0,3
202425,CATANZARO,SCUOLA SECONDARIA I GRADO,SOSTEGNO,FINO AL TERMINE,TRA 35 E 44,NO,NO,2,10
202425,FOGGIA,SCUOLA PRIMARIA,SOSTEGNO,FINO AL TERMINE,TRA 35 E 44,NO,NO,0,16
202425,PAVIA,SCUOLA PRIMARIA,SOSTEGNO,ANNUALE,TRA 35 E 44,SI,SI,0,4
202425,POTENZA,SCUOLA INFANZIA,SOSTEGNO,FINO AL TERMINE,OLTRE 54,NO,NO,0,1
202425,ROMA,SCUOLA SECONDARIA II GRADO,SOSTEGNO,ANNUALE,TRA 45 E 54,NO,SI,0,1
202425,LA SPEZIA,SCUOLA PRIMARIA,SOSTEGNO,FINO AL TERMINE,FINO A 34,NO,NO,0,5
202425,TARANTO,SCUOLA SECONDARIA I GRADO,NORMALE,ANNUALE,FINO A 34,NO,SI,13,22
202425,MATERA,SCUOLA SECONDARIA I GRADO,SOSTEGNO,FINO AL TERMINE,FINO A 34,NO,NO,2,0
202425,COSENZA,SCUOLA PRIMARIA,NORMALE,ANNUALE,TRA 45 E 54,NO,NO,0,1
202425,MASSA-CARRARA,SCUOLA INFANZIA,NORMALE,FINO AL TERMINE,OLTRE 54,NO,SI,0,4
202425,ORISTANO,SCUOLA SECONDARIA II GRADO,SOSTEGNO,FINO AL TERMINE,TRA 45 E 54,NO,NO,3,5
202425,VIBO VALENTIA,SCUOLA SECONDARIA II GRADO,NORMALE,FINO AL TERMINE,FINO A 34,NO,SI,2,0
202425,CATANZARO,SCUOLA SECONDARIA II GRADO,NORMALE,FINO AL TERMINE,OLTRE 54,NO,NO,6,9
202425,VERCELLI,SCUOLA SECONDARIA II GRADO,SOSTEGNO,FINO AL TERMINE,TRA 45 E 54,NO,NO,0,1
202425,NOVARA,SCUOLA SECONDARIA II GRADO,NORMALE,FINO AL TERMINE,FINO A 34,NO,SI,23,19
202425,FERRARA,SCUOLA SECONDARIA II GRADO,NORMALE,ANNUALE,TRA 35 E 44,SI,SI,1,1
202425,CREMONA,SCUOLA SECONDARIA I GRADO,SOSTEGNO,FINO AL TERMINE,TRA 35 E 44,NO,NO,3,6
202425,UDINE,SCUOLA SECONDARIA I GRADO,NORMALE,ANNUALE,TRA 35 E 44,NO,SI,4,6
202425,BRESCIA,SCUOLA PRIMARIA,SOSTEGNO,ANNUALE,OLTRE 54,NO,NO,1,2
202425,ROMA,SCUOLA SECONDARIA I GRADO,SOSTEGNO,FINO AL TERMINE,TRA 35 E 44,NO,NO,13,55
202425,NOVARA,SCUOLA INFANZIA,SOSTEGNO,ANNUALE,TRA 45 E 54,SI,SI,1,2
202425,VERONA,SCUOLA PRIMARIA,SOSTEGNO,FINO AL TERMINE,TRA 45 E 54,NO,SI,12,89
202425,BIELLA,SCUOLA SECONDARIA II GRADO,NORMALE,FINO AL TERMINE,TRA 35 E 44,NO,SI,4,6
202425,MESSINA,SCUOLA INFANZIA,NORMALE,FINO AL TERMINE,TRA 45 E 54,NO,SI,0,35
202425,LECCO,SCUOLA SECONDARIA II GRADO,NORMALE,ANNUALE,TRA 45 E 54,NO,NO,0,1
202425,FERRARA,SCUOLA INFANZIA,NORMALE,FINO AL TERMINE,TRA 35 E 44,NO,NO,0,1
202425,GROSSETO,SCUOLA INFANZIA,NORMALE,FINO AL TERMINE,TRA 45 E 54,NO,SI,0,5
202425,RAVENNA,SCUOLA PRIMARIA,SOSTEGNO,ANNUALE,TRA 45 E 54,SI,NO,0,1
202425,MODENA,SCUOLA SECONDARIA II GRADO,NORMALE,FINO AL TERMINE,TRA 45 E 54,NO,NO,23,39
202425,SASSARI,SCUOLA SECONDARIA II GRADO,NORMALE,ANNUALE,OLTRE 54,SI,SI,1,0
202425,BENEVENTO,SCUOLA SECONDARIA II GRADO,NORMALE,FINO AL TERMINE,OLTRE 54,NO,NO,9,11
202425,REGGIO CALABRIA,SCUOLA INFANZIA,SOSTEGNO,FINO AL TERMINE,TRA 35 E 44,NO,SI,1,36
202425,MILANO,SCUOLA SECONDARIA I GRADO,NORMALE,FINO AL TERMINE,TRA 35 E 44,NO,NO,63,153
202425,AVELLINO,SCUOLA SECONDARIA I GRADO,NORMALE,FINO AL TERMINE,FINO A 34,NO,SI,4,3
202425,RAGUSA,SCUOLA SECONDARIA II GRADO,NORMALE,ANNUALE,FINO A 34,NO,NO,0,1
202425,COMO,SCUOLA SECONDARIA I GRADO,SOSTEGNO,FINO AL TERMINE,TRA 45 E 54,NO,SI,12,39
202425,ASCOLI PICENO,SCUOLA SECONDARIA II GRADO,NORMALE,ANNUALE,TRA 45 E 54,NO,SI,1,3
202425,TERAMO,SCUOLA SECONDARIA II GRADO,SOSTEGNO,FINO AL TERMINE,OLTRE 54,NO,NO,0,2
202425,PORDENONE,SCUOLA SECONDARIA II GRADO,NORMALE,FINO AL TERMINE,TRA 35 E 44,NO,NO,12,20
202425,PERUGIA,SCUOLA PRIMARIA,NORMALE,ANNUALE,TRA 45 E 54,SI,SI,0,1
202425,ANCONA,SCUOLA PRIMARIA,SOSTEGNO,FINO AL TERMINE,OLTRE 54,NO,SI,0,67
202425,COMO,SCUOLA SECONDARIA II GRADO,SOSTEGNO,FINO AL TERMINE,TRA 45 E 54,NO,NO,1,0
202425,BERGAMO,SCUOLA SECONDARIA I GRADO,NORMALE,FINO AL TERMINE,TRA 45 E 54,NO,NO,16,51
202425,PARMA,SCUOLA INFANZIA,NORMALE,FINO AL TERMINE,OLTRE 54,NO,SI,1,4
202425,RAVENNA,SCUOLA PRIMARIA,SOSTEGNO,FINO AL TERMINE,TRA 45 E 54,NO,NO,3,15
202425,LECCE,SCUOLA SECONDARIA I GRADO,NORMALE,FINO AL TERMINE,OLTRE 54,NO,NO,1,7
202425,BENEVENTO,SCUOLA SECONDARIA I GRADO,NORMALE,FINO AL TERMINE,OLTRE 54,NO,SI,0,2
202425,ENNA,SCUOLA INFANZIA,NORMALE,FINO AL TERMINE,OLTRE 54,NO,SI,0,2
202425,VICENZA,SCUOLA PRIMARIA,SOSTEGNO,ANNUALE,FINO A 34,SI,SI,0,8
202425,FERRARA,SCUOLA SECONDARIA II GRADO,SOSTEGNO,ANNUALE,OLTRE 54,SI,SI,0,1
202425,PERUGIA,SCUOLA SECONDARIA II GRADO,NORMALE,FINO AL TERMINE,TRA 35 E 44,NO,NO,32,57
202425,RAVENNA,SCUOLA INFANZIA,SOSTEGNO,FINO AL TERMINE,OLTRE 54,NO,SI,0,6
202425,PADOVA,SCUOLA SECONDARIA I GRADO,NORMALE,ANNUALE,FINO A 34,NO,NO,0,1
202425,AVELLINO,SCUOLA SECONDARIA I GRADO,SOSTEGNO,FINO AL TERMINE,FINO A 34,NO,NO,2,4
202425,AVELLINO,SCUOLA SECONDARIA II GRADO,NORMALE,ANNUALE,FINO A 34,NO,NO,1,0
202425,LECCO,SCUOLA SECONDARIA I GRADO,SOSTEGNO,ANNUALE,FINO A 34,SI,SI,9,23
202425,CASERTA,SCUOLA SECONDARIA II GRADO,NORMALE,ANNUALE,OLTRE 54,NO,SI,5,3
202425,GROSSETO,SCUOLA INFANZIA,NORMALE,ANNUALE,OLTRE 54,NO,SI,0,2
202425,LECCE,SCUOLA INFANZIA,NORMALE,FINO AL TERMINE,OLTRE 54,NO,SI,0,13
202425,CALTANISSETTA,SCUOLA SECONDARIA I GRADO,SOSTEGNO,FINO AL TERMINE,TRA 45 E 54,NO,NO,0,2
202425,NOVARA,SCUOLA SECONDARIA II GRADO,NORMALE,FINO AL TERMINE,TRA 45 E 54,NO,SI,5,8
202425,FIRENZE,SCUOLA SECONDARIA II GRADO,NORMALE,ANNUALE,FINO A 34,NO,NO,1,2
202425,PIACENZA,SCUOLA SECONDARIA II GRADO,SOSTEGNO,FINO AL TERMINE,TRA 45 E 54,NO,NO,1,8
202425,TRIESTE,SCUOLA SECONDARIA II GRADO,NORMALE,ANNUALE,FINO A 34,NO,SI,12,12
202425,CUNEO,SCUOLA PRIMARIA,SOSTEGNO,ANNUALE,OLTRE 54,NO,SI,0,16
202425,L'AQUILA,SCUOLA SECONDARIA I GRADO,SOSTEGNO,FINO AL TERMINE,TRA 45 E 54,NO,NO,2,5
202425,AGRIGENTO,SCUOLA INFANZIA,NORMALE,FINO AL TERMINE,TRA 45 E 54,NO,NO,0,2
202425,TREVISO,SCUOLA SECONDARIA II GRADO,SOSTEGNO,ANNUALE,TRA 35 E 44,SI,NO,1,1
202425,FERMO,SCUOLA INFANZIA,SOSTEGNO,FINO AL TERMINE,TRA 45 E 54,NO,SI,0,22
202425,TRAPANI,SCUOLA SECONDARIA I GRADO,NORMALE,FINO AL TERMINE,TRA 45 E 54,NO,SI,3,4
202425,VERBANO-CUSIO-OSSOLA,SCUOLA PRIMARIA,SOSTEGNO,ANNUALE,TRA 35 E 44,NO,SI,0,16
202425,CALTANISSETTA,SCUOLA SECONDARIA II GRADO,NORMALE,FINO AL TERMINE,FINO A 34,NO,NO,7,8
202425,SIENA,SCUOLA PRIMARIA,NORMALE,FINO AL TERMINE,TRA 35 E 44,NO,SI,3,8
202425,MILANO,SCUOLA SECONDARIA I GRADO,SOSTEGNO,FINO AL TERMINE,FINO A 34,NO,NO,22,35
202425,TORINO,SCUOLA SECONDARIA I GRADO,SOSTEGNO,FINO AL TERMINE,TRA 35 E 44,NO,NO,13,38
202425,PAVIA,SCUOLA SECONDARIA II GRADO,SOSTEGNO,ANNUALE,TRA 35 E 44,SI,SI,3,9
202425,AGRIGENTO,SCUOLA PRIMARIA,NORMALE,FINO AL TERMINE,FINO A 34,NO,NO,7,5
202425,TERAMO,SCUOLA INFANZIA,SOSTEGNO,FINO AL TERMINE,OLTRE 54,NO,SI,0,36
202425,TARANTO,SCUOLA PRIMARIA,NORMALE,FINO AL TERMINE,TRA 45 E 54,NO,SI,2,31
202425,PISTOIA,SCUOLA SECONDARIA I GRADO,SOSTEGNO,ANNUALE,TRA 45 E 54,SI,SI,0,3
202425,LECCO,SCUOLA INFANZIA,NORMALE,FINO AL TERMINE,TRA 35 E 44,NO,NO,0,6
202425,VICENZA,SCUOLA SECONDARIA II GRADO,NORMALE,ANNUALE,FINO A 34,NO,SI,99,63
202425,VERONA,SCUOLA SECONDARIA I GRADO,SOSTEGNO,ANNUALE,FINO A 34,SI,SI,7,27
202425,ALESSANDRIA,SCUOLA INFANZIA,NORMALE,ANNUALE,TRA 45 E 54,NO,SI,0,5
202425,SONDRIO,SCUOLA SECONDARIA II GRADO,NORMALE,ANNUALE,FINO A 34,NO,SI,32,21
202425,CASERTA,SCUOLA SECONDARIA II GRADO,NORMALE,FINO AL TERMINE,TRA 35 E 44,NO,SI,19,30
202425,MASSA-CARRARA,SCUOLA SECONDARIA I GRADO,NORMALE,ANNUALE,FINO A 34,NO,SI,2,8
202425,CAMPOBASSO,SCUOLA SECONDARIA II GRADO,NORMALE,FINO AL TERMINE,TRA 35 E 44,NO,NO,8,26
202425,RAVENNA,SCUOLA SECONDARIA I GRADO,SOSTEGNO,FINO AL TERMINE,TRA 45 E 54,NO,SI,10,24
202425,MESSINA,SCUOLA SECONDARIA I GRADO,NORMALE,FINO AL TERMINE,TRA 35 E 44,NO,NO,6,9
202425,LA SPEZIA,SCUOLA SECONDARIA I GRADO,NORMALE,FINO AL TERMINE,TRA 45 E 54,NO,SI,0,2
202425,CUNEO,SCUOLA PRIMARIA,SOSTEGNO,FINO AL TERMINE,TRA 35 E 44,NO,NO,0,24
202425,MILANO,SCUOLA PRIMARIA,NORMALE,FINO AL TERMINE,TRA 45 E 54,NO,NO,5,57
202425,LIVORNO,SCUOLA SECONDARIA I GRADO,SOSTEGNO,FINO AL TERMINE,TRA 35 E 44,NO,NO,3,7
202425,PORDENONE,SCUOLA PRIMARIA,SOSTEGNO,ANNUALE,OLTRE 54,NO,SI,0,6
202425,ASTI,SCUOLA PRIMARIA,NORMALE,ANNUALE,TRA 45 E 54,NO,SI,1,2
202425,MACERATA,SCUOLA INFANZIA,SOSTEGNO,FINO AL TERMINE,OLTRE 54,NO,SI,0,15
202425,AREZZO,SCUOLA INFANZIA,SOSTEGNO,FINO AL TERMINE,TRA 45 E 54,NO,NO,0,6
202425,AREZZO,SCUOLA PRIMARIA,SOSTEGNO,ANNUALE,TRA 35 E 44,SI,SI,0,1
202425,BOLOGNA,SCUOLA SECONDARIA II GRADO,SOSTEGNO,FINO AL TERMINE,TRA 45 E 54,NO,SI,13,54
202425,PARMA,SCUOLA SECONDARIA II GRADO,NORMALE,ANNUALE,TRA 35 E 44,NO,SI,23,23
202425,PESCARA,SCUOLA SECONDARIA I GRADO,NORMALE,FINO AL TERMINE,TRA 35 E 44,NO,SI,1,5
202425,MONZA E DELLA BRIANZA,SCUOLA SECONDARIA II GRADO,SOSTEGNO,ANNUALE,FINO A 34,SI,SI,8,8
202425,BERGAMO,SCUOLA SECONDARIA I GRADO,SOSTEGNO,ANNUALE,TRA 35 E 44,NO,SI,1,3
202425,TREVISO,SCUOLA PRIMARIA,SOSTEGNO,ANNUALE,OLTRE 54,SI,SI,0,2
202425,REGGIO EMILIA,SCUOLA SECONDARIA II GRADO,NORMALE,ANNUALE,FINO A 34,SI,SI,0,1
202425,SALERNO,SCUOLA INFANZIA,NORMALE,FINO AL TERMINE,OLTRE 54,NO,NO,0,3
202425,BRESCIA,SCUOLA SECONDARIA II GRADO,NORMALE,FINO AL TERMINE,TRA 35 E 44,NO,NO,69,84
202425,LECCE,SCUOLA PRIMARIA,NORMALE,FINO AL TERMINE,TRA 35 E 44,NO,SI,0,5
202425,BELLUNO,SCUOLA SECONDARIA II GRADO,SOSTEGNO,ANNUALE,OLTRE 54,NO,SI,1,0
202425,VARESE,SCUOLA PRIMARIA,SOSTEGNO,FINO AL TERMINE,FINO A 34,NO,NO,7,39
202425,SIRACUSA,SCUOLA SECONDARIA I GRADO,SOSTEGNO,ANNUALE,TRA 45 E 54,SI,SI,0,2
202425,MILANO,SCUOLA INFANZIA,SOSTEGNO,ANNUALE,TRA 35 E 44,SI,SI,1,19
202425,BARI,SCUOLA SECONDARIA I GRADO,SOSTEGNO,FINO AL TERMINE,OLTRE 54,NO,NO,1,2
202425,TRAPANI,SCUOLA SECONDARIA I GRADO,SOSTEGNO,FINO AL TERMINE,FINO A 34,NO,NO,0,5
202425,CAGLIARI,SCUOLA INFANZIA,NORMALE,FINO AL TERMINE,TRA 45 E 54,NO,NO,0,3
202425,LECCO,SCUOLA INFANZIA,SOSTEGNO,FINO AL TERMINE,OLTRE 54,NO,SI,0,7
202425,AREZZO,SCUOLA PRIMARIA,NORMALE,FINO AL TERMINE,TRA 35 E 44,NO,SI,2,4
202425,MILANO,SCUOLA SECONDARIA II GRADO,NORMALE,FINO AL TERMINE,TRA 35 E 44,NO,NO,123,185
202425,TORINO,SCUOLA INFANZIA,NORMALE,FINO AL TERMINE,FINO A 34,NO,NO,0,15
202425,GORIZIA,SCUOLA PRIMARIA,SOSTEGNO,FINO AL TERMINE,TRA 35 E 44,NO,NO,0,6
202425,ALESSANDRIA,SCUOLA SECONDARIA I GRADO,SOSTEGNO,FINO AL TERMINE,FINO A 34,NO,NO,2,1
202425,NOVARA,SCUOLA PRIMARIA,SOSTEGNO,FINO AL TERMINE,TRA 35 E 44,NO,SI,8,100
202425,NAPOLI,SCUOLA SECONDARIA I GRADO,SOSTEGNO,ANNUALE,TRA 45 E 54,NO,NO,1,0
202425,MONZA E DELLA BRIANZA,SCUOLA INFANZIA,SOSTEGNO,FINO AL TERMINE,OLTRE 54,NO,SI,0,19
202425,GORIZIA,SCUOLA SECONDARIA II GRADO,NORMALE,ANNUALE,TRA 35 E 44,NO,SI,9,8
202425,LATINA,SCUOLA PRIMARIA,SOSTEGNO,ANNUALE,TRA 35 E 44,SI,SI,0,2
202425,VERONA,SCUOLA SECONDARIA II GRADO,NORMALE,ANNUALE,FINO A 34,NO,NO,1,2
202425,LA SPEZIA,SCUOLA SECONDARIA I GRADO,NORMALE,FINO AL TERMINE,FINO A 34,NO,SI,1,1
202425,TRAPANI,SCUOLA PRIMARIA,NORMALE,FINO AL TERMINE,TRA 45 E 54,NO,SI,0,16
202425,MASSA-CARRARA,SCUOLA PRIMARIA,NORMALE,FINO AL TERMINE,TRA 35 E 44,NO,SI,0,9
202425,REGGIO CALABRIA,SCUOLA SECONDARIA I GRADO,SOSTEGNO,FINO AL TERMINE,FINO A 34,NO,SI,5,16
202425,SALERNO,SCUOLA PRIMARIA,SOSTEGNO,FINO AL TERMINE,OLTRE 54,NO,NO,0,12
202425,UDINE,SCUOLA SECONDARIA I GRADO,SOSTEGNO,ANNUALE,TRA 35 E 44,SI,SI,0,4
202425,ROMA,SCUOLA SECONDARIA II GRADO,SOSTEGNO,ANNUALE,TRA 35 E 44,SI,SI,0,5
202425,VARESE,SCUOLA INFANZIA,SOSTEGNO,ANNUALE,TRA 35 E 44,SI,SI,0,4
202425,BIELLA,SCUOLA SECONDARIA I GRADO,NORMALE,ANNUALE,FINO A 34,SI,SI,0,1
202425,PARMA,SCUOLA SECONDARIA II GRADO,SOSTEGNO,ANNUALE,TRA 35 E 44,SI,SI,0,1
202425,CREMONA,SCUOLA INFANZIA,NORMALE,FINO AL TERMINE,TRA 35 E 44,NO,NO,0,4
202425,PALERMO,SCUOLA PRIMARIA,NORMALE,FINO AL TERMINE,TRA 35 E 44,NO,SI,1,10
202425,TREVISO,SCUOLA PRIMARIA,SOSTEGNO,FINO AL TERMINE,TRA 45 E 54,NO,NO,0,23
202425,BELLUNO,SCUOLA SECONDARIA II GRADO,SOSTEGNO,FINO AL TERMINE,TRA 45 E 54,NO,SI,9,2
202425,SONDRIO,SCUOLA PRIMARIA,NORMALE,FINO AL TERMINE,OLTRE 54,NO,NO,1,0
202425,VIBO VALENTIA,SCUOLA SECONDARIA II GRADO,NORMALE,FINO AL TERMINE,FINO A 34,NO,NO,6,12
202425,MANTOVA,SCUOLA PRIMARIA,SOSTEGNO,ANNUALE,TRA 35 E 44,SI,SI,0,10
202425,CATANZARO,SCUOLA PRIMARIA,NORMALE,FINO AL TERMINE,TRA 45 E 54,NO,NO,2,8
202425,PARMA,SCUOLA PRIMARIA,NORMALE,FINO AL TERMINE,TRA 35 E 44,NO,NO,3,13
202425,PARMA,SCUOLA SECONDARIA I GRADO,SOSTEGNO,ANNUALE,TRA 35 E 44,SI,SI,2,3
202425,PADOVA,SCUOLA SECONDARIA I GRADO,SOSTEGNO,FINO AL TERMINE,TRA 45 E 54,NO,NO,3,15
202425,TREVISO,SCUOLA PRIMARIA,NORMALE,ANNUALE,FINO A 34,NO,SI,11,31
202425,CROTONE,SCUOLA SECONDARIA II GRADO,NORMALE,FINO AL TERMINE,FINO A 34,NO,SI,1,4
202425,REGGIO CALABRIA,SCUOLA INFANZIA,NORMALE,FINO AL TERMINE,TRA 45 E 54,NO,SI,0,2
202425,TORINO,SCUOLA INFANZIA,SOSTEGNO,ANNUALE,TRA 35 E 44,NO,SI,0,2
202425,LODI,SCUOLA PRIMARIA,SOSTEGNO,FINO AL TERMINE,TRA 45 E 54,NO,NO,0,3
202425,NOVARA,SCUOLA PRIMARIA,NORMALE,ANNUALE,TRA 45 E 54,NO,NO,1,0
202425,SAVONA,SCUOLA SECONDARIA I GRADO,SOSTEGNO,FINO AL TERMINE,OLTRE 54,NO,NO,2,2
202425,VERCELLI,SCUOLA INFANZIA,SOSTEGNO,FINO AL TERMINE,FINO A 34,NO,NO,1,0
202425,BOLOGNA,SCUOLA INFANZIA,SOSTEGNO,FINO AL TERMINE,TRA 45 E 54,NO,NO,0,41
202425,PESARO E URBINO,SCUOLA INFANZIA,SOSTEGNO,FINO AL TERMINE,OLTRE 54,NO,NO,0,8
202425,FERRARA,SCUOLA PRIMARIA,SOSTEGNO,FINO AL TERMINE,FINO A 34,NO,NO,2,27
202425,IMPERIA,SCUOLA SECONDARIA II GRADO,SOSTEGNO,FINO AL TERMINE,TRA 45 E 54,NO,SI,9,22
202425,ASTI,SCUOLA PRIMARIA,SOSTEGNO,ANNUALE,TRA 45 E 54,NO,SI,1,37
202425,ORISTANO,SCUOLA SECONDARIA II GRADO,NORMALE,ANNUALE,FINO A 34,NO,SI,6,4
202425,VICENZA,SCUOLA PRIMARIA,SOSTEGNO,FINO AL TERMINE,OLTRE 54,NO,SI,1,13
202425,GORIZIA,SCUOLA PRIMARIA,NORMALE,FINO AL TERMINE,TRA 35 E 44,NO,SI,0,4
202425,BRESCIA,SCUOLA INFANZIA,SOSTEGNO,ANNUALE,TRA 35 E 44,SI,NO,0,1
202425,PERUGIA,SCUOLA PRIMARIA,SOSTEGNO,FINO AL TERMINE,TRA 35 E 44,NO,NO,1,25
202425,PORDENONE,SCUOLA SECONDARIA II GRADO,NORMALE,FINO AL TERMINE,FINO A 34,NO,NO,19,21
202425,ANCONA,SCUOLA SECONDARIA I GRADO,NORMALE,FINO AL TERMINE,TRA 45 E 54,NO,NO,2,18
202425,CREMONA,SCUOLA SECONDARIA I GRADO,NORMALE,FINO AL TERMINE,FINO A 34,NO,NO,7,17
202425,PERUGIA,SCUOLA SECONDARIA I GRADO,NORMALE,FINO AL TERMINE,TRA 35 E 44,NO,SI,2,11
202425,MATERA,SCUOLA INFANZIA,NORMALE,FINO AL TERMINE,OLTRE 54,NO,SI,0,4
202425,PARMA,SCUOLA PRIMARIA,NORMALE,ANNUALE,FINO A 34,NO,NO,0,1
202425,BERGAMO,SCUOLA SECONDARIA I GRADO,SOSTEGNO,FINO AL TERMINE,TRA 45 E 54,NO,NO,5,9
202425,COMO,SCUOLA SECONDARIA II GRADO,SOSTEGNO,FINO AL TERMINE,FINO A 34,NO,NO,1,2
202425,RIMINI,SCUOLA SECONDARIA I GRADO,SOSTEGNO,FINO AL TERMINE,FINO A 34,NO,NO,1,1
202425,MACERATA,SCUOLA SECONDARIA II GRADO,SOSTEGNO,ANNUALE,TRA 35 E 44,SI,NO,0,1
202425,CUNEO,SCUOLA INFANZIA,NORMALE,FINO AL TERMINE,TRA 45 E 54,NO,NO,0,12
202425,BARI,SCUOLA PRIMARIA,SOSTEGNO,FINO AL TERMINE,TRA 35 E 44,NO,SI,14,331
202425,ENNA,SCUOLA SECONDARIA I GRADO,SOSTEGNO,FINO AL TERMINE,FINO A 34,NO,NO,0,3
202425,BOLOGNA,SCUOLA INFANZIA,NORMALE,FINO AL TERMINE,TRA 45 E 54,NO,SI,0,14
202425,COSENZA,SCUOLA SECONDARIA I GRADO,NORMALE,ANNUALE,TRA 45 E 54,NO,SI,5,12
202425,CALTANISSETTA,SCUOLA INFANZIA,SOSTEGNO,FINO AL TERMINE,TRA 45 E 54,NO,NO,1,5
202425,CREMONA,SCUOLA SECONDARIA II GRADO,NORMALE,FINO AL TERMINE,OLTRE 54,NO,SI,2,5
202425,VENEZIA,SCUOLA INFANZIA,NORMALE,FINO AL TERMINE,OLTRE 54,NO,NO,0,7
202425,PAVIA,SCUOLA SECONDARIA I GRADO,NORMALE,FINO AL TERMINE,FINO A 34,NO,NO,5,13
202425,UDINE,SCUOLA SECONDARIA II GRADO,NORMALE,FINO AL TERMINE,TRA 35 E 44,NO,SI,6,20
202425,L'AQUILA,SCUOLA PRIMARIA,SOSTEGNO,FINO AL TERMINE,OLTRE 54,NO,SI,2,45
202425,GENOVA,SCUOLA PRIMARIA,NORMALE,ANNUALE,OLTRE 54,NO,SI,1,29
202425,FORLI'-CESENA,SCUOLA PRIMARIA,SOSTEGNO,ANNUALE,TRA 45 E 54,SI,SI,1,12
202425,TARANTO,SCUOLA SECONDARIA I GRADO,SOSTEGNO,FINO AL TERMINE,OLTRE 54,NO,SI,11,31
202425,PALERMO,SCUOLA INFANZIA,SOSTEGNO,FINO AL TERMINE,TRA 45 E 54,NO,NO,1,24
202425,CATANIA,SCUOLA INFANZIA,SOSTEGNO,FINO AL TERMINE,OLTRE 54,NO,NO,1,17
202425,RAVENNA,SCUOLA INFANZIA,SOSTEGNO,FINO AL TERMINE,OLTRE 54,NO,NO,0,16
202425,MONZA E DELLA BRIANZA,SCUOLA PRIMARIA,NORMALE,FINO AL TERMINE,FINO A 34,NO,SI,7,80
202425,COMO,SCUOLA INFANZIA,SOSTEGNO,ANNUALE,FINO A 34,SI,SI,0,1
202425,SONDRIO,SCUOLA INFANZIA,SOSTEGNO,FINO AL TERMINE,TRA 35 E 44,NO,NO,0,4
202425,PIACENZA,SCUOLA SECONDARIA I GRADO,NORMALE,ANNUALE,OLTRE 54,NO,SI,1,4
202425,MODENA,SCUOLA SECONDARIA I GRADO,NORMALE,FINO AL TERMINE,FINO A 34,NO,NO,18,32
202425,ALESSANDRIA,SCUOLA PRIMARIA,NORMALE,FINO AL TERMINE,TRA 35 E 44,NO,SI,1,14
202425,FROSINONE,SCUOLA SECONDARIA II GRADO,SOSTEGNO,FINO AL TERMINE,TRA 45 E 54,NO,NO,0,1
202425,L'AQUILA,SCUOLA SECONDARIA II GRADO,SOSTEGNO,FINO AL TERMINE,OLTRE 54,NO,NO,1,2
202425,PESARO E URBINO,SCUOLA SECONDARIA II GRADO,NORMALE,FINO AL TERMINE,FINO A 34,NO,NO,19,24
202425,BARI,SCUOLA SECONDARIA II GRADO,NORMALE,ANNUALE,TRA 45 E 54,NO,NO,0,3
202425,MASSA-CARRARA,SCUOLA SECONDARIA I GRADO,NORMALE,FINO AL TERMINE,TRA 35 E 44,NO,NO,4,9
202425,COMO,SCUOLA PRIMARIA,SOSTEGNO,ANNUALE,TRA 45 E 54,SI,SI,0,1
202425,RAVENNA,SCUOLA PRIMARIA,NORMALE,FINO AL TERMINE,FINO A 34,NO,SI,1,25
202425,VITERBO,SCUOLA SECONDARIA I GRADO,NORMALE,ANNUALE,TRA 45 E 54,NO,SI,0,1
202425,BOLOGNA,SCUOLA SECONDARIA II GRADO,SOSTEGNO,FINO AL TERMINE,FINO A 34,NO,SI,21,100
202425,BENEVENTO,SCUOLA PRIMARIA,NORMALE,ANNUALE,FINO A 34,NO,SI,1,0
202425,BENEVENTO,SCUOLA SECONDARIA I GRADO,SOSTEGNO,FINO AL TERMINE,TRA 45 E 54,NO,NO,0,1
202425,TERAMO,SCUOLA SECONDARIA I GRADO,NORMALE,FINO AL TERMINE,TRA 45 E 54,NO,NO,3,10
202425,SIENA,SCUOLA SECONDARIA II GRADO,NORMALE,FINO AL TERMINE,OLTRE 54,NO,SI,2,0
202425,VICENZA,SCUOLA SECONDARIA I GRADO,SOSTEGNO,FINO AL TERMINE,TRA 35 E 44,NO,NO,4,18
202425,CROTONE,SCUOLA SECONDARIA II GRADO,NORMALE,FINO AL TERMINE,TRA 35 E 44,NO,NO,10,22
202425,PARMA,SCUOLA PRIMARIA,SOSTEGNO,ANNUALE,TRA 35 E 44,NO,NO,0,1
202425,PESCARA,SCUOLA SECONDARIA II GRADO,SOSTEGNO,FINO AL TERMINE,FINO A 34,NO,NO,0,2
202425,TREVISO,SCUOLA SECONDARIA I GRADO,SOSTEGNO,FINO AL TERMINE,TRA 35 E 44,NO,NO,4,15
202425,MATERA,SCUOLA PRIMARIA,NORMALE,FINO AL TERMINE,FINO A 34,NO,NO,1,5
202425,LECCO,SCUOLA PRIMARIA,SOSTEGNO,FINO AL TERMINE,FINO A 34,NO,NO,5,19
202425,RIMINI,SCUOLA SECONDARIA I GRADO,NORMALE,FINO AL TERMINE,FINO A 34,NO,SI,9,11
202425,LECCE,SCUOLA SECONDARIA I GRADO,SOSTEGNO,ANNUALE,TRA 45 E 54,SI,NO,1,0
202425,TORINO,SCUOLA PRIMARIA,NORMALE,ANNUALE,TRA 45 E 54,NO,NO,1,1
202425,MANTOVA,SCUOLA INFANZIA,NORMALE,FINO AL TERMINE,OLTRE 54,NO,NO,0,2
202425,PIACENZA,SCUOLA SECONDARIA I GRADO,NORMALE,FINO AL TERMINE,TRA 45 E 54,NO,SI,4,14
202425,LUCCA,SCUOLA SECONDARIA I GRADO,NORMALE,FINO AL TERMINE,TRA 35 E 44,NO,SI,3,7
202425,LA SPEZIA,SCUOLA SECONDARIA II GRADO,SOSTEGNO,FINO AL TERMINE,FINO A 34,NO,SI,2,6
202425,VITERBO,SCUOLA INFANZIA,SOSTEGNO,FINO AL TERMINE,TRA 35 E 44,NO,SI,0,20
202425,PESCARA,SCUOLA PRIMARIA,NORMALE,ANNUALE,OLTRE 54,NO,SI,0,2
202425,PESARO E URBINO,SCUOLA PRIMARIA,SOSTEGNO,FINO AL TERMINE,FINO A 34,NO,NO,0,14
202425,GROSSETO,SCUOLA SECONDARIA II GRADO,NORMALE,FINO AL TERMINE,TRA 45 E 54,NO,NO,6,21
202425,LECCE,SCUOLA PRIMARIA,SOSTEGNO,FINO AL TERMINE,TRA 35 E 44,NO,SI,1,138
202425,SALERNO,SCUOLA SECONDARIA I GRADO,SOSTEGNO,ANNUALE,OLTRE 54,NO,SI,1,1
202425,TORINO,SCUOLA PRIMARIA,SOSTEGNO,ANNUALE,FINO A 34,SI,SI,6,77
202425,CAMPOBASSO,SCUOLA SECONDARIA II GRADO,NORMALE,FINO AL TERMINE,OLTRE 54,NO,SI,1,4
202425,NUORO,SCUOLA PRIMARIA,NORMALE,FINO AL TERMINE,OLTRE 54,NO,NO,1,0
202425,LA SPEZIA,SCUOLA INFANZIA,NORMALE,FINO AL TERMINE,TRA 35 E 44,NO,SI,0,1
202425,PIACENZA,SCUOLA INFANZIA,NORMALE,ANNUALE,FINO A 34,NO,SI,0,3
202425,PISTOIA,SCUOLA SECONDARIA II GRADO,NORMALE,FINO AL TERMINE,FINO A 34,NO,SI,11,15
202425,LECCO,SCUOLA SECONDARIA I GRADO,NORMALE,ANNUALE,FINO A 34,NO,NO,0,1
202425,FERMO,SCUOLA SECONDARIA I GRADO,SOSTEGNO,FINO AL TERMINE,TRA 35 E 44,NO,SI,8,11
202425,MANTOVA,SCUOLA SECONDARIA I GRADO,SOSTEGNO,FINO AL TERMINE,TRA 45 E 54,NO,SI,13,42
202425,RAVENNA,SCUOLA INFANZIA,NORMALE,FINO AL TERMINE,TRA 35 E 44,NO,SI,0,1
202425,ENNA,SCUOLA SECONDARIA I GRADO,NORMALE,FINO AL TERMINE,TRA 35 E 44,NO,NO,2,9
202425,GORIZIA,SCUOLA INFANZIA,NORMALE,FINO AL TERMINE,FINO A 34,NO,NO,0,2
202425,MASSA-CARRARA,SCUOLA SECONDARIA II GRADO,NORMALE,FINO AL TERMINE,OLTRE 54,NO,NO,9,13
202425,SUD SARDEGNA,SCUOLA PRIMARIA,NORMALE,ANNUALE,TRA 45 E 54,NO,SI,4,6
202425,BOLOGNA,SCUOLA PRIMARIA,NORMALE,ANNUALE,OLTRE 54,NO,SI,0,8
202425,ENNA,SCUOLA SECONDARIA II GRADO,SOSTEGNO,FINO AL TERMINE,TRA 35 E 44,NO,NO,0,3
202425,COSENZA,SCUOLA SECONDARIA I GRADO,SOSTEGNO,ANNUALE,OLTRE 54,SI,SI,1,0
202425,COMO,SCUOLA SECONDARIA I GRADO,NORMALE,ANNUALE,TRA 35 E 44,SI,SI,0,1
202425,BRESCIA,SCUOLA SECONDARIA I GRADO,NORMALE,FINO AL TERMINE,TRA 35 E 44,NO,SI,9,23
202425,CREMONA,SCUOLA SECONDARIA II GRADO,SOSTEGNO,FINO AL TERMINE,FINO A 34,NO,SI,27,45
202425,SIRACUSA,SCUOLA SECONDARIA I GRADO,SOSTEGNO,ANNUALE,TRA 45 E 54,NO,SI,0,1
202425,GORIZIA,SCUOLA SECONDARIA II GRADO,NORMALE,FINO AL TERMINE,TRA 45 E 54,NO,SI,3,5
202425,LIVORNO,SCUOLA SECONDARIA II GRADO,NORMALE,FINO AL TERMINE,TRA 35 E 44,NO,NO,11,19
202425,TRIESTE,SCUOLA INFANZIA,SOSTEGNO,FINO AL TERMINE,OLTRE 54,NO,NO,0,2
202425,FERMO,SCUOLA PRIMARIA,SOSTEGNO,FINO AL TERMINE,TRA 35 E 44,NO,SI,2,35
202425,PORDENONE,SCUOLA PRIMARIA,NORMALE,FINO AL TERMINE,OLTRE 54,NO,SI,0,12
202425,VENEZIA,SCUOLA PRIMARIA,SOSTEGNO,FINO AL TERMINE,TRA 35 E 44,NO,SI,6,61
202425,BELLUNO,SCUOLA SECONDARIA I GRADO,NORMALE,FINO AL TERMINE,FINO A 34,NO,SI,5,11
202425,IMPERIA,SCUOLA PRIMARIA,NORMALE,FINO AL TERMINE,FINO A 34,NO,SI,0,7
202425,MONZA E DELLA BRIANZA,SCUOLA PRIMARIA,NORMALE,FINO AL TERMINE,TRA 45 E 54,NO,SI,1,22
202425,PISTOIA,SCUOLA INFANZIA,SOSTEGNO,FINO AL TERMINE,FINO A 34,NO,SI,0,9
202425,CAMPOBASSO,SCUOLA INFANZIA,NORMALE,FINO AL TERMINE,TRA 35 E 44,NO,SI,0,1
202425,BENEVENTO,SCUOLA PRIMARIA,SOSTEGNO,FINO AL TERMINE,TRA 35 E 44,NO,SI,1,30
202425,SIENA,SCUOLA SECONDARIA I GRADO,SOSTEGNO,FINO AL TERMINE,OLTRE 54,NO,NO,1,2
202425,MILANO,SCUOLA SECONDARIA II GRADO,SOSTEGNO,ANNUALE,TRA 35 E 44,SI,SI,4,16
202425,LUCCA,SCUOLA PRIMARIA,SOSTEGNO,ANNUALE,TRA 35 E 44,SI,SI,1,4
202425,PADOVA,SCUOLA SECONDARIA II GRADO,SOSTEGNO,FINO AL TERMINE,TRA 35 E 44,NO,NO,2,7
202425,REGGIO CALABRIA,SCUOLA SECONDARIA II GRADO,SOSTEGNO,FINO AL TERMINE,FINO A 34,NO,NO,0,1
202425,MODENA,SCUOLA SECONDARIA II GRADO,NORMALE,ANNUALE,FINO A 34,SI,SI,0,2
202425,SIRACUSA,SCUOLA SECONDARIA II GRADO,SOSTEGNO,FINO AL TERMINE,TRA 35 E 44,NO,SI,8,73
202425,MACERATA,SCUOLA INFANZIA,NORMALE,FINO AL TERMINE,TRA 45 E 54,NO,SI,0,4
202425,MANTOVA,SCUOLA INFANZIA,SOSTEGNO,ANNUALE,FINO A 34,NO,SI,0,7
202425,LUCCA,SCUOLA PRIMARIA,SOSTEGNO,FINO AL TERMINE,OLTRE 54,NO,SI,3,48
202425,GORIZIA,SCUOLA SECONDARIA II GRADO,NORMALE,ANNUALE,OLTRE 54,NO,NO,0,1
202425,FIRENZE,SCUOLA SECONDARIA II GRADO,SOSTEGNO,FINO AL TERMINE,TRA 35 E 44,NO,NO,7,14
202425,PAVIA,SCUOLA SECONDARIA II GRADO,NORMALE,FINO AL TERMINE,FINO A 34,NO,SI,8,17
202425,BOLOGNA,SCUOLA SECONDARIA I GRADO,NORMALE,FINO AL TERMINE,TRA 35 E 44,NO,NO,37,72
202425,VERCELLI,SCUOLA SECONDARIA I GRADO,NORMALE,ANNUALE,OLTRE 54,NO,SI,1,5
202425,ANCONA,SCUOLA INFANZIA,NORMALE,FINO AL TERMINE,TRA 35 E 44,NO,NO,0,6
202425,TRIESTE,SCUOLA PRIMARIA,NORMALE,ANNUALE,TRA 35 E 44,NO,SI,3,7
202425,TERAMO,SCUOLA INFANZIA,NORMALE,ANNUALE,OLTRE 54,NO,SI,0,2
202425,MATERA,SCUOLA PRIMARIA,NORMALE,FINO AL TERMINE,TRA 35 E 44,NO,NO,2,4
202425,TARANTO,SCUOLA INFANZIA,SOSTEGNO,ANNUALE,TRA 45 E 54,SI,SI,0,4
202425,BERGAMO,SCUOLA INFANZIA,SOSTEGNO,FINO AL TERMINE,TRA 35 E 44,NO,NO,0,14
202425,PALERMO,SCUOLA SECONDARIA II GRADO,NORMALE,ANNUALE,FINO A 34,NO,SI,24,25
202425,ISERNIA,SCUOLA SECONDARIA I GRADO,NORMALE,FINO AL TERMINE,FINO A 34,NO,NO,0,3
202425,SONDRIO,SCUOLA PRIMARIA,SOSTEGNO,FINO AL TERMINE,TRA 35 E 44,NO,NO,0,9
202425,SONDRIO,SCUOLA SECONDARIA I GRADO,NORMALE,ANNUALE,OLTRE 54,NO,SI,0,1
202425,CATANIA,SCUOLA SECONDARIA I GRADO,SOSTEGNO,ANNUALE,FINO A 34,SI,SI,0,1
202425,FOGGIA,SCUOLA INFANZIA,NORMALE,FINO AL TERMINE,FINO A 34,NO,NO,0,1
202425,ALESSANDRIA,SCUOLA SECONDARIA II GRADO,NORMALE,FINO AL TERMINE,OLTRE 54,NO,NO,5,7
202425,MESSINA,SCUOLA SECONDARIA II GRADO,SOSTEGNO,FINO AL TERMINE,FINO A 34,NO,NO,0,3
202425,ROMA,SCUOLA SECONDARIA I GRADO,SOSTEGNO,ANNUALE,TRA 45 E 54,SI,SI,4,8
202425,MATERA,SCUOLA PRIMARIA,SOSTEGNO,FINO AL TERMINE,TRA 45 E 54,NO,SI,1,20
202425,AGRIGENTO,SCUOLA SECONDARIA I GRADO,NORMALE,FINO AL TERMINE,FINO A 34,NO,SI,8,6
202425,PRATO,SCUOLA PRIMARIA,SOSTEGNO,FINO AL TERMINE,TRA 45 E 54,NO,NO,0,4
202425,FERMO,SCUOLA SECONDARIA I GRADO,NORMALE,FINO AL TERMINE,TRA 45 E 54,NO,SI,0,1
202425,PALERMO,SCUOLA SECONDARIA II GRADO,NORMALE,ANNUALE,TRA 45 E 54,SI,SI,0,1
202425,RAGUSA,SCUOLA SECONDARIA II GRADO,NORMALE,FINO AL TERMINE,FINO A 34,NO,NO,12,10
202425,MODENA,SCUOLA SECONDARIA II GRADO,SOSTEGNO,FINO AL TERMINE,TRA 35 E 44,NO,NO,6,8
202425,SASSARI,SCUOLA SECONDARIA I GRADO,NORMALE,FINO AL TERMINE,OLTRE 54,NO,NO,2,3
202425,PADOVA,SCUOLA INFANZIA,SOSTEGNO,FINO AL TERMINE,OLTRE 54,NO,SI,0,6
202425,SONDRIO,SCUOLA SECONDARIA I GRADO,NORMALE,FINO AL TERMINE,OLTRE 54,NO,NO,0,3
202425,REGGIO CALABRIA,SCUOLA PRIMARIA,NORMALE,FINO AL TERMINE,TRA 35 E 44,NO,SI,0,3
202425,MILANO,SCUOLA SECONDARIA I GRADO,SOSTEGNO,ANNUALE,TRA 35 E 44,SI,SI,41,100
202425,BARLETTA-ANDRIA-TRANI,SCUOLA SECONDARIA II GRADO,NORMALE,ANNUALE,TRA 35 E 44,NO,NO,1,5
202425,FOGGIA,SCUOLA SECONDARIA II GRADO,NORMALE,ANNUALE,TRA 45 E 54,NO,SI,43,41
202425,MESSINA,SCUOLA PRIMARIA,NORMALE,FINO AL TERMINE,OLTRE 54,NO,NO,3,7
202425,CHIETI,SCUOLA PRIMARIA,NORMALE,ANNUALE,OLTRE 54,NO,SI,0,2
202425,RIMINI,SCUOLA PRIMARIA,NORMALE,FINO AL TERMINE,TRA 35 E 44,NO,NO,3,7
202425,ISERNIA,SCUOLA SECONDARIA I GRADO,SOSTEGNO,FINO AL TERMINE,OLTRE 54,NO,SI,1,0
202425,NAPOLI,SCUOLA PRIMARIA,NORMALE,ANNUALE,FINO A 34,NO,SI,7,0
202425,BERGAMO,SCUOLA SECONDARIA II GRADO,NORMALE,ANNUALE,TRA 45 E 54,NO,SI,40,24
202425,TREVISO,SCUOLA SECONDARIA I GRADO,SOSTEGNO,ANNUALE,TRA 35 E 44,SI,SI,3,17
202425,COMO,SCUOLA PRIMARIA,SOSTEGNO,FINO AL TERMINE,TRA 35 E 44,NO,SI,5,81
202425,PISA,SCUOLA SECONDARIA II GRADO,SOSTEGNO,ANNUALE,TRA 45 E 54,SI,SI,0,1
202425,MILANO,SCUOLA SECONDARIA II GRADO,SOSTEGNO,FINO AL TERMINE,OLTRE 54,NO,SI,4,19
202425,PORDENONE,SCUOLA SECONDARIA II GRADO,SOSTEGNO,FINO AL TERMINE,TRA 45 E 54,NO,SI,7,26
202425,ROMA,SCUOLA PRIMARIA,SOSTEGNO,FINO AL TERMINE,TRA 45 E 54,NO,NO,3,56
202425,ANCONA,SCUOLA INFANZIA,SOSTEGNO,FINO AL TERMINE,OLTRE 54,NO,SI,1,35
202425,BARLETTA-ANDRIA-TRANI,SCUOLA INFANZIA,SOSTEGNO,FINO AL TERMINE,TRA 35 E 44,NO,SI,0,60
202425,MESSINA,SCUOLA PRIMARIA,SOSTEGNO,FINO AL TERMINE,TRA 35 E 44,NO,NO,0,22
202425,BERGAMO,SCUOLA PRIMARIA,NORMALE,FINO AL TERMINE,OLTRE 54,NO,NO,0,3
202425,REGGIO EMILIA,SCUOLA INFANZIA,NORMALE,FINO AL TERMINE,OLTRE 54,NO,SI,0,5
202425,CAGLIARI,SCUOLA SECONDARIA II GRADO,NORMALE,ANNUALE,OLTRE 54,NO,NO,1,0
202425,SASSARI,SCUOLA PRIMARIA,SOSTEGNO,FINO AL TERMINE,FINO A 34,NO,SI,1,18
202425,MILANO,SCUOLA SECONDARIA I GRADO,NORMALE,ANNUALE,TRA 35 E 44,SI,NO,0,1
202425,PAVIA,SCUOLA SECONDARIA I GRADO,SOSTEGNO,ANNUALE,OLTRE 54,NO,SI,0,1
202425,BRESCIA,SCUOLA PRIMARIA,NORMALE,ANNUALE,FINO A 34,NO,SI,5,16
202425,TARANTO,SCUOLA SECONDARIA II GRADO,NORMALE,ANNUALE,TRA 35 E 44,NO,SI,31,50
202425,FORLI'-CESENA,SCUOLA SECONDARIA I GRADO,NORMALE,ANNUALE,OLTRE 54,NO,SI,1,2
202425,PARMA,SCUOLA INFANZIA,SOSTEGNO,FINO AL TERMINE,TRA 45 E 54,NO,SI,0,21
202425,ASCOLI PICENO,SCUOLA SECONDARIA I GRADO,SOSTEGNO,FINO AL TERMINE,TRA 35 E 44,NO,SI,3,26
202425,COMO,SCUOLA INFANZIA,SOSTEGNO,FINO AL TERMINE,TRA 35 E 44,NO,SI,0,23
202425,MONZA E DELLA BRIANZA,SCUOLA PRIMARIA,SOSTEGNO,ANNUALE,TRA 35 E 44,NO,SI,2,78
202425,PAVIA,SCUOLA SECONDARIA II GRADO,SOSTEGNO,ANNUALE,OLTRE 54,NO,SI,2,0
202425,VERONA,SCUOLA PRIMARIA,SOSTEGNO,ANNUALE,FINO A 34,NO,SI,2,51
202425,VARESE,SCUOLA INFANZIA,SOSTEGNO,FINO AL TERMINE,TRA 35 E 44,NO,NO,0,12
202425,VERONA,SCUOLA SECONDARIA I GRADO,SOSTEGNO,ANNUALE,TRA 35 E 44,SI,SI,2,22
202425,NOVARA,SCUOLA SECONDARIA I GRADO,SOSTEGNO,FINO AL TERMINE,TRA 35 E 44,NO,SI,12,46
202425,TARANTO,SCUOLA SECONDARIA II GRADO,NORMALE,FINO AL TERMINE,OLTRE 54,NO,SI,5,6
202425,MATERA,SCUOLA SECONDARIA I GRADO,NORMALE,FINO AL TERMINE,TRA 45 E 54,NO,SI,1,2
202425,CASERTA,SCUOLA SECONDARIA I GRADO,NORMALE,ANNUALE,TRA 45 E 54,NO,SI,1,9
202425,PALERMO,SCUOLA PRIMARIA,SOSTEGNO,FINO AL TERMINE,OLTRE 54,NO,SI,10,81
202425,RAVENNA,SCUOLA PRIMARIA,SOSTEGNO,ANNUALE,OLTRE 54,SI,SI,0,1
202425,MONZA E DELLA BRIANZA,SCUOLA PRIMARIA,SOSTEGNO,FINO AL TERMINE,TRA 45 E 54,NO,NO,1,12
202425,SONDRIO,SCUOLA PRIMARIA,SOSTEGNO,ANNUALE,FINO A 34,NO,SI,2,16
202425,MODENA,SCUOLA INFANZIA,NORMALE,FINO AL TERMINE,OLTRE 54,NO,NO,0,1
202425,CUNEO,SCUOLA INFANZIA,SOSTEGNO,FINO AL TERMINE,FINO A 34,NO,SI,0,39
202425,VERONA,SCUOLA INFANZIA,NORMALE,FINO AL TERMINE,OLTRE 54,NO,SI,0,5
202425,UDINE,SCUOLA SECONDARIA II GRADO,SOSTEGNO,FINO AL TERMINE,TRA 45 E 54,NO,NO,2,6
202425,GENOVA,SCUOLA SECONDARIA I GRADO,SOSTEGNO,FINO AL TERMINE,TRA 45 E 54,NO,SI,16,76
202425,PERUGIA,SCUOLA SECONDARIA II GRADO,SOSTEGNO,ANNUALE,TRA 35 E 44,NO,SI,0,1
202425,VENEZIA,SCUOLA SECONDARIA II GRADO,SOSTEGNO,FINO AL TERMINE,FINO A 34,NO,NO,1,8
202425,RAVENNA,SCUOLA PRIMARIA,SOSTEGNO,ANNUALE,TRA 45 E 54,SI,SI,2,26
202425,LIVORNO,SCUOLA INFANZIA,SOSTEGNO,FINO AL TERMINE,OLTRE 54,NO,SI,0,12
202425,SASSARI,SCUOLA SECONDARIA II GRADO,NORMALE,ANNUALE,TRA 35 E 44,NO,SI,25,31
202425,ASTI,SCUOLA SECONDARIA I GRADO,NORMALE,ANNUALE,OLTRE 54,NO,SI,0,2
202425,VICENZA,SCUOLA INFANZIA,SOSTEGNO,FINO AL TERMINE,TRA 45 E 54,NO,SI,1,34
202425,MODENA,SCUOLA SECONDARIA I GRADO,SOSTEGNO,ANNUALE,OLTRE 54,SI,NO,1,0
202425,FROSINONE,SCUOLA PRIMARIA,SOSTEGNO,ANNUALE,TRA 35 E 44,SI,SI,0,1
202425,PERUGIA,SCUOLA SECONDARIA I GRADO,SOSTEGNO,FINO AL TERMINE,FINO A 34,NO,NO,3,11
202425,CASERTA,SCUOLA PRIMARIA,SOSTEGNO,FINO AL TERMINE,OLTRE 54,NO,NO,0,3
202425,COSENZA,SCUOLA SECONDARIA I GRADO,SOSTEGNO,FINO AL TERMINE,FINO A 34,NO,NO,0,5
202425,BELLUNO,SCUOLA SECONDARIA II GRADO,NORMALE,FINO AL TERMINE,FINO A 34,NO,SI,21,10
202425,LATINA,SCUOLA SECONDARIA II GRADO,SOSTEGNO,FINO AL TERMINE,FINO A 34,NO,SI,22,111
202425,LIVORNO,SCUOLA PRIMARIA,NORMALE,ANNUALE,OLTRE 54,NO,SI,1,1
202425,VICENZA,SCUOLA SECONDARIA II GRADO,NORMALE,FINO AL TERMINE,FINO A 34,NO,NO,60,62
202425,LATINA,SCUOLA SECONDARIA I GRADO,SOSTEGNO,FINO AL TERMINE,TRA 45 E 54,NO,SI,31,98
202425,TRAPANI,SCUOLA INFANZIA,SOSTEGNO,FINO AL TERMINE,TRA 45 E 54,NO,NO,2,11
202425,VERBANO-CUSIO-OSSOLA,SCUOLA INFANZIA,NORMALE,ANNUALE,TRA 35 E 44,NO,SI,0,1
202425,CALTANISSETTA,SCUOLA PRIMARIA,NORMALE,FINO AL TERMINE,TRA 45 E 54,NO,SI,0,9
202425,LUCCA,SCUOLA SECONDARIA II GRADO,NORMALE,ANNUALE,TRA 35 E 44,NO,SI,22,23
202425,FOGGIA,SCUOLA SECONDARIA II GRADO,SOSTEGNO,ANNUALE,TRA 35 E 44,NO,SI,0,1
202425,L'AQUILA,SCUOLA SECONDARIA I GRADO,NORMALE,ANNUALE,TRA 35 E 44,NO,SI,3,5
202425,NOVARA,SCUOLA SECONDARIA I GRADO,NORMALE,FINO AL TERMINE,FINO A 34,NO,SI,5,14
202425,CREMONA,SCUOLA PRIMARIA,SOSTEGNO,FINO AL TERMINE,TRA 35 E 44,NO,NO,0,8
202425,MONZA E DELLA BRIANZA,SCUOLA SECONDARIA II GRADO,SOSTEGNO,FINO AL TERMINE,OLTRE 54,NO,SI,0,1
202425,LECCE,SCUOLA SECONDARIA II GRADO,NORMALE,ANNUALE,FINO A 34,NO,SI,24,17
202425,CAMPOBASSO,SCUOLA SECONDARIA I GRADO,NORMALE,FINO AL TERMINE,OLTRE 54,NO,SI,2,1
202425,SIENA,SCUOLA INFANZIA,SOSTEGNO,FINO AL TERMINE,OLTRE 54,NO,NO,0,1
202425,GORIZIA,SCUOLA INFANZIA,SOSTEGNO,FINO AL TERMINE,TRA 35 E 44,NO,NO,0,5
202425,MODENA,SCUOLA INFANZIA,SOSTEGNO,FINO AL TERMINE,OLTRE 54,NO,SI,2,42
202425,LA SPEZIA,SCUOLA PRIMARIA,SOSTEGNO,ANNUALE,TRA 35 E 44,SI,SI,0,2
202425,AGRIGENTO,SCUOLA SECONDARIA II GRADO,NORMALE,FINO AL TERMINE,TRA 35 E 44,NO,SI,7,18
202425,SONDRIO,SCUOLA SECONDARIA II GRADO,NORMALE,FINO AL TERMINE,TRA 35 E 44,NO,NO,5,17
202425,MANTOVA,SCUOLA SECONDARIA II GRADO,SOSTEGNO,FINO AL TERMINE,TRA 45 E 54,NO,SI,6,31
202425,AREZZO,SCUOLA SECONDARIA II GRADO,NORMALE,FINO AL TERMINE,FINO A 34,NO,NO,15,23
202425,GROSSETO,SCUOLA SECONDARIA II GRADO,NORMALE,FINO AL TERMINE,TRA 35 E 44,NO,SI,7,12
202425,RIETI,SCUOLA INFANZIA,NORMALE,FINO AL TERMINE,OLTRE 54,NO,NO,0,1
202425,NUORO,SCUOLA PRIMARIA,NORMALE,ANNUALE,TRA 45 E 54,NO,SI,1,10
202425,SIENA,SCUOLA SECONDARIA II GRADO,SOSTEGNO,FINO AL TERMINE,TRA 35 E 44,NO,SI,15,49
202425,PIACENZA,SCUOLA PRIMARIA,SOSTEGNO,ANNUALE,OLTRE 54,SI,SI,0,1
202425,GENOVA,SCUOLA INFANZIA,SOSTEGNO,ANNUALE,TRA 45 E 54,SI,SI,0,3
202425,BRESCIA,SCUOLA PRIMARIA,NORMALE,FINO AL TERMINE,TRA 35 E 44,NO,SI,3,51
202425,TREVISO,SCUOLA SECONDARIA II GRADO,NORMALE,FINO AL TERMINE,FINO A 34,NO,SI,39,43
202425,BOLOGNA,SCUOLA PRIMARIA,SOSTEGNO,ANNUALE,TRA 35 E 44,SI,NO,0,1
202425,PERUGIA,SCUOLA SECONDARIA I GRADO,SOSTEGNO,ANNUALE,FINO A 34,SI,SI,0,2
202425,ROVIGO,SCUOLA PRIMARIA,NORMALE,FINO AL TERMINE,TRA 35 E 44,NO,NO,1,7
202425,PISTOIA,SCUOLA SECONDARIA II GRADO,SOSTEGNO,FINO AL TERMINE,FINO A 34,NO,NO,2,5
202425,PORDENONE,SCUOLA PRIMARIA,SOSTEGNO,ANNUALE,TRA 45 E 54,NO,SI,2,18
202425,NAPOLI,SCUOLA SECONDARIA II GRADO,NORMALE,ANNUALE,FINO A 34,NO,NO,0,3
202425,TORINO,SCUOLA PRIMARIA,SOSTEGNO,FINO AL TERMINE,FINO A 34,NO,NO,19,76
202425,VARESE,SCUOLA SECONDARIA II GRADO,SOSTEGNO,FINO AL TERMINE,FINO A 34,NO,NO,0,5
202425,ANCONA,SCUOLA SECONDARIA II GRADO,NORMALE,FINO AL TERMINE,TRA 35 E 44,NO,NO,28,51
202425,TERAMO,SCUOLA SECONDARIA I GRADO,SOSTEGNO,FINO AL TERMINE,TRA 35 E 44,NO,SI,17,88
202425,PIACENZA,SCUOLA SECONDARIA II GRADO,NORMALE,ANNUALE,TRA 35 E 44,NO,SI,4,8
202425,TRIESTE,SCUOLA SECONDARIA I GRADO,NORMALE,FINO AL TERMINE,FINO A 34,NO,NO,7,7
202425,PARMA,SCUOLA PRIMARIA,SOSTEGNO,FINO AL TERMINE,TRA 35 E 44,NO,NO,4,15
202425,AGRIGENTO,SCUOLA PRIMARIA,SOSTEGNO,FINO AL TERMINE,FINO A 34,NO,SI,0,10
202425,MONZA E DELLA BRIANZA,SCUOLA SECONDARIA I GRADO,SOSTEGNO,ANNUALE,FINO A 34,SI,SI,23,48
202425,PALERMO,SCUOLA INFANZIA,NORMALE,FINO AL TERMINE,TRA 35 E 44,NO,NO,0,1
202425,BELLUNO,SCUOLA SECONDARIA I GRADO,SOSTEGNO,FINO AL TERMINE,OLTRE 54,NO,SI,4,3
202425,REGGIO EMILIA,SCUOLA PRIMARIA,SOSTEGNO,FINO AL TERMINE,TRA 35 E 44,NO,NO,3,32
202425,LECCE,SCUOLA PRIMARIA,SOSTEGNO,ANNUALE,TRA 35 E 44,SI,SI,0,1
202425,BRESCIA,SCUOLA SECONDARIA I GRADO,NORMALE,FINO AL TERMINE,TRA 35 E 44,NO,NO,33,56
202425,MILANO,SCUOLA INFANZIA,SOSTEGNO,FINO AL TERMINE,OLTRE 54,NO,NO,0,16
202425,SAVONA,SCUOLA PRIMARIA,SOSTEGNO,ANNUALE,TRA 35 E 44,SI,SI,0,2
202425,MASSA-CARRARA,SCUOLA SECONDARIA II GRADO,SOSTEGNO,FINO AL TERMINE,FINO A 34,NO,NO,1,7
202425,LODI,SCUOLA PRIMARIA,NORMALE,FINO AL TERMINE,TRA 35 E 44,NO,NO,4,8
202425,IMPERIA,SCUOLA SECONDARIA I GRADO,SOSTEGNO,ANNUALE,TRA 45 E 54,SI,SI,2,4
202425,LECCE,SCUOLA SECONDARIA II GRADO,NORMALE,FINO AL TERMINE,OLTRE 54,NO,SI,14,5
202425,CAMPOBASSO,SCUOLA PRIMARIA,NORMALE,FINO AL TERMINE,OLTRE 54,NO,NO,0,2
202425,GENOVA,SCUOLA SECONDARIA II GRADO,SOSTEGNO,ANNUALE,TRA 35 E 44,SI,SI,0,3
202425,MESSINA,SCUOLA SECONDARIA I GRADO,NORMALE,FINO AL TERMINE,TRA 45 E 54,NO,NO,6,10
202425,BERGAMO,SCUOLA SECONDARIA II GRADO,SOSTEGNO,FINO AL TERMINE,FINO A 34,NO,SI,15,51
202425,ROMA,SCUOLA SECONDARIA II GRADO,NORMALE,ANNUALE,OLTRE 54,NO,NO,3,1
202425,MASSA-CARRARA,SCUOLA SECONDARIA I GRADO,SOSTEGNO,FINO AL TERMINE,TRA 45 E 54,NO,SI,7,24
202425,PRATO,SCUOLA INFANZIA,SOSTEGNO,FINO AL TERMINE,OLTRE 54,NO,SI,0,7
202425,CASERTA,SCUOLA SECONDARIA I GRADO,NORMALE,FINO AL TERMINE,OLTRE 54,NO,NO,3,1
202425,MACERATA,SCUOLA SECONDARIA I GRADO,NORMALE,FINO AL TERMINE,FINO A 34,NO,SI,0,4
202425,CHIETI,SCUOLA SECONDARIA II GRADO,NORMALE,FINO AL TERMINE,TRA 45 E 54,NO,NO,14,17
202425,LECCE,SCUOLA SECONDARIA II GRADO,SOSTEGNO,FINO AL TERMINE,OLTRE 54,NO,NO,0,2
202425,AREZZO,SCUOLA INFANZIA,SOSTEGNO,FINO AL TERMINE,TRA 45 E 54,NO,SI,1,47
202425,PRATO,SCUOLA SECONDARIA II GRADO,SOSTEGNO,ANNUALE,TRA 35 E 44,NO,SI,0,1
202425,ORISTANO,SCUOLA SECONDARIA I GRADO,NORMALE,ANNUALE,FINO A 34,NO,SI,3,3
202425,BARI,SCUOLA INFANZIA,SOSTEGNO,FINO AL TERMINE,FINO A 34,NO,SI,0,15
202425,PESARO E URBINO,SCUOLA PRIMARIA,NORMALE,FINO AL TERMINE,FINO A 34,NO,NO,14,23
202425,TRAPANI,SCUOLA PRIMARIA,SOSTEGNO,FINO AL TERMINE,FINO A 34,NO,SI,0,64
202425,TERAMO,SCUOLA SECONDARIA II GRADO,NORMALE,FINO AL TERMINE,TRA 35 E 44,NO,NO,8,18
202425,PAVIA,SCUOLA PRIMARIA,NORMALE,FINO AL TERMINE,OLTRE 54,NO,SI,1,4
202425,LATINA,SCUOLA SECONDARIA I GRADO,NORMALE,ANNUALE,TRA 35 E 44,NO,NO,1,0
202425,ROMA,SCUOLA SECONDARIA I GRADO,SOSTEGNO,ANNUALE,TRA 45 E 54,SI,NO,0,2
202425,ANCONA,SCUOLA PRIMARIA,NORMALE,FINO AL TERMINE,OLTRE 54,NO,SI,2,3
202425,FORLI'-CESENA,SCUOLA INFANZIA,NORMALE,FINO AL TERMINE,TRA 35 E 44,NO,NO,0,2
202425,PARMA,SCUOLA SECONDARIA I GRADO,NORMALE,FINO AL TERMINE,OLTRE 54,NO,NO,0,11
202425,FERMO,SCUOLA INFANZIA,SOSTEGNO,FINO AL TERMINE,OLTRE 54,NO,NO,0,2
202425,PADOVA,SCUOLA SECONDARIA II GRADO,SOSTEGNO,ANNUALE,FINO A 34,SI,NO,1,0
202425,CATANIA,SCUOLA PRIMARIA,NORMALE,FINO AL TERMINE,OLTRE 54,NO,NO,4,8
202425,TREVISO,SCUOLA INFANZIA,SOSTEGNO,FINO AL TERMINE,FINO A 34,NO,SI,0,9
202425,MODENA,SCUOLA SECONDARIA II GRADO,SOSTEGNO,FINO AL TERMINE,OLTRE 54,NO,SI,6,8
202425,CHIETI,SCUOLA SECONDARIA II GRADO,NORMALE,FINO AL TERMINE,OLTRE 54,NO,NO,6,8
202425,SIRACUSA,SCUOLA SECONDARIA II GRADO,NORMALE,FINO AL TERMINE,TRA 45 E 54,NO,SI,7,25
202425,MACERATA,SCUOLA SECONDARIA I GRADO,SOSTEGNO,FINO AL TERMINE,FINO A 34,NO,NO,2,6
202425,VERONA,SCUOLA SECONDARIA II GRADO,SOSTEGNO,FINO AL TERMINE,TRA 35 E 44,NO,SI,17,70
202425,CATANIA,SCUOLA SECONDARIA II GRADO,NORMALE,FINO AL TERMINE,TRA 45 E 54,NO,NO,24,25
202425,FORLI'-CESENA,SCUOLA INFANZIA,SOSTEGNO,FINO AL TERMINE,TRA 35 E 44,NO,SI,2,11
202425,PARMA,SCUOLA SECONDARIA I GRADO,SOSTEGNO,FINO AL TERMINE,OLTRE 54,NO,NO,0,5
202425,LODI,SCUOLA SECONDARIA II GRADO,NORMALE,ANNUALE,FINO A 34,NO,SI,7,11
202425,RAGUSA,SCUOLA SECONDARIA II GRADO,SOSTEGNO,FINO AL TERMINE,TRA 35 E 44,NO,NO,0,4
202425,REGGIO EMILIA,SCUOLA PRIMARIA,SOSTEGNO,ANNUALE,FINO A 34,SI,SI,1,17
202425,MONZA E DELLA BRIANZA,SCUOLA INFANZIA,NORMALE,FINO AL TERMINE,TRA 35 E 44,NO,NO,0,5
202425,CUNEO,SCUOLA SECONDARIA I GRADO,NORMALE,ANNUALE,TRA 45 E 54,NO,SI,5,16
202425,CROTONE,SCUOLA PRIMARIA,SOSTEGNO,FINO AL TERMINE,OLTRE 54,NO,SI,2,27
202425,PORDENONE,SCUOLA SECONDARIA II GRADO,SOSTEGNO,FINO AL TERMINE,TRA 45 E 54,NO,NO,2,5
202425,POTENZA,SCUOLA INFANZIA,NORMALE,FINO AL TERMINE,TRA 45 E 54,NO,NO,0,3
202425,VARESE,SCUOLA PRIMARIA,NORMALE,FINO AL TERMINE,OLTRE 54,NO,SI,1,7
202425,BRESCIA,SCUOLA PRIMARIA,SOSTEGNO,ANNUALE,OLTRE 54,NO,SI,4,28
202425,MILANO,SCUOLA INFANZIA,NORMALE,FINO AL TERMINE,TRA 35 E 44,NO,NO,0,25
202425,ROMA,SCUOLA SECONDARIA I GRADO,SOSTEGNO,FINO AL TERMINE,TRA 35 E 44,NO,SI,153,543
202425,LODI,SCUOLA INFANZIA,SOSTEGNO,FINO AL TERMINE,FINO A 34,NO,NO,2,9
202425,BIELLA,SCUOLA SECONDARIA II GRADO,NORMALE,FINO AL TERMINE,TRA 45 E 54,NO,NO,7,9
202425,FERRARA,SCUOLA INFANZIA,NORMALE,FINO AL TERMINE,TRA 35 E 44,NO,SI,0,4
202425,GROSSETO,SCUOLA INFANZIA,SOSTEGNO,ANNUALE,TRA 35 E 44,NO,SI,0,1
202425,SALERNO,SCUOLA PRIMARIA,SOSTEGNO,FINO AL TERMINE,TRA 35 E 44,NO,NO,0,21
202425,BENEVENTO,SCUOLA PRIMARIA,NORMALE,FINO AL TERMINE,OLTRE 54,NO,NO,2,4
202425,BENEVENTO,SCUOLA SECONDARIA II GRADO,NORMALE,FINO AL TERMINE,OLTRE 54,NO,SI,0,2
202425,AREZZO,SCUOLA INFANZIA,NORMALE,ANNUALE,OLTRE 54,NO,SI,0,1
202425,REGGIO CALABRIA,SCUOLA INFANZIA,SOSTEGNO,FINO AL TERMINE,TRA 45 E 54,NO,NO,0,12
202425,PIACENZA,SCUOLA SECONDARIA II GRADO,SOSTEGNO,ANNUALE,TRA 45 E 54,SI,SI,1,3
202425,VICENZA,SCUOLA SECONDARIA I GRADO,NORMALE,ANNUALE,FINO A 34,NO,NO,2,1
202425,CHIETI,SCUOLA INFANZIA,SOSTEGNO,ANNUALE,TRA 35 E 44,SI,SI,0,2
202425,FROSINONE,SCUOLA SECONDARIA I GRADO,SOSTEGNO,FINO AL TERMINE,TRA 35 E 44,NO,SI,17,61
202425,TRIESTE,SCUOLA SECONDARIA I GRADO,SOSTEGNO,FINO AL TERMINE,FINO A 34,NO,SI,4,7
202425,UDINE,SCUOLA SECONDARIA I GRADO,SOSTEGNO,FINO AL TERMINE,FINO A 34,NO,NO,0,9
202425,ALESSANDRIA,SCUOLA PRIMARIA,SOSTEGNO,FINO AL TERMINE,FINO A 34,NO,NO,2,5
202425,BARI,SCUOLA SECONDARIA II GRADO,SOSTEGNO,FINO AL TERMINE,TRA 45 E 54,NO,SI,43,246
202425,PARMA,SCUOLA SECONDARIA II GRADO,SOSTEGNO,FINO AL TERMINE,FINO A 34,NO,NO,0,3
202425,CREMONA,SCUOLA INFANZIA,NORMALE,FINO AL TERMINE,TRA 35 E 44,NO,SI,0,3
202425,AVELLINO,SCUOLA SECONDARIA I GRADO,NORMALE,FINO AL TERMINE,OLTRE 54,NO,NO,4,4
202425,TREVISO,SCUOLA PRIMARIA,SOSTEGNO,FINO AL TERMINE,TRA 45 E 54,NO,SI,7,148
202425,PALERMO,SCUOLA PRIMARIA,NORMALE,FINO AL TERMINE,TRA 45 E 54,NO,NO,9,16
202425,COMO,SCUOLA SECONDARIA II GRADO,NORMALE,ANNUALE,FINO A 34,NO,SI,32,38
202425,ASCOLI PICENO,SCUOLA SECONDARIA II GRADO,NORMALE,FINO AL TERMINE,FINO A 34,NO,NO,4,14
202425,SONDRIO,SCUOLA PRIMARIA,NORMALE,FINO AL TERMINE,OLTRE 54,NO,SI,0,5
202425,ENNA,SCUOLA PRIMARIA,SOSTEGNO,FINO AL TERMINE,OLTRE 54,NO,SI,0,1
202425,FOGGIA,SCUOLA PRIMARIA,NORMALE,ANNUALE,OLTRE 54,NO,SI,0,1
202425,PERUGIA,SCUOLA PRIMARIA,NORMALE,FINO AL TERMINE,FINO A 34,NO,NO,18,21
202425,VERCELLI,SCUOLA SECONDARIA II GRADO,SOSTEGNO,FINO AL TERMINE,TRA 45 E 54,NO,SI,10,23
202425,BARI,SCUOLA PRIMARIA,SOSTEGNO,ANNUALE,TRA 35 E 44,NO,SI,0,3
202425,ANCONA,SCUOLA PRIMARIA,SOSTEGNO,FINO AL TERMINE,TRA 35 E 44,NO,NO,1,18
202425,NOVARA,SCUOLA SECONDARIA II GRADO,NORMALE,FINO AL TERMINE,OLTRE 54,NO,NO,9,11
202425,PESARO E URBINO,SCUOLA INFANZIA,NORMALE,FINO AL TERMINE,OLTRE 54,NO,SI,0,3
202425,BERGAMO,SCUOLA SECONDARIA I GRADO,NORMALE,FINO AL TERMINE,TRA 45 E 54,NO,SI,8,15
202425,PARMA,SCUOLA INFANZIA,NORMALE,FINO AL TERMINE,TRA 35 E 44,NO,NO,0,4
202425,LIVORNO,SCUOLA PRIMARIA,NORMALE,FINO AL TERMINE,TRA 45 E 54,NO,SI,0,11
202425,PADOVA,SCUOLA PRIMARIA,SOSTEGNO,FINO AL TERMINE,TRA 45 E 54,NO,SI,10,121
202425,FIRENZE,SCUOLA SECONDARIA I GRADO,NORMALE,FINO AL TERMINE,TRA 45 E 54,NO,SI,5,9
202425,NUORO,SCUOLA SECONDARIA I GRADO,SOSTEGNO,ANNUALE,FINO A 34,SI,SI,1,1
202425,UDINE,SCUOLA SECONDARIA I GRADO,NORMALE,ANNUALE,TRA 45 E 54,NO,NO,1,0
202425,NOVARA,SCUOLA INFANZIA,SOSTEGNO,FINO AL TERMINE,FINO A 34,NO,NO,0,8
202425,FORLI'-CESENA,SCUOLA SECONDARIA I GRADO,SOSTEGNO,FINO AL TERMINE,OLTRE 54,NO,SI,3,7
202425,LECCO,SCUOLA SECONDARIA II GRADO,NORMALE,ANNUALE,TRA 45 E 54,NO,SI,9,9
202425,FERMO,SCUOLA INFANZIA,NORMALE,ANNUALE,FINO A 34,NO,SI,0,2
202425,MODENA,SCUOLA SECONDARIA II GRADO,NORMALE,FINO AL TERMINE,TRA 45 E 54,NO,SI,16,25
202425,SASSARI,SCUOLA SECONDARIA II GRADO,NORMALE,ANNUALE,TRA 35 E 44,NO,NO,1,2
202425,CATANIA,SCUOLA SECONDARIA II GRADO,SOSTEGNO,FINO AL TERMINE,FINO A 34,NO,SI,7,78
202425,MILANO,SCUOLA SECONDARIA I GRADO,NORMALE,FINO AL TERMINE,TRA 35 E 44,NO,SI,24,67
202425,L'AQUILA,SCUOLA SECONDARIA I GRADO,SOSTEGNO,ANNUALE,OLTRE 54,NO,SI,0,1
202425,BARLETTA-ANDRIA-TRANI,SCUOLA INFANZIA,SOSTEGNO,FINO AL TERMINE,OLTRE 54,NO,NO,0,3
202425,TERAMO,SCUOLA PRIMARIA,NORMALE,FINO AL TERMINE,TRA 35 E 44,NO,NO,4,6
202425,COSENZA,SCUOLA PRIMARIA,NORMALE,FINO AL TERMINE,OLTRE 54,NO,SI,1,26
202425,CATANZARO,SCUOLA SECONDARIA II GRADO,NORMALE,FINO AL TERMINE,TRA 45 E 54,NO,SI,8,8
202425,COSENZA,SCUOLA PRIMARIA,SOSTEGNO,FINO AL TERMINE,OLTRE 54,NO,SI,2,47
202425,BENEVENTO,SCUOLA SECONDARIA I GRADO,NORMALE,FINO AL TERMINE,TRA 35 E 44,NO,NO,1,6
202425,SIENA,SCUOLA PRIMARIA,NORMALE,FINO AL TERMINE,TRA 45 E 54,NO,NO,0,8
202425,CATANZARO,SCUOLA SECONDARIA II GRADO,SOSTEGNO,FINO AL TERMINE,TRA 35 E 44,NO,SI,2,22
202425,PESARO E URBINO,SCUOLA SECONDARIA II GRADO,NORMALE,ANNUALE,TRA 35 E 44,NO,NO,3,7
202425,PESCARA,SCUOLA SECONDARIA I GRADO,NORMALE,FINO AL TERMINE,OLTRE 54,NO,NO,0,3
202425,REGGIO EMILIA,SCUOLA SECONDARIA I GRADO,SOSTEGNO,FINO AL TERMINE,TRA 45 E 54,NO,SI,13,29
202425,PIACENZA,SCUOLA SECONDARIA I GRADO,NORMALE,ANNUALE,TRA 35 E 44,NO,SI,2,4
202425,VICENZA,SCUOLA SECONDARIA II GRADO,NORMALE,ANNUALE,FINO A 34,SI,SI,0,2
202425,PRATO,SCUOLA SECONDARIA II GRADO,NORMALE,FINO AL TERMINE,TRA 45 E 54,NO,SI,5,8
202425,GENOVA,SCUOLA PRIMARIA,NORMALE,FINO AL TERMINE,OLTRE 54,NO,NO,1,11
202425,POTENZA,SCUOLA INFANZIA,SOSTEGNO,FINO AL TERMINE,TRA 45 E 54,NO,SI,2,39
202425,PESARO E URBINO,SCUOLA SECONDARIA II GRADO,NORMALE,FINO AL TERMINE,FINO A 34,NO,SI,13,19
202425,SONDRIO,SCUOLA SECONDARIA II GRADO,NORMALE,ANNUALE,OLTRE 54,NO,SI,7,4
202425,BOLOGNA,SCUOLA INFANZIA,NORMALE,FINO AL TERMINE,FINO A 34,NO,NO,0,6
202425,LECCO,SCUOLA SECONDARIA I GRADO,SOSTEGNO,ANNUALE,OLTRE 54,SI,SI,1,1
202425,GROSSETO,SCUOLA INFANZIA,NORMALE,ANNUALE,TRA 45 E 54,NO,SI,0,4
202425,RAVENNA,SCUOLA SECONDARIA I GRADO,SOSTEGNO,FINO AL TERMINE,TRA 35 E 44,NO,NO,4,15
202425,LECCE,SCUOLA INFANZIA,NORMALE,FINO AL TERMINE,TRA 35 E 44,NO,SI,0,4
202425,NOVARA,SCUOLA SECONDARIA II GRADO,SOSTEGNO,ANNUALE,FINO A 34,NO,SI,0,1
202425,BERGAMO,SCUOLA INFANZIA,NORMALE,FINO AL TERMINE,FINO A 34,NO,NO,0,1
202425,FIRENZE,SCUOLA SECONDARIA II GRADO,NORMALE,ANNUALE,FINO A 34,NO,SI,67,52
202425,L'AQUILA,SCUOLA SECONDARIA I GRADO,SOSTEGNO,FINO AL TERMINE,TRA 45 E 54,NO,SI,14,46
202425,CUNEO,SCUOLA PRIMARIA,SOSTEGNO,FINO AL TERMINE,TRA 35 E 44,NO,SI,4,108
202425,AGRIGENTO,SCUOLA INFANZIA,SOSTEGNO,FINO AL TERMINE,OLTRE 54,NO,NO,0,2
202425,FERMO,SCUOLA PRIMARIA,NORMALE,ANNUALE,FINO A 34,NO,SI,1,2
202425,PISTOIA,SCUOLA SECONDARIA I GRADO,SOSTEGNO,FINO AL TERMINE,OLTRE 54,NO,NO,2,5
202425,VERBANO-CUSIO-OSSOLA,SCUOLA PRIMARIA,SOSTEGNO,ANNUALE,TRA 35 E 44,SI,SI,0,1
202425,LECCE,SCUOLA SECONDARIA I GRADO,NORMALE,ANNUALE,TRA 45 E 54,NO,SI,6,8
202425,PISA,SCUOLA INFANZIA,NORMALE,FINO AL TERMINE,OLTRE 54,NO,NO,0,3
202425,CALTANISSETTA,SCUOLA SECONDARIA II GRADO,NORMALE,FINO AL TERMINE,FINO A 34,NO,SI,5,5
202425,TORINO,SCUOLA SECONDARIA I GRADO,SOSTEGNO,FINO AL TERMINE,TRA 35 E 44,NO,SI,164,342
202425,RAGUSA,SCUOLA PRIMARIA,NORMALE,FINO AL TERMINE,TRA 35 E 44,NO,NO,3,3
202425,PAVIA,SCUOLA SECONDARIA II GRADO,SOSTEGNO,ANNUALE,TRA 45 E 54,SI,NO,1,0
202425,TERAMO,SCUOLA INFANZIA,SOSTEGNO,FINO AL TERMINE,TRA 35 E 44,NO,NO,0,2
202425,COSENZA,SCUOLA INFANZIA,SOSTEGNO,FINO AL TERMINE,TRA 45 E 54,NO,NO,0,10
202425,PARMA,SCUOLA INFANZIA,SOSTEGNO,FINO AL TERMINE,OLTRE 54,NO,SI,0,13
202425,LECCO,SCUOLA INFANZIA,NORMALE,FINO AL TERMINE,TRA 35 E 44,NO,SI,0,1
202425,ROMA,SCUOLA INFANZIA,SOSTEGNO,FINO AL TERMINE,TRA 35 E 44,NO,SI,1,114
202425,TARANTO,SCUOLA PRIMARIA,SOSTEGNO,FINO AL TERMINE,OLTRE 54,NO,SI,4,102
202425,VERONA,SCUOLA SECONDARIA I GRADO,SOSTEGNO,ANNUALE,OLTRE 54,NO,SI,0,4
202425,PESCARA,SCUOLA PRIMARIA,NORMALE,FINO AL TERMINE,OLTRE 54,NO,SI,1,5
202425,CASERTA,SCUOLA SECONDARIA I GRADO,SOSTEGNO,FINO AL TERMINE,TRA 45 E 54,NO,SI,8,41
202425,PORDENONE,SCUOLA SECONDARIA I GRADO,NORMALE,FINO AL TERMINE,FINO A 34,NO,NO,8,20
202425,MASSA-CARRARA,SCUOLA SECONDARIA I GRADO,NORMALE,ANNUALE,OLTRE 54,NO,NO,0,1
202425,CAGLIARI,SCUOLA SECONDARIA II GRADO,NORMALE,FINO AL TERMINE,TRA 35 E 44,NO,SI,4,14
202425,PISA,SCUOLA INFANZIA,SOSTEGNO,FINO AL TERMINE,FINO A 34,NO,SI,1,7
202425,CALTANISSETTA,SCUOLA SECONDARIA I GRADO,SOSTEGNO,FINO AL TERMINE,OLTRE 54,NO,SI,5,5
202425,SIENA,SCUOLA SECONDARIA I GRADO,SOSTEGNO,FINO AL TERMINE,TRA 45 E 54,NO,SI,6,28
202425,ALESSANDRIA,SCUOLA INFANZIA,SOSTEGNO,ANNUALE,TRA 35 E 44,NO,SI,0,2
202425,PARMA,SCUOLA PRIMARIA,NORMALE,FINO AL TERMINE,FINO A 34,NO,SI,1,28
202425,AVELLINO,SCUOLA SECONDARIA II GRADO,SOSTEGNO,FINO AL TERMINE,FINO A 34,NO,SI,1,6
202425,LIVORNO,SCUOLA SECONDARIA I GRADO,SOSTEGNO,FINO AL TERMINE,TRA 35 E 44,NO,SI,13,45
202425,ENNA,SCUOLA SECONDARIA I GRADO,SOSTEGNO,FINO AL TERMINE,TRA 45 E 54,NO,SI,1,7
202425,BOLOGNA,SCUOLA INFANZIA,SOSTEGNO,ANNUALE,TRA 45 E 54,SI,SI,0,1
202425,TRAPANI,SCUOLA SECONDARIA I GRADO,NORMALE,FINO AL TERMINE,TRA 35 E 44,NO,NO,6,11
202425,BOLOGNA,SCUOLA PRIMARIA,SOSTEGNO,FINO AL TERMINE,TRA 35 E 44,NO,SI,16,128
202425,SUD SARDEGNA,SCUOLA SECONDARIA II GRADO,SOSTEGNO,ANNUALE,TRA 35 E 44,SI,SI,1,2
202425,PADOVA,SCUOLA SECONDARIA I GRADO,SOSTEGNO,FINO AL TERMINE,OLTRE 54,NO,SI,7,16
202425,REGGIO CALABRIA,SCUOLA SECONDARIA I GRADO,NORMALE,FINO AL TERMINE,OLTRE 54,NO,NO,1,6
202425,GROSSETO,SCUOLA SECONDARIA II GRADO,NORMALE,FINO AL TERMINE,OLTRE 54,NO,SI,1,4
202425,LECCE,SCUOLA SECONDARIA II GRADO,SOSTEGNO,FINO AL TERMINE,FINO A 34,NO,SI,3,17
202425,VARESE,SCUOLA SECONDARIA I GRADO,SOSTEGNO,ANNUALE,FINO A 34,SI,NO,0,1
202425,CROTONE,SCUOLA SECONDARIA II GRADO,NORMALE,ANNUALE,TRA 35 E 44,NO,SI,15,23
202425,UDINE,SCUOLA SECONDARIA II GRADO,NORMALE,FINO AL TERMINE,OLTRE 54,NO,NO,18,17
202425,PAVIA,SCUOLA SECONDARIA I GRADO,NORMALE,ANNUALE,TRA 45 E 54,NO,SI,8,17
202425,ALESSANDRIA,SCUOLA SECONDARIA I GRADO,NORMALE,FINO AL TERMINE,TRA 45 E 54,NO,SI,1,10
202425,LODI,SCUOLA PRIMARIA,SOSTEGNO,FINO AL TERMINE,OLTRE 54,NO,SI,1,2
202425,TRIESTE,SCUOLA INFANZIA,NORMALE,FINO AL TERMINE,OLTRE 54,NO,SI,0,1
202425,FIRENZE,SCUOLA INFANZIA,SOSTEGNO,ANNUALE,TRA 45 E 54,SI,SI,0,1
202425,FERRARA,SCUOLA PRIMARIA,SOSTEGNO,ANNUALE,TRA 35 E 44,SI,SI,0,10
202425,IMPERIA,SCUOLA SECONDARIA II GRADO,SOSTEGNO,FINO AL TERMINE,TRA 35 E 44,NO,NO,2,2
202425,PALERMO,SCUOLA INFANZIA,SOSTEGNO,FINO AL TERMINE,OLTRE 54,NO,SI,1,81
202425,CASERTA,SCUOLA PRIMARIA,NORMALE,ANNUALE,TRA 45 E 54,NO,SI,5,1
202425,SIENA,SCUOLA SECONDARIA I GRADO,NORMALE,ANNUALE,FINO A 34,NO,NO,1,0
202425,MILANO,SCUOLA SECONDARIA II GRADO,NORMALE,ANNUALE,TRA 45 E 54,NO,NO,2,1
202425,SIRACUSA,SCUOLA SECONDARIA I GRADO,SOSTEGNO,FINO AL TERMINE,FINO A 34,NO,NO,1,6
202425,GORIZIA,SCUOLA PRIMARIA,NORMALE,FINO AL TERMINE,OLTRE 54,NO,NO,0,1
202425,ALESSANDRIA,SCUOLA SECONDARIA I GRADO,SOSTEGNO,FINO AL TERMINE,OLTRE 54,NO,SI,11,26
202425,TRIESTE,SCUOLA INFANZIA,SOSTEGNO,FINO AL TERMINE,OLTRE 54,NO,SI,0,3
202425,POTENZA,SCUOLA PRIMARIA,NORMALE,ANNUALE,TRA 35 E 44,NO,SI,0,9
202425,MATERA,SCUOLA INFANZIA,NORMALE,ANNUALE,TRA 45 E 54,NO,SI,0,1
202425,ASTI,SCUOLA INFANZIA,SOSTEGNO,FINO AL TERMINE,OLTRE 54,NO,NO,0,5
202425,LECCO,SCUOLA INFANZIA,SOSTEGNO,FINO AL TERMINE,TRA 35 E 44,NO,NO,0,4
202425,MACERATA,SCUOLA SECONDARIA II GRADO,NORMALE,FINO AL TERMINE,TRA 45 E 54,NO,NO,15,27
202425,LUCCA,SCUOLA PRIMARIA,NORMALE,FINO AL TERMINE,OLTRE 54,NO,NO,1,8
202425,GORIZIA,SCUOLA PRIMARIA,SOSTEGNO,FINO AL TERMINE,TRA 35 E 44,NO,SI,0,33
202425,LUCCA,SCUOLA PRIMARIA,SOSTEGNO,ANNUALE,TRA 45 E 54,NO,SI,2,6
202425,LECCO,SCUOLA SECONDARIA II GRADO,NORMALE,ANNUALE,FINO A 34,SI,SI,0,1
202425,BERGAMO,SCUOLA SECONDARIA II GRADO,NORMALE,FINO AL TERMINE,OLTRE 54,NO,SI,8,9
202425,LECCE,SCUOLA PRIMARIA,NORMALE,ANNUALE,TRA 35 E 44,NO,SI,0,5
202425,PISA,SCUOLA SECONDARIA I GRADO,NORMALE,FINO AL TERMINE,TRA 45 E 54,NO,NO,1,11
202425,REGGIO CALABRIA,SCUOLA INFANZIA,SOSTEGNO,FINO AL TERMINE,FINO A 34,NO,SI,0,11
202425,MILANO,SCUOLA SECONDARIA I GRADO,SOSTEGNO,FINO AL TERMINE,TRA 35 E 44,NO,NO,19,44
202425,FIRENZE,SCUOLA SECONDARIA II GRADO,SOSTEGNO,ANNUALE,FINO A 34,SI,SI,1,0
202425,LATINA,SCUOLA PRIMARIA,SOSTEGNO,FINO AL TERMINE,FINO A 34,NO,SI,1,95
202425,ANCONA,SCUOLA INFANZIA,NORMALE,FINO AL TERMINE,TRA 35 E 44,NO,SI,0,3
202425,ANCONA,SCUOLA SECONDARIA I GRADO,NORMALE,ANNUALE,FINO A 34,NO,SI,3,6
202425,FERMO,SCUOLA PRIMARIA,NORMALE,FINO AL TERMINE,TRA 45 E 54,NO,SI,0,1
202425,FERMO,SCUOLA PRIMARIA,SOSTEGNO,FINO AL TERMINE,FINO A 34,NO,NO,0,3
202425,BERGAMO,SCUOLA INFANZIA,SOSTEGNO,FINO AL TERMINE,TRA 45 E 54,NO,NO,0,11
202425,REGGIO CALABRIA,SCUOLA SECONDARIA I GRADO,SOSTEGNO,FINO AL TERMINE,OLTRE 54,NO,SI,2,3
202425,SALERNO,SCUOLA PRIMARIA,SOSTEGNO,FINO AL TERMINE,OLTRE 54,NO,SI,10,66
202425,VARESE,SCUOLA PRIMARIA,SOSTEGNO,FINO AL TERMINE,TRA 35 E 44,NO,SI,13,143
202425,FOGGIA,SCUOLA PRIMARIA,SOSTEGNO,FINO AL TERMINE,FINO A 34,NO,SI,4,19
202425,PAVIA,SCUOLA PRIMARIA,SOSTEGNO,ANNUALE,OLTRE 54,NO,SI,5,32
202425,VERONA,SCUOLA INFANZIA,SOSTEGNO,FINO AL TERMINE,TRA 35 E 44,NO,SI,0,35
202425,BIELLA,SCUOLA SECONDARIA I GRADO,NORMALE,ANNUALE,OLTRE 54,NO,SI,2,2
202425,TARANTO,SCUOLA PRIMARIA,SOSTEGNO,FINO AL TERMINE,TRA 45 E 54,NO,NO,0,22
202425,VERBANO-CUSIO-OSSOLA,SCUOLA SECONDARIA I GRADO,SOSTEGNO,ANNUALE,TRA 35 E 44,NO,SI,3,2
202425,MONZA E DELLA BRIANZA,SCUOLA SECONDARIA I GRADO,SOSTEGNO,FINO AL TERMINE,TRA 35 E 44,NO,NO,2,16
202425,FERRARA,SCUOLA INFANZIA,SOSTEGNO,FINO AL TERMINE,OLTRE 54,NO,SI,0,6
202425,SALERNO,SCUOLA SECONDARIA I GRADO,SOSTEGNO,ANNUALE,TRA 45 E 54,SI,SI,2,1
202425,CHIETI,SCUOLA SECONDARIA II GRADO,SOSTEGNO,ANNUALE,TRA 45 E 54,SI,SI,2,1
202425,CAMPOBASSO,SCUOLA SECONDARIA I GRADO,SOSTEGNO,FINO AL TERMINE,TRA 45 E 54,NO,NO,0,2
202425,VARESE,SCUOLA SECONDARIA I GRADO,NORMALE,ANNUALE,TRA 45 E 54,SI,NO,1,0
202425,MILANO,SCUOLA SECONDARIA II GRADO,SOSTEGNO,ANNUALE,FINO A 34,SI,SI,4,3
202425,CATANZARO,SCUOLA PRIMARIA,NORMALE,FINO AL TERMINE,TRA 45 E 54,NO,SI,4,24
202425,MODENA,SCUOLA INFANZIA,SOSTEGNO,FINO AL TERMINE,TRA 45 E 54,NO,SI,1,51
202425,VERCELLI,SCUOLA SECONDARIA II GRADO,SOSTEGNO,FINO AL TERMINE,TRA 35 E 44,NO,NO,2,5
202425,TREVISO,SCUOLA SECONDARIA II GRADO,SOSTEGNO,ANNUALE,TRA 35 E 44,SI,SI,6,7
202425,NOVARA,SCUOLA PRIMARIA,SOSTEGNO,FINO AL TERMINE,FINO A 34,NO,SI,22,167
202425,TARANTO,SCUOLA SECONDARIA II GRADO,SOSTEGNO,ANNUALE,OLTRE 54,NO,SI,0,1
202425,GENOVA,SCUOLA SECONDARIA I GRADO,NORMALE,FINO AL TERMINE,TRA 45 E 54,NO,SI,1,4
202425,FORLI'-CESENA,SCUOLA PRIMARIA,NORMALE,FINO AL TERMINE,TRA 35 E 44,NO,NO,6,6
202425,MATERA,SCUOLA INFANZIA,SOSTEGNO,FINO AL TERMINE,TRA 35 E 44,NO,SI,0,14
202425,RAVENNA,SCUOLA INFANZIA,NORMALE,FINO AL TERMINE,OLTRE 54,NO,NO,0,3
202425,ASTI,SCUOLA PRIMARIA,NORMALE,FINO AL TERMINE,TRA 35 E 44,NO,NO,3,2
202425,MONZA E DELLA BRIANZA,SCUOLA INFANZIA,SOSTEGNO,FINO AL TERMINE,FINO A 34,NO,NO,1,13
202425,PADOVA,SCUOLA PRIMARIA,SOSTEGNO,FINO AL TERMINE,TRA 45 E 54,NO,NO,1,14
202425,VENEZIA,SCUOLA INFANZIA,NORMALE,FINO AL TERMINE,OLTRE 54,NO,SI,0,10
202425,MILANO,SCUOLA SECONDARIA I GRADO,SOSTEGNO,FINO AL TERMINE,FINO A 34,NO,SI,191,343
202425,MILANO,SCUOLA SECONDARIA II GRADO,SOSTEGNO,FINO AL TERMINE,TRA 35 E 44,NO,NO,3,32
202425,BOLOGNA,SCUOLA SECONDARIA II GRADO,NORMALE,FINO AL TERMINE,TRA 45 E 54,NO,NO,37,62
202425,PERUGIA,SCUOLA PRIMARIA,SOSTEGNO,ANNUALE,TRA 45 E 54,NO,SI,1,0
202425,ASTI,SCUOLA PRIMARIA,SOSTEGNO,ANNUALE,TRA 45 E 54,SI,SI,0,4
202425,MONZA E DELLA BRIANZA,SCUOLA PRIMARIA,NORMALE,FINO AL TERMINE,OLTRE 54,NO,NO,3,6
202425,SASSARI,SCUOLA PRIMARIA,SOSTEGNO,FINO AL TERMINE,OLTRE 54,NO,SI,5,58
202425,FIRENZE,SCUOLA SECONDARIA I GRADO,SOSTEGNO,FINO AL TERMINE,OLTRE 54,NO,SI,9,39
202425,MODENA,SCUOLA SECONDARIA I GRADO,NORMALE,FINO AL TERMINE,FINO A 34,NO,SI,19,46
202425,TORINO,SCUOLA INFANZIA,SOSTEGNO,ANNUALE,TRA 45 E 54,NO,SI,0,10
202425,BRESCIA,SCUOLA INFANZIA,SOSTEGNO,ANNUALE,TRA 35 E 44,SI,SI,0,2
202425,PERUGIA,SCUOLA PRIMARIA,SOSTEGNO,FINO AL TERMINE,TRA 35 E 44,NO,SI,2,168
202425,ANCONA,SCUOLA SECONDARIA I GRADO,NORMALE,FINO AL TERMINE,TRA 45 E 54,NO,SI,2,6
202425,VERONA,SCUOLA SECONDARIA II GRADO,SOSTEGNO,ANNUALE,FINO A 34,SI,NO,1,0
202425,SUD SARDEGNA,SCUOLA INFANZIA,NORMALE,FINO AL TERMINE,TRA 35 E 44,NO,SI,0,3
202425,VERCELLI,SCUOLA INFANZIA,NORMALE,ANNUALE,TRA 45 E 54,NO,SI,0,5
202425,BERGAMO,SCUOLA SECONDARIA I GRADO,SOSTEGNO,FINO AL TERMINE,TRA 45 E 54,NO,SI,28,57
202425,RIMINI,SCUOLA SECONDARIA I GRADO,SOSTEGNO,FINO AL TERMINE,FINO A 34,NO,SI,8,23
202425,PARMA,SCUOLA PRIMARIA,NORMALE,ANNUALE,FINO A 34,NO,SI,3,14
202425,BELLUNO,SCUOLA SECONDARIA I GRADO,NORMALE,ANNUALE,TRA 45 E 54,NO,SI,0,5
202425,LATINA,SCUOLA SECONDARIA II GRADO,NORMALE,ANNUALE,TRA 35 E 44,NO,SI,32,35
202425,PERUGIA,SCUOLA PRIMARIA,NORMALE,ANNUALE,TRA 35 E 44,NO,SI,1,7
202425,VERONA,SCUOLA SECONDARIA I GRADO,SOSTEGNO,ANNUALE,TRA 45 E 54,NO,NO,0,1
202425,CREMONA,SCUOLA PRIMARIA,SOSTEGNO,ANNUALE,TRA 35 E 44,NO,SI,3,49
202425,NAPOLI,SCUOLA SECONDARIA I GRADO,NORMALE,ANNUALE,TRA 45 E 54,NO,SI,9,71
202425,NOVARA,SCUOLA SECONDARIA II GRADO,SOSTEGNO,FINO AL TERMINE,TRA 45 E 54,NO,NO,0,4
202425,BENEVENTO,SCUOLA SECONDARIA I GRADO,SOSTEGNO,FINO AL TERMINE,TRA 45 E 54,NO,SI,0,3
202425,FOGGIA,SCUOLA SECONDARIA I GRADO,NORMALE,ANNUALE,FINO A 34,NO,SI,13,19
202425,L'AQUILA,SCUOLA PRIMARIA,SOSTEGNO,FINO AL TERMINE,TRA 35 E 44,NO,NO,0,10
202425,GENOVA,SCUOLA PRIMARIA,NORMALE,ANNUALE,TRA 35 E 44,NO,SI,2,11
202425,NOVARA,SCUOLA PRIMARIA,NORMALE,ANNUALE,FINO A 34,NO,SI,0,5
202425,PARMA,SCUOLA SECONDARIA II GRADO,NORMALE,ANNUALE,TRA 45 E 54,NO,NO,2,0
202425,FORLI'-CESENA,SCUOLA PRIMARIA,SOSTEGNO,FINO AL TERMINE,FINO A 34,NO,NO,1,8
202425,ROVIGO,SCUOLA INFANZIA,NORMALE,FINO AL TERMINE,OLTRE 54,NO,NO,0,2
202425,LECCO,SCUOLA PRIMARIA,SOSTEGNO,FINO AL TERMINE,FINO A 34,NO,SI,14,83
202425,MONZA E DELLA BRIANZA,SCUOLA SECONDARIA II GRADO,SOSTEGNO,ANNUALE,OLTRE 54,SI,SI,1,4
202425,TREVISO,SCUOLA PRIMARIA,SOSTEGNO,ANNUALE,TRA 35 E 44,NO,NO,0,1
202425,CATANIA,SCUOLA INFANZIA,SOSTEGNO,FINO AL TERMINE,OLTRE 54,NO,SI,2,116
202425,LECCE,SCUOLA SECONDARIA I GRADO,SOSTEGNO,FINO AL TERMINE,FINO A 34,NO,NO,0,6
202425,COMO,SCUOLA INFANZIA,SOSTEGNO,ANNUALE,OLTRE 54,NO,SI,0,6
202425,RIMINI,SCUOLA INFANZIA,SOSTEGNO,FINO AL TERMINE,FINO A 34,NO,NO,0,5
202425,GENOVA,SCUOLA SECONDARIA II GRADO,NORMALE,ANNUALE,TRA 35 E 44,NO,NO,0,2
202425,BARI,SCUOLA SECONDARIA II GRADO,NORMALE,ANNUALE,TRA 45 E 54,NO,SI,18,23
202425,AGRIGENTO,SCUOLA SECONDARIA I GRADO,NORMALE,ANNUALE,TRA 45 E 54,NO,NO,0,1
202425,PERUGIA,SCUOLA SECONDARIA II GRADO,SOSTEGNO,FINO AL TERMINE,OLTRE 54,NO,NO,4,8
202425,TORINO,SCUOLA SECONDARIA II GRADO,SOSTEGNO,FINO AL TERMINE,TRA 35 E 44,NO,NO,8,19
202425,CAGLIARI,SCUOLA INFANZIA,NORMALE,FINO AL TERMINE,TRA 45 E 54,NO,SI,0,5
202425,COMO,SCUOLA PRIMARIA,SOSTEGNO,FINO AL TERMINE,FINO A 34,NO,NO,2,23
202425,BRESCIA,SCUOLA SECONDARIA I GRADO,SOSTEGNO,FINO AL TERMINE,FINO A 34,NO,NO,6,19
202425,TERAMO,SCUOLA SECONDARIA I GRADO,NORMALE,ANNUALE,OLTRE 54,NO,SI,0,1
202425,BOLOGNA,SCUOLA SECONDARIA II GRADO,SOSTEGNO,FINO AL TERMINE,OLTRE 54,NO,NO,1,1
202425,FOGGIA,SCUOLA SECONDARIA II GRADO,NORMALE,FINO AL TERMINE,OLTRE 54,NO,SI,4,8
202425,PESARO E URBINO,SCUOLA SECONDARIA II GRADO,SOSTEGNO,FINO AL TERMINE,OLTRE 54,NO,NO,0,2
202425,NAPOLI,SCUOLA SECONDARIA I GRADO,SOSTEGNO,ANNUALE,OLTRE 54,SI,SI,1,0
202425,BENEVENTO,SCUOLA PRIMARIA,NORMALE,ANNUALE,OLTRE 54,NO,SI,0,2
202425,TERAMO,SCUOLA SECONDARIA I GRADO,NORMALE,FINO AL TERMINE,TRA 45 E 54,NO,SI,0,3
202425,SIENA,SCUOLA SECONDARIA II GRADO,NORMALE,FINO AL TERMINE,TRA 35 E 44,NO,NO,11,18
202425,VERONA,SCUOLA SECONDARIA II GRADO,NORMALE,ANNUALE,FINO A 34,NO,SI,38,53
202425,PARMA,SCUOLA PRIMARIA,SOSTEGNO,ANNUALE,TRA 35 E 44,NO,SI,1,12
202425,TREVISO,SCUOLA SECONDARIA I GRADO,SOSTEGNO,FINO AL TERMINE,TRA 35 E 44,NO,SI,18,82
202425,BOLOGNA,SCUOLA PRIMARIA,NORMALE,ANNUALE,TRA 35 E 44,NO,SI,2,22
202425,PADOVA,SCUOLA SECONDARIA II GRADO,NORMALE,ANNUALE,TRA 35 E 44,NO,SI,45,49
202425,REGGIO EMILIA,SCUOLA SECONDARIA I GRADO,NORMALE,ANNUALE,FINO A 34,SI,SI,0,1
202425,REGGIO EMILIA,SCUOLA INFANZIA,NORMALE,FINO AL TERMINE,FINO A 34,NO,NO,0,2
202425,IMPERIA,SCUOLA SECONDARIA I GRADO,NORMALE,ANNUALE,OLTRE 54,NO,SI,2,5
202425,TORINO,SCUOLA PRIMARIA,NORMALE,ANNUALE,TRA 45 E 54,NO,SI,0,20
202425,CUNEO,SCUOLA SECONDARIA II GRADO,NORMALE,ANNUALE,OLTRE 54,NO,SI,9,9
202425,CREMONA,SCUOLA SECONDARIA II GRADO,SOSTEGNO,FINO AL TERMINE,OLTRE 54,NO,NO,0,1
202425,PIACENZA,SCUOLA SECONDARIA I GRADO,SOSTEGNO,ANNUALE,FINO A 34,NO,SI,0,1
202425,ALESSANDRIA,SCUOLA PRIMARIA,NORMALE,FINO AL TERMINE,OLTRE 54,NO,NO,4,2
202425,BIELLA,SCUOLA SECONDARIA II GRADO,NORMALE,ANNUALE,TRA 35 E 44,NO,SI,7,6
202425,MESSINA,SCUOLA SECONDARIA II GRADO,NORMALE,FINO AL TERMINE,TRA 45 E 54,NO,NO,24,22
202425,LIVORNO,SCUOLA SECONDARIA II GRADO,NORMALE,FINO AL TERMINE,TRA 35 E 44,NO,SI,8,17
202425,POTENZA,SCUOLA PRIMARIA,SOSTEGNO,FINO AL TERMINE,TRA 45 E 54,NO,NO,0,13
202425,ASTI,SCUOLA SECONDARIA I GRADO,NORMALE,FINO AL TERMINE,TRA 35 E 44,NO,SI,6,3
202425,PORDENONE,SCUOLA SECONDARIA I GRADO,SOSTEGNO,FINO AL TERMINE,FINO A 34,NO,NO,3,6
202425,ANCONA,SCUOLA SECONDARIA II GRADO,NORMALE,ANNUALE,TRA 45 E 54,NO,SI,12,14
202425,PIACENZA,SCUOLA SECONDARIA I GRADO,SOSTEGNO,ANNUALE,TRA 35 E 44,SI,SI,4,17
202425,PESARO E URBINO,SCUOLA SECONDARIA II GRADO,SOSTEGNO,FINO AL TERMINE,TRA 45 E 54,NO,SI,14,36
202425,ROVIGO,SCUOLA PRIMARIA,NORMALE,FINO AL TERMINE,TRA 45 E 54,NO,NO,0,4
202425,PADOVA,SCUOLA SECONDARIA II GRADO,SOSTEGNO,FINO AL TERMINE,TRA 35 E 44,NO,SI,13,47
202425,SIRACUSA,SCUOLA SECONDARIA II GRADO,SOSTEGNO,FINO AL TERMINE,TRA 45 E 54,NO,SI,7,47
202425,MACERATA,SCUOLA INFANZIA,SOSTEGNO,FINO AL TERMINE,FINO A 34,NO,SI,0,14
202425,ENNA,SCUOLA SECONDARIA I GRADO,NORMALE,FINO AL TERMINE,TRA 35 E 44,NO,SI,2,11
202425,ANCONA,SCUOLA SECONDARIA II GRADO,NORMALE,FINO AL TERMINE,TRA 35 E 44,NO,SI,16,22
202425,GORIZIA,SCUOLA INFANZIA,NORMALE,FINO AL TERMINE,FINO A 34,NO,SI,0,1
202425,VERCELLI,SCUOLA SECONDARIA I GRADO,NORMALE,ANNUALE,TRA 35 E 44,NO,SI,6,8
202425,AGRIGENTO,SCUOLA PRIMARIA,NORMALE,ANNUALE,FINO A 34,NO,SI,3,0
202425,AGRIGENTO,SCUOLA PRIMARIA,SOSTEGNO,FINO AL TERMINE,OLTRE 54,NO,NO,0,2
202425,PESARO E URBINO,SCUOLA INFANZIA,SOSTEGNO,FINO AL TERMINE,OLTRE 54,NO,SI,0,8
202425,SUD SARDEGNA,SCUOLA PRIMARIA,NORMALE,FINO AL TERMINE,FINO A 34,NO,NO,9,7
202425,ISERNIA,SCUOLA SECONDARIA I GRADO,NORMALE,FINO AL TERMINE,TRA 35 E 44,NO,NO,3,3
202425,COSENZA,SCUOLA SECONDARIA I GRADO,SOSTEGNO,ANNUALE,TRA 35 E 44,NO,SI,0,2
202425,BRESCIA,SCUOLA SECONDARIA I GRADO,NORMALE,FINO AL TERMINE,TRA 45 E 54,NO,NO,19,48
202425,MILANO,SCUOLA SECONDARIA I GRADO,NORMALE,ANNUALE,OLTRE 54,NO,SI,6,33
202425,GORIZIA,SCUOLA SECONDARIA II GRADO,SOSTEGNO,ANNUALE,FINO A 34,NO,SI,0,1
202425,BARI,SCUOLA INFANZIA,SOSTEGNO,ANNUALE,OLTRE 54,SI,SI,0,2
202425,NAPOLI,SCUOLA SECONDARIA II GRADO,SOSTEGNO,FINO AL TERMINE,TRA 35 E 44,NO,SI,122,636
202425,MATERA,SCUOLA SECONDARIA I GRADO,NORMALE,ANNUALE,FINO A 34,NO,SI,2,3
202425,ROMA,SCUOLA SECONDARIA II GRADO,SOSTEGNO,FINO AL TERMINE,TRA 35 E 44,NO,NO,16,53
202425,FERMO,SCUOLA PRIMARIA,SOSTEGNO,FINO AL TERMINE,TRA 45 E 54,NO,NO,1,8
202425,PORDENONE,SCUOLA PRIMARIA,NORMALE,FINO AL TERMINE,TRA 35 E 44,NO,NO,1,8
202425,CASERTA,SCUOLA SECONDARIA II GRADO,NORMALE,FINO AL TERMINE,OLTRE 54,NO,NO,15,10
202425,CATANIA,SCUOLA PRIMARIA,NORMALE,FINO AL TERMINE,TRA 45 E 54,NO,NO,8,16
202425,LECCE,SCUOLA PRIMARIA,SOSTEGNO,FINO AL TERMINE,OLTRE 54,NO,NO,0,5
202425,IMPERIA,SCUOLA PRIMARIA,NORMALE,FINO AL TERMINE,OLTRE 54,NO,NO,1,2
202425,CAMPOBASSO,SCUOLA INFANZIA,NORMALE,FINO AL TERMINE,TRA 45 E 54,NO,SI,0,5
202425,LA SPEZIA,SCUOLA INFANZIA,NORMALE,FINO AL TERMINE,OLTRE 54,NO,NO,0,2
202425,BARI,SCUOLA SECONDARIA II GRADO,NORMALE,ANNUALE,TRA 35 E 44,NO,NO,2,4
202425,TRIESTE,SCUOLA PRIMARIA,NORMALE,FINO AL TERMINE,FINO A 34,NO,NO,5,18
202425,MANTOVA,SCUOLA SECONDARIA I GRADO,SOSTEGNO,FINO AL TERMINE,TRA 35 E 44,NO,NO,0,5
202425,TRAPANI,SCUOLA SECONDARIA I GRADO,SOSTEGNO,FINO AL TERMINE,FINO A 34,NO,SI,15,41
202425,MODENA,SCUOLA SECONDARIA II GRADO,NORMALE,ANNUALE,OLTRE 54,NO,SI,10,6
202425,SALERNO,SCUOLA SECONDARIA II GRADO,NORMALE,ANNUALE,FINO A 34,SI,SI,1,0
202425,CASERTA,SCUOLA INFANZIA,NORMALE,FINO AL TERMINE,TRA 45 E 54,NO,NO,0,3
202425,AREZZO,SCUOLA PRIMARIA,NORMALE,FINO AL TERMINE,TRA 45 E 54,NO,NO,0,9
202425,GORIZIA,SCUOLA SECONDARIA II GRADO,NORMALE,ANNUALE,OLTRE 54,NO,SI,4,0
202425,PAVIA,SCUOLA SECONDARIA II GRADO,NORMALE,FINO AL TERMINE,OLTRE 54,NO,NO,7,11
202425,UDINE,SCUOLA SECONDARIA II GRADO,SOSTEGNO,FINO AL TERMINE,OLTRE 54,NO,SI,4,6
202425,ROMA,SCUOLA PRIMARIA,SOSTEGNO,FINO AL TERMINE,TRA 45 E 54,NO,SI,76,1148
202425,LODI,SCUOLA INFANZIA,SOSTEGNO,FINO AL TERMINE,TRA 35 E 44,NO,SI,0,14
202425,FORLI'-CESENA,SCUOLA SECONDARIA II GRADO,NORMALE,ANNUALE,FINO A 34,NO,SI,20,18
202425,TERAMO,SCUOLA INFANZIA,NORMALE,ANNUALE,TRA 45 E 54,NO,SI,0,2
202425,MATERA,SCUOLA PRIMARIA,NORMALE,FINO AL TERMINE,TRA 35 E 44,NO,SI,0,3
202425,PISTOIA,SCUOLA SECONDARIA II GRADO,SOSTEGNO,FINO AL TERMINE,TRA 45 E 54,NO,NO,4,10
202425,BERGAMO,SCUOLA INFANZIA,SOSTEGNO,FINO AL TERMINE,TRA 35 E 44,NO,SI,0,30
202425,FERMO,SCUOLA SECONDARIA II GRADO,SOSTEGNO,ANNUALE,TRA 35 E 44,SI,SI,0,2
202425,SALERNO,SCUOLA INFANZIA,SOSTEGNO,ANNUALE,TRA 45 E 54,NO,SI,0,1
202425,BRINDISI,SCUOLA PRIMARIA,NORMALE,FINO AL TERMINE,FINO A 34,NO,SI,0,9
202425,SONDRIO,SCUOLA PRIMARIA,SOSTEGNO,FINO AL TERMINE,TRA 35 E 44,NO,SI,2,14
202425,SONDRIO,SCUOLA SECONDARIA I GRADO,NORMALE,ANNUALE,TRA 35 E 44,NO,SI,1,4
202425,MANTOVA,SCUOLA PRIMARIA,NORMALE,FINO AL TERMINE,FINO A 34,NO,NO,13,24
202425,SIENA,SCUOLA SECONDARIA I GRADO,NORMALE,FINO AL TERMINE,TRA 35 E 44,NO,NO,2,14
202425,VICENZA,SCUOLA INFANZIA,SOSTEGNO,FINO AL TERMINE,TRA 35 E 44,NO,NO,0,11
202425,FROSINONE,SCUOLA PRIMARIA,NORMALE,FINO AL TERMINE,TRA 45 E 54,NO,NO,5,15
202425,PARMA,SCUOLA SECONDARIA I GRADO,NORMALE,FINO AL TERMINE,OLTRE 54,NO,SI,4,8
202425,FERMO,SCUOLA INFANZIA,SOSTEGNO,FINO AL TERMINE,TRA 35 E 44,NO,NO,0,2
202425,TREVISO,SCUOLA INFANZIA,SOSTEGNO,FINO AL TERMINE,OLTRE 54,NO,NO,1,7
202425,COMO,SCUOLA SECONDARIA I GRADO,SOSTEGNO,ANNUALE,TRA 35 E 44,SI,NO,1,4
202425,SASSARI,SCUOLA SECONDARIA I GRADO,NORMALE,FINO AL TERMINE,OLTRE 54,NO,SI,1,2
202425,TORINO,SCUOLA PRIMARIA,SOSTEGNO,ANNUALE,TRA 35 E 44,SI,SI,4,29
202425,REGGIO CALABRIA,SCUOLA PRIMARIA,NORMALE,FINO AL TERMINE,TRA 45 E 54,NO,NO,2,18
202425,VERONA,SCUOLA SECONDARIA II GRADO,SOSTEGNO,FINO AL TERMINE,TRA 45 E 54,NO,SI,16,33
202425,MILANO,SCUOLA SECONDARIA I GRADO,SOSTEGNO,ANNUALE,TRA 45 E 54,NO,SI,6,3
202425,LIVORNO,SCUOLA SECONDARIA II GRADO,SOSTEGNO,FINO AL TERMINE,TRA 45 E 54,NO,SI,20,52
202425,VERBANO-CUSIO-OSSOLA,SCUOLA SECONDARIA I GRADO,SOSTEGNO,FINO AL TERMINE,TRA 35 E 44,NO,SI,11,20
202425,LODI,SCUOLA SECONDARIA II GRADO,NORMALE,ANNUALE,TRA 35 E 44,NO,NO,0,1
202425,RIMINI,SCUOLA PRIMARIA,NORMALE,FINO AL TERMINE,TRA 35 E 44,NO,SI,1,13
202425,BENEVENTO,SCUOLA SECONDARIA I GRADO,SOSTEGNO,FINO AL TERMINE,FINO A 34,NO,NO,0,2
202425,UDINE,SCUOLA PRIMARIA,SOSTEGNO,ANNUALE,TRA 45 E 54,NO,SI,1,7
202425,COSENZA,SCUOLA SECONDARIA II GRADO,SOSTEGNO,ANNUALE,OLTRE 54,NO,SI,0,1
202425,PESCARA,SCUOLA SECONDARIA II GRADO,SOSTEGNO,FINO AL TERMINE,FINO A 34,NO,SI,2,35
202425,CHIETI,SCUOLA SECONDARIA I GRADO,NORMALE,ANNUALE,TRA 35 E 44,NO,NO,1,0
202425,VERBANO-CUSIO-OSSOLA,SCUOLA INFANZIA,SOSTEGNO,FINO AL TERMINE,OLTRE 54,NO,SI,0,7
202425,SASSARI,SCUOLA PRIMARIA,SOSTEGNO,FINO AL TERMINE,OLTRE 54,NO,NO,0,5
202425,BENEVENTO,SCUOLA PRIMARIA,NORMALE,FINO AL TERMINE,OLTRE 54,NO,SI,0,5
202425,ASTI,SCUOLA SECONDARIA I GRADO,NORMALE,ANNUALE,TRA 35 E 44,NO,SI,2,8
202425,CATANIA,SCUOLA SECONDARIA I GRADO,NORMALE,FINO AL TERMINE,TRA 35 E 44,NO,SI,8,22
202425,LUCCA,SCUOLA SECONDARIA I GRADO,NORMALE,FINO AL TERMINE,TRA 45 E 54,NO,NO,3,16
202425,FOGGIA,SCUOLA INFANZIA,NORMALE,FINO AL TERMINE,TRA 45 E 54,NO,NO,0,4
202425,PAVIA,SCUOLA SECONDARIA I GRADO,SOSTEGNO,ANNUALE,OLTRE 54,SI,SI,3,2
202425,VARESE,SCUOLA INFANZIA,SOSTEGNO,ANNUALE,OLTRE 54,NO,SI,0,4
202425,CREMONA,SCUOLA SECONDARIA I GRADO,NORMALE,ANNUALE,TRA 35 E 44,SI,SI,0,1
202425,BARLETTA-ANDRIA-TRANI,SCUOLA INFANZIA,NORMALE,FINO AL TERMINE,FINO A 34,NO,SI,0,2
202425,TARANTO,SCUOLA SECONDARIA II GRADO,NORMALE,ANNUALE,TRA 45 E 54,NO,NO,3,3
202425,COMO,SCUOLA SECONDARIA II GRADO,SOSTEGNO,ANNUALE,TRA 35 E 44,SI,SI,8,16
202425,GORIZIA,SCUOLA SECONDARIA II GRADO,NORMALE,FINO AL TERMINE,FINO A 34,NO,NO,11,21
202425,FOGGIA,SCUOLA PRIMARIA,NORMALE,ANNUALE,TRA 35 E 44,NO,NO,0,1
202425,PAVIA,SCUOLA INFANZIA,SOSTEGNO,ANNUALE,TRA 35 E 44,SI,SI,0,2
202425,VERONA,SCUOLA PRIMARIA,SOSTEGNO,ANNUALE,FINO A 34,SI,SI,0,17
202425,ALESSANDRIA,SCUOLA SECONDARIA II GRADO,SOSTEGNO,FINO AL TERMINE,TRA 35 E 44,NO,SI,10,51
202425,VARESE,SCUOLA INFANZIA,SOSTEGNO,FINO AL TERMINE,TRA 35 E 44,NO,SI,0,18
202425,NOVARA,SCUOLA SECONDARIA I GRADO,SOSTEGNO,FINO AL TERMINE,TRA 45 E 54,NO,NO,3,4
202425,FERMO,SCUOLA SECONDARIA I GRADO,SOSTEGNO,FINO AL TERMINE,TRA 45 E 54,NO,NO,0,4
202425,RAVENNA,SCUOLA PRIMARIA,SOSTEGNO,ANNUALE,TRA 35 E 44,NO,SI,1,19
202425,CALTANISSETTA,SCUOLA INFANZIA,SOSTEGNO,FINO AL TERMINE,OLTRE 54,NO,SI,0,5
202425,MONZA E DELLA BRIANZA,SCUOLA PRIMARIA,SOSTEGNO,FINO AL TERMINE,TRA 45 E 54,NO,SI,9,93
202425,SIENA,SCUOLA PRIMARIA,SOSTEGNO,ANNUALE,TRA 45 E 54,SI,NO,0,1
202425,MODENA,SCUOLA INFANZIA,NORMALE,FINO AL TERMINE,OLTRE 54,NO,SI,0,4
202425,FOGGIA,SCUOLA SECONDARIA II GRADO,SOSTEGNO,ANNUALE,TRA 45 E 54,NO,SI,1,1
202425,RAGUSA,SCUOLA PRIMARIA,SOSTEGNO,FINO AL TERMINE,TRA 35 E 44,NO,SI,0,93
202425,GENOVA,SCUOLA SECONDARIA II GRADO,NORMALE,ANNUALE,FINO A 34,NO,SI,72,68
202425,BOLOGNA,SCUOLA INFANZIA,SOSTEGNO,FINO AL TERMINE,OLTRE 54,NO,SI,0,24
202425,MESSINA,SCUOLA SECONDARIA I GRADO,NORMALE,ANNUALE,OLTRE 54,NO,NO,0,1
202425,GROSSETO,SCUOLA SECONDARIA I GRADO,NORMALE,ANNUALE,FINO A 34,NO,SI,13,9
202425,NAPOLI,SCUOLA SECONDARIA II GRADO,NORMALE,FINO AL TERMINE,TRA 45 E 54,NO,SI,47,83
202425,COMO,SCUOLA SECONDARIA I GRADO,NORMALE,ANNUALE,TRA 45 E 54,NO,NO,0,2
202425,CAGLIARI,SCUOLA SECONDARIA I GRADO,SOSTEGNO,FINO AL TERMINE,TRA 45 E 54,NO,SI,29,69
202425,MODENA,SCUOLA SECONDARIA I GRADO,SOSTEGNO,ANNUALE,OLTRE 54,SI,SI,1,0
202425,PORDENONE,SCUOLA SECONDARIA II GRADO,NORMALE,ANNUALE,TRA 35 E 44,NO,NO,0,1
202425,BRESCIA,SCUOLA INFANZIA,SOSTEGNO,FINO AL TERMINE,TRA 35 E 44,NO,SI,0,29
202425,ROMA,SCUOLA SECONDARIA I GRADO,NORMALE,FINO AL TERMINE,OLTRE 54,NO,SI,13,22
202425,TERAMO,SCUOLA PRIMARIA,NORMALE,FINO AL TERMINE,TRA 35 E 44,NO,SI,2,4
202425,LECCO,SCUOLA SECONDARIA I GRADO,NORMALE,ANNUALE,TRA 35 E 44,NO,SI,4,5
202425,IMPERIA,SCUOLA SECONDARIA I GRADO,SOSTEGNO,ANNUALE,TRA 35 E 44,NO,SI,2,7
202425,PALERMO,SCUOLA SECONDARIA I GRADO,SOSTEGNO,FINO AL TERMINE,OLTRE 54,NO,NO,1,1
202425,BELLUNO,SCUOLA SECONDARIA II GRADO,NORMALE,FINO AL TERMINE,OLTRE 54,NO,NO,4,6
202425,AREZZO,SCUOLA SECONDARIA II GRADO,NORMALE,FINO AL TERMINE,FINO A 34,NO,SI,9,12
202425,LATINA,SCUOLA SECONDARIA II GRADO,NORMALE,FINO AL TERMINE,TRA 45 E 54,NO,NO,27,32
202425,RAVENNA,SCUOLA PRIMARIA,NORMALE,ANNUALE,TRA 35 E 44,NO,SI,1,3
202425,MONZA E DELLA BRIANZA,SCUOLA PRIMARIA,SOSTEGNO,ANNUALE,FINO A 34,SI,SI,0,13
202425,BENEVENTO,SCUOLA PRIMARIA,SOSTEGNO,FINO AL TERMINE,TRA 45 E 54,NO,NO,0,11
202425,SONDRIO,SCUOLA SECONDARIA I GRADO,SOSTEGNO,ANNUALE,FINO A 34,NO,SI,1,1
202425,RIETI,SCUOLA INFANZIA,NORMALE,FINO AL TERMINE,OLTRE 54,NO,SI,0,7
202425,SIENA,SCUOLA SECONDARIA II GRADO,SOSTEGNO,FINO AL TERMINE,TRA 45 E 54,NO,NO,0,4
202425,GENOVA,SCUOLA SECONDARIA II GRADO,NORMALE,FINO AL TERMINE,TRA 45 E 54,NO,NO,21,42
202425,BRESCIA,SCUOLA PRIMARIA,NORMALE,FINO AL TERMINE,TRA 45 E 54,NO,NO,5,22
202425,TREVISO,SCUOLA SECONDARIA II GRADO,NORMALE,FINO AL TERMINE,OLTRE 54,NO,NO,13,25
202425,MASSA-CARRARA,SCUOLA SECONDARIA I GRADO,SOSTEGNO,FINO AL TERMINE,TRA 35 E 44,NO,NO,0,11
202425,REGGIO EMILIA,SCUOLA SECONDARIA I GRADO,SOSTEGNO,ANNUALE,TRA 35 E 44,SI,NO,0,1
202425,VERBANO-CUSIO-OSSOLA,SCUOLA INFANZIA,NORMALE,ANNUALE,TRA 45 E 54,NO,SI,0,1
202425,TORINO,SCUOLA PRIMARIA,SOSTEGNO,FINO AL TERMINE,FINO A 34,NO,SI,142,1058
202425,CALTANISSETTA,SCUOLA PRIMARIA,SOSTEGNO,FINO AL TERMINE,FINO A 34,NO,NO,0,3
202425,MACERATA,SCUOLA SECONDARIA I GRADO,NORMALE,ANNUALE,TRA 35 E 44,NO,SI,1,4
202425,CUNEO,SCUOLA SECONDARIA II GRADO,SOSTEGNO,ANNUALE,TRA 35 E 44,SI,SI,2,7
202425,TERAMO,SCUOLA SECONDARIA I GRADO,SOSTEGNO,FINO AL TERMINE,TRA 45 E 54,NO,NO,1,2
202425,LUCCA,SCUOLA SECONDARIA II GRADO,NORMALE,ANNUALE,TRA 45 E 54,NO,NO,0,4
202425,FIRENZE,SCUOLA SECONDARIA II GRADO,SOSTEGNO,FINO AL TERMINE,TRA 35 E 44,NO,SI,45,183
202425,PESARO E URBINO,SCUOLA SECONDARIA I GRADO,SOSTEGNO,FINO AL TERMINE,FINO A 34,NO,NO,4,5
202425,NOVARA,SCUOLA SECONDARIA I GRADO,NORMALE,FINO AL TERMINE,OLTRE 54,NO,NO,3,3
202425,MONZA E DELLA BRIANZA,SCUOLA SECONDARIA II GRADO,SOSTEGNO,FINO AL TERMINE,TRA 35 E 44,NO,NO,0,7
202425,PALERMO,SCUOLA SECONDARIA II GRADO,NORMALE,ANNUALE,OLTRE 54,NO,SI,8,4
202425,LATINA,SCUOLA SECONDARIA II GRADO,NORMALE,FINO AL TERMINE,OLTRE 54,NO,NO,10,14
202425,LECCE,SCUOLA PRIMARIA,SOSTEGNO,ANNUALE,TRA 45 E 54,NO,SI,0,1
202425,PISA,SCUOLA PRIMARIA,NORMALE,FINO AL TERMINE,TRA 35 E 44,NO,SI,0,14
202425,LECCE,SCUOLA SECONDARIA II GRADO,NORMALE,ANNUALE,FINO A 34,SI,SI,1,0
202425,MODENA,SCUOLA INFANZIA,SOSTEGNO,FINO AL TERMINE,TRA 35 E 44,NO,NO,0,9
202425,LA SPEZIA,SCUOLA PRIMARIA,SOSTEGNO,ANNUALE,TRA 45 E 54,NO,SI,0,5
202425,AGRIGENTO,SCUOLA SECONDARIA II GRADO,NORMALE,FINO AL TERMINE,TRA 45 E 54,NO,NO,17,19
202425,SONDRIO,SCUOLA SECONDARIA II GRADO,NORMALE,FINO AL TERMINE,TRA 35 E 44,NO,SI,3,2
202425,RIMINI,SCUOLA SECONDARIA II GRADO,SOSTEGNO,FINO AL TERMINE,TRA 45 E 54,NO,NO,0,7
202425,MASSA-CARRARA,SCUOLA INFANZIA,NORMALE,ANNUALE,OLTRE 54,NO,SI,0,1
202425,RAVENNA,SCUOLA SECONDARIA I GRADO,SOSTEGNO,FINO AL TERMINE,TRA 35 E 44,NO,SI,5,21
202425,SASSARI,SCUOLA SECONDARIA I GRADO,NORMALE,FINO AL TERMINE,TRA 35 E 44,NO,SI,6,5
202425,NUORO,SCUOLA PRIMARIA,NORMALE,FINO AL TERMINE,FINO A 34,NO,NO,4,4
202425,L'AQUILA,SCUOLA PRIMARIA,NORMALE,FINO AL TERMINE,OLTRE 54,NO,NO,3,5
202425,BERGAMO,SCUOLA SECONDARIA II GRADO,SOSTEGNO,FINO AL TERMINE,OLTRE 54,NO,NO,1,0
202425,CUNEO,SCUOLA PRIMARIA,SOSTEGNO,ANNUALE,OLTRE 54,SI,SI,0,1
202425,BOLOGNA,SCUOLA PRIMARIA,SOSTEGNO,ANNUALE,TRA 35 E 44,SI,SI,0,11
202425,ROVIGO,SCUOLA PRIMARIA,NORMALE,FINO AL TERMINE,TRA 35 E 44,NO,SI,0,5
202425,CASERTA,SCUOLA SECONDARIA I GRADO,NORMALE,FINO AL TERMINE,OLTRE 54,NO,SI,3,3
202425,GROSSETO,SCUOLA SECONDARIA II GRADO,SOSTEGNO,FINO AL TERMINE,TRA 45 E 54,NO,SI,13,33
202425,PISA,SCUOLA SECONDARIA I GRADO,SOSTEGNO,ANNUALE,TRA 35 E 44,SI,NO,0,1
202425,GENOVA,SCUOLA SECONDARIA I GRADO,NORMALE,ANNUALE,TRA 45 E 54,NO,NO,0,1
202425,ROMA,SCUOLA SECONDARIA I GRADO,SOSTEGNO,FINO AL TERMINE,OLTRE 54,NO,NO,1,12
202425,NOVARA,SCUOLA INFANZIA,SOSTEGNO,ANNUALE,TRA 35 E 44,SI,NO,0,1
202425,MASSA-CARRARA,SCUOLA SECONDARIA II GRADO,NORMALE,FINO AL TERMINE,FINO A 34,NO,NO,18,23
202425,PIACENZA,SCUOLA INFANZIA,NORMALE,ANNUALE,OLTRE 54,NO,SI,0,9
202425,LECCO,SCUOLA SECONDARIA II GRADO,NORMALE,FINO AL TERMINE,TRA 35 E 44,NO,NO,10,22
202425,TRAPANI,SCUOLA PRIMARIA,SOSTEGNO,FINO AL TERMINE,OLTRE 54,NO,NO,1,2
202425,MODENA,SCUOLA SECONDARIA II GRADO,NORMALE,FINO AL TERMINE,TRA 35 E 44,NO,NO,45,57
202425,REGGIO EMILIA,SCUOLA INFANZIA,SOSTEGNO,FINO AL TERMINE,FINO A 34,NO,SI,0,3
202425,RAVENNA,SCUOLA PRIMARIA,SOSTEGNO,FINO AL TERMINE,TRA 35 E 44,NO,NO,3,34
202425,CAMPOBASSO,SCUOLA SECONDARIA I GRADO,NORMALE,FINO AL TERMINE,FINO A 34,NO,NO,5,5
202425,SIENA,SCUOLA INFANZIA,NORMALE,FINO AL TERMINE,TRA 45 E 54,NO,SI,0,9
202425,ANCONA,SCUOLA SECONDARIA II GRADO,SOSTEGNO,FINO AL TERMINE,TRA 35 E 44,NO,SI,27,79
202425,TERAMO,SCUOLA SECONDARIA II GRADO,NORMALE,FINO AL TERMINE,TRA 35 E 44,NO,SI,4,14
202425,MILANO,SCUOLA SECONDARIA I GRADO,NORMALE,FINO AL TERMINE,OLTRE 54,NO,NO,6,59
202425,BRINDISI,SCUOLA SECONDARIA I GRADO,SOSTEGNO,FINO AL TERMINE,OLTRE 54,NO,SI,2,5
202425,ROMA,SCUOLA INFANZIA,SOSTEGNO,FINO AL TERMINE,TRA 45 E 54,NO,NO,0,38
202425,ALESSANDRIA,SCUOLA PRIMARIA,SOSTEGNO,ANNUALE,TRA 35 E 44,SI,SI,0,3
202425,L'AQUILA,SCUOLA SECONDARIA I GRADO,SOSTEGNO,FINO AL TERMINE,FINO A 34,NO,NO,3,6
202425,PESCARA,SCUOLA INFANZIA,SOSTEGNO,FINO AL TERMINE,TRA 35 E 44,NO,SI,0,37
202425,PESCARA,SCUOLA PRIMARIA,NORMALE,FINO AL TERMINE,TRA 35 E 44,NO,NO,4,13
202425,MASSA-CARRARA,SCUOLA SECONDARIA II GRADO,SOSTEGNO,FINO AL TERMINE,FINO A 34,NO,SI,8,20
202425,LODI,SCUOLA PRIMARIA,NORMALE,FINO AL TERMINE,TRA 35 E 44,NO,SI,1,13
202425,CATANIA,SCUOLA PRIMARIA,NORMALE,FINO AL TERMINE,OLTRE 54,NO,SI,3,34
202425,LECCE,SCUOLA SECONDARIA II GRADO,NORMALE,FINO AL TERMINE,TRA 35 E 44,NO,NO,16,34
202425,PIACENZA,SCUOLA SECONDARIA I GRADO,SOSTEGNO,FINO AL TERMINE,TRA 45 E 54,NO,NO,1,6
202425,ANCONA,SCUOLA PRIMARIA,SOSTEGNO,FINO AL TERMINE,FINO A 34,NO,SI,3,108
202425,BERGAMO,SCUOLA SECONDARIA I GRADO,NORMALE,FINO AL TERMINE,TRA 35 E 44,NO,NO,19,49
202425,BELLUNO,SCUOLA SECONDARIA I GRADO,SOSTEGNO,ANNUALE,OLTRE 54,SI,SI,1,2
202425,CHIETI,SCUOLA SECONDARIA II GRADO,NORMALE,FINO AL TERMINE,TRA 45 E 54,NO,SI,4,12
202425,SIRACUSA,SCUOLA SECONDARIA I GRADO,NORMALE,ANNUALE,OLTRE 54,NO,SI,1,0
202425,FIRENZE,SCUOLA SECONDARIA I GRADO,NORMALE,FINO AL TERMINE,TRA 35 E 44,NO,NO,15,26
202425,VERCELLI,SCUOLA PRIMARIA,SOSTEGNO,FINO AL TERMINE,TRA 45 E 54,NO,SI,3,19
202425,CUNEO,SCUOLA INFANZIA,SOSTEGNO,FINO AL TERMINE,OLTRE 54,NO,NO,0,5
202425,TREVISO,SCUOLA SECONDARIA II GRADO,SOSTEGNO,FINO AL TERMINE,FINO A 34,NO,SI,14,76
202425,POTENZA,SCUOLA SECONDARIA II GRADO,SOSTEGNO,FINO AL TERMINE,TRA 45 E 54,NO,NO,0,4
202425,TARANTO,SCUOLA INFANZIA,SOSTEGNO,ANNUALE,TRA 35 E 44,SI,SI,0,1
202425,ENNA,SCUOLA SECONDARIA II GRADO,SOSTEGNO,FINO AL TERMINE,TRA 35 E 44,NO,SI,0,6
202425,PESARO E URBINO,SCUOLA PRIMARIA,NORMALE,FINO AL TERMINE,FINO A 34,NO,SI,1,22
202425,ISERNIA,SCUOLA SECONDARIA I GRADO,NORMALE,ANNUALE,TRA 35 E 44,NO,SI,1,5
202425,TORINO,SCUOLA SECONDARIA I GRADO,NORMALE,ANNUALE,OLTRE 54,NO,SI,5,27
202425,VARESE,SCUOLA SECONDARIA I GRADO,SOSTEGNO,ANNUALE,TRA 45 E 54,NO,SI,0,1
202425,AREZZO,SCUOLA INFANZIA,NORMALE,FINO AL TERMINE,FINO A 34,NO,NO,0,1
202425,TRIESTE,SCUOLA SECONDARIA I GRADO,SOSTEGNO,FINO AL TERMINE,OLTRE 54,NO,NO,0,1
202425,FORLI'-CESENA,SCUOLA INFANZIA,NORMALE,FINO AL TERMINE,TRA 35 E 44,NO,SI,0,1
202425,POTENZA,SCUOLA PRIMARIA,NORMALE,ANNUALE,TRA 45 E 54,NO,SI,0,21
202425,FERMO,SCUOLA INFANZIA,SOSTEGNO,FINO AL TERMINE,OLTRE 54,NO,SI,0,12
202425,MONZA E DELLA BRIANZA,SCUOLA SECONDARIA II GRADO,NORMALE,ANNUALE,FINO A 34,NO,SI,64,62
202425,SALERNO,SCUOLA SECONDARIA II GRADO,SOSTEGNO,ANNUALE,OLTRE 54,NO,SI,2,0
202425,CHIETI,SCUOLA SECONDARIA II GRADO,NORMALE,FINO AL TERMINE,OLTRE 54,NO,SI,6,3
202425,ASCOLI PICENO,SCUOLA INFANZIA,SOSTEGNO,FINO AL TERMINE,FINO A 34,NO,SI,0,3
202425,LECCE,SCUOLA SECONDARIA II GRADO,NORMALE,FINO AL TERMINE,TRA 45 E 54,NO,SI,7,13
202425,CAMPOBASSO,SCUOLA PRIMARIA,NORMALE,ANNUALE,FINO A 34,NO,SI,0,1
202425,MACERATA,SCUOLA SECONDARIA I GRADO,SOSTEGNO,FINO AL TERMINE,FINO A 34,NO,SI,6,19
202425,PISTOIA,SCUOLA PRIMARIA,NORMALE,ANNUALE,TRA 35 E 44,NO,SI,1,4
202425,VERONA,SCUOLA SECONDARIA II GRADO,SOSTEGNO,FINO AL TERMINE,TRA 45 E 54,NO,NO,1,2
202425,MILANO,SCUOLA SECONDARIA I GRADO,SOSTEGNO,ANNUALE,TRA 35 E 44,NO,SI,8,12
202425,FIRENZE,SCUOLA SECONDARIA II GRADO,NORMALE,ANNUALE,TRA 45 E 54,NO,SI,34,35
202425,CATANIA,SCUOLA SECONDARIA II GRADO,NORMALE,FINO AL TERMINE,TRA 45 E 54,NO,SI,17,34
202425,TERNI,SCUOLA SECONDARIA II GRADO,NORMALE,ANNUALE,OLTRE 54,NO,SI,5,5
202425,ROMA,SCUOLA SECONDARIA II GRADO,NORMALE,ANNUALE,FINO A 34,NO,NO,4,5
202425,LA SPEZIA,SCUOLA INFANZIA,SOSTEGNO,FINO AL TERMINE,OLTRE 54,NO,NO,0,1
202425,LODI,SCUOLA SECONDARIA II GRADO,NORMALE,ANNUALE,OLTRE 54,NO,SI,3,2
202425,FERRARA,SCUOLA INFANZIA,SOSTEGNO,ANNUALE,FINO A 34,SI,SI,0,2
202425,VERBANO-CUSIO-OSSOLA,SCUOLA PRIMARIA,SOSTEGNO,ANNUALE,FINO A 34,NO,SI,1,8
202425,REGGIO EMILIA,SCUOLA PRIMARIA,SOSTEGNO,ANNUALE,OLTRE 54,NO,SI,0,14
202425,SONDRIO,SCUOLA INFANZIA,NORMALE,FINO AL TERMINE,OLTRE 54,NO,SI,0,2
202425,CUNEO,SCUOLA SECONDARIA I GRADO,NORMALE,FINO AL TERMINE,FINO A 34,NO,NO,13,45
202425,VARESE,SCUOLA SECONDARIA II GRADO,SOSTEGNO,ANNUALE,TRA 45 E 54,SI,SI,0,3
202425,TORINO,SCUOLA SECONDARIA I GRADO,SOSTEGNO,FINO AL TERMINE,OLTRE 54,NO,NO,7,3
202425,CATANIA,SCUOLA SECONDARIA II GRADO,SOSTEGNO,FINO AL TERMINE,TRA 45 E 54,NO,NO,3,6
202425,MILANO,SCUOLA SECONDARIA I GRADO,SOSTEGNO,FINO AL TERMINE,TRA 35 E 44,NO,SI,175,323
202425,BOLOGNA,SCUOLA SECONDARIA I GRADO,NORMALE,FINO AL TERMINE,FINO A 34,NO,NO,22,53
202425,PAVIA,SCUOLA SECONDARIA II GRADO,SOSTEGNO,ANNUALE,OLTRE 54,SI,SI,0,1
202425,VERCELLI,SCUOLA SECONDARIA I GRADO,NORMALE,FINO AL TERMINE,TRA 45 E 54,NO,NO,2,2
202425,TERAMO,SCUOLA INFANZIA,SOSTEGNO,FINO AL TERMINE,FINO A 34,NO,SI,0,6
202425,SUD SARDEGNA,SCUOLA SECONDARIA I GRADO,NORMALE,FINO AL TERMINE,TRA 45 E 54,NO,SI,6,8
202425,NAPOLI,SCUOLA PRIMARIA,NORMALE,FINO AL TERMINE,TRA 35 E 44,NO,SI,6,48
202425,BERGAMO,SCUOLA PRIMARIA,NORMALE,FINO AL TERMINE,FINO A 34,NO,NO,43,55
202425,PORDENONE,SCUOLA INFANZIA,SOSTEGNO,FINO AL TERMINE,TRA 35 E 44,NO,NO,0,2
202425,ROVIGO,SCUOLA SECONDARIA I GRADO,SOSTEGNO,ANNUALE,FINO A 34,SI,SI,3,12
202425,VARESE,SCUOLA PRIMARIA,SOSTEGNO,ANNUALE,OLTRE 54,SI,SI,0,1
202425,COMO,SCUOLA INFANZIA,SOSTEGNO,ANNUALE,TRA 45 E 54,SI,SI,0,6
202425,MODENA,SCUOLA PRIMARIA,SOSTEGNO,FINO AL TERMINE,TRA 35 E 44,NO,NO,0,19
202425,CHIETI,SCUOLA INFANZIA,SOSTEGNO,FINO AL TERMINE,FINO A 34,NO,SI,0,3
202425,PAVIA,SCUOLA PRIMARIA,NORMALE,FINO AL TERMINE,FINO A 34,NO,NO,16,14
202425,PIACENZA,SCUOLA SECONDARIA II GRADO,SOSTEGNO,FINO AL TERMINE,FINO A 34,NO,NO,1,3
202425,BOLOGNA,SCUOLA SECONDARIA II GRADO,NORMALE,FINO AL TERMINE,FINO A 34,NO,SI,29,46
202425,VERONA,SCUOLA SECONDARIA I GRADO,NORMALE,FINO AL TERMINE,TRA 45 E 54,NO,SI,3,6
202425,TREVISO,SCUOLA SECONDARIA II GRADO,NORMALE,ANNUALE,TRA 35 E 44,SI,NO,0,1
202425,SAVONA,SCUOLA SECONDARIA I GRADO,SOSTEGNO,ANNUALE,OLTRE 54,NO,SI,1,1
202425,MATERA,SCUOLA SECONDARIA II GRADO,SOSTEGNO,FINO AL TERMINE,TRA 45 E 54,NO,SI,5,15
202425,MONZA E DELLA BRIANZA,SCUOLA SECONDARIA I GRADO,SOSTEGNO,FINO AL TERMINE,TRA 45 E 54,NO,NO,1,8
202425,FERRARA,SCUOLA INFANZIA,SOSTEGNO,FINO AL TERMINE,TRA 35 E 44,NO,NO,0,5
202425,PADOVA,SCUOLA SECONDARIA II GRADO,NORMALE,FINO AL TERMINE,TRA 45 E 54,NO,NO,30,53
202425,TRAPANI,SCUOLA INFANZIA,SOSTEGNO,ANNUALE,TRA 45 E 54,NO,SI,0,1
202425,MASSA-CARRARA,SCUOLA INFANZIA,SOSTEGNO,FINO AL TERMINE,TRA 45 E 54,NO,SI,1,15
202425,VENEZIA,SCUOLA SECONDARIA I GRADO,NORMALE,ANNUALE,TRA 35 E 44,NO,SI,13,35
202425,IMPERIA,SCUOLA SECONDARIA I GRADO,NORMALE,FINO AL TERMINE,TRA 45 E 54,NO,SI,1,0
202425,CHIETI,SCUOLA SECONDARIA II GRADO,SOSTEGNO,FINO AL TERMINE,FINO A 34,NO,NO,0,5
202425,VARESE,SCUOLA SECONDARIA II GRADO,SOSTEGNO,ANNUALE,TRA 35 E 44,NO,SI,1,0
202425,MODENA,SCUOLA PRIMARIA,NORMALE,ANNUALE,FINO A 34,NO,SI,7,44
202425,TERNI,SCUOLA INFANZIA,NORMALE,FINO AL TERMINE,OLTRE 54,NO,SI,0,4
202425,LUCCA,SCUOLA SECONDARIA I GRADO,SOSTEGNO,FINO AL TERMINE,TRA 45 E 54,NO,SI,9,26
202425,UDINE,SCUOLA PRIMARIA,SOSTEGNO,FINO AL TERMINE,TRA 35 E 44,NO,NO,3,19
202425,LODI,SCUOLA INFANZIA,NORMALE,FINO AL TERMINE,TRA 45 E 54,NO,NO,0,3
202425,PARMA,SCUOLA SECONDARIA I GRADO,SOSTEGNO,FINO AL TERMINE,TRA 45 E 54,NO,SI,4,17
202425,NAPOLI,SCUOLA INFANZIA,SOSTEGNO,FINO AL TERMINE,TRA 35 E 44,NO,SI,1,251
202425,RAGUSA,SCUOLA SECONDARIA II GRADO,NORMALE,FINO AL TERMINE,TRA 45 E 54,NO,SI,7,7
202425,SASSARI,SCUOLA PRIMARIA,NORMALE,FINO AL TERMINE,FINO A 34,NO,SI,0,4
202425,ASTI,SCUOLA PRIMARIA,NORMALE,FINO AL TERMINE,TRA 35 E 44,NO,SI,1,8
202425,LECCE,SCUOLA SECONDARIA II GRADO,SOSTEGNO,FINO AL TERMINE,TRA 45 E 54,NO,SI,7,43
202425,VARESE,SCUOLA SECONDARIA II GRADO,SOSTEGNO,FINO AL TERMINE,FINO A 34,NO,SI,29,86
202425,PISTOIA,SCUOLA SECONDARIA I GRADO,NORMALE,FINO AL TERMINE,TRA 35 E 44,NO,NO,4,7
202425,FOGGIA,SCUOLA PRIMARIA,NORMALE,FINO AL TERMINE,TRA 45 E 54,NO,SI,1,26
202425,BOLOGNA,SCUOLA SECONDARIA II GRADO,SOSTEGNO,ANNUALE,FINO A 34,NO,SI,0,1
202425,NUORO,SCUOLA SECONDARIA I GRADO,SOSTEGNO,ANNUALE,OLTRE 54,NO,NO,0,1
202425,POTENZA,SCUOLA INFANZIA,NORMALE,FINO AL TERMINE,OLTRE 54,NO,NO,0,2
202425,TRIESTE,SCUOLA SECONDARIA I GRADO,NORMALE,FINO AL TERMINE,FINO A 34,NO,SI,5,6
202425,CREMONA,SCUOLA INFANZIA,NORMALE,ANNUALE,OLTRE 54,NO,SI,0,4
202425,PARMA,SCUOLA PRIMARIA,SOSTEGNO,FINO AL TERMINE,TRA 35 E 44,NO,SI,5,54
202425,MONZA E DELLA BRIANZA,SCUOLA SECONDARIA I GRADO,SOSTEGNO,ANNUALE,OLTRE 54,NO,SI,1,4
202425,TRAPANI,SCUOLA SECONDARIA II GRADO,SOSTEGNO,FINO AL TERMINE,TRA 45 E 54,NO,SI,18,55
202425,CATANIA,SCUOLA SECONDARIA II GRADO,SOSTEGNO,FINO AL TERMINE,OLTRE 54,NO,NO,0,2
202425,FORLI'-CESENA,SCUOLA INFANZIA,NORMALE,ANNUALE,TRA 35 E 44,NO,SI,0,1
202425,POTENZA,SCUOLA PRIMARIA,NORMALE,ANNUALE,FINO A 34,NO,SI,2,13
202425,MILANO,SCUOLA INFANZIA,SOSTEGNO,FINO AL TERMINE,OLTRE 54,NO,SI,1,73
202425,CREMONA,SCUOLA SECONDARIA I GRADO,NORMALE,FINO AL TERMINE,TRA 45 E 54,NO,SI,1,4
202425,VERCELLI,SCUOLA INFANZIA,NORMALE,FINO AL TERMINE,FINO A 34,NO,NO,0,5
202425,COSENZA,SCUOLA PRIMARIA,NORMALE,FINO AL TERMINE,TRA 35 E 44,NO,NO,17,18
202425,CREMONA,SCUOLA PRIMARIA,SOSTEGNO,ANNUALE,TRA 35 E 44,SI,SI,0,3
202425,NOVARA,SCUOLA SECONDARIA II GRADO,NORMALE,ANNUALE,TRA 45 E 54,NO,SI,14,20
202425,CASERTA,SCUOLA SECONDARIA I GRADO,NORMALE,ANNUALE,TRA 35 E 44,NO,NO,1,3
202425,PISTOIA,SCUOLA SECONDARIA I GRADO,SOSTEGNO,FINO AL TERMINE,OLTRE 54,NO,SI,10,26
202425,CASERTA,SCUOLA SECONDARIA II GRADO,SOSTEGNO,FINO AL TERMINE,FINO A 34,NO,SI,1,2
202425,NAPOLI,SCUOLA SECONDARIA I GRADO,NORMALE,FINO AL TERMINE,FINO A 34,NO,NO,7,38
202425,PISA,SCUOLA INFANZIA,NORMALE,FINO AL TERMINE,OLTRE 54,NO,SI,0,2
202425,CALTANISSETTA,SCUOLA SECONDARIA II GRADO,NORMALE,FINO AL TERMINE,OLTRE 54,NO,SI,5,1
202425,FROSINONE,SCUOLA SECONDARIA II GRADO,NORMALE,ANNUALE,TRA 35 E 44,NO,SI,15,27
202425,MILANO,SCUOLA PRIMARIA,NORMALE,ANNUALE,TRA 45 E 54,NO,SI,7,69
202425,PESARO E URBINO,SCUOLA SECONDARIA II GRADO,NORMALE,ANNUALE,TRA 35 E 44,NO,SI,19,18
202425,TRAPANI,SCUOLA PRIMARIA,NORMALE,FINO AL TERMINE,TRA 35 E 44,NO,SI,0,4
202425,SASSARI,SCUOLA SECONDARIA II GRADO,NORMALE,ANNUALE,FINO A 34,NO,SI,30,39
202425,TERNI,SCUOLA PRIMARIA,NORMALE,FINO AL TERMINE,OLTRE 54,NO,SI,1,5
202425,BIELLA,SCUOLA PRIMARIA,SOSTEGNO,FINO AL TERMINE,TRA 45 E 54,NO,SI,4,21
202425,CREMONA,SCUOLA INFANZIA,SOSTEGNO,ANNUALE,TRA 35 E 44,NO,SI,0,5
202425,BOLOGNA,SCUOLA INFANZIA,NORMALE,FINO AL TERMINE,FINO A 34,NO,SI,0,7
202425,SIENA,SCUOLA PRIMARIA,NORMALE,ANNUALE,TRA 45 E 54,NO,SI,0,5
202425,ENNA,SCUOLA SECONDARIA I GRADO,NORMALE,ANNUALE,FINO A 34,NO,SI,3,0
202425,BERGAMO,SCUOLA INFANZIA,NORMALE,FINO AL TERMINE,OLTRE 54,NO,NO,0,9
202425,SIENA,SCUOLA SECONDARIA II GRADO,NORMALE,ANNUALE,FINO A 34,NO,NO,1,3
202425,PIACENZA,SCUOLA PRIMARIA,NORMALE,FINO AL TERMINE,TRA 45 E 54,NO,SI,0,17
202425,ALESSANDRIA,SCUOLA INFANZIA,SOSTEGNO,ANNUALE,TRA 35 E 44,SI,SI,0,4
202425,PARMA,SCUOLA PRIMARIA,NORMALE,FINO AL TERMINE,OLTRE 54,NO,NO,1,5
202425,ENNA,SCUOLA SECONDARIA II GRADO,NORMALE,ANNUALE,FINO A 34,NO,SI,2,3
202425,BOLOGNA,SCUOLA PRIMARIA,SOSTEGNO,FINO AL TERMINE,TRA 45 E 54,NO,NO,6,17
202425,PADOVA,SCUOLA SECONDARIA I GRADO,SOSTEGNO,FINO AL TERMINE,TRA 35 E 44,NO,NO,5,13
202425,GROSSETO,SCUOLA SECONDARIA II GRADO,NORMALE,FINO AL TERMINE,TRA 35 E 44,NO,NO,11,22
202425,LECCE,SCUOLA SECONDARIA I GRADO,NORMALE,FINO AL TERMINE,FINO A 34,NO,NO,5,10
202425,CUNEO,SCUOLA SECONDARIA II GRADO,SOSTEGNO,FINO AL TERMINE,TRA 45 E 54,NO,SI,21,34
202425,CROTONE,SCUOLA SECONDARIA II GRADO,NORMALE,ANNUALE,TRA 45 E 54,NO,SI,14,12
202425,PIACENZA,SCUOLA PRIMARIA,SOSTEGNO,FINO AL TERMINE,TRA 35 E 44,NO,NO,1,4
202425,VICENZA,SCUOLA SECONDARIA II GRADO,SOSTEGNO,FINO AL TERMINE,FINO A 34,NO,SI,27,90
202425,GENOVA,SCUOLA SECONDARIA I GRADO,NORMALE,ANNUALE,TRA 35 E 44,NO,SI,6,18
202425,VARESE,SCUOLA PRIMARIA,NORMALE,FINO AL TERMINE,TRA 35 E 44,NO,NO,8,20
202425,LODI,SCUOLA PRIMARIA,SOSTEGNO,FINO AL TERMINE,TRA 35 E 44,NO,NO,0,4
202425,PESARO E URBINO,SCUOLA PRIMARIA,NORMALE,ANNUALE,FINO A 34,NO,SI,2,2
202425,IMPERIA,SCUOLA SECONDARIA II GRADO,SOSTEGNO,FINO AL TERMINE,TRA 35 E 44,NO,SI,9,17
202425,CALTANISSETTA,SCUOLA SECONDARIA I GRADO,NORMALE,FINO AL TERMINE,TRA 45 E 54,NO,NO,2,2
202425,CASERTA,SCUOLA PRIMARIA,NORMALE,FINO AL TERMINE,FINO A 34,NO,NO,12,8
202425,UDINE,SCUOLA INFANZIA,NORMALE,FINO AL TERMINE,OLTRE 54,NO,SI,0,2
202425,PIACENZA,SCUOLA SECONDARIA II GRADO,NORMALE,FINO AL TERMINE,TRA 45 E 54,NO,NO,8,19
202425,GORIZIA,SCUOLA PRIMARIA,NORMALE,FINO AL TERMINE,OLTRE 54,NO,SI,1,1
202425,FROSINONE,SCUOLA SECONDARIA I GRADO,SOSTEGNO,FINO AL TERMINE,TRA 45 E 54,NO,NO,1,6
202425,TARANTO,SCUOLA PRIMARIA,SOSTEGNO,FINO AL TERMINE,TRA 35 E 44,NO,NO,0,16
202425,ALESSANDRIA,SCUOLA SECONDARIA I GRADO,SOSTEGNO,FINO AL TERMINE,TRA 35 E 44,NO,NO,1,0
202425,PESCARA,SCUOLA SECONDARIA I GRADO,SOSTEGNO,FINO AL TERMINE,TRA 45 E 54,NO,NO,1,5
202425,MATERA,SCUOLA INFANZIA,NORMALE,FINO AL TERMINE,FINO A 34,NO,NO,0,1
202425,CASERTA,SCUOLA SECONDARIA II GRADO,NORMALE,ANNUALE,FINO A 34,NO,NO,0,2
202425,REGGIO EMILIA,SCUOLA SECONDARIA I GRADO,NORMALE,ANNUALE,TRA 35 E 44,SI,SI,0,1
202425,CAGLIARI,SCUOLA SECONDARIA II GRADO,NORMALE,FINO AL TERMINE,TRA 45 E 54,NO,NO,20,22
202425,CALTANISSETTA,SCUOLA SECONDARIA I GRADO,SOSTEGNO,FINO AL TERMINE,TRA 35 E 44,NO,NO,0,4
202425,RIETI,SCUOLA SECONDARIA I GRADO,SOSTEGNO,FINO AL TERMINE,TRA 35 E 44,NO,NO,1,3
202425,ANCONA,SCUOLA SECONDARIA I GRADO,SOSTEGNO,FINO AL TERMINE,TRA 35 E 44,NO,SI,7,54
202425,MACERATA,SCUOLA SECONDARIA II GRADO,NORMALE,FINO AL TERMINE,TRA 45 E 54,NO,SI,9,8
202425,LUCCA,SCUOLA PRIMARIA,NORMALE,FINO AL TERMINE,OLTRE 54,NO,SI,1,4
202425,BOLOGNA,SCUOLA INFANZIA,SOSTEGNO,FINO AL TERMINE,FINO A 34,NO,NO,1,31
202425,LECCO,SCUOLA SECONDARIA II GRADO,NORMALE,ANNUALE,OLTRE 54,NO,NO,0,1
202425,TRAPANI,SCUOLA SECONDARIA I GRADO,NORMALE,FINO AL TERMINE,TRA 35 E 44,NO,SI,5,11
202425,SUD SARDEGNA,SCUOLA SECONDARIA II GRADO,SOSTEGNO,ANNUALE,TRA 45 E 54,NO,SI,0,1
202425,BRESCIA,SCUOLA PRIMARIA,SOSTEGNO,FINO AL TERMINE,OLTRE 54,NO,SI,4,55
202425,LECCE,SCUOLA PRIMARIA,NORMALE,ANNUALE,TRA 45 E 54,NO,SI,0,2
202425,VARESE,SCUOLA SECONDARIA I GRADO,SOSTEGNO,ANNUALE,FINO A 34,SI,SI,21,69
202425,TERNI,SCUOLA PRIMARIA,SOSTEGNO,ANNUALE,TRA 45 E 54,NO,SI,0,1
202425,SIRACUSA,SCUOLA SECONDARIA I GRADO,NORMALE,FINO AL TERMINE,TRA 45 E 54,NO,NO,5,7
202425,FIRENZE,SCUOLA SECONDARIA II GRADO,SOSTEGNO,ANNUALE,OLTRE 54,SI,SI,1,1
202425,UDINE,SCUOLA SECONDARIA II GRADO,NORMALE,FINO AL TERMINE,OLTRE 54,NO,SI,9,6
202425,PAVIA,SCUOLA SECONDARIA I GRADO,NORMALE,ANNUALE,TRA 45 E 54,SI,NO,0,1
202425,ALESSANDRIA,SCUOLA SECONDARIA I GRADO,SOSTEGNO,ANNUALE,FINO A 34,NO,SI,2,0
202425,FORLI'-CESENA,SCUOLA PRIMARIA,SOSTEGNO,ANNUALE,TRA 45 E 54,NO,SI,0,2
202425,TRIESTE,SCUOLA INFANZIA,NORMALE,FINO AL TERMINE,TRA 35 E 44,NO,NO,0,4
202425,AGRIGENTO,SCUOLA SECONDARIA II GRADO,SOSTEGNO,FINO AL TERMINE,OLTRE 54,NO,NO,0,1
202425,TARANTO,SCUOLA SECONDARIA I GRADO,SOSTEGNO,FINO AL TERMINE,FINO A 34,NO,SI,21,45
202425,FIRENZE,SCUOLA INFANZIA,SOSTEGNO,FINO AL TERMINE,FINO A 34,NO,NO,0,11
202425,FERMO,SCUOLA PRIMARIA,SOSTEGNO,ANNUALE,FINO A 34,SI,SI,0,4
202425,FERMO,SCUOLA PRIMARIA,SOSTEGNO,FINO AL TERMINE,FINO A 34,NO,SI,1,37
202425,PALERMO,SCUOLA INFANZIA,SOSTEGNO,FINO AL TERMINE,TRA 35 E 44,NO,NO,1,10
202425,CATANIA,SCUOLA PRIMARIA,NORMALE,ANNUALE,FINO A 34,NO,SI,0,5
202425,LECCO,SCUOLA INFANZIA,NORMALE,FINO AL TERMINE,OLTRE 54,NO,NO,0,3
202425,MONZA E DELLA BRIANZA,SCUOLA PRIMARIA,NORMALE,ANNUALE,TRA 45 E 54,NO,SI,0,28
202425,SONDRIO,SCUOLA INFANZIA,SOSTEGNO,FINO AL TERMINE,OLTRE 54,NO,NO,0,1
202425,SIENA,SCUOLA SECONDARIA I GRADO,NORMALE,ANNUALE,FINO A 34,NO,SI,4,9
202425,MILANO,SCUOLA SECONDARIA II GRADO,NORMALE,ANNUALE,TRA 45 E 54,NO,SI,96,128
202425,RAVENNA,SCUOLA SECONDARIA I GRADO,SOSTEGNO,ANNUALE,TRA 45 E 54,SI,SI,0,4
202425,PIACENZA,SCUOLA PRIMARIA,SOSTEGNO,ANNUALE,TRA 45 E 54,NO,SI,2,32
202425,PRATO,SCUOLA SECONDARIA II GRADO,SOSTEGNO,FINO AL TERMINE,TRA 45 E 54,NO,NO,2,4
202425,ORISTANO,SCUOLA SECONDARIA I GRADO,NORMALE,FINO AL TERMINE,TRA 35 E 44,NO,NO,2,4
202425,PESARO E URBINO,SCUOLA SECONDARIA I GRADO,SOSTEGNO,FINO AL TERMINE,TRA 35 E 44,NO,NO,3,7
202425,FORLI'-CESENA,SCUOLA PRIMARIA,NORMALE,FINO AL TERMINE,OLTRE 54,NO,SI,0,3
202425,MASSA-CARRARA,SCUOLA SECONDARIA I GRADO,SOSTEGNO,FINO AL TERMINE,FINO A 34,NO,NO,0,6
202425,ASTI,SCUOLA SECONDARIA II GRADO,SOSTEGNO,FINO AL TERMINE,TRA 45 E 54,NO,NO,1,2
202425,PORDENONE,SCUOLA SECONDARIA I GRADO,NORMALE,FINO AL TERMINE,TRA 35 E 44,NO,SI,0,7
202425,MASSA-CARRARA,SCUOLA PRIMARIA,SOSTEGNO,FINO AL TERMINE,TRA 45 E 54,NO,NO,0,25
202425,IMPERIA,SCUOLA INFANZIA,SOSTEGNO,FINO AL TERMINE,TRA 35 E 44,NO,NO,0,5
202425,COMO,SCUOLA PRIMARIA,SOSTEGNO,ANNUALE,TRA 35 E 44,SI,SI,1,4
202425,PISA,SCUOLA SECONDARIA II GRADO,NORMALE,FINO AL TERMINE,TRA 35 E 44,NO,NO,20,27
202425,MESSINA,SCUOLA SECONDARIA I GRADO,NORMALE,FINO AL TERMINE,OLTRE 54,NO,NO,1,2
202425,BOLOGNA,SCUOLA SECONDARIA II GRADO,SOSTEGNO,ANNUALE,TRA 35 E 44,SI,SI,1,0
202425,GENOVA,SCUOLA PRIMARIA,SOSTEGNO,FINO AL TERMINE,FINO A 34,NO,SI,40,200
202425,ROMA,SCUOLA PRIMARIA,NORMALE,FINO AL TERMINE,TRA 45 E 54,NO,SI,19,321
202425,PESCARA,SCUOLA SECONDARIA I GRADO,NORMALE,ANNUALE,OLTRE 54,NO,SI,1,1
202425,TARANTO,SCUOLA SECONDARIA II GRADO,SOSTEGNO,ANNUALE,TRA 45 E 54,NO,SI,0,2
202425,MATERA,SCUOLA INFANZIA,SOSTEGNO,FINO AL TERMINE,TRA 45 E 54,NO,NO,0,8
202425,PORDENONE,SCUOLA PRIMARIA,SOSTEGNO,ANNUALE,FINO A 34,NO,SI,1,10
202425,VENEZIA,SCUOLA PRIMARIA,NORMALE,ANNUALE,TRA 35 E 44,NO,SI,2,7
202425,REGGIO CALABRIA,SCUOLA SECONDARIA I GRADO,NORMALE,FINO AL TERMINE,TRA 45 E 54,NO,SI,11,11
202425,MONZA E DELLA BRIANZA,SCUOLA INFANZIA,NORMALE,FINO AL TERMINE,FINO A 34,NO,SI,0,3
202425,BENEVENTO,SCUOLA INFANZIA,SOSTEGNO,FINO AL TERMINE,TRA 45 E 54,NO,NO,0,7
202425,AREZZO,SCUOLA INFANZIA,SOSTEGNO,FINO AL TERMINE,TRA 35 E 44,NO,NO,0,1
202425,AREZZO,SCUOLA PRIMARIA,NORMALE,FINO AL TERMINE,TRA 45 E 54,NO,SI,2,8
202425,PARMA,SCUOLA PRIMARIA,SOSTEGNO,FINO AL TERMINE,FINO A 34,NO,NO,9,33
202425,PARMA,SCUOLA SECONDARIA II GRADO,NORMALE,ANNUALE,OLTRE 54,NO,SI,5,3
202425,PESCARA,SCUOLA SECONDARIA I GRADO,NORMALE,FINO AL TERMINE,OLTRE 54,NO,SI,0,1
202425,MONZA E DELLA BRIANZA,SCUOLA SECONDARIA II GRADO,SOSTEGNO,ANNUALE,FINO A 34,NO,SI,0,1
202425,PADOVA,SCUOLA SECONDARIA II GRADO,NORMALE,FINO AL TERMINE,FINO A 34,NO,SI,34,21
202425,REGGIO EMILIA,SCUOLA SECONDARIA II GRADO,NORMALE,ANNUALE,FINO A 34,NO,NO,2,1
202425,BRESCIA,SCUOLA SECONDARIA II GRADO,NORMALE,FINO AL TERMINE,OLTRE 54,NO,NO,19,22
202425,PADOVA,SCUOLA INFANZIA,NORMALE,FINO AL TERMINE,OLTRE 54,NO,SI,0,6
202425,FIRENZE,SCUOLA SECONDARIA I GRADO,SOSTEGNO,FINO AL TERMINE,TRA 35 E 44,NO,NO,4,17
202425,FOGGIA,SCUOLA PRIMARIA,SOSTEGNO,FINO AL TERMINE,OLTRE 54,NO,NO,0,4
202425,PAVIA,SCUOLA PRIMARIA,SOSTEGNO,ANNUALE,OLTRE 54,SI,SI,0,1
202425,PRATO,SCUOLA SECONDARIA II GRADO,SOSTEGNO,ANNUALE,FINO A 34,NO,SI,1,0
202425,LODI,SCUOLA SECONDARIA I GRADO,NORMALE,FINO AL TERMINE,TRA 35 E 44,NO,SI,4,25
202425,NOVARA,SCUOLA PRIMARIA,SOSTEGNO,ANNUALE,TRA 35 E 44,NO,SI,0,27
202425,TARANTO,SCUOLA PRIMARIA,SOSTEGNO,FINO AL TERMINE,TRA 45 E 54,NO,SI,7,281
202425,MONZA E DELLA BRIANZA,SCUOLA SECONDARIA I GRADO,SOSTEGNO,FINO AL TERMINE,TRA 35 E 44,NO,SI,47,102
202425,SUD SARDEGNA,SCUOLA SECONDARIA II GRADO,SOSTEGNO,FINO AL TERMINE,TRA 35 E 44,NO,NO,2,2
202425,ISERNIA,SCUOLA PRIMARIA,NORMALE,ANNUALE,TRA 35 E 44,NO,SI,0,1
202425,SALERNO,SCUOLA SECONDARIA I GRADO,SOSTEGNO,FINO AL TERMINE,FINO A 34,NO,NO,5,13
202425,LECCO,SCUOLA INFANZIA,SOSTEGNO,FINO AL TERMINE,FINO A 34,NO,SI,0,7
202425,CAMPOBASSO,SCUOLA SECONDARIA I GRADO,SOSTEGNO,FINO AL TERMINE,TRA 45 E 54,NO,SI,8,30
202425,MILANO,SCUOLA SECONDARIA II GRADO,SOSTEGNO,ANNUALE,OLTRE 54,NO,SI,0,1
202425,GORIZIA,SCUOLA PRIMARIA,SOSTEGNO,FINO AL TERMINE,FINO A 34,NO,SI,4,39
202425,VERCELLI,SCUOLA SECONDARIA II GRADO,SOSTEGNO,FINO AL TERMINE,TRA 35 E 44,NO,SI,13,31
202425,NOVARA,SCUOLA PRIMARIA,SOSTEGNO,FINO AL TERMINE,OLTRE 54,NO,SI,2,32
202425,SASSARI,SCUOLA PRIMARIA,NORMALE,FINO AL TERMINE,FINO A 34,NO,NO,15,11
202425,RAVENNA,SCUOLA INFANZIA,NORMALE,FINO AL TERMINE,OLTRE 54,NO,SI,0,2
202425,COMO,SCUOLA PRIMARIA,NORMALE,FINO AL TERMINE,OLTRE 54,NO,NO,0,5
202425,MONZA E DELLA BRIANZA,SCUOLA INFANZIA,SOSTEGNO,FINO AL TERMINE,FINO A 34,NO,SI,0,16
202425,PISTOIA,SCUOLA SECONDARIA I GRADO,NORMALE,FINO AL TERMINE,OLTRE 54,NO,SI,0,2
202425,CATANZARO,SCUOLA SECONDARIA I GRADO,NORMALE,FINO AL TERMINE,TRA 35 E 44,NO,SI,7,17
202425,BOLOGNA,SCUOLA SECONDARIA II GRADO,NORMALE,FINO AL TERMINE,TRA 45 E 54,NO,SI,14,14
202425,RAGUSA,SCUOLA PRIMARIA,NORMALE,FINO AL TERMINE,TRA 35 E 44,NO,SI,2,12
202425,FOGGIA,SCUOLA SECONDARIA II GRADO,NORMALE,ANNUALE,TRA 35 E 44,NO,SI,25,51
202425,ANCONA,SCUOLA SECONDARIA I GRADO,NORMALE,FINO AL TERMINE,FINO A 34,NO,NO,9,29
202425,POTENZA,SCUOLA SECONDARIA I GRADO,NORMALE,ANNUALE,FINO A 34,NO,NO,3,1
202425,MESSINA,SCUOLA INFANZIA,NORMALE,FINO AL TERMINE,TRA 35 E 44,NO,SI,0,3
202425,COSENZA,SCUOLA SECONDARIA I GRADO,NORMALE,FINO AL TERMINE,TRA 45 E 54,NO,SI,6,19
202425,SALERNO,SCUOLA SECONDARIA I GRADO,NORMALE,ANNUALE,FINO A 34,NO,SI,5,12
202425,PISA,SCUOLA SECONDARIA II GRADO,NORMALE,ANNUALE,FINO A 34,NO,SI,24,25
202425,SIRACUSA,SCUOLA SECONDARIA I GRADO,NORMALE,FINO AL TERMINE,FINO A 34,NO,NO,3,4
202425,UDINE,SCUOLA SECONDARIA I GRADO,NORMALE,FINO AL TERMINE,TRA 45 E 54,NO,SI,1,13
202425,PAVIA,SCUOLA SECONDARIA I GRADO,SOSTEGNO,ANNUALE,TRA 35 E 44,SI,SI,13,33
202425,VARESE,SCUOLA INFANZIA,SOSTEGNO,ANNUALE,OLTRE 54,SI,SI,0,1
202425,ROMA,SCUOLA SECONDARIA II GRADO,SOSTEGNO,ANNUALE,FINO A 34,SI,SI,0,3
202425,ANCONA,SCUOLA SECONDARIA I GRADO,SOSTEGNO,ANNUALE,TRA 45 E 54,NO,SI,0,1
202425,VERONA,SCUOLA SECONDARIA II GRADO,SOSTEGNO,ANNUALE,FINO A 34,SI,SI,0,1
202425,PARMA,SCUOLA SECONDARIA II GRADO,NORMALE,FINO AL TERMINE,TRA 45 E 54,NO,SI,11,12
202425,TRIESTE,SCUOLA PRIMARIA,NORMALE,ANNUALE,FINO A 34,NO,SI,1,5
202425,FIRENZE,SCUOLA INFANZIA,SOSTEGNO,ANNUALE,TRA 35 E 44,NO,SI,0,1
202425,FERMO,SCUOLA SECONDARIA I GRADO,NORMALE,FINO AL TERMINE,FINO A 34,NO,SI,0,1
202425,TREVISO,SCUOLA PRIMARIA,SOSTEGNO,FINO AL TERMINE,TRA 35 E 44,NO,NO,2,21
202425,PALERMO,SCUOLA PRIMARIA,NORMALE,FINO AL TERMINE,OLTRE 54,NO,SI,1,39
202425,BELLUNO,SCUOLA SECONDARIA I GRADO,NORMALE,ANNUALE,TRA 45 E 54,SI,SI,1,0
202425,LATINA,SCUOLA SECONDARIA II GRADO,NORMALE,ANNUALE,TRA 45 E 54,NO,NO,0,2
202425,CAMPOBASSO,SCUOLA INFANZIA,NORMALE,ANNUALE,TRA 45 E 54,NO,SI,0,1
202425,MACERATA,SCUOLA SECONDARIA II GRADO,SOSTEGNO,FINO AL TERMINE,TRA 45 E 54,NO,SI,10,31
202425,SONDRIO,SCUOLA PRIMARIA,NORMALE,FINO AL TERMINE,FINO A 34,NO,NO,5,22
202425,VIBO VALENTIA,SCUOLA SECONDARIA II GRADO,NORMALE,ANNUALE,TRA 35 E 44,NO,SI,11,17
202425,CATANZARO,SCUOLA PRIMARIA,NORMALE,FINO AL TERMINE,TRA 35 E 44,NO,NO,6,10
202425,FOGGIA,SCUOLA SECONDARIA II GRADO,NORMALE,ANNUALE,FINO A 34,NO,SI,20,37
202425,LA SPEZIA,SCUOLA SECONDARIA II GRADO,NORMALE,FINO AL TERMINE,OLTRE 54,NO,NO,9,8
202425,L'AQUILA,SCUOLA PRIMARIA,NORMALE,FINO AL TERMINE,TRA 45 E 54,NO,SI,0,18
202425,PESARO E URBINO,SCUOLA SECONDARIA II GRADO,SOSTEGNO,FINO AL TERMINE,OLTRE 54,NO,SI,6,11
202425,SAVONA,SCUOLA SECONDARIA I GRADO,SOSTEGNO,ANNUALE,FINO A 34,NO,SI,0,1
202425,BOLOGNA,SCUOLA PRIMARIA,SOSTEGNO,FINO AL TERMINE,FINO A 34,NO,SI,13,202
202425,IMPERIA,SCUOLA SECONDARIA II GRADO,SOSTEGNO,ANNUALE,TRA 45 E 54,NO,SI,0,1
202425,PARMA,SCUOLA INFANZIA,NORMALE,FINO AL TERMINE,FINO A 34,NO,NO,0,3
202425,IMPERIA,SCUOLA INFANZIA,SOSTEGNO,FINO AL TERMINE,OLTRE 54,NO,NO,0,4
202425,SASSARI,SCUOLA PRIMARIA,SOSTEGNO,ANNUALE,TRA 35 E 44,NO,SI,0,3
202425,CUNEO,SCUOLA SECONDARIA II GRADO,NORMALE,ANNUALE,TRA 45 E 54,NO,SI,12,7
202425,MODENA,SCUOLA SECONDARIA I GRADO,NORMALE,ANNUALE,OLTRE 54,NO,SI,3,2
202425,NOVARA,SCUOLA PRIMARIA,NORMALE,ANNUALE,OLTRE 54,NO,SI,0,2
202425,BOLOGNA,SCUOLA INFANZIA,SOSTEGNO,FINO AL TERMINE,TRA 35 E 44,NO,NO,1,29
202425,MATERA,SCUOLA PRIMARIA,SOSTEGNO,FINO AL TERMINE,FINO A 34,NO,SI,0,5
202425,ROVIGO,SCUOLA INFANZIA,NORMALE,FINO AL TERMINE,OLTRE 54,NO,SI,0,1
202425,FERRARA,SCUOLA PRIMARIA,SOSTEGNO,ANNUALE,TRA 45 E 54,NO,SI,0,10
202425,COMO,SCUOLA SECONDARIA II GRADO,NORMALE,FINO AL TERMINE,TRA 45 E 54,NO,NO,5,18
202425,GROSSETO,SCUOLA SECONDARIA I GRADO,NORMALE,ANNUALE,OLTRE 54,NO,SI,0,1
202425,AGRIGENTO,SCUOLA SECONDARIA I GRADO,NORMALE,ANNUALE,TRA 45 E 54,NO,SI,3,2
202425,PERUGIA,SCUOLA SECONDARIA II GRADO,SOSTEGNO,FINO AL TERMINE,OLTRE 54,NO,SI,9,16
202425,COSENZA,SCUOLA PRIMARIA,SOSTEGNO,FINO AL TERMINE,FINO A 34,NO,SI,8,78
202425,VENEZIA,SCUOLA SECONDARIA II GRADO,NORMALE,FINO AL TERMINE,TRA 45 E 54,NO,SI,10,21
202425,ASTI,SCUOLA INFANZIA,SOSTEGNO,FINO AL TERMINE,OLTRE 54,NO,SI,0,9
202425,PAVIA,SCUOLA SECONDARIA I GRADO,NORMALE,ANNUALE,FINO A 34,SI,SI,0,1
202425,TARANTO,SCUOLA SECONDARIA I GRADO,SOSTEGNO,ANNUALE,FINO A 34,SI,SI,1,1
202425,BERGAMO,SCUOLA SECONDARIA II GRADO,NORMALE,FINO AL TERMINE,TRA 35 E 44,NO,NO,31,57
202425,NAPOLI,SCUOLA SECONDARIA I GRADO,SOSTEGNO,ANNUALE,TRA 35 E 44,NO,SI,0,1
202425,AREZZO,SCUOLA SECONDARIA II GRADO,NORMALE,ANNUALE,FINO A 34,NO,SI,30,23
202425,LECCE,SCUOLA SECONDARIA I GRADO,NORMALE,FINO AL TERMINE,OLTRE 54,NO,SI,3,4
202425,CALTANISSETTA,SCUOLA SECONDARIA II GRADO,NORMALE,ANNUALE,TRA 45 E 54,NO,NO,1,2
202425,PISA,SCUOLA SECONDARIA II GRADO,SOSTEGNO,ANNUALE,TRA 35 E 44,NO,NO,0,1
202425,RIMINI,SCUOLA INFANZIA,SOSTEGNO,FINO AL TERMINE,FINO A 34,NO,SI,0,7
202425,GENOVA,SCUOLA PRIMARIA,NORMALE,ANNUALE,FINO A 34,NO,SI,5,20
202425,L'AQUILA,SCUOLA SECONDARIA II GRADO,NORMALE,FINO AL TERMINE,FINO A 34,NO,NO,7,19
202425,AGRIGENTO,SCUOLA PRIMARIA,NORMALE,ANNUALE,OLTRE 54,NO,SI,0,1
202425,BELLUNO,SCUOLA SECONDARIA I GRADO,NORMALE,FINO AL TERMINE,TRA 35 E 44,NO,NO,3,6
202425,REGGIO EMILIA,SCUOLA INFANZIA,NORMALE,FINO AL TERMINE,FINO A 34,NO,SI,0,1
202425,LATINA,SCUOLA SECONDARIA II GRADO,NORMALE,FINO AL TERMINE,OLTRE 54,NO,SI,11,4
202425,RAVENNA,SCUOLA INFANZIA,SOSTEGNO,FINO AL TERMINE,FINO A 34,NO,NO,1,35
202425,RAVENNA,SCUOLA INFANZIA,SOSTEGNO,FINO AL TERMINE,TRA 35 E 44,NO,SI,0,4
202425,SASSARI,SCUOLA PRIMARIA,NORMALE,FINO AL TERMINE,TRA 35 E 44,NO,SI,1,22
202425,MILANO,SCUOLA SECONDARIA I GRADO,NORMALE,ANNUALE,TRA 35 E 44,NO,NO,0,1
202425,ALESSANDRIA,SCUOLA PRIMARIA,NORMALE,FINO AL TERMINE,OLTRE 54,NO,SI,0,6
202425,BIELLA,SCUOLA SECONDARIA II GRADO,NORMALE,ANNUALE,TRA 45 E 54,NO,NO,1,1
202425,L'AQUILA,SCUOLA SECONDARIA II GRADO,SOSTEGNO,FINO AL TERMINE,FINO A 34,NO,NO,1,5
202425,POTENZA,SCUOLA PRIMARIA,SOSTEGNO,FINO AL TERMINE,TRA 45 E 54,NO,SI,2,51
202425,ROMA,SCUOLA SECONDARIA II GRADO,SOSTEGNO,FINO AL TERMINE,TRA 35 E 44,NO,SI,195,713
202425,ASTI,SCUOLA SECONDARIA I GRADO,NORMALE,FINO AL TERMINE,TRA 45 E 54,NO,NO,3,7
202425,PISTOIA,SCUOLA SECONDARIA II GRADO,NORMALE,ANNUALE,OLTRE 54,NO,SI,2,6
202425,NAPOLI,SCUOLA SECONDARIA I GRADO,NORMALE,FINO AL TERMINE,TRA 45 E 54,NO,NO,8,47
202425,CASERTA,SCUOLA SECONDARIA II GRADO,NORMALE,FINO AL TERMINE,OLTRE 54,NO,SI,6,8
202425,CATANIA,SCUOLA PRIMARIA,NORMALE,FINO AL TERMINE,TRA 45 E 54,NO,SI,0,39
202425,ANCONA,SCUOLA SECONDARIA II GRADO,NORMALE,FINO AL TERMINE,FINO A 34,NO,NO,30,56
202425,PIACENZA,SCUOLA SECONDARIA I GRADO,SOSTEGNO,ANNUALE,TRA 45 E 54,NO,SI,1,0
202425,PESCARA,SCUOLA INFANZIA,NORMALE,ANNUALE,OLTRE 54,NO,SI,0,3
202425,TRIESTE,SCUOLA PRIMARIA,NORMALE,FINO AL TERMINE,FINO A 34,NO,SI,0,12
202425,MATERA,SCUOLA SECONDARIA I GRADO,NORMALE,FINO AL TERMINE,TRA 35 E 44,NO,SI,1,2
202425,TRAPANI,SCUOLA SECONDARIA I GRADO,SOSTEGNO,FINO AL TERMINE,OLTRE 54,NO,SI,3,6
202425,PISA,SCUOLA SECONDARIA I GRADO,NORMALE,FINO AL TERMINE,FINO A 34,NO,NO,11,16
202425,TERAMO,SCUOLA SECONDARIA I GRADO,SOSTEGNO,FINO AL TERMINE,FINO A 34,NO,SI,13,44
202425,SIENA,SCUOLA SECONDARIA II GRADO,NORMALE,FINO AL TERMINE,FINO A 34,NO,SI,17,18
202425,L'AQUILA,SCUOLA PRIMARIA,NORMALE,FINO AL TERMINE,FINO A 34,NO,SI,1,7
202425,CROTONE,SCUOLA SECONDARIA II GRADO,NORMALE,FINO AL TERMINE,OLTRE 54,NO,NO,6,8
202425,PESCARA,SCUOLA INFANZIA,SOSTEGNO,ANNUALE,TRA 45 E 54,SI,SI,0,1
202425,LIVORNO,SCUOLA SECONDARIA II GRADO,NORMALE,ANNUALE,TRA 45 E 54,NO,NO,3,0
202425,PESCARA,SCUOLA SECONDARIA II GRADO,NORMALE,FINO AL TERMINE,TRA 45 E 54,NO,NO,12,18
202425,TREVISO,SCUOLA SECONDARIA I GRADO,SOSTEGNO,FINO AL TERMINE,OLTRE 54,NO,NO,2,5
202425,LODI,SCUOLA INFANZIA,SOSTEGNO,FINO AL TERMINE,TRA 45 E 54,NO,NO,0,3
202425,LECCE,SCUOLA SECONDARIA I GRADO,SOSTEGNO,FINO AL TERMINE,TRA 35 E 44,NO,SI,15,86
202425,CASERTA,SCUOLA PRIMARIA,NORMALE,ANNUALE,FINO A 34,NO,SI,3,3
202425,NUORO,SCUOLA PRIMARIA,NORMALE,ANNUALE,FINO A 34,NO,SI,0,6
202425,SIENA,SCUOLA SECONDARIA I GRADO,NORMALE,FINO AL TERMINE,TRA 35 E 44,NO,SI,5,2
202425,GENOVA,SCUOLA SECONDARIA II GRADO,NORMALE,FINO AL TERMINE,FINO A 34,NO,SI,14,21
202425,RAGUSA,SCUOLA PRIMARIA,NORMALE,FINO AL TERMINE,OLTRE 54,NO,NO,2,2
202425,SUD SARDEGNA,SCUOLA INFANZIA,NORMALE,FINO AL TERMINE,TRA 45 E 54,NO,NO,1,0
202425,TRAPANI,SCUOLA SECONDARIA I GRADO,SOSTEGNO,ANNUALE,TRA 45 E 54,NO,SI,0,1
202425,BERGAMO,SCUOLA PRIMARIA,SOSTEGNO,ANNUALE,TRA 35 E 44,NO,SI,3,87
202425,LECCE,SCUOLA PRIMARIA,SOSTEGNO,FINO AL TERMINE,OLTRE 54,NO,SI,2,84
202425,CHIETI,SCUOLA SECONDARIA I GRADO,SOSTEGNO,FINO AL TERMINE,OLTRE 54,NO,SI,2,12
202425,TORINO,SCUOLA PRIMARIA,SOSTEGNO,ANNUALE,TRA 45 E 54,NO,NO,0,1
202425,SIRACUSA,SCUOLA SECONDARIA II GRADO,NORMALE,ANNUALE,OLTRE 54,NO,NO,1,0
202425,CATANIA,SCUOLA SECONDARIA II GRADO,NORMALE,ANNUALE,OLTRE 54,NO,NO,1,0
202425,PIACENZA,SCUOLA SECONDARIA I GRADO,SOSTEGNO,FINO AL TERMINE,TRA 45 E 54,NO,SI,8,14
202425,LA SPEZIA,SCUOLA INFANZIA,NORMALE,FINO AL TERMINE,OLTRE 54,NO,SI,0,1
202425,PESCARA,SCUOLA SECONDARIA II GRADO,SOSTEGNO,FINO AL TERMINE,TRA 45 E 54,NO,NO,2,2
202425,VERBANO-CUSIO-OSSOLA,SCUOLA SECONDARIA I GRADO,SOSTEGNO,FINO AL TERMINE,TRA 45 E 54,NO,NO,1,6
202425,AGRIGENTO,SCUOLA SECONDARIA I GRADO,SOSTEGNO,FINO AL TERMINE,OLTRE 54,NO,SI,4,2
202425,TRAPANI,SCUOLA PRIMARIA,NORMALE,FINO AL TERMINE,FINO A 34,NO,NO,4,6
202425,MANTOVA,SCUOLA SECONDARIA I GRADO,SOSTEGNO,FINO AL TERMINE,TRA 35 E 44,NO,SI,25,47
202425,VENEZIA,SCUOLA PRIMARIA,SOSTEGNO,ANNUALE,FINO A 34,NO,SI,6,39
202425,LUCCA,SCUOLA SECONDARIA II GRADO,NORMALE,FINO AL TERMINE,OLTRE 54,NO,SI,8,3
202425,UDINE,SCUOLA PRIMARIA,SOSTEGNO,ANNUALE,TRA 45 E 54,SI,SI,0,10
202425,NOVARA,SCUOLA SECONDARIA I GRADO,NORMALE,ANNUALE,TRA 45 E 54,NO,SI,3,21
202425,FORLI'-CESENA,SCUOLA SECONDARIA II GRADO,NORMALE,ANNUALE,OLTRE 54,NO,SI,3,5
202425,SUD SARDEGNA,SCUOLA PRIMARIA,NORMALE,ANNUALE,OLTRE 54,NO,SI,0,2
202425,FERMO,SCUOLA SECONDARIA II GRADO,SOSTEGNO,ANNUALE,TRA 45 E 54,SI,SI,0,3
202425,MONZA E DELLA BRIANZA,SCUOLA SECONDARIA II GRADO,SOSTEGNO,FINO AL TERMINE,FINO A 34,NO,SI,24,61
202425,CASERTA,SCUOLA PRIMARIA,SOSTEGNO,ANNUALE,FINO A 34,NO,SI,0,1
202425,MANTOVA,SCUOLA PRIMARIA,NORMALE,FINO AL TERMINE,FINO A 34,NO,SI,10,47
202425,GORIZIA,SCUOLA SECONDARIA II GRADO,NORMALE,FINO AL TERMINE,TRA 35 E 44,NO,SI,2,7
202425,MODENA,SCUOLA INFANZIA,SOSTEGNO,FINO AL TERMINE,FINO A 34,NO,SI,0,32
202425,PESCARA,SCUOLA SECONDARIA I GRADO,SOSTEGNO,FINO AL TERMINE,FINO A 34,NO,SI,7,41
202425,LODI,SCUOLA SECONDARIA I GRADO,NORMALE,FINO AL TERMINE,TRA 35 E 44,NO,NO,7,12
202425,TORINO,SCUOLA SECONDARIA II GRADO,SOSTEGNO,FINO AL TERMINE,TRA 35 E 44,NO,SI,181,433
202425,REGGIO CALABRIA,SCUOLA SECONDARIA II GRADO,NORMALE,ANNUALE,TRA 35 E 44,NO,SI,34,49
202425,PORDENONE,SCUOLA SECONDARIA I GRADO,SOSTEGNO,FINO AL TERMINE,TRA 35 E 44,NO,SI,11,30
202425,COMO,SCUOLA SECONDARIA I GRADO,SOSTEGNO,ANNUALE,TRA 35 E 44,SI,SI,21,55
202425,BRESCIA,SCUOLA SECONDARIA I GRADO,SOSTEGNO,FINO AL TERMINE,FINO A 34,NO,SI,33,75
202425,LUCCA,SCUOLA PRIMARIA,SOSTEGNO,ANNUALE,TRA 35 E 44,NO,NO,0,1
202425,PAVIA,SCUOLA INFANZIA,SOSTEGNO,ANNUALE,TRA 45 E 54,NO,SI,0,6
202425,BRESCIA,SCUOLA PRIMARIA,NORMALE,FINO AL TERMINE,OLTRE 54,NO,SI,2,19
202425,BIELLA,SCUOLA SECONDARIA I GRADO,NORMALE,FINO AL TERMINE,TRA 35 E 44,NO,NO,0,5
202425,ROMA,SCUOLA PRIMARIA,SOSTEGNO,FINO AL TERMINE,FINO A 34,NO,NO,2,56
202425,LODI,SCUOLA INFANZIA,NORMALE,ANNUALE,FINO A 34,NO,SI,2,0
202425,POTENZA,SCUOLA SECONDARIA I GRADO,NORMALE,FINO AL TERMINE,TRA 45 E 54,NO,NO,7,19
202425,CATANIA,SCUOLA INFANZIA,NORMALE,FINO AL TERMINE,TRA 35 E 44,NO,NO,0,2
202425,BERGAMO,SCUOLA SECONDARIA II GRADO,SOSTEGNO,ANNUALE,TRA 45 E 54,SI,SI,3,6
202425,SALERNO,SCUOLA SECONDARIA I GRADO,NORMALE,FINO AL TERMINE,OLTRE 54,NO,SI,2,2
202425,MODENA,SCUOLA SECONDARIA II GRADO,NORMALE,ANNUALE,TRA 45 E 54,NO,SI,20,18
202425,SALERNO,SCUOLA PRIMARIA,SOSTEGNO,ANNUALE,TRA 35 E 44,NO,SI,0,1
202425,BENEVENTO,SCUOLA SECONDARIA I GRADO,SOSTEGNO,FINO AL TERMINE,FINO A 34,NO,SI,0,1
202425,VARESE,SCUOLA SECONDARIA II GRADO,NORMALE,FINO AL TERMINE,TRA 35 E 44,NO,NO,23,42
202425,ANCONA,SCUOLA SECONDARIA II GRADO,SOSTEGNO,FINO AL TERMINE,FINO A 34,NO,NO,2,5
202425,REGGIO CALABRIA,SCUOLA INFANZIA,NORMALE,FINO AL TERMINE,OLTRE 54,NO,SI,0,2
202425,FIRENZE,SCUOLA SECONDARIA II GRADO,SOSTEGNO,FINO AL TERMINE,OLTRE 54,NO,NO,1,2
202425,PAVIA,SCUOLA SECONDARIA II GRADO,NORMALE,ANNUALE,TRA 45 E 54,NO,SI,17,12
202425,BOLOGNA,SCUOLA SECONDARIA I GRADO,NORMALE,FINO AL TERMINE,OLTRE 54,NO,NO,10,24
202425,ANCONA,SCUOLA INFANZIA,NORMALE,FINO AL TERMINE,OLTRE 54,NO,NO,0,1
202425,COSENZA,SCUOLA SECONDARIA II GRADO,SOSTEGNO,FINO AL TERMINE,FINO A 34,NO,NO,0,1
202425,BERGAMO,SCUOLA INFANZIA,SOSTEGNO,FINO AL TERMINE,OLTRE 54,NO,NO,0,2
202425,AVELLINO,SCUOLA PRIMARIA,NORMALE,FINO AL TERMINE,OLTRE 54,NO,SI,1,4
202425,PALERMO,SCUOLA SECONDARIA I GRADO,SOSTEGNO,FINO AL TERMINE,TRA 45 E 54,NO,SI,64,189
202425,TREVISO,SCUOLA INFANZIA,NORMALE,FINO AL TERMINE,OLTRE 54,NO,SI,0,2
202425,CHIETI,SCUOLA SECONDARIA I GRADO,NORMALE,ANNUALE,TRA 35 E 44,NO,SI,3,6
202425,ENNA,SCUOLA INFANZIA,SOSTEGNO,FINO AL TERMINE,FINO A 34,NO,NO,0,4
202425,CROTONE,SCUOLA PRIMARIA,NORMALE,FINO AL TERMINE,TRA 45 E 54,NO,NO,2,4
202425,CATANIA,SCUOLA SECONDARIA I GRADO,NORMALE,FINO AL TERMINE,TRA 45 E 54,NO,NO,11,25
202425,AREZZO,SCUOLA SECONDARIA I GRADO,SOSTEGNO,FINO AL TERMINE,TRA 35 E 44,NO,SI,8,53
202425,FOGGIA,SCUOLA INFANZIA,NORMALE,FINO AL TERMINE,TRA 45 E 54,NO,SI,0,7
202425,NUORO,SCUOLA SECONDARIA I GRADO,NORMALE,FINO AL TERMINE,FINO A 34,NO,SI,3,3
202425,PORDENONE,SCUOLA SECONDARIA II GRADO,NORMALE,ANNUALE,TRA 35 E 44,NO,SI,18,26
202425,VARESE,SCUOLA INFANZIA,SOSTEGNO,ANNUALE,TRA 45 E 54,NO,SI,0,6
202425,MESSINA,SCUOLA SECONDARIA II GRADO,NORMALE,FINO AL TERMINE,TRA 45 E 54,NO,SI,9,11
202425,CREMONA,SCUOLA SECONDARIA I GRADO,NORMALE,ANNUALE,TRA 45 E 54,NO,NO,0,1
202425,POTENZA,SCUOLA SECONDARIA I GRADO,NORMALE,FINO AL TERMINE,TRA 45 E 54,NO,SI,4,5
202425,LODI,SCUOLA SECONDARIA I GRADO,SOSTEGNO,FINO AL TERMINE,OLTRE 54,NO,SI,4,10
202425,PALERMO,SCUOLA SECONDARIA I GRADO,SOSTEGNO,FINO AL TERMINE,OLTRE 54,NO,SI,10,17
202425,COMO,SCUOLA SECONDARIA II GRADO,SOSTEGNO,ANNUALE,TRA 45 E 54,SI,NO,0,1
202425,TREVISO,SCUOLA SECONDARIA I GRADO,NORMALE,FINO AL TERMINE,FINO A 34,NO,SI,8,16
202425,RAGUSA,SCUOLA SECONDARIA II GRADO,NORMALE,ANNUALE,TRA 45 E 54,NO,NO,0,3
202425,SASSARI,SCUOLA SECONDARIA I GRADO,NORMALE,FINO AL TERMINE,FINO A 34,NO,NO,6,14
202425,SONDRIO,SCUOLA SECONDARIA I GRADO,SOSTEGNO,ANNUALE,FINO A 34,SI,SI,11,9
202425,BENEVENTO,SCUOLA SECONDARIA II GRADO,NORMALE,ANNUALE,TRA 35 E 44,NO,NO,0,1
202425,GORIZIA,SCUOLA SECONDARIA II GRADO,NORMALE,FINO AL TERMINE,FINO A 34,NO,SI,6,12
202425,FROSINONE,SCUOLA SECONDARIA I GRADO,NORMALE,ANNUALE,TRA 35 E 44,SI,NO,0,1
202425,CASERTA,SCUOLA SECONDARIA I GRADO,NORMALE,FINO AL TERMINE,FINO A 34,NO,NO,3,7
202425,COSENZA,SCUOLA INFANZIA,NORMALE,ANNUALE,TRA 45 E 54,NO,SI,0,7
202425,NAPOLI,SCUOLA INFANZIA,SOSTEGNO,FINO AL TERMINE,TRA 45 E 54,NO,NO,0,100
202425,TREVISO,SCUOLA SECONDARIA I GRADO,SOSTEGNO,ANNUALE,TRA 35 E 44,NO,SI,2,4
202425,CAGLIARI,SCUOLA SECONDARIA I GRADO,SOSTEGNO,FINO AL TERMINE,OLTRE 54,NO,NO,3,7
202425,CALTANISSETTA,SCUOLA INFANZIA,SOSTEGNO,FINO AL TERMINE,TRA 35 E 44,NO,NO,1,5
202425,MILANO,SCUOLA SECONDARIA II GRADO,SOSTEGNO,FINO AL TERMINE,FINO A 34,NO,NO,8,16
202425,RAGUSA,SCUOLA PRIMARIA,SOSTEGNO,FINO AL TERMINE,TRA 45 E 54,NO,NO,0,12
202425,NOVARA,SCUOLA SECONDARIA I GRADO,NORMALE,FINO AL TERMINE,TRA 35 E 44,NO,NO,2,11
202425,BARLETTA-ANDRIA-TRANI,SCUOLA INFANZIA,SOSTEGNO,FINO AL TERMINE,OLTRE 54,NO,SI,0,42
202425,CAGLIARI,SCUOLA SECONDARIA II GRADO,NORMALE,ANNUALE,FINO A 34,NO,NO,0,1
202425,SALERNO,SCUOLA SECONDARIA I GRADO,NORMALE,FINO AL TERMINE,TRA 35 E 44,NO,NO,6,39
202425,VARESE,SCUOLA SECONDARIA I GRADO,SOSTEGNO,FINO AL TERMINE,OLTRE 54,NO,SI,7,27
202425,PAVIA,SCUOLA SECONDARIA I GRADO,SOSTEGNO,ANNUALE,FINO A 34,NO,SI,1,1
202425,GENOVA,SCUOLA PRIMARIA,NORMALE,FINO AL TERMINE,TRA 45 E 54,NO,SI,2,24
202425,UDINE,SCUOLA INFANZIA,SOSTEGNO,FINO AL TERMINE,TRA 35 E 44,NO,SI,0,18
202425,BRESCIA,SCUOLA INFANZIA,SOSTEGNO,FINO AL TERMINE,TRA 45 E 54,NO,NO,0,13
202425,ROMA,SCUOLA SECONDARIA I GRADO,NORMALE,FINO AL TERMINE,TRA 35 E 44,NO,NO,42,137
202425,NAPOLI,SCUOLA SECONDARIA II GRADO,SOSTEGNO,FINO AL TERMINE,TRA 45 E 54,NO,NO,11,26
202425,TARANTO,SCUOLA SECONDARIA II GRADO,NORMALE,ANNUALE,OLTRE 54,NO,SI,17,11
202425,CREMONA,SCUOLA SECONDARIA I GRADO,SOSTEGNO,ANNUALE,FINO A 34,NO,SI,1,1
202425,CASERTA,SCUOLA SECONDARIA II GRADO,NORMALE,ANNUALE,TRA 45 E 54,NO,NO,1,0
202425,CATANIA,SCUOLA PRIMARIA,NORMALE,FINO AL TERMINE,FINO A 34,NO,NO,21,19
202425,TRAPANI,SCUOLA SECONDARIA II GRADO,SOSTEGNO,FINO AL TERMINE,TRA 45 E 54,NO,NO,0,6
202425,SASSARI,SCUOLA SECONDARIA I GRADO,NORMALE,FINO AL TERMINE,TRA 45 E 54,NO,NO,6,16
202425,VENEZIA,SCUOLA SECONDARIA II GRADO,SOSTEGNO,FINO AL TERMINE,OLTRE 54,NO,SI,10,22
202425,RAVENNA,SCUOLA PRIMARIA,NORMALE,ANNUALE,TRA 45 E 54,NO,SI,0,11
202425,COMO,SCUOLA INFANZIA,SOSTEGNO,FINO AL TERMINE,OLTRE 54,NO,SI,0,22
202425,MONZA E DELLA BRIANZA,SCUOLA PRIMARIA,SOSTEGNO,ANNUALE,OLTRE 54,NO,NO,0,1
202425,CALTANISSETTA,SCUOLA SECONDARIA II GRADO,NORMALE,ANNUALE,FINO A 34,NO,SI,11,11
202425,VERONA,SCUOLA PRIMARIA,NORMALE,FINO AL TERMINE,TRA 45 E 54,NO,NO,2,23
202425,VARESE,SCUOLA PRIMARIA,NORMALE,ANNUALE,OLTRE 54,NO,SI,0,3
202425,LODI,SCUOLA SECONDARIA II GRADO,NORMALE,FINO AL TERMINE,FINO A 34,NO,SI,37,36
202425,CASERTA,SCUOLA SECONDARIA I GRADO,NORMALE,ANNUALE,TRA 35 E 44,NO,SI,5,25
202425,AVELLINO,SCUOLA PRIMARIA,SOSTEGNO,ANNUALE,TRA 45 E 54,NO,SI,0,3
202425,RIMINI,SCUOLA SECONDARIA I GRADO,NORMALE,FINO AL TERMINE,TRA 35 E 44,NO,SI,3,9
202425,GORIZIA,SCUOLA SECONDARIA II GRADO,SOSTEGNO,FINO AL TERMINE,FINO A 34,NO,SI,0,7
202425,RAVENNA,SCUOLA PRIMARIA,SOSTEGNO,ANNUALE,FINO A 34,SI,SI,1,20
202425,VICENZA,SCUOLA SECONDARIA I GRADO,SOSTEGNO,FINO AL TERMINE,OLTRE 54,NO,NO,3,2
202425,GENOVA,SCUOLA INFANZIA,SOSTEGNO,FINO AL TERMINE,TRA 45 E 54,NO,SI,0,53
202425,UDINE,SCUOLA SECONDARIA II GRADO,SOSTEGNO,FINO AL TERMINE,TRA 35 E 44,NO,NO,3,4
202425,PESARO E URBINO,SCUOLA SECONDARIA I GRADO,SOSTEGNO,FINO AL TERMINE,FINO A 34,NO,SI,14,36
202425,GENOVA,SCUOLA SECONDARIA I GRADO,SOSTEGNO,FINO AL TERMINE,TRA 35 E 44,NO,SI,16,83
202425,PERUGIA,SCUOLA SECONDARIA II GRADO,NORMALE,FINO AL TERMINE,TRA 45 E 54,NO,SI,13,17
202425,LECCO,SCUOLA PRIMARIA,SOSTEGNO,ANNUALE,TRA 45 E 54,NO,SI,1,21
202425,RAVENNA,SCUOLA PRIMARIA,SOSTEGNO,FINO AL TERMINE,TRA 35 E 44,NO,SI,1,50
202425,LIVORNO,SCUOLA INFANZIA,SOSTEGNO,FINO AL TERMINE,FINO A 34,NO,SI,0,1
202425,ANCONA,SCUOLA SECONDARIA II GRADO,SOSTEGNO,FINO AL TERMINE,TRA 45 E 54,NO,NO,2,10
202425,SIENA,SCUOLA SECONDARIA II GRADO,SOSTEGNO,ANNUALE,TRA 45 E 54,SI,SI,2,4
202425,VICENZA,SCUOLA INFANZIA,SOSTEGNO,FINO AL TERMINE,TRA 35 E 44,NO,SI,0,35
202425,TRIESTE,SCUOLA SECONDARIA I GRADO,SOSTEGNO,ANNUALE,TRA 35 E 44,SI,SI,0,2
202425,PIACENZA,SCUOLA SECONDARIA II GRADO,SOSTEGNO,ANNUALE,TRA 35 E 44,SI,SI,0,3
202425,FROSINONE,SCUOLA PRIMARIA,NORMALE,FINO AL TERMINE,TRA 45 E 54,NO,SI,0,19
202425,ALESSANDRIA,SCUOLA PRIMARIA,SOSTEGNO,ANNUALE,TRA 45 E 54,NO,SI,1,38
202425,PESCARA,SCUOLA INFANZIA,SOSTEGNO,FINO AL TERMINE,TRA 45 E 54,NO,NO,0,6
202425,BOLOGNA,SCUOLA PRIMARIA,NORMALE,FINO AL TERMINE,TRA 45 E 54,NO,SI,1,18
202425,RIMINI,SCUOLA SECONDARIA II GRADO,SOSTEGNO,FINO AL TERMINE,TRA 45 E 54,NO,SI,13,38
202425,BELLUNO,SCUOLA SECONDARIA II GRADO,NORMALE,ANNUALE,TRA 45 E 54,NO,SI,15,13
202425,TORINO,SCUOLA SECONDARIA I GRADO,SOSTEGNO,ANNUALE,OLTRE 54,SI,SI,0,7
202425,SIENA,SCUOLA PRIMARIA,NORMALE,FINO AL TERMINE,FINO A 34,NO,NO,7,14
202425,ENNA,SCUOLA SECONDARIA I GRADO,NORMALE,ANNUALE,TRA 35 E 44,NO,SI,1,3
202425,CREMONA,SCUOLA SECONDARIA I GRADO,SOSTEGNO,ANNUALE,TRA 35 E 44,SI,SI,17,33
202425,SONDRIO,SCUOLA SECONDARIA I GRADO,SOSTEGNO,FINO AL TERMINE,OLTRE 54,NO,SI,3,6
202425,LECCO,SCUOLA PRIMARIA,SOSTEGNO,FINO AL TERMINE,TRA 45 E 54,NO,NO,1,5
202425,IMPERIA,SCUOLA SECONDARIA II GRADO,NORMALE,ANNUALE,TRA 45 E 54,NO,NO,2,0
202425,COSENZA,SCUOLA INFANZIA,NORMALE,FINO AL TERMINE,TRA 45 E 54,NO,SI,1,16
202425,BELLUNO,SCUOLA SECONDARIA I GRADO,SOSTEGNO,ANNUALE,TRA 35 E 44,NO,SI,1,0
202425,IMPERIA,SCUOLA INFANZIA,NORMALE,ANNUALE,FINO A 34,NO,SI,0,2
202425,CAMPOBASSO,SCUOLA PRIMARIA,SOSTEGNO,FINO AL TERMINE,TRA 45 E 54,NO,SI,3,48
202425,SIRACUSA,SCUOLA SECONDARIA I GRADO,NORMALE,ANNUALE,TRA 35 E 44,NO,NO,0,1
202425,GENOVA,SCUOLA SECONDARIA II GRADO,SOSTEGNO,FINO AL TERMINE,TRA 45 E 54,NO,NO,1,9
202425,GORIZIA,SCUOLA INFANZIA,NORMALE,FINO AL TERMINE,TRA 35 E 44,NO,SI,0,3
202425,FIRENZE,SCUOLA SECONDARIA I GRADO,NORMALE,FINO AL TERMINE,TRA 35 E 44,NO,SI,8,21
202425,GENOVA,SCUOLA SECONDARIA I GRADO,NORMALE,ANNUALE,TRA 45 E 54,NO,SI,1,10
202425,NOVARA,SCUOLA INFANZIA,SOSTEGNO,ANNUALE,TRA 45 E 54,NO,SI,0,11
202425,ROVIGO,SCUOLA PRIMARIA,SOSTEGNO,ANNUALE,TRA 45 E 54,SI,SI,0,4
202425,LECCO,SCUOLA SECONDARIA II GRADO,NORMALE,FINO AL TERMINE,TRA 35 E 44,NO,SI,11,8
202425,ENNA,SCUOLA SECONDARIA II GRADO,SOSTEGNO,FINO AL TERMINE,TRA 45 E 54,NO,NO,0,1
202425,MODENA,SCUOLA SECONDARIA II GRADO,NORMALE,FINO AL TERMINE,TRA 35 E 44,NO,SI,23,43
202425,VERBANO-CUSIO-OSSOLA,SCUOLA INFANZIA,SOSTEGNO,FINO AL TERMINE,TRA 35 E 44,NO,NO,0,1
202425,CALTANISSETTA,SCUOLA PRIMARIA,SOSTEGNO,FINO AL TERMINE,TRA 35 E 44,NO,SI,0,23
202425,CALTANISSETTA,SCUOLA SECONDARIA I GRADO,NORMALE,FINO AL TERMINE,TRA 45 E 54,NO,SI,4,8
202425,CAMPOBASSO,SCUOLA SECONDARIA I GRADO,NORMALE,FINO AL TERMINE,FINO A 34,NO,SI,3,4
202425,SIENA,SCUOLA INFANZIA,SOSTEGNO,FINO AL TERMINE,FINO A 34,NO,NO,0,4
202425,GORIZIA,SCUOLA INFANZIA,SOSTEGNO,FINO AL TERMINE,OLTRE 54,NO,NO,0,1
202425,CATANIA,SCUOLA SECONDARIA II GRADO,SOSTEGNO,ANNUALE,TRA 45 E 54,SI,SI,0,6
202425,MILANO,SCUOLA SECONDARIA I GRADO,NORMALE,FINO AL TERMINE,OLTRE 54,NO,SI,3,22
202425,BRINDISI,SCUOLA SECONDARIA I GRADO,SOSTEGNO,FINO AL TERMINE,TRA 35 E 44,NO,NO,2,8
202425,AGRIGENTO,SCUOLA SECONDARIA II GRADO,NORMALE,FINO AL TERMINE,OLTRE 54,NO,SI,3,2
202425,PORDENONE,SCUOLA PRIMARIA,NORMALE,FINO AL TERMINE,FINO A 34,NO,SI,2,27
202425,BRESCIA,SCUOLA SECONDARIA II GRADO,SOSTEGNO,ANNUALE,TRA 45 E 54,SI,SI,3,5
202425,ASCOLI PICENO,SCUOLA INFANZIA,SOSTEGNO,FINO AL TERMINE,OLTRE 54,NO,NO,0,4
202425,PISA,SCUOLA PRIMARIA,SOSTEGNO,FINO AL TERMINE,TRA 35 E 44,NO,NO,1,15
202425,LECCE,SCUOLA SECONDARIA II GRADO,SOSTEGNO,ANNUALE,FINO A 34,NO,SI,1,0
202425,SIRACUSA,SCUOLA INFANZIA,NORMALE,FINO AL TERMINE,TRA 45 E 54,NO,SI,0,10
202425,PAVIA,SCUOLA PRIMARIA,SOSTEGNO,ANNUALE,TRA 45 E 54,SI,SI,0,4
202425,ALESSANDRIA,SCUOLA PRIMARIA,SOSTEGNO,FINO AL TERMINE,OLTRE 54,NO,SI,5,58
202425,VITERBO,SCUOLA INFANZIA,NORMALE,FINO AL TERMINE,TRA 45 E 54,NO,NO,0,3
202425,TREVISO,SCUOLA SECONDARIA II GRADO,NORMALE,FINO AL TERMINE,TRA 45 E 54,NO,SI,8,21
202425,PESCARA,SCUOLA SECONDARIA II GRADO,SOSTEGNO,FINO AL TERMINE,TRA 35 E 44,NO,SI,18,66
202425,FERRARA,SCUOLA INFANZIA,SOSTEGNO,ANNUALE,OLTRE 54,SI,SI,0,1
202425,PADOVA,SCUOLA SECONDARIA II GRADO,SOSTEGNO,FINO AL TERMINE,FINO A 34,NO,SI,29,55
202425,PORDENONE,SCUOLA PRIMARIA,SOSTEGNO,ANNUALE,TRA 35 E 44,SI,SI,0,2
202425,REGGIO CALABRIA,SCUOLA SECONDARIA II GRADO,NORMALE,FINO AL TERMINE,TRA 45 E 54,NO,NO,15,28
202425,SIRACUSA,SCUOLA SECONDARIA II GRADO,SOSTEGNO,FINO AL TERMINE,OLTRE 54,NO,SI,0,4
202425,SIENA,SCUOLA PRIMARIA,SOSTEGNO,ANNUALE,TRA 45 E 54,SI,SI,0,8
202425,SAVONA,SCUOLA PRIMARIA,SOSTEGNO,ANNUALE,FINO A 34,NO,SI,0,3
202425,TREVISO,SCUOLA SECONDARIA II GRADO,SOSTEGNO,FINO AL TERMINE,OLTRE 54,NO,SI,0,7
202425,PESCARA,SCUOLA SECONDARIA I GRADO,SOSTEGNO,ANNUALE,TRA 35 E 44,NO,SI,0,2
202425,PALERMO,SCUOLA INFANZIA,NORMALE,FINO AL TERMINE,OLTRE 54,NO,NO,0,2
202425,REGGIO EMILIA,SCUOLA SECONDARIA II GRADO,NORMALE,ANNUALE,TRA 35 E 44,NO,NO,1,4
202425,TORINO,SCUOLA SECONDARIA I GRADO,NORMALE,ANNUALE,TRA 35 E 44,NO,NO,0,3
202425,PISTOIA,SCUOLA SECONDARIA I GRADO,NORMALE,ANNUALE,OLTRE 54,NO,SI,0,5
202425,AREZZO,SCUOLA INFANZIA,NORMALE,FINO AL TERMINE,FINO A 34,NO,SI,0,8
202425,GORIZIA,SCUOLA SECONDARIA II GRADO,NORMALE,FINO AL TERMINE,TRA 35 E 44,NO,NO,8,19
202425,POTENZA,SCUOLA INFANZIA,SOSTEGNO,FINO AL TERMINE,TRA 35 E 44,NO,SI,0,19
202425,MILANO,SCUOLA INFANZIA,SOSTEGNO,FINO AL TERMINE,FINO A 34,NO,NO,3,51
202425,ROMA,SCUOLA SECONDARIA II GRADO,SOSTEGNO,FINO AL TERMINE,OLTRE 54,NO,NO,3,3
202425,MASSA-CARRARA,SCUOLA SECONDARIA II GRADO,SOSTEGNO,FINO AL TERMINE,TRA 45 E 54,NO,NO,2,8
202425,MATERA,SCUOLA PRIMARIA,SOSTEGNO,FINO AL TERMINE,TRA 35 E 44,NO,SI,1,12
202425,ASTI,SCUOLA SECONDARIA II GRADO,NORMALE,FINO AL TERMINE,TRA 45 E 54,NO,NO,9,8
202425,MESSINA,SCUOLA INFANZIA,NORMALE,ANNUALE,OLTRE 54,NO,SI,0,4
202425,IMPERIA,SCUOLA SECONDARIA I GRADO,SOSTEGNO,ANNUALE,TRA 35 E 44,SI,SI,1,9
202425,MONZA E DELLA BRIANZA,SCUOLA SECONDARIA II GRADO,NORMALE,ANNUALE,OLTRE 54,NO,NO,0,1
202425,MASSA-CARRARA,SCUOLA PRIMARIA,NORMALE,ANNUALE,TRA 35 E 44,NO,SI,0,1
202425,REGGIO EMILIA,SCUOLA PRIMARIA,NORMALE,FINO AL TERMINE,TRA 35 E 44,NO,NO,5,14
202425,LATINA,SCUOLA SECONDARIA II GRADO,NORMALE,FINO AL TERMINE,TRA 45 E 54,NO,SI,7,16
202425,CAMPOBASSO,SCUOLA PRIMARIA,NORMALE,FINO AL TERMINE,FINO A 34,NO,NO,7,10
202425,AREZZO,SCUOLA INFANZIA,SOSTEGNO,ANNUALE,TRA 45 E 54,SI,SI,0,1
202425,GENOVA,SCUOLA SECONDARIA II GRADO,NORMALE,FINO AL TERMINE,TRA 45 E 54,NO,SI,10,16
202425,MILANO,SCUOLA SECONDARIA I GRADO,SOSTEGNO,ANNUALE,TRA 35 E 44,SI,NO,2,4
202425,LUCCA,SCUOLA SECONDARIA II GRADO,NORMALE,ANNUALE,FINO A 34,NO,NO,2,4
202425,TERNI,SCUOLA SECONDARIA II GRADO,NORMALE,ANNUALE,TRA 35 E 44,NO,NO,1,2
202425,ROMA,SCUOLA SECONDARIA II GRADO,NORMALE,ANNUALE,FINO A 34,NO,SI,190,248
202425,ALESSANDRIA,SCUOLA SECONDARIA I GRADO,NORMALE,FINO AL TERMINE,FINO A 34,NO,SI,9,23
202425,PESCARA,SCUOLA PRIMARIA,SOSTEGNO,ANNUALE,FINO A 34,SI,SI,0,1
202425,MASSA-CARRARA,SCUOLA SECONDARIA I GRADO,SOSTEGNO,FINO AL TERMINE,TRA 35 E 44,NO,SI,8,25
202425,LODI,SCUOLA INFANZIA,NORMALE,FINO AL TERMINE,TRA 45 E 54,NO,SI,0,3
202425,TREVISO,SCUOLA PRIMARIA,NORMALE,ANNUALE,TRA 45 E 54,NO,SI,2,18
202425,VERBANO-CUSIO-OSSOLA,SCUOLA PRIMARIA,SOSTEGNO,ANNUALE,OLTRE 54,NO,SI,1,10
202425,MACERATA,SCUOLA SECONDARIA I GRADO,NORMALE,ANNUALE,TRA 45 E 54,NO,SI,1,1
202425,LECCO,SCUOLA INFANZIA,NORMALE,ANNUALE,OLTRE 54,NO,SI,0,1
202425,VIBO VALENTIA,SCUOLA INFANZIA,SOSTEGNO,FINO AL TERMINE,TRA 45 E 54,NO,NO,0,3
202425,TORINO,SCUOLA SECONDARIA I GRADO,SOSTEGNO,FINO AL TERMINE,OLTRE 54,NO,SI,39,68
202425,CATANIA,SCUOLA SECONDARIA II GRADO,SOSTEGNO,FINO AL TERMINE,TRA 45 E 54,NO,SI,27,149
202425,FOGGIA,SCUOLA PRIMARIA,SOSTEGNO,ANNUALE,OLTRE 54,NO,SI,0,1
202425,PAVIA,SCUOLA PRIMARIA,NORMALE,ANNUALE,FINO A 34,NO,NO,0,1
202425,BOLOGNA,SCUOLA SECONDARIA I GRADO,NORMALE,FINO AL TERMINE,FINO A 34,NO,SI,19,34
202425,PAVIA,SCUOLA SECONDARIA II GRADO,SOSTEGNO,ANNUALE,TRA 35 E 44,SI,NO,1,0
202425,ANCONA,SCUOLA INFANZIA,SOSTEGNO,FINO AL TERMINE,FINO A 34,NO,SI,0,24
202425,SAVONA,SCUOLA SECONDARIA I GRADO,SOSTEGNO,FINO AL TERMINE,TRA 35 E 44,NO,SI,8,17
202425,CREMONA,SCUOLA INFANZIA,NORMALE,ANNUALE,TRA 35 E 44,NO,SI,0,3
202425,TERAMO,SCUOLA INFANZIA,SOSTEGNO,FINO AL TERMINE,OLTRE 54,NO,NO,0,3
202425,SUD SARDEGNA,SCUOLA SECONDARIA I GRADO,SOSTEGNO,ANNUALE,FINO A 34,NO,SI,0,1
202425,NAPOLI,SCUOLA PRIMARIA,NORMALE,FINO AL TERMINE,TRA 45 E 54,NO,NO,22,28
202425,BERGAMO,SCUOLA PRIMARIA,NORMALE,FINO AL TERMINE,FINO A 34,NO,SI,9,118
202425,PARMA,SCUOLA INFANZIA,SOSTEGNO,FINO AL TERMINE,FINO A 34,NO,SI,1,13
202425,ROVIGO,SCUOLA SECONDARIA I GRADO,SOSTEGNO,ANNUALE,OLTRE 54,NO,SI,1,1
202425,VARESE,SCUOLA PRIMARIA,SOSTEGNO,ANNUALE,TRA 35 E 44,NO,SI,6,75
202425,TORINO,SCUOLA INFANZIA,NORMALE,FINO AL TERMINE,TRA 35 E 44,NO,SI,0,22
202425,MODENA,SCUOLA PRIMARIA,SOSTEGNO,FINO AL TERMINE,TRA 35 E 44,NO,SI,11,137
202425,PAVIA,SCUOLA PRIMARIA,NORMALE,FINO AL TERMINE,FINO A 34,NO,SI,8,23
202425,BELLUNO,SCUOLA INFANZIA,SOSTEGNO,FINO AL TERMINE,FINO A 34,NO,SI,1,3
202425,VERONA,SCUOLA SECONDARIA I GRADO,SOSTEGNO,ANNUALE,FINO A 34,NO,SI,0,4
202425,NOVARA,SCUOLA PRIMARIA,NORMALE,FINO AL TERMINE,FINO A 34,NO,NO,15,17
202425,TREVISO,SCUOLA SECONDARIA II GRADO,NORMALE,ANNUALE,TRA 35 E 44,SI,SI,1,4
202425,FORLI'-CESENA,SCUOLA INFANZIA,NORMALE,FINO AL TERMINE,OLTRE 54,NO,NO,0,2
202425,VERBANO-CUSIO-OSSOLA,SCUOLA SECONDARIA II GRADO,SOSTEGNO,FINO AL TERMINE,FINO A 34,NO,NO,2,0
202425,TARANTO,SCUOLA PRIMARIA,NORMALE,FINO AL TERMINE,OLTRE 54,NO,NO,1,2
202425,FERMO,SCUOLA INFANZIA,SOSTEGNO,ANNUALE,TRA 35 E 44,SI,SI,0,2
202425,PADOVA,SCUOLA SECONDARIA II GRADO,NORMALE,FINO AL TERMINE,TRA 45 E 54,NO,SI,22,18
202425,TRAPANI,SCUOLA INFANZIA,SOSTEGNO,FINO AL TERMINE,FINO A 34,NO,NO,0,1
202425,MODENA,SCUOLA SECONDARIA II GRADO,SOSTEGNO,FINO AL TERMINE,FINO A 34,NO,SI,39,116
202425,CAGLIARI,SCUOLA SECONDARIA II GRADO,NORMALE,FINO AL TERMINE,OLTRE 54,NO,SI,3,2
202425,RAGUSA,SCUOLA SECONDARIA II GRADO,NORMALE,ANNUALE,TRA 35 E 44,NO,SI,10,10
202425,RAGUSA,SCUOLA SECONDARIA II GRADO,NORMALE,FINO AL TERMINE,OLTRE 54,NO,NO,6,1
202425,IMPERIA,SCUOLA SECONDARIA I GRADO,SOSTEGNO,ANNUALE,FINO A 34,NO,SI,1,5
202425,SALERNO,SCUOLA SECONDARIA II GRADO,SOSTEGNO,FINO AL TERMINE,OLTRE 54,NO,SI,4,13
202425,SASSARI,SCUOLA SECONDARIA II GRADO,SOSTEGNO,ANNUALE,OLTRE 54,NO,SI,0,1
202425,SIRACUSA,SCUOLA SECONDARIA II GRADO,NORMALE,FINO AL TERMINE,TRA 35 E 44,NO,SI,5,13
202425,VARESE,SCUOLA SECONDARIA II GRADO,SOSTEGNO,ANNUALE,TRA 35 E 44,SI,NO,1,0
202425,MACERATA,SCUOLA SECONDARIA I GRADO,SOSTEGNO,ANNUALE,FINO A 34,SI,SI,0,1
202425,PISTOIA,SCUOLA PRIMARIA,NORMALE,FINO AL TERMINE,OLTRE 54,NO,SI,0,4
202425,CROTONE,SCUOLA PRIMARIA,NORMALE,FINO AL TERMINE,TRA 35 E 44,NO,SI,0,4
202425,TERNI,SCUOLA INFANZIA,NORMALE,FINO AL TERMINE,TRA 45 E 54,NO,SI,0,3
202425,UDINE,SCUOLA PRIMARIA,SOSTEGNO,FINO AL TERMINE,TRA 35 E 44,NO,SI,4,59
202425,SAVONA,SCUOLA SECONDARIA I GRADO,SOSTEGNO,FINO AL TERMINE,TRA 45 E 54,NO,NO,0,11
202425,NOVARA,SCUOLA SECONDARIA I GRADO,SOSTEGNO,FINO AL TERMINE,OLTRE 54,NO,SI,4,22
202425,PARMA,SCUOLA SECONDARIA II GRADO,NORMALE,ANNUALE,FINO A 34,NO,NO,2,1
202425,FORLI'-CESENA,SCUOLA SECONDARIA I GRADO,NORMALE,FINO AL TERMINE,TRA 35 E 44,NO,SI,6,17
202425,BOLOGNA,SCUOLA INFANZIA,SOSTEGNO,ANNUALE,TRA 35 E 44,NO,SI,0,1
202425,ASTI,SCUOLA SECONDARIA I GRADO,SOSTEGNO,FINO AL TERMINE,FINO A 34,NO,NO,2,4
202425,PRATO,SCUOLA PRIMARIA,NORMALE,ANNUALE,TRA 45 E 54,NO,SI,1,15
202425,RAGUSA,SCUOLA SECONDARIA II GRADO,SOSTEGNO,FINO AL TERMINE,FINO A 34,NO,SI,3,12
202425,AREZZO,SCUOLA SECONDARIA II GRADO,NORMALE,FINO AL TERMINE,TRA 35 E 44,NO,NO,15,21
202425,SASSARI,SCUOLA PRIMARIA,NORMALE,FINO AL TERMINE,OLTRE 54,NO,NO,1,0
202425,MONZA E DELLA BRIANZA,SCUOLA PRIMARIA,SOSTEGNO,FINO AL TERMINE,TRA 35 E 44,NO,NO,1,17
202425,CUNEO,SCUOLA SECONDARIA I GRADO,NORMALE,ANNUALE,OLTRE 54,NO,SI,2,4
202425,PISTOIA,SCUOLA SECONDARIA I GRADO,NORMALE,FINO AL TERMINE,TRA 35 E 44,NO,SI,2,5
202425,MODENA,SCUOLA INFANZIA,NORMALE,FINO AL TERMINE,FINO A 34,NO,NO,0,6
202425,ROMA,SCUOLA SECONDARIA I GRADO,SOSTEGNO,FINO AL TERMINE,OLTRE 54,NO,SI,44,99
202425,UDINE,SCUOLA SECONDARIA II GRADO,SOSTEGNO,ANNUALE,TRA 35 E 44,SI,SI,0,1
202425,PAVIA,SCUOLA SECONDARIA I GRADO,NORMALE,FINO AL TERMINE,OLTRE 54,NO,SI,3,3
202425,POTENZA,SCUOLA INFANZIA,NORMALE,FINO AL TERMINE,OLTRE 54,NO,SI,0,4
202425,VARESE,SCUOLA PRIMARIA,NORMALE,FINO AL TERMINE,FINO A 34,NO,SI,7,60
202425,ALESSANDRIA,SCUOLA SECONDARIA I GRADO,SOSTEGNO,ANNUALE,TRA 35 E 44,SI,SI,4,19
202425,LA SPEZIA,SCUOLA PRIMARIA,NORMALE,FINO AL TERMINE,TRA 45 E 54,NO,SI,1,25
202425,PIACENZA,SCUOLA INFANZIA,NORMALE,ANNUALE,TRA 35 E 44,NO,SI,0,4
202425,TARANTO,SCUOLA SECONDARIA I GRADO,SOSTEGNO,FINO AL TERMINE,TRA 45 E 54,NO,NO,0,10
202425,FERRARA,SCUOLA PRIMARIA,SOSTEGNO,FINO AL TERMINE,OLTRE 54,NO,SI,4,38
202425,ASTI,SCUOLA INFANZIA,SOSTEGNO,ANNUALE,OLTRE 54,NO,SI,0,5
202425,SONDRIO,SCUOLA INFANZIA,SOSTEGNO,FINO AL TERMINE,TRA 45 E 54,NO,SI,0,8
202425,SIENA,SCUOLA PRIMARIA,SOSTEGNO,FINO AL TERMINE,TRA 45 E 54,NO,NO,2,7
202425,PADOVA,SCUOLA SECONDARIA I GRADO,NORMALE,ANNUALE,FINO A 34,SI,SI,0,1
202425,VICENZA,SCUOLA PRIMARIA,SOSTEGNO,FINO AL TERMINE,TRA 45 E 54,NO,NO,3,17
202425,CHIETI,SCUOLA INFANZIA,NORMALE,FINO AL TERMINE,TRA 45 E 54,NO,SI,0,6
202425,FROSINONE,SCUOLA SECONDARIA I GRADO,SOSTEGNO,FINO AL TERMINE,OLTRE 54,NO,SI,2,3
202425,TORINO,SCUOLA INFANZIA,SOSTEGNO,ANNUALE,TRA 45 E 54,SI,SI,0,19
202425,LATINA,SCUOLA SECONDARIA I GRADO,NORMALE,FINO AL TERMINE,TRA 35 E 44,NO,NO,12,23
202425,PERUGIA,SCUOLA INFANZIA,SOSTEGNO,FINO AL TERMINE,TRA 35 E 44,NO,SI,1,54
202425,CREMONA,SCUOLA INFANZIA,SOSTEGNO,ANNUALE,TRA 45 E 54,NO,SI,0,7
202425,AVELLINO,SCUOLA SECONDARIA I GRADO,NORMALE,FINO AL TERMINE,FINO A 34,NO,NO,2,5
202425,FIRENZE,SCUOLA SECONDARIA I GRADO,NORMALE,ANNUALE,TRA 45 E 54,NO,SI,2,3
202425,FOGGIA,SCUOLA INFANZIA,SOSTEGNO,FINO AL TERMINE,TRA 45 E 54,NO,SI,1,74
202425,PERUGIA,SCUOLA PRIMARIA,NORMALE,ANNUALE,TRA 45 E 54,NO,SI,1,9
202425,NOVARA,SCUOLA INFANZIA,NORMALE,FINO AL TERMINE,TRA 45 E 54,NO,NO,0,4
202425,ANCONA,SCUOLA PRIMARIA,SOSTEGNO,FINO AL TERMINE,OLTRE 54,NO,NO,0,10
202425,NOVARA,SCUOLA SECONDARIA II GRADO,NORMALE,FINO AL TERMINE,FINO A 34,NO,NO,22,30
202425,MONZA E DELLA BRIANZA,SCUOLA SECONDARIA I GRADO,NORMALE,FINO AL TERMINE,OLTRE 54,NO,SI,3,1
202425,BERGAMO,SCUOLA SECONDARIA I GRADO,NORMALE,FINO AL TERMINE,TRA 35 E 44,NO,SI,14,19
202425,PARMA,SCUOLA INFANZIA,NORMALE,FINO AL TERMINE,OLTRE 54,NO,NO,0,3
202425,SASSARI,SCUOLA SECONDARIA I GRADO,SOSTEGNO,FINO AL TERMINE,TRA 35 E 44,NO,NO,3,8
202425,PIACENZA,SCUOLA PRIMARIA,SOSTEGNO,FINO AL TERMINE,TRA 35 E 44,NO,SI,2,51
202425,MILANO,SCUOLA SECONDARIA II GRADO,NORMALE,ANNUALE,FINO A 34,SI,SI,1,0
202425,MODENA,SCUOLA SECONDARIA I GRADO,NORMALE,ANNUALE,OLTRE 54,SI,SI,0,1
202425,MILANO,SCUOLA PRIMARIA,NORMALE,FINO AL TERMINE,FINO A 34,NO,NO,96,159
202425,AGRIGENTO,SCUOLA PRIMARIA,NORMALE,FINO AL TERMINE,TRA 35 E 44,NO,NO,7,5
202425,POTENZA,SCUOLA SECONDARIA II GRADO,SOSTEGNO,FINO AL TERMINE,TRA 45 E 54,NO,SI,1,17
202425,NAPOLI,SCUOLA PRIMARIA,SOSTEGNO,ANNUALE,FINO A 34,SI,SI,0,1
202425,SASSARI,SCUOLA SECONDARIA II GRADO,NORMALE,ANNUALE,OLTRE 54,NO,SI,11,7
202425,TORINO,SCUOLA SECONDARIA II GRADO,NORMALE,ANNUALE,TRA 45 E 54,SI,SI,0,1
202425,FOGGIA,SCUOLA PRIMARIA,SOSTEGNO,FINO AL TERMINE,TRA 45 E 54,NO,SI,4,203
202425,BOLOGNA,SCUOLA SECONDARIA I GRADO,SOSTEGNO,FINO AL TERMINE,OLTRE 54,NO,NO,0,6
202425,BIELLA,SCUOLA SECONDARIA I GRADO,NORMALE,ANNUALE,FINO A 34,NO,SI,4,7
202425,SONDRIO,SCUOLA SECONDARIA II GRADO,NORMALE,FINO AL TERMINE,OLTRE 54,NO,NO,6,6
202425,TERAMO,SCUOLA PRIMARIA,NORMALE,FINO AL TERMINE,OLTRE 54,NO,NO,1,5
202425,TERAMO,SCUOLA PRIMARIA,NORMALE,FINO AL TERMINE,TRA 45 E 54,NO,SI,3,11
202425,COSENZA,SCUOLA PRIMARIA,NORMALE,FINO AL TERMINE,FINO A 34,NO,SI,3,44
202425,CAGLIARI,SCUOLA SECONDARIA II GRADO,SOSTEGNO,ANNUALE,FINO A 34,SI,SI,0,1
202425,CAMPOBASSO,SCUOLA SECONDARIA I GRADO,SOSTEGNO,FINO AL TERMINE,TRA 35 E 44,NO,NO,1,4
202425,SONDRIO,SCUOLA SECONDARIA I GRADO,SOSTEGNO,FINO AL TERMINE,FINO A 34,NO,SI,7,17
202425,TERAMO,SCUOLA SECONDARIA I GRADO,NORMALE,ANNUALE,TRA 35 E 44,NO,NO,0,1
202425,PIACENZA,SCUOLA PRIMARIA,SOSTEGNO,ANNUALE,FINO A 34,NO,SI,0,16
202425,CATANZARO,SCUOLA SECONDARIA II GRADO,NORMALE,FINO AL TERMINE,TRA 35 E 44,NO,SI,8,18
202425,LA SPEZIA,SCUOLA PRIMARIA,SOSTEGNO,FINO AL TERMINE,TRA 45 E 54,NO,SI,1,75
202425,BARI,SCUOLA SECONDARIA I GRADO,SOSTEGNO,ANNUALE,TRA 35 E 44,SI,SI,0,1
202425,FERRARA,SCUOLA SECONDARIA II GRADO,NORMALE,FINO AL TERMINE,FINO A 34,NO,NO,26,32
202425,CREMONA,SCUOLA SECONDARIA I GRADO,SOSTEGNO,FINO AL TERMINE,TRA 45 E 54,NO,SI,9,29
202425,BRESCIA,SCUOLA PRIMARIA,SOSTEGNO,FINO AL TERMINE,TRA 35 E 44,NO,NO,2,16
202425,CROTONE,SCUOLA SECONDARIA II GRADO,NORMALE,FINO AL TERMINE,TRA 45 E 54,NO,SI,7,10
202425,PESARO E URBINO,SCUOLA SECONDARIA II GRADO,NORMALE,ANNUALE,FINO A 34,NO,SI,14,30
202425,CASERTA,SCUOLA SECONDARIA I GRADO,SOSTEGNO,FINO AL TERMINE,FINO A 34,NO,SI,7,31
202425,PORDENONE,SCUOLA SECONDARIA I GRADO,NORMALE,ANNUALE,FINO A 34,NO,NO,0,1
202425,ROVIGO,SCUOLA SECONDARIA II GRADO,SOSTEGNO,ANNUALE,OLTRE 54,NO,SI,0,2
202425,LECCE,SCUOLA PRIMARIA,SOSTEGNO,ANNUALE,FINO A 34,NO,SI,0,1
202425,FERRARA,SCUOLA PRIMARIA,NORMALE,FINO AL TERMINE,OLTRE 54,NO,SI,0,5
202425,FIRENZE,SCUOLA SECONDARIA I GRADO,SOSTEGNO,FINO AL TERMINE,FINO A 34,NO,SI,31,71
202425,PIACENZA,SCUOLA SECONDARIA II GRADO,NORMALE,FINO AL TERMINE,TRA 45 E 54,NO,SI,9,10
202425,VERONA,SCUOLA SECONDARIA I GRADO,SOSTEGNO,FINO AL TERMINE,OLTRE 54,NO,NO,1,8
202425,PESCARA,SCUOLA SECONDARIA I GRADO,SOSTEGNO,FINO AL TERMINE,TRA 45 E 54,NO,SI,3,34
202425,TRAPANI,SCUOLA SECONDARIA I GRADO,NORMALE,ANNUALE,TRA 35 E 44,NO,SI,3,28
202425,REGGIO EMILIA,SCUOLA SECONDARIA I GRADO,NORMALE,ANNUALE,TRA 45 E 54,NO,SI,2,6
202425,RAVENNA,SCUOLA SECONDARIA I GRADO,SOSTEGNO,FINO AL TERMINE,OLTRE 54,NO,NO,2,5
202425,ANCONA,SCUOLA SECONDARIA I GRADO,SOSTEGNO,FINO AL TERMINE,TRA 45 E 54,NO,NO,2,7
202425,TORINO,SCUOLA SECONDARIA I GRADO,SOSTEGNO,ANNUALE,TRA 45 E 54,NO,SI,1,0
202425,MESSINA,SCUOLA SECONDARIA I GRADO,NORMALE,FINO AL TERMINE,OLTRE 54,NO,SI,0,1
202425,CUNEO,SCUOLA PRIMARIA,SOSTEGNO,FINO AL TERMINE,OLTRE 54,NO,SI,3,30
202425,LODI,SCUOLA PRIMARIA,SOSTEGNO,ANNUALE,TRA 35 E 44,SI,SI,0,1
202425,AGRIGENTO,SCUOLA INFANZIA,NORMALE,FINO AL TERMINE,OLTRE 54,NO,SI,0,3
202425,LECCO,SCUOLA PRIMARIA,NORMALE,FINO AL TERMINE,TRA 35 E 44,NO,SI,1,17
202425,AREZZO,SCUOLA INFANZIA,SOSTEGNO,FINO AL TERMINE,TRA 35 E 44,NO,SI,0,19
202425,TERNI,SCUOLA PRIMARIA,SOSTEGNO,FINO AL TERMINE,FINO A 34,NO,NO,0,1
202425,SIRACUSA,SCUOLA SECONDARIA I GRADO,NORMALE,FINO AL TERMINE,TRA 45 E 54,NO,SI,3,9
202425,GORIZIA,SCUOLA SECONDARIA I GRADO,NORMALE,FINO AL TERMINE,TRA 45 E 54,NO,NO,0,5
202425,LIVORNO,SCUOLA SECONDARIA II GRADO,NORMALE,ANNUALE,TRA 45 E 54,NO,SI,12,15
202425,PARMA,SCUOLA SECONDARIA II GRADO,NORMALE,ANNUALE,TRA 35 E 44,NO,NO,1,1
202425,FORLI'-CESENA,SCUOLA PRIMARIA,SOSTEGNO,ANNUALE,TRA 45 E 54,SI,NO,0,1
202425,AGRIGENTO,SCUOLA SECONDARIA II GRADO,SOSTEGNO,FINO AL TERMINE,TRA 35 E 44,NO,NO,0,4
202425,MONZA E DELLA BRIANZA,SCUOLA SECONDARIA II GRADO,SOSTEGNO,ANNUALE,FINO A 34,SI,NO,0,1
202425,TRAPANI,SCUOLA PRIMARIA,SOSTEGNO,ANNUALE,TRA 45 E 54,NO,SI,0,1
202425,TREVISO,SCUOLA PRIMARIA,SOSTEGNO,ANNUALE,OLTRE 54,NO,SI,3,24
202425,CATANIA,SCUOLA PRIMARIA,NORMALE,ANNUALE,OLTRE 54,NO,SI,1,5
202425,LECCE,SCUOLA SECONDARIA I GRADO,SOSTEGNO,FINO AL TERMINE,TRA 45 E 54,NO,NO,0,9
202425,BRESCIA,SCUOLA SECONDARIA II GRADO,NORMALE,FINO AL TERMINE,OLTRE 54,NO,SI,10,18
202425,LECCO,SCUOLA INFANZIA,NORMALE,FINO AL TERMINE,OLTRE 54,NO,SI,0,1
202425,ENNA,SCUOLA PRIMARIA,NORMALE,FINO AL TERMINE,OLTRE 54,NO,SI,0,4
202425,PIACENZA,SCUOLA PRIMARIA,SOSTEGNO,ANNUALE,TRA 45 E 54,SI,SI,0,5
202425,GENOVA,SCUOLA SECONDARIA II GRADO,NORMALE,FINO AL TERMINE,OLTRE 54,NO,NO,17,18
202425,PRATO,SCUOLA SECONDARIA II GRADO,SOSTEGNO,FINO AL TERMINE,TRA 45 E 54,NO,SI,13,31
202425,ORISTANO,SCUOLA SECONDARIA I GRADO,NORMALE,FINO AL TERMINE,TRA 35 E 44,NO,SI,1,3
202425,PESARO E URBINO,SCUOLA SECONDARIA I GRADO,SOSTEGNO,FINO AL TERMINE,TRA 35 E 44,NO,SI,11,35
202425,BARI,SCUOLA SECONDARIA II GRADO,NORMALE,ANNUALE,TRA 35 E 44,NO,SI,25,56
202425,MASSA-CARRARA,SCUOLA SECONDARIA I GRADO,SOSTEGNO,FINO AL TERMINE,FINO A 34,NO,SI,4,16
202425,ASTI,SCUOLA SECONDARIA II GRADO,SOSTEGNO,FINO AL TERMINE,TRA 45 E 54,NO,SI,9,20
202425,PORDENONE,SCUOLA SECONDARIA I GRADO,NORMALE,FINO AL TERMINE,TRA 45 E 54,NO,NO,5,16
202425,MASSA-CARRARA,SCUOLA PRIMARIA,SOSTEGNO,FINO AL TERMINE,TRA 45 E 54,NO,SI,2,74
202425,COMO,SCUOLA PRIMARIA,SOSTEGNO,ANNUALE,TRA 45 E 54,NO,SI,7,71
202425,PISA,SCUOLA SECONDARIA II GRADO,NORMALE,FINO AL TERMINE,TRA 35 E 44,NO,SI,15,14
202425,BARLETTA-ANDRIA-TRANI,SCUOLA SECONDARIA I GRADO,SOSTEGNO,ANNUALE,OLTRE 54,SI,SI,0,1
202425,TRIESTE,SCUOLA SECONDARIA II GRADO,NORMALE,ANNUALE,TRA 45 E 54,NO,NO,0,1
202425,BOLOGNA,SCUOLA SECONDARIA II GRADO,SOSTEGNO,FINO AL TERMINE,FINO A 34,NO,NO,2,10
202425,ROMA,SCUOLA PRIMARIA,SOSTEGNO,ANNUALE,FINO A 34,NO,SI,1,11
202425,BIELLA,SCUOLA SECONDARIA I GRADO,SOSTEGNO,ANNUALE,FINO A 34,SI,SI,0,2
202425,AVELLINO,SCUOLA SECONDARIA II GRADO,NORMALE,FINO AL TERMINE,TRA 45 E 54,NO,NO,15,24
202425,LIVORNO,SCUOLA SECONDARIA I GRADO,SOSTEGNO,FINO AL TERMINE,OLTRE 54,NO,SI,7,35
202425,PESCARA,SCUOLA SECONDARIA I GRADO,NORMALE,ANNUALE,TRA 35 E 44,NO,SI,0,4
202425,TRAPANI,SCUOLA SECONDARIA I GRADO,SOSTEGNO,ANNUALE,TRA 35 E 44,SI,SI,0,3
202425,SUD SARDEGNA,SCUOLA SECONDARIA II GRADO,SOSTEGNO,ANNUALE,TRA 35 E 44,NO,SI,0,1
202425,CASERTA,SCUOLA SECONDARIA II GRADO,SOSTEGNO,FINO AL TERMINE,OLTRE 54,NO,NO,1,3
202425,ROVIGO,SCUOLA SECONDARIA II GRADO,SOSTEGNO,FINO AL TERMINE,TRA 35 E 44,NO,SI,9,14
202425,MONZA E DELLA BRIANZA,SCUOLA INFANZIA,NORMALE,FINO AL TERMINE,OLTRE 54,NO,NO,0,8
202425,PISA,SCUOLA SECONDARIA II GRADO,SOSTEGNO,FINO AL TERMINE,OLTRE 54,NO,NO,0,3
202425,CALTANISSETTA,SCUOLA SECONDARIA II GRADO,NORMALE,FINO AL TERMINE,TRA 35 E 44,NO,NO,10,29
202425,BENEVENTO,SCUOLA INFANZIA,SOSTEGNO,FINO AL TERMINE,TRA 45 E 54,NO,SI,1,16
202425,VARESE,SCUOLA SECONDARIA I GRADO,NORMALE,FINO AL TERMINE,TRA 45 E 54,NO,SI,4,13
202425,CATANZARO,SCUOLA SECONDARIA I GRADO,NORMALE,FINO AL TERMINE,TRA 45 E 54,NO,NO,3,11
202425,PARMA,SCUOLA PRIMARIA,SOSTEGNO,FINO AL TERMINE,FINO A 34,NO,SI,8,76
202425,LODI,SCUOLA SECONDARIA I GRADO,NORMALE,ANNUALE,FINO A 34,NO,SI,4,10
202425,TRIESTE,SCUOLA INFANZIA,NORMALE,FINO AL TERMINE,FINO A 34,NO,SI,0,1
202425,TRAPANI,SCUOLA PRIMARIA,NORMALE,FINO AL TERMINE,TRA 45 E 54,NO,NO,5,9
202425,PADOVA,SCUOLA SECONDARIA II GRADO,NORMALE,FINO AL TERMINE,OLTRE 54,NO,NO,10,28
202425,ISERNIA,SCUOLA INFANZIA,NORMALE,FINO AL TERMINE,OLTRE 54,NO,SI,0,4
202425,REGGIO EMILIA,SCUOLA PRIMARIA,SOSTEGNO,ANNUALE,TRA 45 E 54,SI,SI,0,8
202425,BRINDISI,SCUOLA PRIMARIA,NORMALE,FINO AL TERMINE,OLTRE 54,NO,NO,0,3
202425,TERNI,SCUOLA PRIMARIA,NORMALE,FINO AL TERMINE,TRA 35 E 44,NO,NO,1,5
202425,MILANO,SCUOLA SECONDARIA II GRADO,NORMALE,ANNUALE,TRA 35 E 44,NO,SI,191,177
202425,SIRACUSA,SCUOLA SECONDARIA I GRADO,NORMALE,FINO AL TERMINE,FINO A 34,NO,SI,3,2
202425,UDINE,SCUOLA SECONDARIA I GRADO,SOSTEGNO,ANNUALE,FINO A 34,SI,SI,0,2
202425,PAVIA,SCUOLA SECONDARIA I GRADO,SOSTEGNO,ANNUALE,TRA 45 E 54,NO,SI,1,0
202425,CREMONA,SCUOLA PRIMARIA,SOSTEGNO,FINO AL TERMINE,FINO A 34,NO,NO,3,22
202425,PARMA,SCUOLA SECONDARIA II GRADO,SOSTEGNO,ANNUALE,FINO A 34,SI,SI,0,1
202425,LODI,SCUOLA SECONDARIA I GRADO,NORMALE,FINO AL TERMINE,TRA 45 E 54,NO,NO,1,10
202425,TREVISO,SCUOLA PRIMARIA,SOSTEGNO,FINO AL TERMINE,TRA 35 E 44,NO,SI,10,106
202425,COMO,SCUOLA SECONDARIA II GRADO,NORMALE,ANNUALE,TRA 45 E 54,NO,SI,14,13
202425,PALERMO,SCUOLA PRIMARIA,NORMALE,FINO AL TERMINE,TRA 35 E 44,NO,NO,14,18
202425,ISERNIA,SCUOLA PRIMARIA,NORMALE,FINO AL TERMINE,FINO A 34,NO,NO,2,1
202425,LECCO,SCUOLA INFANZIA,SOSTEGNO,FINO AL TERMINE,OLTRE 54,NO,NO,0,6
202425,MONZA E DELLA BRIANZA,SCUOLA PRIMARIA,SOSTEGNO,ANNUALE,TRA 45 E 54,SI,SI,3,7
202425,SONDRIO,SCUOLA PRIMARIA,NORMALE,FINO AL TERMINE,FINO A 34,NO,SI,3,35
202425,VIBO VALENTIA,SCUOLA SECONDARIA II GRADO,NORMALE,ANNUALE,TRA 45 E 54,NO,SI,3,7
202425,AREZZO,SCUOLA SECONDARIA I GRADO,SOSTEGNO,ANNUALE,TRA 35 E 44,NO,SI,0,1
202425,PISA,SCUOLA INFANZIA,NORMALE,ANNUALE,TRA 35 E 44,NO,SI,0,2
202425,GORIZIA,SCUOLA PRIMARIA,SOSTEGNO,FINO AL TERMINE,OLTRE 54,NO,SI,0,9
202425,ROMA,SCUOLA PRIMARIA,SOSTEGNO,FINO AL TERMINE,FINO A 34,NO,SI,48,1008
202425,SAVONA,SCUOLA SECONDARIA I GRADO,SOSTEGNO,ANNUALE,FINO A 34,SI,SI,1,8
202425,BERGAMO,SCUOLA SECONDARIA II GRADO,NORMALE,FINO AL TERMINE,FINO A 34,NO,SI,32,72
202425,REGGIO EMILIA,SCUOLA SECONDARIA I GRADO,SOSTEGNO,FINO AL TERMINE,FINO A 34,NO,SI,37,73
202425,MODENA,SCUOLA SECONDARIA II GRADO,NORMALE,FINO AL TERMINE,FINO A 34,NO,SI,29,65
202425,BRESCIA,SCUOLA SECONDARIA I GRADO,NORMALE,ANNUALE,OLTRE 54,NO,NO,0,1
202425,SASSARI,SCUOLA PRIMARIA,SOSTEGNO,ANNUALE,TRA 35 E 44,SI,SI,0,8
202425,ENNA,SCUOLA SECONDARIA I GRADO,NORMALE,FINO AL TERMINE,OLTRE 54,NO,NO,1,0
202425,REGGIO CALABRIA,SCUOLA INFANZIA,NORMALE,FINO AL TERMINE,TRA 45 E 54,NO,NO,0,5
202425,FOGGIA,SCUOLA SECONDARIA II GRADO,NORMALE,ANNUALE,TRA 45 E 54,NO,NO,3,4
202425,PRATO,SCUOLA PRIMARIA,SOSTEGNO,ANNUALE,FINO A 34,SI,NO,0,1
202425,MESSINA,SCUOLA INFANZIA,NORMALE,FINO AL TERMINE,TRA 45 E 54,NO,NO,0,2
202425,COMO,SCUOLA SECONDARIA II GRADO,NORMALE,FINO AL TERMINE,TRA 45 E 54,NO,SI,5,12
202425,COSENZA,SCUOLA SECONDARIA I GRADO,SOSTEGNO,ANNUALE,FINO A 34,SI,SI,0,1
202425,VARESE,SCUOLA PRIMARIA,SOSTEGNO,FINO AL TERMINE,OLTRE 54,NO,SI,3,21
202425,AREZZO,SCUOLA SECONDARIA I GRADO,SOSTEGNO,FINO AL TERMINE,TRA 45 E 54,NO,NO,5,8
202425,UDINE,SCUOLA INFANZIA,NORMALE,FINO AL TERMINE,TRA 35 E 44,NO,NO,0,9
202425,FORLI'-CESENA,SCUOLA SECONDARIA I GRADO,NORMALE,ANNUALE,TRA 35 E 44,SI,SI,0,4
202425,FIRENZE,SCUOLA INFANZIA,SOSTEGNO,ANNUALE,TRA 45 E 54,SI,NO,0,1
202425,FERMO,SCUOLA SECONDARIA I GRADO,NORMALE,FINO AL TERMINE,OLTRE 54,NO,NO,1,1
202425,MONZA E DELLA BRIANZA,SCUOLA SECONDARIA I GRADO,SOSTEGNO,FINO AL TERMINE,OLTRE 54,NO,NO,0,7
202425,MONZA E DELLA BRIANZA,SCUOLA SECONDARIA II GRADO,SOSTEGNO,FINO AL TERMINE,TRA 45 E 54,NO,SI,8,32
202425,VENEZIA,SCUOLA SECONDARIA II GRADO,SOSTEGNO,ANNUALE,FINO A 34,NO,SI,0,2
202425,LIVORNO,SCUOLA PRIMARIA,NORMALE,FINO AL TERMINE,FINO A 34,NO,NO,5,7
202425,CAMPOBASSO,SCUOLA INFANZIA,NORMALE,FINO AL TERMINE,OLTRE 54,NO,SI,0,4
202425,MANTOVA,SCUOLA INFANZIA,NORMALE,ANNUALE,FINO A 34,NO,SI,0,5
202425,MILANO,SCUOLA SECONDARIA II GRADO,NORMALE,FINO AL TERMINE,TRA 45 E 54,NO,SI,45,61
202425,CATANZARO,SCUOLA PRIMARIA,NORMALE,FINO AL TERMINE,TRA 35 E 44,NO,SI,1,16
202425,TORINO,SCUOLA INFANZIA,NORMALE,FINO AL TERMINE,OLTRE 54,NO,SI,0,23
202425,FOGGIA,SCUOLA SECONDARIA II GRADO,NORMALE,ANNUALE,OLTRE 54,NO,NO,4,2
202425,LA SPEZIA,SCUOLA SECONDARIA II GRADO,NORMALE,FINO AL TERMINE,OLTRE 54,NO,SI,2,2
202425,PAVIA,SCUOLA SECONDARIA I GRADO,NORMALE,ANNUALE,OLTRE 54,NO,SI,3,2
202425,NOVARA,SCUOLA SECONDARIA I GRADO,NORMALE,ANNUALE,FINO A 34,NO,NO,0,1
202425,TARANTO,SCUOLA SECONDARIA I GRADO,SOSTEGNO,ANNUALE,OLTRE 54,SI,SI,0,2
202425,BOLOGNA,SCUOLA PRIMARIA,SOSTEGNO,FINO AL TERMINE,OLTRE 54,NO,NO,2,7
202425,IMPERIA,SCUOLA SECONDARIA II GRADO,SOSTEGNO,FINO AL TERMINE,FINO A 34,NO,NO,1,2
202425,CAGLIARI,SCUOLA SECONDARIA I GRADO,NORMALE,ANNUALE,TRA 45 E 54,NO,SI,1,5
202425,PARMA,SCUOLA INFANZIA,NORMALE,FINO AL TERMINE,FINO A 34,NO,SI,0,1
202425,ASTI,SCUOLA PRIMARIA,NORMALE,FINO AL TERMINE,OLTRE 54,NO,NO,2,2
202425,CUNEO,SCUOLA SECONDARIA II GRADO,NORMALE,ANNUALE,TRA 45 E 54,SI,SI,1,0
202425,VICENZA,SCUOLA SECONDARIA II GRADO,NORMALE,ANNUALE,TRA 35 E 44,NO,NO,1,8
202425,BOLOGNA,SCUOLA SECONDARIA II GRADO,NORMALE,FINO AL TERMINE,TRA 35 E 44,NO,NO,36,81
202425,PERUGIA,SCUOLA PRIMARIA,SOSTEGNO,ANNUALE,FINO A 34,SI,SI,0,2
202425,CREMONA,SCUOLA PRIMARIA,SOSTEGNO,FINO AL TERMINE,TRA 45 E 54,NO,SI,5,22
202425,NOVARA,SCUOLA SECONDARIA I GRADO,NORMALE,FINO AL TERMINE,TRA 35 E 44,NO,SI,0,8
202425,MATERA,SCUOLA PRIMARIA,SOSTEGNO,FINO AL TERMINE,OLTRE 54,NO,NO,0,3
202425,BERGAMO,SCUOLA SECONDARIA I GRADO,SOSTEGNO,ANNUALE,TRA 45 E 54,SI,SI,2,12
202425,RAVENNA,SCUOLA INFANZIA,SOSTEGNO,FINO AL TERMINE,FINO A 34,NO,SI,0,1
202425,RAVENNA,SCUOLA INFANZIA,SOSTEGNO,FINO AL TERMINE,TRA 45 E 54,NO,NO,0,25
202425,MONZA E DELLA BRIANZA,SCUOLA PRIMARIA,NORMALE,FINO AL TERMINE,FINO A 34,NO,NO,27,40
202425,BELLUNO,SCUOLA SECONDARIA II GRADO,SOSTEGNO,ANNUALE,TRA 35 E 44,SI,SI,1,3
202425,SIENA,SCUOLA INFANZIA,SOSTEGNO,FINO AL TERMINE,TRA 35 E 44,NO,SI,0,13
202425,SIENA,SCUOLA SECONDARIA I GRADO,NORMALE,FINO AL TERMINE,OLTRE 54,NO,NO,3,2
202425,FROSINONE,SCUOLA PRIMARIA,SOSTEGNO,FINO AL TERMINE,OLTRE 54,NO,NO,0,8
202425,CUNEO,SCUOLA INFANZIA,NORMALE,ANNUALE,TRA 35 E 44,NO,SI,0,4
202425,PESCARA,SCUOLA PRIMARIA,NORMALE,ANNUALE,TRA 45 E 54,NO,NO,0,1
202425,VERONA,SCUOLA SECONDARIA II GRADO,NORMALE,FINO AL TERMINE,TRA 45 E 54,NO,SI,7,8
202425,BARI,SCUOLA SECONDARIA I GRADO,SOSTEGNO,FINO AL TERMINE,TRA 35 E 44,NO,SI,39,205
202425,COSENZA,SCUOLA PRIMARIA,SOSTEGNO,FINO AL TERMINE,OLTRE 54,NO,NO,0,6
202425,LATINA,SCUOLA SECONDARIA II GRADO,NORMALE,ANNUALE,OLTRE 54,NO,SI,7,4
202425,GROSSETO,SCUOLA SECONDARIA I GRADO,SOSTEGNO,FINO AL TERMINE,TRA 35 E 44,NO,SI,7,29
202425,TORINO,SCUOLA PRIMARIA,SOSTEGNO,ANNUALE,OLTRE 54,SI,SI,0,5
202425,BERGAMO,SCUOLA INFANZIA,NORMALE,ANNUALE,TRA 35 E 44,NO,SI,0,3
202425,UDINE,SCUOLA SECONDARIA II GRADO,NORMALE,ANNUALE,TRA 35 E 44,NO,NO,1,1
202425,PAVIA,SCUOLA INFANZIA,NORMALE,FINO AL TERMINE,FINO A 34,NO,SI,0,5
202425,CREMONA,SCUOLA PRIMARIA,SOSTEGNO,ANNUALE,OLTRE 54,NO,SI,3,19
202425,PISTOIA,SCUOLA SECONDARIA I GRADO,SOSTEGNO,FINO AL TERMINE,FINO A 34,NO,NO,2,6
202425,NAPOLI,SCUOLA SECONDARIA I GRADO,NORMALE,ANNUALE,TRA 35 E 44,NO,SI,31,118
202425,RIMINI,SCUOLA SECONDARIA II GRADO,SOSTEGNO,FINO AL TERMINE,FINO A 34,NO,NO,0,2
202425,PALERMO,SCUOLA SECONDARIA I GRADO,NORMALE,ANNUALE,TRA 35 E 44,NO,SI,18,41
202425,CALTANISSETTA,SCUOLA SECONDARIA II GRADO,NORMALE,ANNUALE,TRA 45 E 54,NO,SI,11,9
202425,PISA,SCUOLA INFANZIA,NORMALE,FINO AL TERMINE,FINO A 34,NO,NO,0,2
202425,REGGIO EMILIA,SCUOLA SECONDARIA II GRADO,SOSTEGNO,FINO AL TERMINE,TRA 45 E 54,NO,NO,1,11
202425,FROSINONE,SCUOLA INFANZIA,NORMALE,FINO AL TERMINE,TRA 35 E 44,NO,SI,0,1
202425,VICENZA,SCUOLA SECONDARIA I GRADO,SOSTEGNO,FINO AL TERMINE,OLTRE 54,NO,SI,9,22
202425,ALESSANDRIA,SCUOLA PRIMARIA,NORMALE,ANNUALE,FINO A 34,NO,SI,1,19
202425,GENOVA,SCUOLA PRIMARIA,NORMALE,ANNUALE,FINO A 34,SI,SI,0,1
202425,PESCARA,SCUOLA SECONDARIA II GRADO,NORMALE,FINO AL TERMINE,TRA 45 E 54,NO,SI,4,6
202425,LECCO,SCUOLA PRIMARIA,SOSTEGNO,ANNUALE,TRA 45 E 54,SI,SI,0,3
202425,BELLUNO,SCUOLA SECONDARIA I GRADO,NORMALE,FINO AL TERMINE,TRA 35 E 44,NO,SI,3,3
202425,SASSARI,SCUOLA PRIMARIA,NORMALE,FINO AL TERMINE,TRA 45 E 54,NO,NO,2,10
202425,PADOVA,SCUOLA INFANZIA,NORMALE,FINO AL TERMINE,TRA 35 E 44,NO,NO,0,3
202425,LUCCA,SCUOLA SECONDARIA I GRADO,NORMALE,FINO AL TERMINE,TRA 35 E 44,NO,NO,11,11
202425,RAGUSA,SCUOLA PRIMARIA,NORMALE,FINO AL TERMINE,OLTRE 54,NO,SI,0,7
202425,SAVONA,SCUOLA PRIMARIA,SOSTEGNO,FINO AL TERMINE,FINO A 34,NO,NO,4,12
202425,NOVARA,SCUOLA PRIMARIA,SOSTEGNO,ANNUALE,TRA 35 E 44,SI,SI,0,1
202425,TORINO,SCUOLA SECONDARIA II GRADO,SOSTEGNO,FINO AL TERMINE,OLTRE 54,NO,NO,3,3
202425,SUD SARDEGNA,SCUOLA PRIMARIA,SOSTEGNO,FINO AL TERMINE,TRA 35 E 44,NO,NO,1,15
202425,VENEZIA,SCUOLA PRIMARIA,NORMALE,FINO AL TERMINE,TRA 45 E 54,NO,SI,1,74
202425,BELLUNO,SCUOLA PRIMARIA,SOSTEGNO,FINO AL TERMINE,FINO A 34,NO,SI,3,32
202425,COSENZA,SCUOLA SECONDARIA II GRADO,NORMALE,ANNUALE,OLTRE 54,NO,NO,0,2
202425,SIENA,SCUOLA SECONDARIA I GRADO,SOSTEGNO,FINO AL TERMINE,TRA 35 E 44,NO,SI,9,31
202425,SIRACUSA,SCUOLA SECONDARIA II GRADO,NORMALE,ANNUALE,OLTRE 54,NO,SI,5,4
202425,GORIZIA,SCUOLA SECONDARIA II GRADO,NORMALE,ANNUALE,TRA 45 E 54,NO,NO,0,1
202425,ENNA,SCUOLA SECONDARIA I GRADO,SOSTEGNO,FINO AL TERMINE,TRA 35 E 44,NO,NO,3,3
202425,AGRIGENTO,SCUOLA SECONDARIA I GRADO,SOSTEGNO,FINO AL TERMINE,TRA 35 E 44,NO,NO,7,13
202425,SONDRIO,SCUOLA SECONDARIA I GRADO,SOSTEGNO,FINO AL TERMINE,TRA 35 E 44,NO,NO,0,5
202425,ROMA,SCUOLA INFANZIA,NORMALE,FINO AL TERMINE,FINO A 34,NO,NO,1,3
202425,PISA,SCUOLA SECONDARIA I GRADO,NORMALE,FINO AL TERMINE,FINO A 34,NO,SI,1,17
202425,CAMPOBASSO,SCUOLA PRIMARIA,NORMALE,FINO AL TERMINE,TRA 35 E 44,NO,NO,2,3
202425,CREMONA,SCUOLA SECONDARIA II GRADO,NORMALE,FINO AL TERMINE,TRA 45 E 54,NO,NO,6,15
202425,TERAMO,SCUOLA SECONDARIA I GRADO,SOSTEGNO,FINO AL TERMINE,OLTRE 54,NO,NO,2,3
202425,SIENA,SCUOLA SECONDARIA II GRADO,NORMALE,FINO AL TERMINE,OLTRE 54,NO,NO,6,8
202425,PIACENZA,SCUOLA SECONDARIA II GRADO,NORMALE,FINO AL TERMINE,FINO A 34,NO,NO,29,17
202425,PESCARA,SCUOLA INFANZIA,SOSTEGNO,FINO AL TERMINE,FINO A 34,NO,SI,0,3
202425,TREVISO,SCUOLA SECONDARIA I GRADO,SOSTEGNO,FINO AL TERMINE,OLTRE 54,NO,SI,2,35
202425,MASSA-CARRARA,SCUOLA SECONDARIA II GRADO,NORMALE,FINO AL TERMINE,FINO A 34,NO,SI,12,13
202425,POTENZA,SCUOLA SECONDARIA II GRADO,NORMALE,FINO AL TERMINE,TRA 35 E 44,NO,NO,18,54
202425,BOLOGNA,SCUOLA PRIMARIA,NORMALE,ANNUALE,FINO A 34,NO,SI,7,49
202425,REGGIO EMILIA,SCUOLA PRIMARIA,SOSTEGNO,FINO AL TERMINE,TRA 45 E 54,NO,SI,5,105
202425,PISTOIA,SCUOLA INFANZIA,NORMALE,FINO AL TERMINE,OLTRE 54,NO,NO,0,3
202425,CASERTA,SCUOLA PRIMARIA,SOSTEGNO,ANNUALE,FINO A 34,SI,SI,0,1
202425,PAVIA,SCUOLA PRIMARIA,NORMALE,FINO AL TERMINE,TRA 45 E 54,NO,NO,0,4
202425,ALESSANDRIA,SCUOLA PRIMARIA,SOSTEGNO,ANNUALE,FINO A 34,NO,SI,0,6
202425,ALESSANDRIA,SCUOLA SECONDARIA I GRADO,SOSTEGNO,FINO AL TERMINE,FINO A 34,NO,SI,17,41
202425,BIELLA,SCUOLA SECONDARIA II GRADO,NORMALE,ANNUALE,OLTRE 54,NO,SI,1,2
202425,L'AQUILA,SCUOLA SECONDARIA II GRADO,SOSTEGNO,FINO AL TERMINE,TRA 35 E 44,NO,SI,29,97
202425,ROMA,SCUOLA SECONDARIA I GRADO,NORMALE,FINO AL TERMINE,FINO A 34,NO,SI,22,82
202425,PESCARA,SCUOLA SECONDARIA I GRADO,SOSTEGNO,FINO AL TERMINE,OLTRE 54,NO,NO,0,3
202425,TRIESTE,SCUOLA SECONDARIA I GRADO,NORMALE,ANNUALE,TRA 45 E 54,NO,SI,0,4
202425,MASSA-CARRARA,SCUOLA SECONDARIA I GRADO,NORMALE,FINO AL TERMINE,TRA 45 E 54,NO,SI,2,3
202425,FIRENZE,SCUOLA PRIMARIA,NORMALE,ANNUALE,FINO A 34,SI,SI,0,1
202425,ASTI,SCUOLA SECONDARIA I GRADO,NORMALE,FINO AL TERMINE,OLTRE 54,NO,SI,2,0
202425,IMPERIA,SCUOLA SECONDARIA I GRADO,SOSTEGNO,FINO AL TERMINE,OLTRE 54,NO,NO,0,2
202425,PALERMO,SCUOLA SECONDARIA I GRADO,SOSTEGNO,FINO AL TERMINE,FINO A 34,NO,NO,5,21
202425,RAVENNA,SCUOLA PRIMARIA,NORMALE,FINO AL TERMINE,TRA 35 E 44,NO,NO,3,8
202425,SIRACUSA,SCUOLA SECONDARIA II GRADO,SOSTEGNO,ANNUALE,TRA 35 E 44,SI,SI,0,1
202425,SONDRIO,SCUOLA SECONDARIA I GRADO,NORMALE,FINO AL TERMINE,TRA 45 E 54,NO,NO,4,11
202425,SIRACUSA,SCUOLA INFANZIA,SOSTEGNO,FINO AL TERMINE,FINO A 34,NO,SI,0,6
202425,ANCONA,SCUOLA SECONDARIA II GRADO,NORMALE,ANNUALE,TRA 35 E 44,SI,NO,0,1
202425,BARLETTA-ANDRIA-TRANI,SCUOLA SECONDARIA I GRADO,SOSTEGNO,ANNUALE,FINO A 34,SI,SI,0,2
202425,PIACENZA,SCUOLA SECONDARIA I GRADO,SOSTEGNO,ANNUALE,OLTRE 54,SI,SI,0,3
202425,TERAMO,SCUOLA SECONDARIA II GRADO,NORMALE,ANNUALE,TRA 35 E 44,NO,SI,4,9
202425,VITERBO,SCUOLA SECONDARIA I GRADO,NORMALE,FINO AL TERMINE,OLTRE 54,NO,NO,5,5
202425,LUCCA,SCUOLA PRIMARIA,SOSTEGNO,ANNUALE,TRA 35 E 44,NO,SI,0,2
202425,LATINA,SCUOLA PRIMARIA,NORMALE,ANNUALE,TRA 35 E 44,NO,NO,1,0
202425,ALESSANDRIA,SCUOLA PRIMARIA,SOSTEGNO,FINO AL TERMINE,TRA 35 E 44,NO,NO,1,3
202425,CUNEO,SCUOLA INFANZIA,SOSTEGNO,ANNUALE,FINO A 34,SI,SI,0,1
202425,BIELLA,SCUOLA SECONDARIA I GRADO,NORMALE,FINO AL TERMINE,TRA 35 E 44,NO,SI,3,3
202425,PESARO E URBINO,SCUOLA SECONDARIA II GRADO,SOSTEGNO,FINO AL TERMINE,TRA 35 E 44,NO,SI,13,60
202425,SAVONA,SCUOLA SECONDARIA II GRADO,SOSTEGNO,FINO AL TERMINE,FINO A 34,NO,NO,1,6
202425,CHIETI,SCUOLA INFANZIA,NORMALE,FINO AL TERMINE,FINO A 34,NO,NO,0,2
202425,PADOVA,SCUOLA SECONDARIA II GRADO,SOSTEGNO,FINO AL TERMINE,OLTRE 54,NO,SI,0,10
202425,SUD SARDEGNA,SCUOLA SECONDARIA II GRADO,NORMALE,FINO AL TERMINE,TRA 45 E 54,NO,SI,8,9
202425,ISERNIA,SCUOLA PRIMARIA,SOSTEGNO,FINO AL TERMINE,TRA 35 E 44,NO,SI,0,15
202425,COSENZA,SCUOLA SECONDARIA I GRADO,NORMALE,FINO AL TERMINE,OLTRE 54,NO,NO,6,1
202425,IMPERIA,SCUOLA INFANZIA,SOSTEGNO,FINO AL TERMINE,OLTRE 54,NO,SI,0,14
202425,SIRACUSA,SCUOLA SECONDARIA II GRADO,SOSTEGNO,FINO AL TERMINE,TRA 35 E 44,NO,NO,0,8
202425,SALERNO,SCUOLA PRIMARIA,SOSTEGNO,ANNUALE,TRA 35 E 44,SI,SI,1,3
202425,ANCONA,SCUOLA SECONDARIA II GRADO,SOSTEGNO,FINO AL TERMINE,FINO A 34,NO,SI,18,59
202425,FIRENZE,SCUOLA SECONDARIA II GRADO,NORMALE,FINO AL TERMINE,TRA 45 E 54,NO,NO,26,52
202425,LUCCA,SCUOLA SECONDARIA II GRADO,NORMALE,FINO AL TERMINE,TRA 35 E 44,NO,NO,18,29
202425,FIRENZE,SCUOLA SECONDARIA II GRADO,SOSTEGNO,FINO AL TERMINE,OLTRE 54,NO,SI,8,18
202425,PRATO,SCUOLA SECONDARIA II GRADO,NORMALE,ANNUALE,FINO A 34,NO,NO,1,1
202425,VERCELLI,SCUOLA SECONDARIA I GRADO,NORMALE,ANNUALE,FINO A 34,NO,SI,0,8
202425,ANCONA,SCUOLA INFANZIA,NORMALE,FINO AL TERMINE,OLTRE 54,NO,SI,0,3
202425,SAVONA,SCUOLA PRIMARIA,SOSTEGNO,ANNUALE,FINO A 34,SI,SI,0,1
202425,NOVARA,SCUOLA SECONDARIA I GRADO,NORMALE,FINO AL TERMINE,FINO A 34,NO,NO,13,18
202425,MATERA,SCUOLA SECONDARIA II GRADO,NORMALE,ANNUALE,TRA 45 E 54,NO,SI,3,8
202425,SUD SARDEGNA,SCUOLA PRIMARIA,NORMALE,ANNUALE,TRA 35 E 44,NO,SI,3,3
202425,FERMO,SCUOLA PRIMARIA,SOSTEGNO,ANNUALE,TRA 35 E 44,SI,SI,0,1
202425,ISERNIA,SCUOLA SECONDARIA I GRADO,NORMALE,ANNUALE,TRA 45 E 54,NO,SI,1,1
202425,MONZA E DELLA BRIANZA,SCUOLA SECONDARIA II GRADO,SOSTEGNO,FINO AL TERMINE,OLTRE 54,NO,NO,1,1
202425,PALERMO,SCUOLA SECONDARIA II GRADO,NORMALE,ANNUALE,FINO A 34,NO,NO,1,1
202425,CALTANISSETTA,SCUOLA SECONDARIA II GRADO,SOSTEGNO,FINO AL TERMINE,TRA 35 E 44,NO,SI,4,14
202425,MILANO,SCUOLA SECONDARIA I GRADO,NORMALE,ANNUALE,TRA 45 E 54,NO,SI,24,75
202425,CROTONE,SCUOLA PRIMARIA,NORMALE,FINO AL TERMINE,TRA 45 E 54,NO,SI,0,6
202425,GORIZIA,SCUOLA SECONDARIA II GRADO,NORMALE,FINO AL TERMINE,TRA 45 E 54,NO,NO,5,14
202425,MODENA,SCUOLA INFANZIA,SOSTEGNO,FINO AL TERMINE,OLTRE 54,NO,NO,0,7
202425,POTENZA,SCUOLA SECONDARIA I GRADO,SOSTEGNO,ANNUALE,OLTRE 54,SI,SI,1,0
202425,MATERA,SCUOLA PRIMARIA,SOSTEGNO,FINO AL TERMINE,TRA 45 E 54,NO,NO,0,10
202425,LODI,SCUOLA SECONDARIA I GRADO,SOSTEGNO,FINO AL TERMINE,TRA 35 E 44,NO,NO,0,4
202425,ASCOLI PICENO,SCUOLA SECONDARIA I GRADO,NORMALE,ANNUALE,TRA 45 E 54,NO,NO,0,2
202425,SALERNO,SCUOLA SECONDARIA I GRADO,SOSTEGNO,ANNUALE,TRA 35 E 44,SI,SI,0,2
202425,PAVIA,SCUOLA SECONDARIA I GRADO,SOSTEGNO,FINO AL TERMINE,TRA 45 E 54,NO,SI,15,61
202425,TARANTO,SCUOLA SECONDARIA II GRADO,NORMALE,FINO AL TERMINE,TRA 45 E 54,NO,NO,13,23
202425,TARANTO,SCUOLA SECONDARIA II GRADO,SOSTEGNO,FINO AL TERMINE,FINO A 34,NO,SI,10,75
202425,CATANIA,SCUOLA INFANZIA,NORMALE,FINO AL TERMINE,TRA 35 E 44,NO,SI,0,7
202425,AREZZO,SCUOLA SECONDARIA II GRADO,NORMALE,ANNUALE,OLTRE 54,NO,SI,11,6
202425,LECCE,SCUOLA SECONDARIA I GRADO,NORMALE,FINO AL TERMINE,TRA 35 E 44,NO,NO,4,15
202425,MODENA,SCUOLA SECONDARIA II GRADO,NORMALE,FINO AL TERMINE,FINO A 34,NO,NO,57,67
202425,SONDRIO,SCUOLA PRIMARIA,SOSTEGNO,ANNUALE,TRA 35 E 44,NO,NO,0,2
202425,VARESE,SCUOLA SECONDARIA II GRADO,NORMALE,FINO AL TERMINE,TRA 35 E 44,NO,SI,16,23
202425,MILANO,SCUOLA SECONDARIA II GRADO,SOSTEGNO,FINO AL TERMINE,FINO A 34,NO,SI,127,347
202425,FIRENZE,SCUOLA SECONDARIA I GRADO,SOSTEGNO,ANNUALE,TRA 35 E 44,SI,SI,1,4
202425,PAVIA,SCUOLA PRIMARIA,NORMALE,ANNUALE,FINO A 34,NO,SI,4,13
202425,PAVIA,SCUOLA SECONDARIA II GRADO,NORMALE,FINO AL TERMINE,FINO A 34,NO,NO,27,23
202425,NOVARA,SCUOLA INFANZIA,NORMALE,FINO AL TERMINE,FINO A 34,NO,NO,0,3
202425,FORLI'-CESENA,SCUOLA SECONDARIA I GRADO,SOSTEGNO,FINO AL TERMINE,TRA 45 E 54,NO,NO,2,9
202425,TARANTO,SCUOLA SECONDARIA II GRADO,SOSTEGNO,FINO AL TERMINE,TRA 45 E 54,NO,SI,33,107
202425,MONZA E DELLA BRIANZA,SCUOLA SECONDARIA I GRADO,NORMALE,ANNUALE,TRA 45 E 54,NO,NO,0,2
202425,BERGAMO,SCUOLA INFANZIA,SOSTEGNO,FINO AL TERMINE,OLTRE 54,NO,SI,0,28
202425,AVELLINO,SCUOLA PRIMARIA,NORMALE,FINO AL TERMINE,TRA 35 E 44,NO,NO,5,10
202425,FERMO,SCUOLA SECONDARIA II GRADO,NORMALE,FINO AL TERMINE,TRA 45 E 54,NO,NO,14,10
202425,RAVENNA,SCUOLA PRIMARIA,SOSTEGNO,FINO AL TERMINE,OLTRE 54,NO,NO,0,4
202425,SASSARI,SCUOLA SECONDARIA II GRADO,NORMALE,ANNUALE,TRA 45 E 54,SI,SI,2,0
202425,SONDRIO,SCUOLA SECONDARIA I GRADO,NORMALE,ANNUALE,FINO A 34,NO,SI,4,10
202425,MANTOVA,SCUOLA PRIMARIA,NORMALE,ANNUALE,TRA 35 E 44,NO,SI,1,8
202425,NUORO,SCUOLA SECONDARIA I GRADO,NORMALE,FINO AL TERMINE,OLTRE 54,NO,SI,2,1
202425,BRESCIA,SCUOLA INFANZIA,SOSTEGNO,ANNUALE,OLTRE 54,SI,SI,0,1
202425,VARESE,SCUOLA INFANZIA,SOSTEGNO,ANNUALE,TRA 45 E 54,SI,SI,0,2
202425,AVELLINO,SCUOLA PRIMARIA,SOSTEGNO,FINO AL TERMINE,FINO A 34,NO,SI,1,20
202425,RAGUSA,SCUOLA SECONDARIA II GRADO,NORMALE,ANNUALE,TRA 45 E 54,NO,SI,10,9
202425,COMO,SCUOLA SECONDARIA I GRADO,SOSTEGNO,ANNUALE,OLTRE 54,NO,SI,2,0
202425,COMO,SCUOLA INFANZIA,SOSTEGNO,FINO AL TERMINE,TRA 35 E 44,NO,NO,0,10
202425,ASCOLI PICENO,SCUOLA SECONDARIA I GRADO,SOSTEGNO,FINO AL TERMINE,FINO A 34,NO,NO,2,1
202425,SASSARI,SCUOLA SECONDARIA I GRADO,NORMALE,FINO AL TERMINE,FINO A 34,NO,SI,6,7
202425,PISTOIA,SCUOLA INFANZIA,SOSTEGNO,FINO AL TERMINE,TRA 35 E 44,NO,NO,0,4
202425,FROSINONE,SCUOLA SECONDARIA I GRADO,NORMALE,ANNUALE,TRA 35 E 44,SI,SI,0,4
202425,ANCONA,SCUOLA PRIMARIA,SOSTEGNO,FINO AL TERMINE,TRA 45 E 54,NO,SI,5,115
202425,PESCARA,SCUOLA SECONDARIA II GRADO,NORMALE,FINO AL TERMINE,FINO A 34,NO,SI,3,6
202425,MATERA,SCUOLA SECONDARIA I GRADO,NORMALE,FINO AL TERMINE,TRA 45 E 54,NO,NO,2,9
202425,LODI,SCUOLA SECONDARIA II GRADO,NORMALE,FINO AL TERMINE,OLTRE 54,NO,NO,2,7
202425,COSENZA,SCUOLA INFANZIA,NORMALE,FINO AL TERMINE,OLTRE 54,NO,NO,0,2
202425,BERGAMO,SCUOLA SECONDARIA I GRADO,NORMALE,ANNUALE,OLTRE 54,NO,SI,1,2
202425,BELLUNO,SCUOLA SECONDARIA I GRADO,SOSTEGNO,ANNUALE,FINO A 34,NO,SI,1,2
202425,MANTOVA,SCUOLA SECONDARIA II GRADO,SOSTEGNO,ANNUALE,TRA 45 E 54,SI,SI,2,0
202425,REGGIO CALABRIA,SCUOLA SECONDARIA II GRADO,SOSTEGNO,FINO AL TERMINE,OLTRE 54,NO,SI,6,16
202425,BENEVENTO,SCUOLA SECONDARIA I GRADO,NORMALE,FINO AL TERMINE,TRA 45 E 54,NO,SI,0,1
202425,LUCCA,SCUOLA SECONDARIA I GRADO,NORMALE,ANNUALE,TRA 35 E 44,NO,SI,3,15
202425,CUNEO,SCUOLA INFANZIA,SOSTEGNO,FINO AL TERMINE,FINO A 34,NO,NO,0,12
202425,PERUGIA,SCUOLA SECONDARIA II GRADO,SOSTEGNO,ANNUALE,OLTRE 54,SI,SI,0,1
202425,LIVORNO,SCUOLA INFANZIA,SOSTEGNO,FINO AL TERMINE,OLTRE 54,NO,NO,0,6
202425,VITERBO,SCUOLA SECONDARIA II GRADO,NORMALE,FINO AL TERMINE,TRA 45 E 54,NO,SI,6,13
202425,PADOVA,SCUOLA PRIMARIA,SOSTEGNO,FINO AL TERMINE,FINO A 34,NO,NO,4,40
202425,FOGGIA,SCUOLA INFANZIA,NORMALE,FINO AL TERMINE,OLTRE 54,NO,SI,0,16
202425,FOGGIA,SCUOLA INFANZIA,SOSTEGNO,FINO AL TERMINE,OLTRE 54,NO,NO,0,4
202425,PAVIA,SCUOLA SECONDARIA I GRADO,SOSTEGNO,ANNUALE,FINO A 34,SI,SI,18,41
202425,UDINE,SCUOLA INFANZIA,SOSTEGNO,FINO AL TERMINE,TRA 45 E 54,NO,NO,0,3
202425,NOVARA,SCUOLA SECONDARIA I GRADO,SOSTEGNO,ANNUALE,TRA 45 E 54,NO,SI,1,6
202425,TARANTO,SCUOLA SECONDARIA II GRADO,NORMALE,ANNUALE,TRA 35 E 44,NO,NO,6,4
202425,CASERTA,SCUOLA SECONDARIA II GRADO,NORMALE,ANNUALE,TRA 45 E 54,NO,SI,5,6
202425,NAPOLI,SCUOLA INFANZIA,SOSTEGNO,ANNUALE,TRA 45 E 54,NO,NO,0,1
202425,VENEZIA,SCUOLA SECONDARIA II GRADO,SOSTEGNO,FINO AL TERMINE,TRA 35 E 44,NO,NO,1,13
202425,CHIETI,SCUOLA SECONDARIA I GRADO,SOSTEGNO,FINO AL TERMINE,TRA 35 E 44,NO,NO,2,7
202425,CALTANISSETTA,SCUOLA SECONDARIA II GRADO,NORMALE,ANNUALE,OLTRE 54,NO,NO,0,1
202425,CUNEO,SCUOLA SECONDARIA II GRADO,NORMALE,FINO AL TERMINE,TRA 35 E 44,NO,SI,18,30
202425,CATANIA,SCUOLA SECONDARIA II GRADO,NORMALE,ANNUALE,OLTRE 54,NO,SI,2,2
202425,PIACENZA,SCUOLA INFANZIA,SOSTEGNO,FINO AL TERMINE,TRA 45 E 54,NO,SI,0,16
202425,MODENA,SCUOLA PRIMARIA,NORMALE,FINO AL TERMINE,TRA 35 E 44,NO,SI,2,14
202425,FOGGIA,SCUOLA SECONDARIA II GRADO,NORMALE,FINO AL TERMINE,FINO A 34,NO,SI,11,14
202425,VERONA,SCUOLA PRIMARIA,NORMALE,FINO AL TERMINE,TRA 45 E 54,NO,SI,2,69
202425,VARESE,SCUOLA PRIMARIA,NORMALE,ANNUALE,TRA 35 E 44,NO,SI,1,8
202425,L'AQUILA,SCUOLA SECONDARIA II GRADO,NORMALE,ANNUALE,OLTRE 54,NO,NO,0,1
202425,CREMONA,SCUOLA SECONDARIA I GRADO,SOSTEGNO,ANNUALE,TRA 45 E 54,NO,SI,0,1
202425,NAPOLI,SCUOLA SECONDARIA I GRADO,NORMALE,FINO AL TERMINE,TRA 45 E 54,NO,SI,24,54
202425,COSENZA,SCUOLA INFANZIA,SOSTEGNO,ANNUALE,TRA 35 E 44,NO,SI,0,1
202425,RIMINI,SCUOLA SECONDARIA I GRADO,NORMALE,FINO AL TERMINE,TRA 45 E 54,NO,NO,1,22
202425,GORIZIA,SCUOLA SECONDARIA II GRADO,SOSTEGNO,FINO AL TERMINE,OLTRE 54,NO,SI,0,2
202425,COMO,SCUOLA SECONDARIA I GRADO,NORMALE,ANNUALE,FINO A 34,NO,NO,3,1
202425,VERBANO-CUSIO-OSSOLA,SCUOLA PRIMARIA,SOSTEGNO,FINO AL TERMINE,FINO A 34,NO,SI,4,73
202425,RAVENNA,SCUOLA PRIMARIA,SOSTEGNO,ANNUALE,OLTRE 54,NO,SI,1,13
202425,SIENA,SCUOLA PRIMARIA,SOSTEGNO,ANNUALE,OLTRE 54,SI,SI,0,1
202425,TORINO,SCUOLA SECONDARIA II GRADO,NORMALE,ANNUALE,FINO A 34,NO,NO,3,2
202425,BIELLA,SCUOLA PRIMARIA,NORMALE,FINO AL TERMINE,OLTRE 54,NO,SI,0,3
202425,BARLETTA-ANDRIA-TRANI,SCUOLA PRIMARIA,NORMALE,ANNUALE,TRA 45 E 54,SI,SI,0,1
202425,GENOVA,SCUOLA SECONDARIA I GRADO,SOSTEGNO,FINO AL TERMINE,TRA 45 E 54,NO,NO,1,17
202425,SUD SARDEGNA,SCUOLA SECONDARIA I GRADO,NORMALE,FINO AL TERMINE,TRA 35 E 44,NO,SI,2,5
202425,MESSINA,SCUOLA PRIMARIA,SOSTEGNO,FINO AL TERMINE,TRA 45 E 54,NO,SI,12,199
202425,BELLUNO,SCUOLA SECONDARIA I GRADO,NORMALE,FINO AL TERMINE,OLTRE 54,NO,NO,0,4
202425,ROVIGO,SCUOLA SECONDARIA I GRADO,NORMALE,FINO AL TERMINE,TRA 45 E 54,NO,SI,0,2
202425,CALTANISSETTA,SCUOLA PRIMARIA,SOSTEGNO,FINO AL TERMINE,TRA 45 E 54,NO,NO,0,10
202425,VARESE,SCUOLA PRIMARIA,SOSTEGNO,ANNUALE,FINO A 34,SI,SI,1,22
202425,PIACENZA,SCUOLA SECONDARIA II GRADO,SOSTEGNO,ANNUALE,TRA 45 E 54,NO,SI,0,1
202425,TREVISO,SCUOLA SECONDARIA II GRADO,NORMALE,ANNUALE,TRA 35 E 44,NO,NO,0,1
202425,BOLOGNA,SCUOLA PRIMARIA,SOSTEGNO,ANNUALE,FINO A 34,NO,SI,0,1
202425,FIRENZE,SCUOLA PRIMARIA,SOSTEGNO,FINO AL TERMINE,FINO A 34,NO,NO,0,38
202425,LECCO,SCUOLA SECONDARIA I GRADO,NORMALE,ANNUALE,FINO A 34,NO,SI,7,16
202425,TRAPANI,SCUOLA INFANZIA,NORMALE,FINO AL TERMINE,TRA 35 E 44,NO,SI,0,1
202425,MASSA-CARRARA,SCUOLA INFANZIA,SOSTEGNO,FINO AL TERMINE,TRA 35 E 44,NO,SI,0,2
202425,BELLUNO,SCUOLA SECONDARIA II GRADO,NORMALE,FINO AL TERMINE,FINO A 34,NO,NO,25,17
202425,CAGLIARI,SCUOLA SECONDARIA II GRADO,SOSTEGNO,ANNUALE,TRA 35 E 44,NO,SI,1,0
202425,BRESCIA,SCUOLA SECONDARIA II GRADO,SOSTEGNO,FINO AL TERMINE,FINO A 34,NO,NO,1,4
202425,LATINA,SCUOLA SECONDARIA II GRADO,NORMALE,FINO AL TERMINE,TRA 35 E 44,NO,NO,25,51
202425,PADOVA,SCUOLA INFANZIA,SOSTEGNO,FINO AL TERMINE,TRA 45 E 54,NO,NO,0,9
202425,TERNI,SCUOLA INFANZIA,NORMALE,ANNUALE,TRA 45 E 54,NO,SI,0,2
202425,LUCCA,SCUOLA SECONDARIA I GRADO,SOSTEGNO,FINO AL TERMINE,TRA 35 E 44,NO,SI,11,32
202425,NUORO,SCUOLA PRIMARIA,NORMALE,FINO AL TERMINE,TRA 45 E 54,NO,SI,1,19
202425,TARANTO,SCUOLA PRIMARIA,SOSTEGNO,ANNUALE,TRA 35 E 44,NO,SI,0,3
202425,BRESCIA,SCUOLA PRIMARIA,NORMALE,FINO AL TERMINE,TRA 35 E 44,NO,NO,6,29
202425,POTENZA,SCUOLA SECONDARIA II GRADO,SOSTEGNO,FINO AL TERMINE,TRA 35 E 44,NO,SI,3,12
202425,IMPERIA,SCUOLA SECONDARIA II GRADO,NORMALE,ANNUALE,TRA 45 E 54,NO,SI,7,14
202425,NAPOLI,SCUOLA PRIMARIA,NORMALE,ANNUALE,TRA 45 E 54,NO,SI,2,4
202425,CATANIA,SCUOLA SECONDARIA I GRADO,NORMALE,ANNUALE,FINO A 34,NO,NO,0,1
202425,ROMA,SCUOLA INFANZIA,NORMALE,ANNUALE,TRA 45 E 54,NO,SI,0,17
202425,TREVISO,SCUOLA SECONDARIA I GRADO,SOSTEGNO,FINO AL TERMINE,FINO A 34,NO,NO,5,15
202425,LECCE,SCUOLA SECONDARIA II GRADO,SOSTEGNO,FINO AL TERMINE,TRA 35 E 44,NO,SI,10,50
202425,SIENA,SCUOLA INFANZIA,NORMALE,FINO AL TERMINE,FINO A 34,NO,SI,0,3
202425,AREZZO,SCUOLA PRIMARIA,NORMALE,FINO AL TERMINE,FINO A 34,NO,SI,2,23
202425,GENOVA,SCUOLA SECONDARIA II GRADO,SOSTEGNO,FINO AL TERMINE,TRA 45 E 54,NO,SI,40,80
202425,GORIZIA,SCUOLA INFANZIA,NORMALE,FINO AL TERMINE,TRA 45 E 54,NO,NO,0,4
202425,FROSINONE,SCUOLA PRIMARIA,NORMALE,FINO AL TERMINE,FINO A 34,NO,NO,5,9
202425,ORISTANO,SCUOLA PRIMARIA,NORMALE,FINO AL TERMINE,TRA 35 E 44,NO,SI,0,3
202425,ROVIGO,SCUOLA PRIMARIA,SOSTEGNO,FINO AL TERMINE,FINO A 34,NO,NO,1,4
202425,CAGLIARI,SCUOLA SECONDARIA I GRADO,NORMALE,FINO AL TERMINE,OLTRE 54,NO,SI,1,1
202425,LECCE,SCUOLA PRIMARIA,SOSTEGNO,ANNUALE,FINO A 34,SI,NO,0,1
202425,CROTONE,SCUOLA SECONDARIA I GRADO,SOSTEGNO,FINO AL TERMINE,TRA 45 E 54,NO,NO,0,4
202425,CATANIA,SCUOLA SECONDARIA II GRADO,SOSTEGNO,FINO AL TERMINE,FINO A 34,NO,NO,0,3
202425,GENOVA,SCUOLA PRIMARIA,SOSTEGNO,ANNUALE,OLTRE 54,NO,NO,0,1
202425,MILANO,SCUOLA INFANZIA,SOSTEGNO,FINO AL TERMINE,FINO A 34,NO,SI,9,161
202425,AGRIGENTO,SCUOLA SECONDARIA II GRADO,NORMALE,FINO AL TERMINE,TRA 35 E 44,NO,NO,9,20
202425,PORDENONE,SCUOLA PRIMARIA,NORMALE,FINO AL TERMINE,OLTRE 54,NO,NO,1,4
202425,COSENZA,SCUOLA SECONDARIA I GRADO,SOSTEGNO,FINO AL TERMINE,TRA 35 E 44,NO,NO,3,22
202425,BENEVENTO,SCUOLA SECONDARIA II GRADO,NORMALE,ANNUALE,TRA 35 E 44,NO,SI,13,14
202425,TRIESTE,SCUOLA SECONDARIA II GRADO,NORMALE,FINO AL TERMINE,OLTRE 54,NO,NO,6,10
202425,BERGAMO,SCUOLA SECONDARIA II GRADO,SOSTEGNO,FINO AL TERMINE,FINO A 34,NO,NO,4,7
202425,VITERBO,SCUOLA INFANZIA,NORMALE,FINO AL TERMINE,TRA 45 E 54,NO,SI,0,6
202425,LIVORNO,SCUOLA SECONDARIA I GRADO,NORMALE,FINO AL TERMINE,TRA 35 E 44,NO,NO,3,6
202425,FORLI'-CESENA,SCUOLA PRIMARIA,NORMALE,ANNUALE,FINO A 34,NO,SI,1,2
202425,TRAPANI,SCUOLA PRIMARIA,NORMALE,ANNUALE,TRA 35 E 44,NO,NO,0,1
202425,CASERTA,SCUOLA SECONDARIA I GRADO,NORMALE,FINO AL TERMINE,FINO A 34,NO,SI,2,7
202425,CAGLIARI,SCUOLA SECONDARIA I GRADO,SOSTEGNO,FINO AL TERMINE,OLTRE 54,NO,SI,7,28
202425,PISA,SCUOLA SECONDARIA I GRADO,SOSTEGNO,ANNUALE,OLTRE 54,SI,SI,0,2
202425,MACERATA,SCUOLA SECONDARIA II GRADO,NORMALE,FINO AL TERMINE,FINO A 34,NO,NO,25,31
202425,LODI,SCUOLA INFANZIA,SOSTEGNO,FINO AL TERMINE,OLTRE 54,NO,SI,0,10
202425,TRAPANI,SCUOLA PRIMARIA,SOSTEGNO,FINO AL TERMINE,FINO A 34,NO,NO,0,7
202425,SALERNO,SCUOLA SECONDARIA II GRADO,NORMALE,FINO AL TERMINE,OLTRE 54,NO,NO,16,19
202425,SALERNO,SCUOLA PRIMARIA,SOSTEGNO,FINO AL TERMINE,TRA 45 E 54,NO,SI,12,269
202425,CAMPOBASSO,SCUOLA SECONDARIA I GRADO,NORMALE,FINO AL TERMINE,TRA 45 E 54,NO,NO,2,4
202425,PISTOIA,SCUOLA SECONDARIA I GRADO,NORMALE,ANNUALE,TRA 35 E 44,NO,SI,2,6
202425,UDINE,SCUOLA SECONDARIA I GRADO,NORMALE,ANNUALE,FINO A 34,NO,SI,4,21
202425,NOVARA,SCUOLA PRIMARIA,NORMALE,FINO AL TERMINE,FINO A 34,NO,SI,3,25
202425,MASSA-CARRARA,SCUOLA SECONDARIA II GRADO,SOSTEGNO,FINO AL TERMINE,TRA 45 E 54,NO,SI,9,41
202425,CREMONA,SCUOLA INFANZIA,SOSTEGNO,ANNUALE,FINO A 34,NO,SI,0,2
202425,LODI,SCUOLA PRIMARIA,NORMALE,FINO AL TERMINE,OLTRE 54,NO,SI,1,6
202425,ASTI,SCUOLA SECONDARIA II GRADO,NORMALE,FINO AL TERMINE,TRA 45 E 54,NO,SI,4,4
202425,CATANIA,SCUOLA PRIMARIA,NORMALE,FINO AL TERMINE,FINO A 34,NO,SI,1,17
202425,MODENA,SCUOLA SECONDARIA II GRADO,SOSTEGNO,FINO AL TERMINE,OLTRE 54,NO,NO,0,4
202425,CROTONE,SCUOLA PRIMARIA,SOSTEGNO,FINO AL TERMINE,TRA 45 E 54,NO,SI,3,63
202425,AREZZO,SCUOLA INFANZIA,SOSTEGNO,FINO AL TERMINE,FINO A 34,NO,NO,0,9
202425,CATANZARO,SCUOLA PRIMARIA,SOSTEGNO,FINO AL TERMINE,OLTRE 54,NO,NO,0,7
202425,PIACENZA,SCUOLA SECONDARIA I GRADO,SOSTEGNO,FINO AL TERMINE,TRA 35 E 44,NO,NO,3,5
202425,ALESSANDRIA,SCUOLA SECONDARIA I GRADO,NORMALE,FINO AL TERMINE,OLTRE 54,NO,NO,3,7
202425,BARI,SCUOLA PRIMARIA,SOSTEGNO,ANNUALE,TRA 45 E 54,SI,SI,0,6
202425,PESCARA,SCUOLA PRIMARIA,SOSTEGNO,ANNUALE,TRA 45 E 54,SI,SI,0,1
202425,SALERNO,SCUOLA PRIMARIA,SOSTEGNO,ANNUALE,OLTRE 54,SI,NO,1,0
202425,FIRENZE,SCUOLA SECONDARIA I GRADO,SOSTEGNO,ANNUALE,TRA 35 E 44,SI,NO,0,2
202425,UDINE,SCUOLA PRIMARIA,SOSTEGNO,ANNUALE,TRA 35 E 44,NO,SI,0,2
202425,VARESE,SCUOLA PRIMARIA,NORMALE,FINO AL TERMINE,OLTRE 54,NO,NO,1,3
202425,NOVARA,SCUOLA INFANZIA,NORMALE,ANNUALE,TRA 45 E 54,NO,SI,0,3
202425,ANCONA,SCUOLA INFANZIA,SOSTEGNO,FINO AL TERMINE,OLTRE 54,NO,NO,0,10
202425,COSENZA,SCUOLA SECONDARIA II GRADO,NORMALE,FINO AL TERMINE,TRA 45 E 54,NO,SI,13,31
202425,LODI,SCUOLA SECONDARIA I GRADO,NORMALE,ANNUALE,FINO A 34,SI,SI,0,1
202425,PALERMO,SCUOLA INFANZIA,NORMALE,FINO AL TERMINE,TRA 45 E 54,NO,SI,0,26
202425,ISERNIA,SCUOLA INFANZIA,NORMALE,FINO AL TERMINE,TRA 45 E 54,NO,NO,0,1
202425,PARMA,SCUOLA INFANZIA,SOSTEGNO,FINO AL TERMINE,OLTRE 54,NO,NO,0,2
202425,SIENA,SCUOLA SECONDARIA II GRADO,SOSTEGNO,FINO AL TERMINE,FINO A 34,NO,NO,3,4
202425,GORIZIA,SCUOLA PRIMARIA,NORMALE,ANNUALE,FINO A 34,NO,SI,0,11
202425,VICENZA,SCUOLA PRIMARIA,SOSTEGNO,FINO AL TERMINE,TRA 45 E 54,NO,SI,8,64
202425,FROSINONE,SCUOLA SECONDARIA I GRADO,SOSTEGNO,FINO AL TERMINE,TRA 35 E 44,NO,NO,3,3
202425,TRIESTE,SCUOLA SECONDARIA I GRADO,SOSTEGNO,FINO AL TERMINE,FINO A 34,NO,NO,0,3
202425,ANCONA,SCUOLA SECONDARIA I GRADO,SOSTEGNO,ANNUALE,TRA 35 E 44,SI,SI,0,2
202425,FORLI'-CESENA,SCUOLA INFANZIA,NORMALE,FINO AL TERMINE,OLTRE 54,NO,SI,0,8
202425,FERMO,SCUOLA INFANZIA,SOSTEGNO,FINO AL TERMINE,FINO A 34,NO,SI,0,4
202425,BERGAMO,SCUOLA SECONDARIA I GRADO,SOSTEGNO,ANNUALE,FINO A 34,SI,SI,16,32
202425,CAGLIARI,SCUOLA SECONDARIA II GRADO,NORMALE,FINO AL TERMINE,TRA 35 E 44,NO,NO,19,36
202425,SALERNO,SCUOLA SECONDARIA II GRADO,SOSTEGNO,FINO AL TERMINE,TRA 35 E 44,NO,NO,1,22
202425,TORINO,SCUOLA SECONDARIA I GRADO,SOSTEGNO,ANNUALE,TRA 35 E 44,NO,SI,2,1
202425,BRINDISI,SCUOLA INFANZIA,SOSTEGNO,FINO AL TERMINE,TRA 45 E 54,NO,SI,0,44
202425,BELLUNO,SCUOLA SECONDARIA II GRADO,NORMALE,FINO AL TERMINE,TRA 45 E 54,NO,SI,7,0
202425,MACERATA,SCUOLA SECONDARIA I GRADO,SOSTEGNO,ANNUALE,TRA 35 E 44,SI,SI,0,1
202425,FOGGIA,SCUOLA PRIMARIA,NORMALE,ANNUALE,FINO A 34,NO,SI,2,4
202425,NOVARA,SCUOLA INFANZIA,NORMALE,FINO AL TERMINE,TRA 45 E 54,NO,SI,0,10
202425,SAVONA,SCUOLA SECONDARIA I GRADO,SOSTEGNO,FINO AL TERMINE,TRA 45 E 54,NO,SI,7,16
202425,NOVARA,SCUOLA SECONDARIA I GRADO,SOSTEGNO,FINO AL TERMINE,TRA 35 E 44,NO,NO,2,3
202425,BOLOGNA,SCUOLA INFANZIA,SOSTEGNO,ANNUALE,TRA 35 E 44,SI,SI,0,4
202425,ASTI,SCUOLA SECONDARIA I GRADO,SOSTEGNO,FINO AL TERMINE,FINO A 34,NO,SI,14,22
202425,MONZA E DELLA BRIANZA,SCUOLA SECONDARIA I GRADO,NORMALE,FINO AL TERMINE,TRA 35 E 44,NO,NO,13,38
202425,COSENZA,SCUOLA PRIMARIA,SOSTEGNO,FINO AL TERMINE,TRA 45 E 54,NO,NO,0,21
202425,PORDENONE,SCUOLA PRIMARIA,SOSTEGNO,FINO AL TERMINE,FINO A 34,NO,SI,4,56
202425,VENEZIA,SCUOLA SECONDARIA I GRADO,NORMALE,FINO AL TERMINE,TRA 35 E 44,NO,SI,4,21
202425,AREZZO,SCUOLA SECONDARIA II GRADO,NORMALE,FINO AL TERMINE,TRA 35 E 44,NO,SI,5,10
202425,MONZA E DELLA BRIANZA,SCUOLA PRIMARIA,SOSTEGNO,FINO AL TERMINE,TRA 35 E 44,NO,SI,15,137
202425,CUNEO,SCUOLA SECONDARIA I GRADO,NORMALE,ANNUALE,TRA 35 E 44,NO,SI,6,15
202425,CAMPOBASSO,SCUOLA SECONDARIA I GRADO,NORMALE,ANNUALE,FINO A 34,NO,SI,3,3
202425,VARESE,SCUOLA SECONDARIA II GRADO,SOSTEGNO,ANNUALE,TRA 35 E 44,SI,SI,0,7
202425,MILANO,SCUOLA SECONDARIA II GRADO,NORMALE,ANNUALE,OLTRE 54,NO,NO,1,1
202425,CHIETI,SCUOLA INFANZIA,NORMALE,ANNUALE,FINO A 34,NO,SI,0,2
202425,MODENA,SCUOLA INFANZIA,NORMALE,FINO AL TERMINE,FINO A 34,NO,SI,0,12
202425,UDINE,SCUOLA SECONDARIA II GRADO,SOSTEGNO,FINO AL TERMINE,FINO A 34,NO,NO,1,2
202425,PAVIA,SCUOLA SECONDARIA I GRADO,NORMALE,FINO AL TERMINE,TRA 35 E 44,NO,NO,3,7
202425,ALESSANDRIA,SCUOLA SECONDARIA I GRADO,SOSTEGNO,ANNUALE,TRA 45 E 54,NO,SI,0,3
202425,TARANTO,SCUOLA SECONDARIA I GRADO,SOSTEGNO,FINO AL TERMINE,TRA 45 E 54,NO,SI,22,89
202425,NAPOLI,SCUOLA PRIMARIA,NORMALE,FINO AL TERMINE,OLTRE 54,NO,SI,1,77
202425,RIMINI,SCUOLA SECONDARIA I GRADO,SOSTEGNO,FINO AL TERMINE,TRA 35 E 44,NO,SI,7,35
202425,ASTI,SCUOLA INFANZIA,SOSTEGNO,ANNUALE,TRA 35 E 44,NO,SI,0,1
202425,COMO,SCUOLA INFANZIA,SOSTEGNO,ANNUALE,TRA 45 E 54,NO,NO,0,1
202425,REGGIO EMILIA,SCUOLA SECONDARIA II GRADO,NORMALE,ANNUALE,TRA 35 E 44,SI,SI,1,1
202425,SIENA,SCUOLA PRIMARIA,SOSTEGNO,FINO AL TERMINE,TRA 45 E 54,NO,SI,6,72
202425,PIACENZA,SCUOLA PRIMARIA,SOSTEGNO,ANNUALE,TRA 35 E 44,NO,SI,0,27
202425,TORINO,SCUOLA SECONDARIA II GRADO,NORMALE,FINO AL TERMINE,FINO A 34,NO,NO,144,164
202425,MODENA,SCUOLA PRIMARIA,SOSTEGNO,FINO AL TERMINE,OLTRE 54,NO,NO,1,3
202425,CHIETI,SCUOLA INFANZIA,SOSTEGNO,ANNUALE,FINO A 34,SI,SI,0,1
202425,BOLOGNA,SCUOLA SECONDARIA I GRADO,SOSTEGNO,FINO AL TERMINE,OLTRE 54,NO,SI,6,19
202425,LATINA,SCUOLA SECONDARIA I GRADO,NORMALE,FINO AL TERMINE,TRA 35 E 44,NO,SI,8,20
202425,PERUGIA,SCUOLA INFANZIA,SOSTEGNO,FINO AL TERMINE,TRA 45 E 54,NO,NO,0,6
202425,PESARO E URBINO,SCUOLA SECONDARIA I GRADO,SOSTEGNO,FINO AL TERMINE,OLTRE 54,NO,NO,0,2
202425,TERAMO,SCUOLA PRIMARIA,NORMALE,FINO AL TERMINE,OLTRE 54,NO,SI,0,4
202425,TERAMO,SCUOLA PRIMARIA,SOSTEGNO,ANNUALE,FINO A 34,SI,SI,0,3
202425,CAGLIARI,SCUOLA INFANZIA,SOSTEGNO,FINO AL TERMINE,TRA 35 E 44,NO,SI,0,21
202425,FIRENZE,SCUOLA SECONDARIA I GRADO,NORMALE,FINO AL TERMINE,FINO A 34,NO,NO,19,24
202425,PAVIA,SCUOLA PRIMARIA,SOSTEGNO,FINO AL TERMINE,FINO A 34,NO,NO,4,17
202425,ROMA,SCUOLA SECONDARIA I GRADO,SOSTEGNO,ANNUALE,TRA 35 E 44,SI,SI,3,12
202425,NOVARA,SCUOLA SECONDARIA I GRADO,NORMALE,ANNUALE,OLTRE 54,NO,SI,5,5
202425,PARMA,SCUOLA SECONDARIA I GRADO,SOSTEGNO,FINO AL TERMINE,TRA 35 E 44,NO,SI,3,17
202425,RAGUSA,SCUOLA SECONDARIA II GRADO,SOSTEGNO,FINO AL TERMINE,TRA 45 E 54,NO,SI,5,18
202425,MONZA E DELLA BRIANZA,SCUOLA INFANZIA,NORMALE,FINO AL TERMINE,TRA 45 E 54,NO,SI,0,10
202425,BENEVENTO,SCUOLA SECONDARIA II GRADO,NORMALE,ANNUALE,OLTRE 54,NO,NO,2,0
202425,PESARO E URBINO,SCUOLA SECONDARIA I GRADO,SOSTEGNO,ANNUALE,TRA 35 E 44,SI,SI,0,1
202425,COSENZA,SCUOLA PRIMARIA,NORMALE,ANNUALE,OLTRE 54,NO,SI,0,4
202425,NAPOLI,SCUOLA PRIMARIA,SOSTEGNO,ANNUALE,OLTRE 54,SI,SI,0,1
202425,FOGGIA,SCUOLA SECONDARIA I GRADO,NORMALE,ANNUALE,FINO A 34,NO,NO,2,2
202425,NUORO,SCUOLA SECONDARIA II GRADO,NORMALE,FINO AL TERMINE,TRA 35 E 44,NO,NO,14,31
202425,POTENZA,SCUOLA INFANZIA,SOSTEGNO,FINO AL TERMINE,TRA 45 E 54,NO,NO,0,7
202425,ROMA,SCUOLA SECONDARIA II GRADO,SOSTEGNO,FINO AL TERMINE,OLTRE 54,NO,SI,24,66
202425,VERONA,SCUOLA SECONDARIA I GRADO,SOSTEGNO,FINO AL TERMINE,OLTRE 54,NO,SI,5,22
202425,ANCONA,SCUOLA PRIMARIA,NORMALE,FINO AL TERMINE,TRA 45 E 54,NO,NO,0,11
202425,SONDRIO,SCUOLA SECONDARIA II GRADO,NORMALE,FINO AL TERMINE,OLTRE 54,NO,SI,2,1
202425,COSENZA,SCUOLA PRIMARIA,NORMALE,FINO AL TERMINE,OLTRE 54,NO,NO,1,8
202425,RAVENNA,SCUOLA SECONDARIA I GRADO,SOSTEGNO,FINO AL TERMINE,OLTRE 54,NO,SI,2,9
202425,CAMPOBASSO,SCUOLA SECONDARIA I GRADO,SOSTEGNO,FINO AL TERMINE,TRA 35 E 44,NO,SI,13,49
202425,RIETI,SCUOLA SECONDARIA II GRADO,NORMALE,ANNUALE,TRA 35 E 44,NO,SI,6,10
202425,TORINO,SCUOLA SECONDARIA I GRADO,SOSTEGNO,ANNUALE,TRA 45 E 54,SI,NO,0,1
202425,CATANZARO,SCUOLA SECONDARIA II GRADO,NORMALE,FINO AL TERMINE,TRA 45 E 54,NO,NO,16,24
202425,GENOVA,SCUOLA INFANZIA,NORMALE,FINO AL TERMINE,TRA 45 E 54,NO,NO,0,15
202425,FERRARA,SCUOLA SECONDARIA II GRADO,NORMALE,FINO AL TERMINE,FINO A 34,NO,SI,22,27
202425,CREMONA,SCUOLA SECONDARIA II GRADO,NORMALE,ANNUALE,FINO A 34,NO,NO,4,5
202425,PISTOIA,SCUOLA SECONDARIA I GRADO,SOSTEGNO,FINO AL TERMINE,FINO A 34,NO,SI,10,38
202425,CASERTA,SCUOLA SECONDARIA II GRADO,NORMALE,FINO AL TERMINE,TRA 45 E 54,NO,NO,34,39
202425,CALTANISSETTA,SCUOLA INFANZIA,NORMALE,ANNUALE,TRA 45 E 54,NO,SI,0,1
202425,PISA,SCUOLA INFANZIA,NORMALE,FINO AL TERMINE,FINO A 34,NO,SI,0,3
202425,RIETI,SCUOLA INFANZIA,NORMALE,ANNUALE,FINO A 34,NO,SI,0,1
202425,ENNA,SCUOLA SECONDARIA I GRADO,SOSTEGNO,ANNUALE,OLTRE 54,SI,SI,0,1
202425,PESARO E URBINO,SCUOLA SECONDARIA II GRADO,NORMALE,ANNUALE,OLTRE 54,NO,SI,3,3
202425,SUD SARDEGNA,SCUOLA PRIMARIA,NORMALE,FINO AL TERMINE,OLTRE 54,NO,SI,2,6
202425,BIELLA,SCUOLA SECONDARIA II GRADO,SOSTEGNO,ANNUALE,TRA 45 E 54,SI,SI,1,3
202425,BOLOGNA,SCUOLA PRIMARIA,NORMALE,FINO AL TERMINE,FINO A 34,NO,SI,7,70
202425,LECCO,SCUOLA SECONDARIA II GRADO,NORMALE,FINO AL TERMINE,OLTRE 54,NO,NO,6,10
202425,CASERTA,SCUOLA SECONDARIA I GRADO,SOSTEGNO,FINO AL TERMINE,OLTRE 54,NO,NO,2,1
202425,COSENZA,SCUOLA SECONDARIA I GRADO,SOSTEGNO,ANNUALE,TRA 45 E 54,NO,SI,0,1
202425,ROVIGO,SCUOLA SECONDARIA II GRADO,SOSTEGNO,ANNUALE,TRA 35 E 44,NO,SI,4,9
202425,FERRARA,SCUOLA PRIMARIA,NORMALE,FINO AL TERMINE,TRA 35 E 44,NO,NO,6,6
202425,SIRACUSA,SCUOLA SECONDARIA I GRADO,NORMALE,ANNUALE,TRA 35 E 44,NO,SI,0,6
202425,BRINDISI,SCUOLA SECONDARIA I GRADO,SOSTEGNO,FINO AL TERMINE,FINO A 34,NO,SI,6,36
202425,L'AQUILA,SCUOLA SECONDARIA I GRADO,SOSTEGNO,ANNUALE,TRA 45 E 54,SI,NO,0,1
202425,TRIESTE,SCUOLA INFANZIA,SOSTEGNO,FINO AL TERMINE,TRA 45 E 54,NO,NO,0,4
202425,FERMO,SCUOLA SECONDARIA I GRADO,NORMALE,ANNUALE,TRA 35 E 44,NO,SI,0,2
202425,TRAPANI,SCUOLA SECONDARIA I GRADO,NORMALE,ANNUALE,TRA 45 E 54,NO,SI,2,10
202425,SASSARI,SCUOLA SECONDARIA II GRADO,NORMALE,FINO AL TERMINE,OLTRE 54,NO,NO,15,14
202425,RAGUSA,SCUOLA SECONDARIA II GRADO,NORMALE,FINO AL TERMINE,OLTRE 54,NO,SI,7,2
202425,VERBANO-CUSIO-OSSOLA,SCUOLA PRIMARIA,NORMALE,FINO AL TERMINE,OLTRE 54,NO,NO,0,1
202425,SASSARI,SCUOLA SECONDARIA II GRADO,SOSTEGNO,ANNUALE,TRA 35 E 44,NO,SI,0,1
202425,CAMPOBASSO,SCUOLA INFANZIA,SOSTEGNO,FINO AL TERMINE,OLTRE 54,NO,NO,0,1
202425,MACERATA,SCUOLA SECONDARIA II GRADO,SOSTEGNO,FINO AL TERMINE,TRA 35 E 44,NO,SI,12,45
202425,SIENA,SCUOLA PRIMARIA,NORMALE,ANNUALE,OLTRE 54,NO,SI,0,2
202425,SIENA,SCUOLA SECONDARIA I GRADO,SOSTEGNO,FINO AL TERMINE,TRA 45 E 54,NO,NO,1,1
202425,ENNA,SCUOLA PRIMARIA,SOSTEGNO,FINO AL TERMINE,TRA 45 E 54,NO,NO,0,1
202425,CROTONE,SCUOLA SECONDARIA I GRADO,SOSTEGNO,FINO AL TERMINE,TRA 35 E 44,NO,SI,14,39
202425,LUCCA,SCUOLA PRIMARIA,NORMALE,ANNUALE,TRA 45 E 54,NO,SI,0,2
202425,VITERBO,SCUOLA INFANZIA,NORMALE,FINO AL TERMINE,OLTRE 54,NO,SI,0,2
202425,ALESSANDRIA,SCUOLA INFANZIA,SOSTEGNO,ANNUALE,OLTRE 54,NO,SI,0,11
202425,PERUGIA,SCUOLA INFANZIA,SOSTEGNO,ANNUALE,TRA 35 E 44,NO,SI,0,1
202425,BIELLA,SCUOLA SECONDARIA I GRADO,SOSTEGNO,ANNUALE,OLTRE 54,NO,SI,0,1
202425,ENNA,SCUOLA SECONDARIA I GRADO,SOSTEGNO,FINO AL TERMINE,TRA 45 E 54,NO,NO,0,1
202425,GROSSETO,SCUOLA PRIMARIA,NORMALE,FINO AL TERMINE,TRA 45 E 54,NO,SI,1,13
202425,ASCOLI PICENO,SCUOLA PRIMARIA,NORMALE,ANNUALE,TRA 45 E 54,NO,NO,0,1
202425,CASERTA,SCUOLA INFANZIA,SOSTEGNO,FINO AL TERMINE,OLTRE 54,NO,SI,0,12
202425,RIETI,SCUOLA SECONDARIA I GRADO,NORMALE,FINO AL TERMINE,FINO A 34,NO,NO,14,4
202425,SIRACUSA,SCUOLA PRIMARIA,SOSTEGNO,FINO AL TERMINE,TRA 45 E 54,NO,NO,0,15
202425,VICENZA,SCUOLA SECONDARIA II GRADO,SOSTEGNO,ANNUALE,TRA 45 E 54,SI,SI,1,4
202425,GENOVA,SCUOLA SECONDARIA I GRADO,NORMALE,ANNUALE,OLTRE 54,NO,SI,5,5
202425,ALESSANDRIA,SCUOLA SECONDARIA II GRADO,SOSTEGNO,FINO AL TERMINE,FINO A 34,NO,SI,21,37
202425,TREVISO,SCUOLA SECONDARIA II GRADO,SOSTEGNO,ANNUALE,TRA 45 E 54,SI,SI,5,10
202425,MATERA,SCUOLA PRIMARIA,SOSTEGNO,ANNUALE,TRA 35 E 44,SI,SI,0,1
202425,BERGAMO,SCUOLA PRIMARIA,NORMALE,ANNUALE,OLTRE 54,NO,SI,0,7
202425,CALTANISSETTA,SCUOLA SECONDARIA I GRADO,NORMALE,FINO AL TERMINE,TRA 35 E 44,NO,NO,3,7
202425,CASERTA,SCUOLA PRIMARIA,NORMALE,ANNUALE,TRA 35 E 44,NO,SI,0,2
202425,PADOVA,SCUOLA SECONDARIA I GRADO,NORMALE,ANNUALE,OLTRE 54,NO,SI,6,12
202425,LUCCA,SCUOLA INFANZIA,SOSTEGNO,FINO AL TERMINE,TRA 45 E 54,NO,NO,0,13
202425,UDINE,SCUOLA INFANZIA,NORMALE,FINO AL TERMINE,FINO A 34,NO,SI,1,1
202425,TERNI,SCUOLA SECONDARIA I GRADO,NORMALE,FINO AL TERMINE,TRA 45 E 54,NO,NO,1,5
202425,ALESSANDRIA,SCUOLA SECONDARIA I GRADO,SOSTEGNO,FINO AL TERMINE,OLTRE 54,NO,NO,0,3
202425,L'AQUILA,SCUOLA INFANZIA,NORMALE,FINO AL TERMINE,OLTRE 54,NO,SI,0,4
202425,BIELLA,SCUOLA PRIMARIA,NORMALE,FINO AL TERMINE,TRA 45 E 54,NO,SI,0,6
202425,PESCARA,SCUOLA SECONDARIA I GRADO,SOSTEGNO,FINO AL TERMINE,TRA 35 E 44,NO,NO,1,3
202425,VERBANO-CUSIO-OSSOLA,SCUOLA SECONDARIA I GRADO,SOSTEGNO,ANNUALE,TRA 45 E 54,NO,SI,2,4
202425,ASCOLI PICENO,SCUOLA INFANZIA,NORMALE,FINO AL TERMINE,TRA 45 E 54,NO,SI,0,2
202425,TERAMO,SCUOLA SECONDARIA II GRADO,NORMALE,ANNUALE,TRA 45 E 54,NO,SI,4,8
202425,NOVARA,SCUOLA SECONDARIA II GRADO,SOSTEGNO,ANNUALE,TRA 35 E 44,SI,SI,1,6
202425,VARESE,SCUOLA SECONDARIA I GRADO,NORMALE,FINO AL TERMINE,OLTRE 54,NO,NO,0,8
202425,LUCCA,SCUOLA PRIMARIA,NORMALE,FINO AL TERMINE,FINO A 34,NO,SI,0,6
202425,FIRENZE,SCUOLA SECONDARIA II GRADO,NORMALE,ANNUALE,TRA 35 E 44,NO,NO,2,1
202425,BARLETTA-ANDRIA-TRANI,SCUOLA SECONDARIA I GRADO,SOSTEGNO,ANNUALE,TRA 35 E 44,NO,SI,0,1
202425,AREZZO,SCUOLA SECONDARIA I GRADO,SOSTEGNO,ANNUALE,TRA 45 E 54,SI,SI,0,1
202425,FIRENZE,SCUOLA SECONDARIA II GRADO,NORMALE,FINO AL TERMINE,FINO A 34,NO,SI,35,55
202425,PISA,SCUOLA INFANZIA,NORMALE,ANNUALE,TRA 45 E 54,NO,SI,0,1
202425,TRIESTE,SCUOLA SECONDARIA II GRADO,NORMALE,ANNUALE,TRA 45 E 54,NO,SI,4,6
202425,AVELLINO,SCUOLA SECONDARIA II GRADO,NORMALE,FINO AL TERMINE,TRA 45 E 54,NO,SI,11,20
202425,SONDRIO,SCUOLA SECONDARIA II GRADO,SOSTEGNO,FINO AL TERMINE,TRA 45 E 54,NO,SI,4,10
202425,LECCO,SCUOLA SECONDARIA II GRADO,NORMALE,ANNUALE,FINO A 34,NO,SI,24,33
202425,MONZA E DELLA BRIANZA,SCUOLA SECONDARIA II GRADO,NORMALE,FINO AL TERMINE,OLTRE 54,NO,NO,15,15
202425,SUD SARDEGNA,SCUOLA SECONDARIA II GRADO,SOSTEGNO,ANNUALE,TRA 35 E 44,SI,NO,0,1
202425,BERGAMO,SCUOLA SECONDARIA II GRADO,NORMALE,FINO AL TERMINE,OLTRE 54,NO,NO,9,23
202425,REGGIO EMILIA,SCUOLA SECONDARIA I GRADO,SOSTEGNO,FINO AL TERMINE,OLTRE 54,NO,NO,0,1
202425,VARESE,SCUOLA SECONDARIA I GRADO,SOSTEGNO,ANNUALE,FINO A 34,NO,SI,0,2
202425,SIRACUSA,SCUOLA SECONDARIA I GRADO,NORMALE,FINO AL TERMINE,TRA 35 E 44,NO,NO,2,5
202425,MILANO,SCUOLA SECONDARIA II GRADO,SOSTEGNO,FINO AL TERMINE,TRA 45 E 54,NO,SI,49,164
202425,FIRENZE,SCUOLA SECONDARIA II GRADO,NORMALE,FINO AL TERMINE,TRA 45 E 54,NO,SI,21,36
202425,ROMA,SCUOLA SECONDARIA I GRADO,NORMALE,ANNUALE,OLTRE 54,NO,SI,1,4
202425,AGRIGENTO,SCUOLA PRIMARIA,NORMALE,FINO AL TERMINE,TRA 35 E 44,NO,SI,0,1
202425,TRIESTE,SCUOLA INFANZIA,NORMALE,FINO AL TERMINE,OLTRE 54,NO,NO,0,3
202425,PRATO,SCUOLA PRIMARIA,SOSTEGNO,ANNUALE,FINO A 34,SI,SI,1,5
202425,FERMO,SCUOLA PRIMARIA,SOSTEGNO,ANNUALE,TRA 45 E 54,SI,NO,0,1
202425,MANTOVA,SCUOLA SECONDARIA I GRADO,NORMALE,FINO AL TERMINE,TRA 45 E 54,NO,NO,4,8
202425,SASSARI,SCUOLA PRIMARIA,NORMALE,FINO AL TERMINE,OLTRE 54,NO,SI,0,8
202425,MILANO,SCUOLA SECONDARIA II GRADO,NORMALE,ANNUALE,TRA 35 E 44,SI,SI,0,5
202425,FORLI'-CESENA,SCUOLA SECONDARIA I GRADO,NORMALE,ANNUALE,TRA 45 E 54,NO,SI,6,5
202425,ASTI,SCUOLA SECONDARIA II GRADO,SOSTEGNO,FINO AL TERMINE,TRA 35 E 44,NO,NO,0,4
202425,BERGAMO,SCUOLA SECONDARIA I GRADO,SOSTEGNO,ANNUALE,FINO A 34,NO,SI,2,3
202425,PORDENONE,SCUOLA SECONDARIA I GRADO,NORMALE,FINO AL TERMINE,OLTRE 54,NO,SI,0,1
202425,ASCOLI PICENO,SCUOLA SECONDARIA I GRADO,NORMALE,ANNUALE,TRA 45 E 54,NO,SI,0,1
202425,MONZA E DELLA BRIANZA,SCUOLA PRIMARIA,SOSTEGNO,FINO AL TERMINE,FINO A 34,NO,NO,6,41
202425,PISA,SCUOLA SECONDARIA II GRADO,NORMALE,FINO AL TERMINE,OLTRE 54,NO,NO,6,12
202425,ROMA,SCUOLA PRIMARIA,NORMALE,FINO AL TERMINE,TRA 35 E 44,NO,SI,19,209
202425,CUNEO,SCUOLA SECONDARIA I GRADO,NORMALE,ANNUALE,FINO A 34,NO,NO,0,1
202425,BARI,SCUOLA SECONDARIA II GRADO,SOSTEGNO,FINO AL TERMINE,OLTRE 54,NO,NO,2,4
202425,PESCARA,SCUOLA PRIMARIA,SOSTEGNO,FINO AL TERMINE,TRA 45 E 54,NO,SI,8,123
202425,TARANTO,SCUOLA SECONDARIA II GRADO,NORMALE,FINO AL TERMINE,TRA 45 E 54,NO,SI,7,12
202425,AGRIGENTO,SCUOLA PRIMARIA,SOSTEGNO,FINO AL TERMINE,TRA 45 E 54,NO,NO,1,3
202425,CAGLIARI,SCUOLA SECONDARIA I GRADO,NORMALE,FINO AL TERMINE,FINO A 34,NO,NO,1,6
202425,REGGIO CALABRIA,SCUOLA SECONDARIA I GRADO,NORMALE,FINO AL TERMINE,TRA 35 E 44,NO,SI,4,12
202425,BRESCIA,SCUOLA SECONDARIA I GRADO,NORMALE,ANNUALE,OLTRE 54,NO,SI,3,1
202425,ASTI,SCUOLA PRIMARIA,NORMALE,FINO AL TERMINE,OLTRE 54,NO,SI,0,6
202425,FOGGIA,SCUOLA PRIMARIA,NORMALE,FINO AL TERMINE,TRA 35 E 44,NO,SI,0,17
202425,L'AQUILA,SCUOLA PRIMARIA,NORMALE,ANNUALE,TRA 45 E 54,NO,SI,1,2
202425,PERUGIA,SCUOLA PRIMARIA,SOSTEGNO,ANNUALE,TRA 35 E 44,SI,SI,0,4
202425,BIELLA,SCUOLA PRIMARIA,SOSTEGNO,FINO AL TERMINE,FINO A 34,NO,NO,4,8
202425,COSENZA,SCUOLA SECONDARIA II GRADO,SOSTEGNO,FINO AL TERMINE,TRA 45 E 54,NO,SI,7,48
202425,MONZA E DELLA BRIANZA,SCUOLA SECONDARIA II GRADO,SOSTEGNO,ANNUALE,TRA 35 E 44,SI,SI,8,16
202425,TARANTO,SCUOLA INFANZIA,SOSTEGNO,FINO AL TERMINE,TRA 45 E 54,NO,SI,0,97
202425,TREVISO,SCUOLA PRIMARIA,SOSTEGNO,ANNUALE,TRA 45 E 54,NO,SI,4,40
202425,PADOVA,SCUOLA INFANZIA,NORMALE,FINO AL TERMINE,FINO A 34,NO,NO,0,4
202425,BELLUNO,SCUOLA SECONDARIA II GRADO,SOSTEGNO,ANNUALE,TRA 45 E 54,NO,SI,1,3
202425,VARESE,SCUOLA PRIMARIA,SOSTEGNO,FINO AL TERMINE,TRA 35 E 44,NO,NO,2,24
202425,FIRENZE,SCUOLA SECONDARIA I GRADO,SOSTEGNO,FINO AL TERMINE,OLTRE 54,NO,NO,1,7
202425,FROSINONE,SCUOLA PRIMARIA,SOSTEGNO,FINO AL TERMINE,OLTRE 54,NO,SI,4,61
202425,NOVARA,SCUOLA PRIMARIA,SOSTEGNO,ANNUALE,FINO A 34,SI,SI,0,4
202425,MONZA E DELLA BRIANZA,SCUOLA SECONDARIA I GRADO,SOSTEGNO,FINO AL TERMINE,OLTRE 54,NO,SI,10,29
202425,NAPOLI,SCUOLA INFANZIA,NORMALE,ANNUALE,OLTRE 54,NO,SI,0,4
202425,CAGLIARI,SCUOLA INFANZIA,SOSTEGNO,FINO AL TERMINE,TRA 35 E 44,NO,NO,0,1
202425,LIVORNO,SCUOLA PRIMARIA,NORMALE,FINO AL TERMINE,FINO A 34,NO,SI,1,15
202425,MILANO,SCUOLA SECONDARIA II GRADO,SOSTEGNO,ANNUALE,FINO A 34,NO,SI,2,3
202425,TORINO,SCUOLA SECONDARIA II GRADO,SOSTEGNO,ANNUALE,TRA 35 E 44,NO,SI,1,2
202425,TORINO,SCUOLA INFANZIA,NORMALE,FINO AL TERMINE,TRA 35 E 44,NO,NO,0,18
202425,BOLOGNA,SCUOLA SECONDARIA II GRADO,NORMALE,ANNUALE,TRA 45 E 54,NO,SI,29,16
202425,LODI,SCUOLA PRIMARIA,SOSTEGNO,ANNUALE,TRA 45 E 54,NO,SI,3,31
202425,NOVARA,SCUOLA SECONDARIA I GRADO,NORMALE,ANNUALE,FINO A 34,NO,SI,12,32
202425,CREMONA,SCUOLA PRIMARIA,SOSTEGNO,ANNUALE,TRA 35 E 44,NO,NO,0,1
202425,NAPOLI,SCUOLA SECONDARIA I GRADO,NORMALE,ANNUALE,TRA 45 E 54,NO,NO,2,0
202425,LECCO,SCUOLA PRIMARIA,NORMALE,FINO AL TERMINE,TRA 45 E 54,NO,NO,0,8
202425,VICENZA,SCUOLA SECONDARIA II GRADO,NORMALE,ANNUALE,TRA 35 E 44,NO,SI,51,54
202425,GORIZIA,SCUOLA SECONDARIA I GRADO,NORMALE,FINO AL TERMINE,TRA 45 E 54,NO,SI,2,3
202425,BOLOGNA,SCUOLA SECONDARIA II GRADO,NORMALE,FINO AL TERMINE,TRA 35 E 44,NO,SI,25,48
202425,FOGGIA,SCUOLA SECONDARIA II GRADO,NORMALE,ANNUALE,OLTRE 54,NO,SI,26,7
202425,ANCONA,SCUOLA SECONDARIA I GRADO,NORMALE,ANNUALE,TRA 35 E 44,SI,NO,0,1
202425,CREMONA,SCUOLA SECONDARIA I GRADO,NORMALE,ANNUALE,FINO A 34,NO,NO,0,1
202425,CUNEO,SCUOLA SECONDARIA I GRADO,SOSTEGNO,ANNUALE,TRA 35 E 44,SI,NO,1,1
202425,SIENA,SCUOLA INFANZIA,SOSTEGNO,FINO AL TERMINE,TRA 45 E 54,NO,NO,0,3
202425,VERONA,SCUOLA SECONDARIA II GRADO,SOSTEGNO,ANNUALE,FINO A 34,NO,SI,3,4
202425,BOLOGNA,SCUOLA INFANZIA,NORMALE,ANNUALE,TRA 45 E 54,NO,SI,0,3
202425,TORINO,SCUOLA SECONDARIA II GRADO,SOSTEGNO,FINO AL TERMINE,OLTRE 54,NO,SI,21,40
202425,LATINA,SCUOLA SECONDARIA II GRADO,NORMALE,ANNUALE,TRA 35 E 44,NO,NO,2,3
202425,COSENZA,SCUOLA SECONDARIA II GRADO,NORMALE,ANNUALE,OLTRE 54,NO,SI,8,5
202425,GROSSETO,SCUOLA SECONDARIA I GRADO,SOSTEGNO,FINO AL TERMINE,TRA 45 E 54,NO,NO,0,1
202425,PISTOIA,SCUOLA SECONDARIA I GRADO,SOSTEGNO,ANNUALE,TRA 35 E 44,SI,SI,0,2
202425,BERGAMO,SCUOLA INFANZIA,NORMALE,ANNUALE,TRA 45 E 54,NO,SI,0,4
202425,FOGGIA,SCUOLA SECONDARIA I GRADO,SOSTEGNO,FINO AL TERMINE,TRA 45 E 54,NO,SI,9,36
202425,L'AQUILA,SCUOLA PRIMARIA,NORMALE,FINO AL TERMINE,TRA 35 E 44,NO,SI,0,16
202425,UDINE,SCUOLA SECONDARIA II GRADO,NORMALE,ANNUALE,TRA 35 E 44,NO,SI,30,42
202425,GENOVA,SCUOLA INFANZIA,SOSTEGNO,FINO AL TERMINE,OLTRE 54,NO,NO,1,11
202425,BIELLA,SCUOLA SECONDARIA I GRADO,NORMALE,FINO AL TERMINE,OLTRE 54,NO,NO,2,3
202425,LIVORNO,SCUOLA SECONDARIA II GRADO,SOSTEGNO,FINO AL TERMINE,TRA 45 E 54,NO,NO,4,7
202425,PAVIA,SCUOLA INFANZIA,NORMALE,FINO AL TERMINE,OLTRE 54,NO,SI,1,7
202425,FORLI'-CESENA,SCUOLA PRIMARIA,NORMALE,FINO AL TERMINE,TRA 45 E 54,NO,SI,3,21
202425,BOLOGNA,SCUOLA PRIMARIA,SOSTEGNO,ANNUALE,TRA 45 E 54,SI,SI,2,9
202425,ROVIGO,SCUOLA PRIMARIA,SOSTEGNO,ANNUALE,FINO A 34,SI,SI,1,1
202425,RIMINI,SCUOLA SECONDARIA II GRADO,SOSTEGNO,FINO AL TERMINE,FINO A 34,NO,SI,10,28
202425,PALERMO,SCUOLA SECONDARIA I GRADO,NORMALE,ANNUALE,TRA 35 E 44,SI,SI,0,2
202425,CATANIA,SCUOLA INFANZIA,NORMALE,FINO AL TERMINE,OLTRE 54,NO,NO,0,4
202425,MASSA-CARRARA,SCUOLA SECONDARIA I GRADO,NORMALE,ANNUALE,TRA 35 E 44,NO,NO,1,0
202425,CAMPOBASSO,SCUOLA PRIMARIA,NORMALE,FINO AL TERMINE,TRA 35 E 44,NO,SI,1,5
202425,REGGIO EMILIA,SCUOLA SECONDARIA II GRADO,SOSTEGNO,FINO AL TERMINE,TRA 45 E 54,NO,SI,18,26
202425,ANCONA,SCUOLA SECONDARIA II GRADO,SOSTEGNO,ANNUALE,FINO A 34,SI,SI,0,3
202425,PIACENZA,SCUOLA PRIMARIA,SOSTEGNO,FINO AL TERMINE,OLTRE 54,NO,NO,0,2
202425,MODENA,SCUOLA SECONDARIA I GRADO,NORMALE,ANNUALE,FINO A 34,NO,SI,7,12
202425,FROSINONE,SCUOLA INFANZIA,NORMALE,FINO AL TERMINE,TRA 45 E 54,NO,NO,0,2
202425,PIACENZA,SCUOLA SECONDARIA II GRADO,NORMALE,FINO AL TERMINE,FINO A 34,NO,SI,16,24
202425,ALESSANDRIA,SCUOLA PRIMARIA,NORMALE,ANNUALE,OLTRE 54,NO,SI,0,2
202425,AGRIGENTO,SCUOLA PRIMARIA,SOSTEGNO,FINO AL TERMINE,TRA 35 E 44,NO,SI,0,19
202425,PESARO E URBINO,SCUOLA INFANZIA,SOSTEGNO,FINO AL TERMINE,TRA 45 E 54,NO,NO,0,16
202425,BRINDISI,SCUOLA SECONDARIA II GRADO,SOSTEGNO,FINO AL TERMINE,TRA 45 E 54,NO,SI,16,60
202425,REGGIO EMILIA,SCUOLA SECONDARIA I GRADO,NORMALE,ANNUALE,FINO A 34,NO,SI,2,10
202425,ASTI,SCUOLA PRIMARIA,SOSTEGNO,FINO AL TERMINE,OLTRE 54,NO,SI,1,21
202425,BRESCIA,SCUOLA INFANZIA,SOSTEGNO,FINO AL TERMINE,FINO A 34,NO,NO,2,14
202425,NUORO,SCUOLA SECONDARIA II GRADO,SOSTEGNO,FINO AL TERMINE,OLTRE 54,NO,NO,3,3
202425,PERUGIA,SCUOLA SECONDARIA I GRADO,NORMALE,ANNUALE,TRA 35 E 44,NO,SI,3,5
202425,CREMONA,SCUOLA PRIMARIA,SOSTEGNO,FINO AL TERMINE,FINO A 34,NO,SI,17,79
202425,FIRENZE,SCUOLA PRIMARIA,NORMALE,ANNUALE,OLTRE 54,NO,SI,0,10
202425,IMPERIA,SCUOLA SECONDARIA I GRADO,SOSTEGNO,FINO AL TERMINE,OLTRE 54,NO,SI,3,7
202425,COMO,SCUOLA SECONDARIA II GRADO,NORMALE,FINO AL TERMINE,FINO A 34,NO,NO,9,17
202425,PORDENONE,SCUOLA INFANZIA,NORMALE,FINO AL TERMINE,TRA 45 E 54,NO,SI,0,7
202425,NAPOLI,SCUOLA SECONDARIA II GRADO,NORMALE,FINO AL TERMINE,TRA 35 E 44,NO,NO,120,214
202425,SIENA,SCUOLA SECONDARIA II GRADO,NORMALE,ANNUALE,FINO A 34,NO,SI,20,14
202425,GORIZIA,SCUOLA SECONDARIA II GRADO,NORMALE,ANNUALE,TRA 45 E 54,NO,SI,4,8
202425,CUNEO,SCUOLA INFANZIA,SOSTEGNO,ANNUALE,OLTRE 54,NO,SI,0,2
202425,ENNA,SCUOLA SECONDARIA I GRADO,SOSTEGNO,FINO AL TERMINE,TRA 35 E 44,NO,SI,2,13
202425,VERCELLI,SCUOLA PRIMARIA,SOSTEGNO,ANNUALE,OLTRE 54,NO,SI,2,25
202425,CASERTA,SCUOLA SECONDARIA I GRADO,NORMALE,FINO AL TERMINE,TRA 45 E 54,NO,NO,2,10
202425,COSENZA,SCUOLA SECONDARIA I GRADO,NORMALE,FINO AL TERMINE,OLTRE 54,NO,SI,2,6
202425,AREZZO,SCUOLA SECONDARIA I GRADO,SOSTEGNO,FINO AL TERMINE,TRA 45 E 54,NO,SI,10,47
202425,ROMA,SCUOLA INFANZIA,NORMALE,FINO AL TERMINE,FINO A 34,NO,SI,0,4
202425,BRESCIA,SCUOLA SECONDARIA II GRADO,SOSTEGNO,ANNUALE,FINO A 34,NO,SI,0,1
202425,PORDENONE,SCUOLA INFANZIA,NORMALE,FINO AL TERMINE,OLTRE 54,NO,NO,0,5
202425,CATANIA,SCUOLA INFANZIA,SOSTEGNO,FINO AL TERMINE,TRA 45 E 54,NO,NO,2,46
202425,PISA,SCUOLA PRIMARIA,SOSTEGNO,ANNUALE,TRA 35 E 44,SI,SI,1,14
202425,CALTANISSETTA,SCUOLA SECONDARIA II GRADO,SOSTEGNO,FINO AL TERMINE,TRA 45 E 54,NO,NO,0,3
202425,VARESE,SCUOLA SECONDARIA I GRADO,SOSTEGNO,FINO AL TERMINE,FINO A 34,NO,SI,35,55
202425,PAVIA,SCUOLA PRIMARIA,NORMALE,FINO AL TERMINE,TRA 45 E 54,NO,SI,0,14
202425,ALESSANDRIA,SCUOLA PRIMARIA,SOSTEGNO,ANNUALE,FINO A 34,SI,SI,0,3
202425,UDINE,SCUOLA INFANZIA,SOSTEGNO,FINO AL TERMINE,OLTRE 54,NO,SI,0,12
202425,GENOVA,SCUOLA PRIMARIA,SOSTEGNO,ANNUALE,OLTRE 54,SI,SI,0,2
202425,BIELLA,SCUOLA SECONDARIA II GRADO,NORMALE,ANNUALE,TRA 35 E 44,NO,NO,1,3
202425,ROMA,SCUOLA SECONDARIA I GRADO,NORMALE,FINO AL TERMINE,OLTRE 54,NO,NO,9,54
202425,NAPOLI,SCUOLA SECONDARIA II GRADO,SOSTEGNO,FINO AL TERMINE,TRA 35 E 44,NO,NO,15,62
202425,MASSA-CARRARA,SCUOLA SECONDARIA I GRADO,SOSTEGNO,ANNUALE,OLTRE 54,NO,SI,0,1
202425,ASTI,SCUOLA SECONDARIA I GRADO,NORMALE,FINO AL TERMINE,TRA 35 E 44,NO,NO,5,5
202425,TRAPANI,SCUOLA SECONDARIA II GRADO,SOSTEGNO,FINO AL TERMINE,TRA 35 E 44,NO,NO,0,5
202425,CATANIA,SCUOLA PRIMARIA,NORMALE,FINO AL TERMINE,TRA 35 E 44,NO,SI,1,15
202425,TORINO,SCUOLA PRIMARIA,SOSTEGNO,FINO AL TERMINE,TRA 35 E 44,NO,SI,52,487
202425,RAVENNA,SCUOLA PRIMARIA,NORMALE,FINO AL TERMINE,TRA 35 E 44,NO,SI,0,7
202425,ANCONA,SCUOLA SECONDARIA II GRADO,NORMALE,ANNUALE,TRA 45 E 54,NO,NO,1,1
202425,VIBO VALENTIA,SCUOLA INFANZIA,SOSTEGNO,ANNUALE,FINO A 34,SI,SI,0,1
202425,PIACENZA,SCUOLA SECONDARIA I GRADO,SOSTEGNO,ANNUALE,TRA 35 E 44,SI,NO,0,2
202425,VITERBO,SCUOLA SECONDARIA I GRADO,NORMALE,FINO AL TERMINE,OLTRE 54,NO,SI,1,1
202425,LATINA,SCUOLA PRIMARIA,NORMALE,ANNUALE,TRA 45 E 54,NO,SI,0,2
202425,PESARO E URBINO,SCUOLA SECONDARIA II GRADO,SOSTEGNO,FINO AL TERMINE,TRA 45 E 54,NO,NO,4,9
202425,LODI,SCUOLA SECONDARIA II GRADO,NORMALE,ANNUALE,TRA 45 E 54,NO,SI,4,5
202425,SUD SARDEGNA,SCUOLA INFANZIA,SOSTEGNO,FINO AL TERMINE,OLTRE 54,NO,SI,0,5
202425,ISERNIA,SCUOLA PRIMARIA,SOSTEGNO,FINO AL TERMINE,TRA 45 E 54,NO,NO,0,4
202425,SIENA,SCUOLA SECONDARIA II GRADO,NORMALE,FINO AL TERMINE,TRA 45 E 54,NO,SI,7,11
202425,TERAMO,SCUOLA SECONDARIA I GRADO,SOSTEGNO,ANNUALE,TRA 45 E 54,SI,SI,1,0
202425,PRATO,SCUOLA SECONDARIA II GRADO,NORMALE,ANNUALE,FINO A 34,NO,SI,20,27
202425,GENOVA,SCUOLA INFANZIA,SOSTEGNO,ANNUALE,TRA 35 E 44,NO,SI,1,0
202425,PARMA,SCUOLA PRIMARIA,SOSTEGNO,ANNUALE,TRA 45 E 54,NO,SI,1,33
202425,PESCARA,SCUOLA SECONDARIA II GRADO,SOSTEGNO,FINO AL TERMINE,TRA 35 E 44,NO,NO,1,5
202425,TREVISO,SCUOLA SECONDARIA II GRADO,NORMALE,ANNUALE,FINO A 34,NO,NO,2,1
202425,LODI,SCUOLA INFANZIA,SOSTEGNO,FINO AL TERMINE,TRA 35 E 44,NO,NO,0,3
202425,MATERA,SCUOLA SECONDARIA II GRADO,NORMALE,ANNUALE,TRA 45 E 54,SI,SI,0,1
202425,LECCO,SCUOLA PRIMARIA,SOSTEGNO,FINO AL TERMINE,TRA 35 E 44,NO,NO,1,13
202425,PADOVA,SCUOLA SECONDARIA II GRADO,NORMALE,ANNUALE,TRA 45 E 54,SI,SI,1,0
202425,PORDENONE,SCUOLA INFANZIA,SOSTEGNO,FINO AL TERMINE,TRA 45 E 54,NO,SI,0,11
202425,LECCE,SCUOLA SECONDARIA I GRADO,SOSTEGNO,FINO AL TERMINE,OLTRE 54,NO,SI,2,4
202425,REGGIO EMILIA,SCUOLA PRIMARIA,NORMALE,FINO AL TERMINE,TRA 35 E 44,NO,SI,1,20
202425,IMPERIA,SCUOLA SECONDARIA I GRADO,NORMALE,FINO AL TERMINE,FINO A 34,NO,NO,5,10
202425,BENEVENTO,SCUOLA PRIMARIA,NORMALE,FINO AL TERMINE,TRA 45 E 54,NO,NO,0,4
202425,SIENA,SCUOLA SECONDARIA I GRADO,NORMALE,FINO AL TERMINE,OLTRE 54,NO,SI,1,1
202425,GENOVA,SCUOLA SECONDARIA II GRADO,NORMALE,ANNUALE,TRA 45 E 54,NO,SI,22,43
202425,PIACENZA,SCUOLA SECONDARIA II GRADO,SOSTEGNO,FINO AL TERMINE,OLTRE 54,NO,SI,7,7
202425,LUCCA,SCUOLA SECONDARIA I GRADO,SOSTEGNO,FINO AL TERMINE,FINO A 34,NO,NO,0,5
202425,BARLETTA-ANDRIA-TRANI,SCUOLA INFANZIA,NORMALE,FINO AL TERMINE,TRA 45 E 54,NO,NO,0,1
202425,VENEZIA,SCUOLA SECONDARIA I GRADO,NORMALE,ANNUALE,TRA 45 E 54,NO,NO,1,1
202425,CHIETI,SCUOLA SECONDARIA I GRADO,SOSTEGNO,FINO AL TERMINE,FINO A 34,NO,SI,12,54
202425,SALERNO,SCUOLA SECONDARIA I GRADO,SOSTEGNO,ANNUALE,TRA 45 E 54,NO,SI,0,1
202425,TORINO,SCUOLA PRIMARIA,SOSTEGNO,ANNUALE,TRA 35 E 44,NO,SI,4,80
202425,CROTONE,SCUOLA SECONDARIA I GRADO,NORMALE,ANNUALE,FINO A 34,NO,NO,1,1
202425,CATANIA,SCUOLA SECONDARIA I GRADO,SOSTEGNO,FINO AL TERMINE,TRA 45 E 54,NO,SI,33,173
202425,FOGGIA,SCUOLA PRIMARIA,NORMALE,FINO AL TERMINE,FINO A 34,NO,NO,5,18
202425,ANCONA,SCUOLA INFANZIA,NORMALE,ANNUALE,FINO A 34,NO,SI,0,3
202425,CREMONA,SCUOLA SECONDARIA I GRADO,SOSTEGNO,ANNUALE,TRA 35 E 44,NO,SI,0,2
202425,MATERA,SCUOLA SECONDARIA II GRADO,SOSTEGNO,FINO AL TERMINE,FINO A 34,NO,NO,0,1
202425,COSENZA,SCUOLA INFANZIA,NORMALE,FINO AL TERMINE,TRA 35 E 44,NO,SI,0,1
202425,FIRENZE,SCUOLA SECONDARIA I GRADO,SOSTEGNO,ANNUALE,TRA 45 E 54,SI,NO,0,1
202425,UDINE,SCUOLA PRIMARIA,SOSTEGNO,ANNUALE,TRA 35 E 44,SI,SI,1,6
202425,NOVARA,SCUOLA INFANZIA,NORMALE,FINO AL TERMINE,FINO A 34,NO,SI,0,2
202425,FORLI'-CESENA,SCUOLA SECONDARIA I GRADO,SOSTEGNO,FINO AL TERMINE,TRA 45 E 54,NO,SI,8,13
202425,MONZA E DELLA BRIANZA,SCUOLA SECONDARIA I GRADO,NORMALE,ANNUALE,TRA 45 E 54,NO,SI,1,12
202425,FERMO,SCUOLA SECONDARIA II GRADO,NORMALE,FINO AL TERMINE,TRA 45 E 54,NO,SI,1,4
202425,TARANTO,SCUOLA INFANZIA,SOSTEGNO,FINO AL TERMINE,TRA 45 E 54,NO,NO,0,7
202425,COMO,SCUOLA SECONDARIA I GRADO,NORMALE,FINO AL TERMINE,FINO A 34,NO,SI,9,6
202425,COMO,SCUOLA SECONDARIA I GRADO,NORMALE,FINO AL TERMINE,TRA 45 E 54,NO,NO,4,20
202425,VERBANO-CUSIO-OSSOLA,SCUOLA INFANZIA,SOSTEGNO,FINO AL TERMINE,OLTRE 54,NO,NO,0,1
202425,MACERATA,SCUOLA PRIMARIA,SOSTEGNO,FINO AL TERMINE,TRA 35 E 44,NO,SI,5,70
202425,PADOVA,SCUOLA PRIMARIA,SOSTEGNO,FINO AL TERMINE,FINO A 34,NO,SI,30,235
202425,VARESE,SCUOLA SECONDARIA I GRADO,SOSTEGNO,FINO AL TERMINE,TRA 45 E 54,NO,NO,2,16
202425,MANTOVA,SCUOLA PRIMARIA,NORMALE,ANNUALE,TRA 45 E 54,NO,SI,2,12
202425,NOVARA,SCUOLA SECONDARIA I GRADO,SOSTEGNO,ANNUALE,TRA 45 E 54,SI,SI,1,8
202425,AVELLINO,SCUOLA PRIMARIA,SOSTEGNO,FINO AL TERMINE,OLTRE 54,NO,NO,0,6
202425,SUD SARDEGNA,SCUOLA PRIMARIA,SOSTEGNO,FINO AL TERMINE,TRA 35 E 44,NO,SI,1,51
202425,COSENZA,SCUOLA PRIMARIA,NORMALE,FINO AL TERMINE,TRA 45 E 54,NO,SI,3,36
202425,NAPOLI,SCUOLA INFANZIA,SOSTEGNO,FINO AL TERMINE,FINO A 34,NO,NO,0,2
202425,PORDENONE,SCUOLA SECONDARIA I GRADO,SOSTEGNO,FINO AL TERMINE,OLTRE 54,NO,SI,4,10
202425,COMO,SCUOLA SECONDARIA I GRADO,SOSTEGNO,ANNUALE,OLTRE 54,SI,SI,0,4
202425,ASCOLI PICENO,SCUOLA SECONDARIA I GRADO,SOSTEGNO,FINO AL TERMINE,FINO A 34,NO,SI,4,10
202425,PISTOIA,SCUOLA INFANZIA,SOSTEGNO,FINO AL TERMINE,TRA 35 E 44,NO,SI,0,16
202425,MODENA,SCUOLA PRIMARIA,NORMALE,FINO AL TERMINE,TRA 45 E 54,NO,NO,1,12
202425,ROMA,SCUOLA PRIMARIA,SOSTEGNO,ANNUALE,TRA 45 E 54,NO,SI,1,5
202425,PESCARA,SCUOLA SECONDARIA II GRADO,NORMALE,FINO AL TERMINE,OLTRE 54,NO,NO,10,11
202425,BARLETTA-ANDRIA-TRANI,SCUOLA INFANZIA,NORMALE,FINO AL TERMINE,TRA 45 E 54,NO,SI,0,8
202425,MANTOVA,SCUOLA SECONDARIA II GRADO,SOSTEGNO,FINO AL TERMINE,FINO A 34,NO,NO,2,0
202425,MODENA,SCUOLA SECONDARIA II GRADO,NORMALE,ANNUALE,TRA 35 E 44,NO,SI,30,44
202425,SIRACUSA,SCUOLA SECONDARIA II GRADO,NORMALE,FINO AL TERMINE,OLTRE 54,NO,SI,7,2
202425,CUNEO,SCUOLA SECONDARIA II GRADO,NORMALE,ANNUALE,TRA 35 E 44,NO,NO,1,0
202425,BENEVENTO,SCUOLA SECONDARIA I GRADO,SOSTEGNO,ANNUALE,TRA 45 E 54,NO,SI,0,1
202425,SIENA,SCUOLA PRIMARIA,SOSTEGNO,ANNUALE,TRA 35 E 44,SI,SI,0,4
202425,CHIETI,SCUOLA INFANZIA,NORMALE,ANNUALE,OLTRE 54,NO,SI,0,7
202425,LUCCA,SCUOLA SECONDARIA I GRADO,NORMALE,ANNUALE,TRA 45 E 54,NO,NO,2,3
202425,PAVIA,SCUOLA SECONDARIA II GRADO,NORMALE,FINO AL TERMINE,TRA 35 E 44,NO,SI,5,9
202425,TERAMO,SCUOLA INFANZIA,NORMALE,FINO AL TERMINE,TRA 35 E 44,NO,NO,0,4
202425,AVELLINO,SCUOLA PRIMARIA,NORMALE,FINO AL TERMINE,FINO A 34,NO,SI,2,2
202425,ISERNIA,SCUOLA SECONDARIA I GRADO,NORMALE,FINO AL TERMINE,TRA 45 E 54,NO,SI,0,1
202425,COMO,SCUOLA SECONDARIA II GRADO,NORMALE,FINO AL TERMINE,TRA 35 E 44,NO,NO,6,19
202425,VITERBO,SCUOLA SECONDARIA II GRADO,SOSTEGNO,ANNUALE,FINO A 34,SI,NO,0,1
202425,SONDRIO,SCUOLA SECONDARIA I GRADO,NORMALE,FINO AL TERMINE,FINO A 34,NO,NO,7,16
202425,AREZZO,SCUOLA SECONDARIA I GRADO,SOSTEGNO,FINO AL TERMINE,OLTRE 54,NO,SI,12,17
202425,FOGGIA,SCUOLA INFANZIA,NORMALE,FINO AL TERMINE,TRA 35 E 44,NO,SI,0,1
202425,FOGGIA,SCUOLA INFANZIA,SOSTEGNO,FINO AL TERMINE,OLTRE 54,NO,SI,1,21
202425,NUORO,SCUOLA SECONDARIA I GRADO,NORMALE,ANNUALE,TRA 45 E 54,NO,SI,7,9
202425,LECCO,SCUOLA SECONDARIA I GRADO,NORMALE,ANNUALE,OLTRE 54,NO,SI,0,2
202425,PALERMO,SCUOLA SECONDARIA I GRADO,SOSTEGNO,FINO AL TERMINE,FINO A 34,NO,SI,31,128
202425,RAVENNA,SCUOLA SECONDARIA I GRADO,NORMALE,FINO AL TERMINE,OLTRE 54,NO,SI,1,3
202425,LATINA,SCUOLA SECONDARIA II GRADO,NORMALE,FINO AL TERMINE,TRA 35 E 44,NO,SI,20,22
202425,PADOVA,SCUOLA INFANZIA,SOSTEGNO,FINO AL TERMINE,TRA 45 E 54,NO,SI,0,26
202425,SONDRIO,SCUOLA SECONDARIA I GRADO,NORMALE,FINO AL TERMINE,TRA 45 E 54,NO,SI,1,4
202425,NUORO,SCUOLA PRIMARIA,SOSTEGNO,ANNUALE,FINO A 34,SI,SI,0,1
202425,FOGGIA,SCUOLA SECONDARIA II GRADO,NORMALE,FINO AL TERMINE,OLTRE 54,NO,NO,13,10
202425,CUNEO,SCUOLA PRIMARIA,SOSTEGNO,ANNUALE,TRA 35 E 44,SI,SI,0,6
202425,PESCARA,SCUOLA PRIMARIA,NORMALE,FINO AL TERMINE,TRA 45 E 54,NO,NO,2,5
202425,SAVONA,SCUOLA SECONDARIA II GRADO,SOSTEGNO,FINO AL TERMINE,FINO A 34,NO,SI,10,26
202425,CHIETI,SCUOLA INFANZIA,NORMALE,FINO AL TERMINE,FINO A 34,NO,SI,0,4
202425,NAPOLI,SCUOLA PRIMARIA,NORMALE,FINO AL TERMINE,FINO A 34,NO,NO,43,39
202425,NAPOLI,SCUOLA SECONDARIA I GRADO,SOSTEGNO,ANNUALE,FINO A 34,SI,SI,0,5
202425,COSENZA,SCUOLA SECONDARIA II GRADO,NORMALE,FINO AL TERMINE,TRA 35 E 44,NO,SI,10,27
202425,RAVENNA,SCUOLA INFANZIA,NORMALE,ANNUALE,TRA 45 E 54,NO,SI,0,1
202425,COMO,SCUOLA SECONDARIA I GRADO,NORMALE,ANNUALE,FINO A 34,NO,SI,20,41
202425,VERBANO-CUSIO-OSSOLA,SCUOLA PRIMARIA,SOSTEGNO,FINO AL TERMINE,OLTRE 54,NO,SI,1,13
202425,SALERNO,SCUOLA SECONDARIA II GRADO,NORMALE,ANNUALE,TRA 35 E 44,NO,NO,1,1
202425,SASSARI,SCUOLA SECONDARIA I GRADO,SOSTEGNO,FINO AL TERMINE,TRA 35 E 44,NO,SI,29,100
202425,TORINO,SCUOLA SECONDARIA II GRADO,NORMALE,ANNUALE,FINO A 34,NO,SI,171,193
202425,FROSINONE,SCUOLA PRIMARIA,NORMALE,FINO AL TERMINE,FINO A 34,NO,SI,3,4
202425,BARLETTA-ANDRIA-TRANI,SCUOLA PRIMARIA,NORMALE,FINO AL TERMINE,FINO A 34,NO,NO,7,10
202425,MESSINA,SCUOLA SECONDARIA I GRADO,NORMALE,ANNUALE,FINO A 34,NO,SI,3,1
202425,SUD SARDEGNA,SCUOLA SECONDARIA I GRADO,NORMALE,FINO AL TERMINE,TRA 45 E 54,NO,NO,4,12
202425,COSENZA,SCUOLA PRIMARIA,NORMALE,ANNUALE,TRA 35 E 44,NO,SI,1,6
202425,BELLUNO,SCUOLA SECONDARIA I GRADO,NORMALE,FINO AL TERMINE,OLTRE 54,NO,SI,0,1
202425,CAGLIARI,SCUOLA SECONDARIA I GRADO,NORMALE,FINO AL TERMINE,TRA 35 E 44,NO,NO,3,9
202425,ROVIGO,SCUOLA SECONDARIA I GRADO,SOSTEGNO,ANNUALE,FINO A 34,NO,SI,0,2
202425,VARESE,SCUOLA PRIMARIA,SOSTEGNO,ANNUALE,OLTRE 54,NO,SI,3,25
202425,GENOVA,SCUOLA PRIMARIA,NORMALE,FINO AL TERMINE,TRA 35 E 44,NO,SI,3,18
202425,ROMA,SCUOLA PRIMARIA,NORMALE,ANNUALE,FINO A 34,NO,SI,4,18
202425,PERUGIA,SCUOLA SECONDARIA I GRADO,NORMALE,ANNUALE,TRA 35 E 44,NO,NO,1,0
202425,TREVISO,SCUOLA SECONDARIA II GRADO,NORMALE,ANNUALE,TRA 35 E 44,NO,SI,66,45
202425,FIRENZE,SCUOLA PRIMARIA,SOSTEGNO,FINO AL TERMINE,FINO A 34,NO,SI,7,189
202425,CASERTA,SCUOLA SECONDARIA II GRADO,NORMALE,ANNUALE,TRA 35 E 44,NO,NO,1,1
202425,TRAPANI,SCUOLA INFANZIA,NORMALE,FINO AL TERMINE,TRA 45 E 54,NO,SI,0,2
202425,COSENZA,SCUOLA SECONDARIA I GRADO,SOSTEGNO,FINO AL TERMINE,TRA 45 E 54,NO,SI,5,49
202425,CALTANISSETTA,SCUOLA SECONDARIA I GRADO,SOSTEGNO,FINO AL TERMINE,TRA 45 E 54,NO,SI,5,18
202425,TERNI,SCUOLA INFANZIA,NORMALE,FINO AL TERMINE,FINO A 34,NO,SI,0,2
202425,PAVIA,SCUOLA SECONDARIA II GRADO,NORMALE,ANNUALE,FINO A 34,NO,NO,2,2
202425,TARANTO,SCUOLA PRIMARIA,SOSTEGNO,ANNUALE,TRA 35 E 44,SI,SI,0,4
202425,VARESE,SCUOLA PRIMARIA,NORMALE,ANNUALE,FINO A 34,NO,NO,0,2
202425,LIVORNO,SCUOLA SECONDARIA I GRADO,NORMALE,FINO AL TERMINE,TRA 35 E 44,NO,SI,4,8
202425,NOVARA,SCUOLA SECONDARIA II GRADO,NORMALE,ANNUALE,FINO A 34,NO,SI,30,34
202425,TARANTO,SCUOLA SECONDARIA II GRADO,SOSTEGNO,FINO AL TERMINE,OLTRE 54,NO,NO,0,2
202425,ASTI,SCUOLA SECONDARIA I GRADO,SOSTEGNO,ANNUALE,TRA 45 E 54,NO,SI,1,5
202425,BOLOGNA,SCUOLA SECONDARIA I GRADO,NORMALE,ANNUALE,FINO A 34,SI,SI,1,0
202425,CATANIA,SCUOLA SECONDARIA I GRADO,NORMALE,ANNUALE,FINO A 34,NO,SI,4,1
202425,GORIZIA,SCUOLA SECONDARIA II GRADO,SOSTEGNO,ANNUALE,TRA 45 E 54,NO,SI,0,1
202425,AREZZO,SCUOLA SECONDARIA II GRADO,NORMALE,FINO AL TERMINE,OLTRE 54,NO,NO,7,10
202425,PISA,SCUOLA SECONDARIA I GRADO,NORMALE,ANNUALE,TRA 45 E 54,NO,NO,0,1
202425,SIENA,SCUOLA INFANZIA,NORMALE,FINO AL TERMINE,OLTRE 54,NO,NO,0,3
202425,CUNEO,SCUOLA INFANZIA,SOSTEGNO,FINO AL TERMINE,TRA 35 E 44,NO,SI,0,25
202425,ORISTANO,SCUOLA PRIMARIA,NORMALE,FINO AL TERMINE,TRA 45 E 54,NO,NO,1,6
202425,ALESSANDRIA,SCUOLA SECONDARIA I GRADO,SOSTEGNO,ANNUALE,OLTRE 54,SI,SI,1,2
202425,PESCARA,SCUOLA INFANZIA,NORMALE,FINO AL TERMINE,TRA 45 E 54,NO,SI,0,15
202425,LA SPEZIA,SCUOLA PRIMARIA,NORMALE,FINO AL TERMINE,TRA 35 E 44,NO,SI,0,9
202425,SONDRIO,SCUOLA SECONDARIA II GRADO,NORMALE,ANNUALE,TRA 35 E 44,SI,SI,1,0
202425,NAPOLI,SCUOLA SECONDARIA II GRADO,SOSTEGNO,FINO AL TERMINE,FINO A 34,NO,SI,47,192
202425,RAVENNA,SCUOLA PRIMARIA,SOSTEGNO,FINO AL TERMINE,OLTRE 54,NO,SI,1,23
202425,SASSARI,SCUOLA SECONDARIA II GRADO,NORMALE,FINO AL TERMINE,FINO A 34,NO,NO,22,25
202425,NUORO,SCUOLA INFANZIA,SOSTEGNO,FINO AL TERMINE,TRA 35 E 44,NO,NO,0,4
202425,ASTI,SCUOLA SECONDARIA I GRADO,NORMALE,FINO AL TERMINE,FINO A 34,NO,SI,1,10
202425,REGGIO EMILIA,SCUOLA SECONDARIA II GRADO,SOSTEGNO,FINO AL TERMINE,TRA 35 E 44,NO,SI,23,76
202425,SIENA,SCUOLA SECONDARIA I GRADO,NORMALE,ANNUALE,TRA 35 E 44,NO,SI,3,8
202425,SIENA,SCUOLA SECONDARIA II GRADO,SOSTEGNO,ANNUALE,TRA 35 E 44,SI,NO,0,1
202425,GENOVA,SCUOLA PRIMARIA,SOSTEGNO,ANNUALE,OLTRE 54,NO,SI,6,67
202425,CUNEO,SCUOLA PRIMARIA,NORMALE,FINO AL TERMINE,TRA 35 E 44,NO,NO,2,14
202425,COSENZA,SCUOLA SECONDARIA I GRADO,SOSTEGNO,FINO AL TERMINE,TRA 35 E 44,NO,SI,6,73
202425,BELLUNO,SCUOLA SECONDARIA II GRADO,NORMALE,FINO AL TERMINE,TRA 35 E 44,NO,SI,6,9
202425,CATANIA,SCUOLA PRIMARIA,NORMALE,FINO AL TERMINE,TRA 35 E 44,NO,NO,16,8
202425,IMPERIA,SCUOLA PRIMARIA,NORMALE,ANNUALE,FINO A 34,NO,SI,0,4
202425,TORINO,SCUOLA SECONDARIA I GRADO,SOSTEGNO,ANNUALE,FINO A 34,SI,SI,32,72
202425,LUCCA,SCUOLA INFANZIA,NORMALE,FINO AL TERMINE,TRA 45 E 54,NO,SI,1,6
202425,PIACENZA,SCUOLA SECONDARIA I GRADO,SOSTEGNO,FINO AL TERMINE,TRA 35 E 44,NO,SI,6,15
202425,TRIESTE,SCUOLA SECONDARIA II GRADO,NORMALE,FINO AL TERMINE,OLTRE 54,NO,SI,2,5
202425,NOVARA,SCUOLA INFANZIA,NORMALE,FINO AL TERMINE,TRA 35 E 44,NO,NO,0,2
202425,VERONA,SCUOLA SECONDARIA I GRADO,NORMALE,FINO AL TERMINE,FINO A 34,NO,SI,12,17
202425,AGRIGENTO,SCUOLA SECONDARIA I GRADO,SOSTEGNO,FINO AL TERMINE,FINO A 34,NO,SI,4,18
202425,LECCO,SCUOLA SECONDARIA II GRADO,NORMALE,ANNUALE,TRA 35 E 44,NO,SI,15,14
202425,TRAPANI,SCUOLA PRIMARIA,NORMALE,ANNUALE,TRA 45 E 54,NO,SI,0,3
202425,BELLUNO,SCUOLA SECONDARIA I GRADO,SOSTEGNO,ANNUALE,FINO A 34,SI,SI,3,8
202425,MASSA-CARRARA,SCUOLA PRIMARIA,SOSTEGNO,FINO AL TERMINE,FINO A 34,NO,NO,0,4
202425,LECCE,SCUOLA PRIMARIA,NORMALE,FINO AL TERMINE,OLTRE 54,NO,NO,6,2
202425,PISA,SCUOLA SECONDARIA I GRADO,SOSTEGNO,ANNUALE,TRA 35 E 44,NO,SI,1,0
202425,RIETI,SCUOLA PRIMARIA,SOSTEGNO,FINO AL TERMINE,OLTRE 54,NO,NO,0,1
202425,CAMPOBASSO,SCUOLA PRIMARIA,SOSTEGNO,FINO AL TERMINE,TRA 35 E 44,NO,SI,2,66
202425,SIRACUSA,SCUOLA SECONDARIA I GRADO,NORMALE,ANNUALE,FINO A 34,NO,SI,0,1
202425,MILANO,SCUOLA SECONDARIA II GRADO,NORMALE,ANNUALE,FINO A 34,NO,NO,1,2
202425,LUCCA,SCUOLA SECONDARIA II GRADO,NORMALE,FINO AL TERMINE,FINO A 34,NO,SI,17,12
202425,LUCCA,SCUOLA SECONDARIA II GRADO,NORMALE,FINO AL TERMINE,TRA 45 E 54,NO,NO,21,41
202425,MILANO,SCUOLA PRIMARIA,NORMALE,ANNUALE,TRA 35 E 44,NO,SI,13,67
202425,AVELLINO,SCUOLA SECONDARIA II GRADO,NORMALE,FINO AL TERMINE,FINO A 34,NO,NO,11,17
202425,REGGIO CALABRIA,SCUOLA SECONDARIA I GRADO,SOSTEGNO,FINO AL TERMINE,TRA 45 E 54,NO,NO,0,6
202425,LECCE,SCUOLA SECONDARIA II GRADO,NORMALE,ANNUALE,TRA 35 E 44,NO,NO,1,3
202425,CAMPOBASSO,SCUOLA SECONDARIA I GRADO,NORMALE,FINO AL TERMINE,TRA 45 E 54,NO,SI,2,3
202425,GORIZIA,SCUOLA PRIMARIA,NORMALE,ANNUALE,TRA 35 E 44,NO,SI,1,1
202425,FOGGIA,SCUOLA PRIMARIA,SOSTEGNO,FINO AL TERMINE,TRA 35 E 44,NO,SI,6,154
202425,PAVIA,SCUOLA PRIMARIA,SOSTEGNO,ANNUALE,TRA 45 E 54,NO,SI,6,51
202425,UDINE,SCUOLA SECONDARIA I GRADO,NORMALE,ANNUALE,OLTRE 54,NO,SI,1,1
202425,BOLOGNA,SCUOLA SECONDARIA I GRADO,SOSTEGNO,FINO AL TERMINE,FINO A 34,NO,NO,4,15
202425,LA SPEZIA,SCUOLA PRIMARIA,SOSTEGNO,FINO AL TERMINE,FINO A 34,NO,SI,0,13
202425,SUD SARDEGNA,SCUOLA SECONDARIA II GRADO,NORMALE,ANNUALE,FINO A 34,NO,NO,0,1
202425,ASCOLI PICENO,SCUOLA INFANZIA,SOSTEGNO,FINO AL TERMINE,FINO A 34,NO,NO,0,1
202425,ROVIGO,SCUOLA SECONDARIA I GRADO,SOSTEGNO,FINO AL TERMINE,TRA 45 E 54,NO,SI,4,16
202425,CHIETI,SCUOLA SECONDARIA II GRADO,NORMALE,ANNUALE,TRA 35 E 44,NO,SI,14,20
202425,BRINDISI,SCUOLA PRIMARIA,NORMALE,ANNUALE,FINO A 34,NO,SI,1,1
202425,VARESE,SCUOLA SECONDARIA I GRADO,NORMALE,ANNUALE,FINO A 34,NO,NO,0,2
202425,SIRACUSA,SCUOLA INFANZIA,NORMALE,FINO AL TERMINE,OLTRE 54,NO,SI,0,3
202425,FIRENZE,SCUOLA SECONDARIA II GRADO,NORMALE,ANNUALE,TRA 45 E 54,NO,NO,0,3
202425,CATANZARO,SCUOLA PRIMARIA,SOSTEGNO,FINO AL TERMINE,OLTRE 54,NO,SI,4,37
202425,PIACENZA,SCUOLA PRIMARIA,NORMALE,ANNUALE,FINO A 34,NO,SI,1,18
202425,BIELLA,SCUOLA SECONDARIA II GRADO,SOSTEGNO,FINO AL TERMINE,FINO A 34,NO,SI,7,17
202425,TREVISO,SCUOLA SECONDARIA II GRADO,NORMALE,FINO AL TERMINE,TRA 35 E 44,NO,SI,16,22
202425,ASTI,SCUOLA SECONDARIA I GRADO,SOSTEGNO,FINO AL TERMINE,OLTRE 54,NO,SI,4,7
202425,PORDENONE,SCUOLA PRIMARIA,SOSTEGNO,FINO AL TERMINE,OLTRE 54,NO,NO,0,4
202425,VARESE,SCUOLA SECONDARIA II GRADO,NORMALE,FINO AL TERMINE,OLTRE 54,NO,NO,15,17
202425,BIELLA,SCUOLA PRIMARIA,NORMALE,FINO AL TERMINE,TRA 35 E 44,NO,NO,3,4
202425,COSENZA,SCUOLA SECONDARIA II GRADO,SOSTEGNO,ANNUALE,FINO A 34,NO,SI,0,1
202425,PARMA,SCUOLA SECONDARIA I GRADO,NORMALE,ANNUALE,FINO A 34,NO,SI,3,4
202425,TRIESTE,SCUOLA SECONDARIA I GRADO,NORMALE,FINO AL TERMINE,TRA 35 E 44,NO,NO,3,10
202425,MONZA E DELLA BRIANZA,SCUOLA SECONDARIA I GRADO,NORMALE,ANNUALE,TRA 35 E 44,NO,NO,0,1
202425,PALERMO,SCUOLA INFANZIA,SOSTEGNO,ANNUALE,TRA 45 E 54,NO,SI,0,1
202425,MASSA-CARRARA,SCUOLA INFANZIA,NORMALE,FINO AL TERMINE,TRA 35 E 44,NO,SI,0,1
202425,TREVISO,SCUOLA INFANZIA,NORMALE,FINO AL TERMINE,FINO A 34,NO,NO,0,3
202425,LECCE,SCUOLA PRIMARIA,NORMALE,ANNUALE,FINO A 34,NO,SI,0,4
202425,MACERATA,SCUOLA SECONDARIA I GRADO,NORMALE,FINO AL TERMINE,OLTRE 54,NO,NO,6,8
202425,PISTOIA,SCUOLA PRIMARIA,SOSTEGNO,FINO AL TERMINE,TRA 45 E 54,NO,SI,2,97
202425,AREZZO,SCUOLA INFANZIA,NORMALE,ANNUALE,TRA 45 E 54,NO,SI,0,2
202425,ROMA,SCUOLA SECONDARIA II GRADO,SOSTEGNO,FINO AL TERMINE,FINO A 34,NO,NO,4,16
202425,VERONA,SCUOLA SECONDARIA I GRADO,SOSTEGNO,FINO AL TERMINE,FINO A 34,NO,NO,7,30
202425,MASSA-CARRARA,SCUOLA SECONDARIA II GRADO,SOSTEGNO,FINO AL TERMINE,TRA 35 E 44,NO,NO,0,11
202425,LODI,SCUOLA PRIMARIA,SOSTEGNO,ANNUALE,FINO A 34,NO,NO,0,1
202425,VERCELLI,SCUOLA INFANZIA,NORMALE,FINO AL TERMINE,OLTRE 54,NO,SI,0,2
202425,MONZA E DELLA BRIANZA,SCUOLA SECONDARIA I GRADO,SOSTEGNO,FINO AL TERMINE,TRA 45 E 54,NO,SI,11,75
202425,MASSA-CARRARA,SCUOLA INFANZIA,SOSTEGNO,FINO AL TERMINE,TRA 45 E 54,NO,NO,0,7
202425,REGGIO EMILIA,SCUOLA PRIMARIA,NORMALE,FINO AL TERMINE,OLTRE 54,NO,NO,2,1
202425,BELLUNO,SCUOLA SECONDARIA II GRADO,SOSTEGNO,ANNUALE,FINO A 34,NO,SI,2,4
202425,TERNI,SCUOLA PRIMARIA,NORMALE,ANNUALE,FINO A 34,NO,SI,1,2
202425,LUCCA,SCUOLA SECONDARIA I GRADO,SOSTEGNO,FINO AL TERMINE,TRA 45 E 54,NO,NO,5,9
202425,NUORO,SCUOLA SECONDARIA I GRADO,SOSTEGNO,ANNUALE,TRA 35 E 44,SI,SI,0,9
202425,ROMA,SCUOLA SECONDARIA I GRADO,SOSTEGNO,ANNUALE,TRA 45 E 54,NO,SI,0,1
202425,CREMONA,SCUOLA PRIMARIA,NORMALE,ANNUALE,TRA 45 E 54,NO,SI,1,7
202425,LODI,SCUOLA INFANZIA,NORMALE,FINO AL TERMINE,TRA 35 E 44,NO,SI,0,7
202425,NAPOLI,SCUOLA SECONDARIA I GRADO,NORMALE,FINO AL TERMINE,OLTRE 54,NO,SI,27,15
202425,LECCE,SCUOLA SECONDARIA II GRADO,SOSTEGNO,FINO AL TERMINE,TRA 45 E 54,NO,NO,2,5
202425,BENEVENTO,SCUOLA SECONDARIA II GRADO,NORMALE,ANNUALE,OLTRE 54,NO,SI,2,7
202425,AREZZO,SCUOLA PRIMARIA,NORMALE,FINO AL TERMINE,OLTRE 54,NO,NO,1,3
202425,VARESE,SCUOLA SECONDARIA II GRADO,SOSTEGNO,ANNUALE,TRA 45 E 54,NO,SI,0,1
202425,FOGGIA,SCUOLA PRIMARIA,NORMALE,FINO AL TERMINE,TRA 45 E 54,NO,NO,8,12
202425,FROSINONE,SCUOLA SECONDARIA I GRADO,NORMALE,FINO AL TERMINE,TRA 45 E 54,NO,SI,12,9
202425,CREMONA,SCUOLA INFANZIA,NORMALE,ANNUALE,FINO A 34,NO,SI,0,6
202425,FORLI'-CESENA,SCUOLA PRIMARIA,SOSTEGNO,FINO AL TERMINE,OLTRE 54,NO,SI,3,27
202425,NAPOLI,SCUOLA PRIMARIA,NORMALE,FINO AL TERMINE,TRA 35 E 44,NO,NO,44,34
202425,RIMINI,SCUOLA SECONDARIA I GRADO,SOSTEGNO,FINO AL TERMINE,TRA 45 E 54,NO,NO,3,9
202425,TRAPANI,SCUOLA PRIMARIA,SOSTEGNO,FINO AL TERMINE,TRA 35 E 44,NO,SI,1,112
202425,COMO,SCUOLA INFANZIA,SOSTEGNO,ANNUALE,TRA 45 E 54,NO,SI,0,11
202425,REGGIO EMILIA,SCUOLA SECONDARIA II GRADO,NORMALE,ANNUALE,TRA 45 E 54,NO,NO,0,1
202425,LA SPEZIA,SCUOLA SECONDARIA I GRADO,SOSTEGNO,FINO AL TERMINE,TRA 35 E 44,NO,SI,2,25
202425,CROTONE,SCUOLA SECONDARIA I GRADO,SOSTEGNO,FINO AL TERMINE,TRA 45 E 54,NO,SI,7,28
202425,PIACENZA,SCUOLA PRIMARIA,SOSTEGNO,ANNUALE,TRA 35 E 44,SI,SI,1,2
202425,MODENA,SCUOLA PRIMARIA,SOSTEGNO,FINO AL TERMINE,OLTRE 54,NO,SI,3,56
202425,ANCONA,SCUOLA PRIMARIA,NORMALE,FINO AL TERMINE,TRA 45 E 54,NO,SI,2,13
202425,PESARO E URBINO,SCUOLA SECONDARIA I GRADO,SOSTEGNO,FINO AL TERMINE,OLTRE 54,NO,SI,3,14
202425,FORLI'-CESENA,SCUOLA SECONDARIA II GRADO,SOSTEGNO,ANNUALE,FINO A 34,NO,SI,1,0
202425,CAGLIARI,SCUOLA INFANZIA,SOSTEGNO,FINO AL TERMINE,TRA 45 E 54,NO,NO,0,3
202425,SALERNO,SCUOLA SECONDARIA II GRADO,SOSTEGNO,FINO AL TERMINE,FINO A 34,NO,SI,6,21
202425,VARESE,SCUOLA SECONDARIA II GRADO,SOSTEGNO,ANNUALE,OLTRE 54,SI,SI,0,1
202425,PISTOIA,SCUOLA PRIMARIA,NORMALE,FINO AL TERMINE,FINO A 34,NO,SI,2,25
202425,GENOVA,SCUOLA INFANZIA,NORMALE,FINO AL TERMINE,TRA 45 E 54,NO,SI,0,11
202425,FORLI'-CESENA,SCUOLA PRIMARIA,NORMALE,ANNUALE,TRA 35 E 44,NO,SI,1,5
202425,PARMA,SCUOLA SECONDARIA I GRADO,SOSTEGNO,FINO AL TERMINE,TRA 45 E 54,NO,NO,3,11
202425,CASERTA,SCUOLA SECONDARIA II GRADO,NORMALE,FINO AL TERMINE,TRA 45 E 54,NO,SI,11,21
202425,RIMINI,SCUOLA SECONDARIA I GRADO,NORMALE,FINO AL TERMINE,TRA 35 E 44,NO,NO,5,10
202425,MONZA E DELLA BRIANZA,SCUOLA INFANZIA,SOSTEGNO,ANNUALE,FINO A 34,SI,SI,0,2
202425,RAVENNA,SCUOLA INFANZIA,NORMALE,ANNUALE,OLTRE 54,NO,SI,0,1
202425,CALTANISSETTA,SCUOLA INFANZIA,NORMALE,FINO AL TERMINE,OLTRE 54,NO,SI,0,3
202425,REGGIO EMILIA,SCUOLA PRIMARIA,SOSTEGNO,ANNUALE,TRA 35 E 44,NO,SI,1,25
202425,BRESCIA,SCUOLA SECONDARIA II GRADO,SOSTEGNO,FINO AL TERMINE,TRA 35 E 44,NO,NO,1,10
202425,CALTANISSETTA,SCUOLA SECONDARIA II GRADO,NORMALE,FINO AL TERMINE,OLTRE 54,NO,NO,7,8
202425,CUNEO,SCUOLA SECONDARIA I GRADO,NORMALE,FINO AL TERMINE,TRA 35 E 44,NO,NO,11,33
202425,MACERATA,SCUOLA SECONDARIA II GRADO,NORMALE,FINO AL TERMINE,FINO A 34,NO,SI,11,18
202425,VIBO VALENTIA,SCUOLA SECONDARIA I GRADO,NORMALE,FINO AL TERMINE,TRA 45 E 54,NO,SI,2,5
202425,PESARO E URBINO,SCUOLA SECONDARIA I GRADO,SOSTEGNO,ANNUALE,TRA 45 E 54,SI,SI,0,1
202425,BOLOGNA,SCUOLA PRIMARIA,NORMALE,FINO AL TERMINE,OLTRE 54,NO,NO,1,9
202425,ASTI,SCUOLA INFANZIA,NORMALE,FINO AL TERMINE,TRA 45 E 54,NO,NO,0,3
202425,CUNEO,SCUOLA SECONDARIA I GRADO,SOSTEGNO,ANNUALE,TRA 35 E 44,SI,SI,12,15
202425,PADOVA,SCUOLA SECONDARIA I GRADO,NORMALE,ANNUALE,FINO A 34,NO,SI,14,32
202425,CHIETI,SCUOLA INFANZIA,SOSTEGNO,FINO AL TERMINE,TRA 35 E 44,NO,NO,0,9
202425,FROSINONE,SCUOLA SECONDARIA II GRADO,NORMALE,ANNUALE,FINO A 34,NO,SI,11,22
202425,NUORO,SCUOLA SECONDARIA II GRADO,NORMALE,FINO AL TERMINE,TRA 35 E 44,NO,SI,6,12
202425,PERUGIA,SCUOLA INFANZIA,SOSTEGNO,FINO AL TERMINE,OLTRE 54,NO,SI,0,45
202425,CREMONA,SCUOLA INFANZIA,SOSTEGNO,ANNUALE,OLTRE 54,NO,SI,0,4
202425,FORLI'-CESENA,SCUOLA SECONDARIA II GRADO,SOSTEGNO,FINO AL TERMINE,TRA 45 E 54,NO,NO,2,2
202425,SIENA,SCUOLA PRIMARIA,NORMALE,ANNUALE,TRA 35 E 44,NO,SI,0,7
202425,ENNA,SCUOLA PRIMARIA,SOSTEGNO,FINO AL TERMINE,TRA 45 E 54,NO,SI,0,4
202425,RIETI,SCUOLA SECONDARIA II GRADO,NORMALE,ANNUALE,TRA 45 E 54,NO,SI,1,7
202425,PIACENZA,SCUOLA SECONDARIA I GRADO,SOSTEGNO,FINO AL TERMINE,FINO A 34,NO,NO,4,14
202425,PIACENZA,SCUOLA SECONDARIA II GRADO,SOSTEGNO,FINO AL TERMINE,TRA 45 E 54,NO,SI,4,29
202425,MILANO,SCUOLA INFANZIA,SOSTEGNO,FINO AL TERMINE,TRA 35 E 44,NO,SI,3,111
202425,PESCARA,SCUOLA INFANZIA,NORMALE,FINO AL TERMINE,OLTRE 54,NO,NO,0,3
202425,REGGIO EMILIA,SCUOLA SECONDARIA I GRADO,SOSTEGNO,ANNUALE,TRA 45 E 54,SI,SI,1,9
202425,PIACENZA,SCUOLA PRIMARIA,SOSTEGNO,FINO AL TERMINE,OLTRE 54,NO,SI,1,14
202425,VICENZA,SCUOLA SECONDARIA II GRADO,SOSTEGNO,FINO AL TERMINE,FINO A 34,NO,NO,3,8
202425,GENOVA,SCUOLA SECONDARIA I GRADO,NORMALE,ANNUALE,TRA 35 E 44,NO,NO,0,1
202425,AGRIGENTO,SCUOLA PRIMARIA,NORMALE,FINO AL TERMINE,OLTRE 54,NO,NO,3,1
202425,FIRENZE,SCUOLA INFANZIA,NORMALE,ANNUALE,OLTRE 54,NO,SI,0,15
202425,PESARO E URBINO,SCUOLA INFANZIA,SOSTEGNO,FINO AL TERMINE,TRA 45 E 54,NO,SI,1,37
202425,SUD SARDEGNA,SCUOLA PRIMARIA,NORMALE,FINO AL TERMINE,TRA 35 E 44,NO,NO,1,11
202425,LECCO,SCUOLA SECONDARIA II GRADO,NORMALE,FINO AL TERMINE,OLTRE 54,NO,SI,3,4
202425,CALTANISSETTA,SCUOLA SECONDARIA I GRADO,NORMALE,FINO AL TERMINE,TRA 35 E 44,NO,SI,3,8
202425,BRINDISI,SCUOLA SECONDARIA I GRADO,SOSTEGNO,FINO AL TERMINE,OLTRE 54,NO,NO,0,3
202425,UDINE,SCUOLA INFANZIA,NORMALE,FINO AL TERMINE,OLTRE 54,NO,NO,0,7
202425,VICENZA,SCUOLA SECONDARIA I GRADO,SOSTEGNO,ANNUALE,TRA 35 E 44,SI,SI,6,26
202425,L'AQUILA,SCUOLA SECONDARIA I GRADO,SOSTEGNO,ANNUALE,TRA 45 E 54,SI,SI,0,3
202425,FERMO,SCUOLA SECONDARIA I GRADO,NORMALE,FINO AL TERMINE,FINO A 34,NO,NO,4,5
202425,BELLUNO,SCUOLA PRIMARIA,SOSTEGNO,FINO AL TERMINE,OLTRE 54,NO,NO,0,1
202425,IMPERIA,SCUOLA PRIMARIA,NORMALE,FINO AL TERMINE,TRA 35 E 44,NO,SI,1,5
202425,VERBANO-CUSIO-OSSOLA,SCUOLA PRIMARIA,NORMALE,FINO AL TERMINE,OLTRE 54,NO,SI,0,7
202425,LECCE,SCUOLA PRIMARIA,SOSTEGNO,FINO AL TERMINE,TRA 45 E 54,NO,NO,1,18
202425,CAMPOBASSO,SCUOLA INFANZIA,SOSTEGNO,FINO AL TERMINE,OLTRE 54,NO,SI,0,5
202425,MACERATA,SCUOLA SECONDARIA II GRADO,SOSTEGNO,FINO AL TERMINE,TRA 45 E 54,NO,NO,0,2
202425,LUCCA,SCUOLA PRIMARIA,NORMALE,FINO AL TERMINE,FINO A 34,NO,NO,12,18
202425,VITERBO,SCUOLA INFANZIA,NORMALE,FINO AL TERMINE,TRA 35 E 44,NO,SI,0,2
202425,LA SPEZIA,SCUOLA SECONDARIA II GRADO,NORMALE,FINO AL TERMINE,FINO A 34,NO,SI,3,3
202425,PERUGIA,SCUOLA INFANZIA,SOSTEGNO,ANNUALE,TRA 45 E 54,SI,SI,0,1
202425,LA SPEZIA,SCUOLA INFANZIA,NORMALE,FINO AL TERMINE,TRA 45 E 54,NO,NO,0,1
202425,CREMONA,SCUOLA SECONDARIA I GRADO,SOSTEGNO,FINO AL TERMINE,TRA 35 E 44,NO,SI,18,33
202425,SUD SARDEGNA,SCUOLA INFANZIA,NORMALE,ANNUALE,OLTRE 54,NO,SI,0,3
202425,GROSSETO,SCUOLA PRIMARIA,SOSTEGNO,ANNUALE,TRA 35 E 44,SI,SI,0,1
202425,PORDENONE,SCUOLA PRIMARIA,SOSTEGNO,ANNUALE,OLTRE 54,SI,SI,0,1
202425,COSENZA,SCUOLA PRIMARIA,SOSTEGNO,FINO AL TERMINE,TRA 45 E 54,NO,SI,7,143
202425,IMPERIA,SCUOLA SECONDARIA II GRADO,SOSTEGNO,ANNUALE,TRA 35 E 44,NO,SI,0,1
202425,ASCOLI PICENO,SCUOLA PRIMARIA,NORMALE,ANNUALE,TRA 45 E 54,NO,SI,1,7
202425,PISA,SCUOLA SECONDARIA II GRADO,SOSTEGNO,FINO AL TERMINE,TRA 35 E 44,NO,SI,21,82
202425,CASERTA,SCUOLA INFANZIA,SOSTEGNO,FINO AL TERMINE,TRA 35 E 44,NO,NO,0,15
202425,RIETI,SCUOLA SECONDARIA I GRADO,NORMALE,FINO AL TERMINE,FINO A 34,NO,SI,2,7
202425,SIRACUSA,SCUOLA PRIMARIA,SOSTEGNO,FINO AL TERMINE,TRA 45 E 54,NO,SI,6,149
202425,ALESSANDRIA,SCUOLA SECONDARIA II GRADO,SOSTEGNO,FINO AL TERMINE,OLTRE 54,NO,SI,9,18
202425,ROMA,SCUOLA SECONDARIA I GRADO,NORMALE,ANNUALE,OLTRE 54,SI,SI,0,1
202425,TREVISO,SCUOLA SECONDARIA II GRADO,SOSTEGNO,FINO AL TERMINE,FINO A 34,NO,NO,2,10
202425,PESCARA,SCUOLA SECONDARIA I GRADO,NORMALE,FINO AL TERMINE,TRA 45 E 54,NO,NO,1,11
202425,MATERA,SCUOLA PRIMARIA,SOSTEGNO,FINO AL TERMINE,FINO A 34,NO,NO,1,4
202425,PORDENONE,SCUOLA INFANZIA,NORMALE,FINO AL TERMINE,TRA 35 E 44,NO,NO,0,1
202425,CASERTA,SCUOLA SECONDARIA I GRADO,SOSTEGNO,ANNUALE,TRA 45 E 54,SI,SI,0,1
202425,REGGIO EMILIA,SCUOLA SECONDARIA II GRADO,NORMALE,ANNUALE,OLTRE 54,NO,NO,0,1
202425,ROVIGO,SCUOLA SECONDARIA II GRADO,SOSTEGNO,ANNUALE,FINO A 34,NO,SI,4,8
202425,PISA,SCUOLA PRIMARIA,SOSTEGNO,ANNUALE,TRA 45 E 54,NO,SI,0,2
202425,LUCCA,SCUOLA INFANZIA,SOSTEGNO,FINO AL TERMINE,TRA 45 E 54,NO,SI,0,39
202425,L'AQUILA,SCUOLA INFANZIA,NORMALE,FINO AL TERMINE,TRA 35 E 44,NO,NO,0,3
202425,LIVORNO,SCUOLA SECONDARIA I GRADO,SOSTEGNO,ANNUALE,TRA 35 E 44,SI,NO,0,1
202425,PESCARA,SCUOLA SECONDARIA I GRADO,SOSTEGNO,FINO AL TERMINE,TRA 35 E 44,NO,SI,10,57
202425,BOLOGNA,SCUOLA INFANZIA,NORMALE,FINO AL TERMINE,TRA 35 E 44,NO,NO,0,13
202425,ASTI,SCUOLA SECONDARIA II GRADO,NORMALE,FINO AL TERMINE,TRA 35 E 44,NO,NO,10,9
202425,TRAPANI,SCUOLA SECONDARIA I GRADO,NORMALE,ANNUALE,OLTRE 54,NO,SI,2,1
202425,SUD SARDEGNA,SCUOLA SECONDARIA II GRADO,NORMALE,FINO AL TERMINE,OLTRE 54,NO,NO,6,9
202425,NOVARA,SCUOLA SECONDARIA II GRADO,SOSTEGNO,ANNUALE,TRA 45 E 54,SI,SI,0,1
202425,AREZZO,SCUOLA INFANZIA,SOSTEGNO,ANNUALE,TRA 35 E 44,SI,SI,0,1
202425,FIRENZE,SCUOLA SECONDARIA II GRADO,NORMALE,ANNUALE,TRA 35 E 44,NO,SI,43,44
202425,FIRENZE,SCUOLA SECONDARIA II GRADO,NORMALE,FINO AL TERMINE,OLTRE 54,NO,NO,16,21
202425,VICENZA,SCUOLA PRIMARIA,SOSTEGNO,ANNUALE,OLTRE 54,NO,SI,1,33
202425,LODI,SCUOLA INFANZIA,NORMALE,FINO AL TERMINE,FINO A 34,NO,NO,0,2
202425,PAVIA,SCUOLA INFANZIA,NORMALE,ANNUALE,TRA 45 E 54,NO,SI,0,14
202425,TRIESTE,SCUOLA PRIMARIA,SOSTEGNO,ANNUALE,FINO A 34,SI,SI,0,1
202425,PISTOIA,SCUOLA SECONDARIA I GRADO,SOSTEGNO,FINO AL TERMINE,TRA 45 E 54,NO,NO,3,9
202425,PALERMO,SCUOLA SECONDARIA I GRADO,NORMALE,ANNUALE,OLTRE 54,NO,SI,4,3
202425,PISA,SCUOLA INFANZIA,NORMALE,FINO AL TERMINE,TRA 45 E 54,NO,NO,0,11
202425,LECCO,SCUOLA PRIMARIA,NORMALE,FINO AL TERMINE,OLTRE 54,NO,SI,0,5
202425,SIENA,SCUOLA PRIMARIA,SOSTEGNO,FINO AL TERMINE,FINO A 34,NO,NO,2,9
202425,SIRACUSA,SCUOLA SECONDARIA I GRADO,NORMALE,FINO AL TERMINE,TRA 35 E 44,NO,SI,2,5
202425,BARLETTA-ANDRIA-TRANI,SCUOLA SECONDARIA I GRADO,SOSTEGNO,FINO AL TERMINE,OLTRE 54,NO,NO,0,2
202425,GORIZIA,SCUOLA SECONDARIA I GRADO,NORMALE,FINO AL TERMINE,TRA 35 E 44,NO,NO,2,15
202425,RAGUSA,SCUOLA PRIMARIA,SOSTEGNO,ANNUALE,TRA 45 E 54,NO,SI,0,1
202425,LA SPEZIA,SCUOLA INFANZIA,NORMALE,FINO AL TERMINE,TRA 45 E 54,NO,SI,0,7
202425,TREVISO,SCUOLA SECONDARIA II GRADO,NORMALE,ANNUALE,FINO A 34,SI,SI,1,2
202425,POTENZA,SCUOLA SECONDARIA I GRADO,NORMALE,ANNUALE,TRA 45 E 54,NO,SI,1,2
202425,SALERNO,SCUOLA SECONDARIA I GRADO,NORMALE,ANNUALE,TRA 35 E 44,NO,SI,7,21
202425,IMPERIA,SCUOLA SECONDARIA I GRADO,NORMALE,FINO AL TERMINE,OLTRE 54,NO,NO,1,2
202425,SASSARI,SCUOLA PRIMARIA,NORMALE,FINO AL TERMINE,TRA 35 E 44,NO,NO,5,6
202425,PISA,SCUOLA SECONDARIA II GRADO,NORMALE,ANNUALE,TRA 35 E 44,NO,SI,12,17
202425,PADOVA,SCUOLA INFANZIA,NORMALE,FINO AL TERMINE,OLTRE 54,NO,NO,0,4
202425,MILANO,SCUOLA SECONDARIA I GRADO,NORMALE,ANNUALE,TRA 45 E 54,SI,SI,0,2
202425,LUCCA,SCUOLA SECONDARIA I GRADO,SOSTEGNO,FINO AL TERMINE,FINO A 34,NO,SI,6,23
202425,GENOVA,SCUOLA SECONDARIA I GRADO,SOSTEGNO,ANNUALE,OLTRE 54,SI,SI,0,5
202425,ANCONA,SCUOLA SECONDARIA I GRADO,SOSTEGNO,FINO AL TERMINE,FINO A 34,NO,SI,10,54
202425,NOVARA,SCUOLA PRIMARIA,SOSTEGNO,ANNUALE,OLTRE 54,NO,SI,0,27
202425,ASTI,SCUOLA SECONDARIA II GRADO,SOSTEGNO,FINO AL TERMINE,TRA 35 E 44,NO,SI,12,29
202425,PORDENONE,SCUOLA SECONDARIA I GRADO,NORMALE,FINO AL TERMINE,TRA 35 E 44,NO,NO,7,7
202425,PISA,SCUOLA SECONDARIA II GRADO,NORMALE,FINO AL TERMINE,OLTRE 54,NO,SI,5,6
202425,BRINDISI,SCUOLA SECONDARIA II GRADO,NORMALE,FINO AL TERMINE,FINO A 34,NO,SI,5,8
202425,PAVIA,SCUOLA INFANZIA,SOSTEGNO,FINO AL TERMINE,FINO A 34,NO,SI,2,28
202425,TRIESTE,SCUOLA SECONDARIA II GRADO,NORMALE,ANNUALE,OLTRE 54,NO,SI,6,4
202425,UDINE,SCUOLA PRIMARIA,NORMALE,ANNUALE,OLTRE 54,NO,SI,0,8
202425,ALESSANDRIA,SCUOLA INFANZIA,SOSTEGNO,FINO AL TERMINE,FINO A 34,NO,SI,1,20
202425,ROMA,SCUOLA PRIMARIA,NORMALE,FINO AL TERMINE,TRA 45 E 54,NO,NO,9,69
202425,ANCONA,SCUOLA INFANZIA,NORMALE,ANNUALE,OLTRE 54,NO,SI,0,6
202425,PESCARA,SCUOLA SECONDARIA I GRADO,NORMALE,ANNUALE,FINO A 34,NO,SI,2,1
202425,AGRIGENTO,SCUOLA PRIMARIA,SOSTEGNO,FINO AL TERMINE,TRA 45 E 54,NO,SI,1,12
202425,TRAPANI,SCUOLA SECONDARIA I GRADO,SOSTEGNO,ANNUALE,FINO A 34,SI,SI,0,2
202425,SUD SARDEGNA,SCUOLA SECONDARIA II GRADO,SOSTEGNO,FINO AL TERMINE,FINO A 34,NO,SI,7,30
202425,REGGIO CALABRIA,SCUOLA SECONDARIA I GRADO,NORMALE,FINO AL TERMINE,TRA 45 E 54,NO,NO,2,11
202425,ASCOLI PICENO,SCUOLA PRIMARIA,NORMALE,FINO AL TERMINE,OLTRE 54,NO,NO,0,3
202425,MANTOVA,SCUOLA INFANZIA,SOSTEGNO,ANNUALE,OLTRE 54,NO,SI,0,3
202425,VARESE,SCUOLA SECONDARIA I GRADO,SOSTEGNO,ANNUALE,TRA 35 E 44,SI,NO,0,2
202425,PAVIA,SCUOLA SECONDARIA I GRADO,NORMALE,FINO AL TERMINE,FINO A 34,NO,SI,10,10
202425,UDINE,SCUOLA SECONDARIA II GRADO,NORMALE,FINO AL TERMINE,TRA 45 E 54,NO,NO,11,23
202425,VITERBO,SCUOLA PRIMARIA,NORMALE,FINO AL TERMINE,TRA 35 E 44,NO,NO,4,3
202425,RAGUSA,SCUOLA SECONDARIA I GRADO,NORMALE,ANNUALE,TRA 35 E 44,NO,SI,2,7
202425,BIELLA,SCUOLA PRIMARIA,SOSTEGNO,FINO AL TERMINE,FINO A 34,NO,SI,15,55
202425,LODI,SCUOLA PRIMARIA,SOSTEGNO,FINO AL TERMINE,TRA 45 E 54,NO,SI,0,26
202425,BOLOGNA,SCUOLA INFANZIA,SOSTEGNO,FINO AL TERMINE,TRA 45 E 54,NO,SI,0,19
202425,TARANTO,SCUOLA SECONDARIA I GRADO,SOSTEGNO,FINO AL TERMINE,TRA 35 E 44,NO,NO,1,16
202425,FERRARA,SCUOLA PRIMARIA,SOSTEGNO,FINO AL TERMINE,FINO A 34,NO,SI,7,46
202425,TARANTO,SCUOLA PRIMARIA,NORMALE,ANNUALE,FINO A 34,NO,SI,3,3
202425,PALERMO,SCUOLA INFANZIA,SOSTEGNO,FINO AL TERMINE,TRA 45 E 54,NO,SI,9,329
202425,ISERNIA,SCUOLA INFANZIA,NORMALE,ANNUALE,OLTRE 54,NO,SI,0,2
202425,SALERNO,SCUOLA SECONDARIA I GRADO,NORMALE,FINO AL TERMINE,TRA 45 E 54,NO,SI,9,9
202425,CASERTA,SCUOLA INFANZIA,NORMALE,FINO AL TERMINE,OLTRE 54,NO,SI,0,2
202425,SONDRIO,SCUOLA INFANZIA,SOSTEGNO,FINO AL TERMINE,TRA 35 E 44,NO,SI,0,1
202425,VARESE,SCUOLA SECONDARIA I GRADO,SOSTEGNO,FINO AL TERMINE,TRA 45 E 54,NO,SI,18,86
202425,SIRACUSA,SCUOLA SECONDARIA I GRADO,NORMALE,ANNUALE,TRA 45 E 54,NO,SI,0,6
202425,GORIZIA,SCUOLA PRIMARIA,NORMALE,FINO AL TERMINE,TRA 45 E 54,NO,NO,0,5
202425,LATINA,SCUOLA SECONDARIA I GRADO,NORMALE,FINO AL TERMINE,OLTRE 54,NO,SI,3,5
202425,ROMA,SCUOLA SECONDARIA I GRADO,NORMALE,FINO AL TERMINE,TRA 45 E 54,NO,SI,33,48
202425,CREMONA,SCUOLA PRIMARIA,SOSTEGNO,ANNUALE,TRA 45 E 54,NO,SI,1,38
202425,TRIESTE,SCUOLA INFANZIA,SOSTEGNO,FINO AL TERMINE,TRA 45 E 54,NO,SI,0,5
202425,MATERA,SCUOLA INFANZIA,NORMALE,FINO AL TERMINE,TRA 35 E 44,NO,SI,0,1
202425,COMO,SCUOLA SECONDARIA II GRADO,NORMALE,ANNUALE,TRA 35 E 44,NO,SI,23,29
202425,REGGIO CALABRIA,SCUOLA SECONDARIA II GRADO,SOSTEGNO,FINO AL TERMINE,TRA 35 E 44,NO,NO,0,7
202425,ASTI,SCUOLA INFANZIA,SOSTEGNO,FINO AL TERMINE,TRA 45 E 54,NO,SI,0,18
202425,RAVENNA,SCUOLA PRIMARIA,NORMALE,FINO AL TERMINE,OLTRE 54,NO,NO,1,1
202425,MONZA E DELLA BRIANZA,SCUOLA PRIMARIA,SOSTEGNO,ANNUALE,TRA 35 E 44,SI,SI,1,13
202425,SASSARI,SCUOLA SECONDARIA I GRADO,SOSTEGNO,ANNUALE,TRA 35 E 44,NO,SI,0,1
202425,CUNEO,SCUOLA INFANZIA,NORMALE,FINO AL TERMINE,TRA 45 E 54,NO,SI,0,10
202425,VENEZIA,SCUOLA PRIMARIA,NORMALE,FINO AL TERMINE,FINO A 34,NO,SI,35,135
202425,COSENZA,SCUOLA SECONDARIA I GRADO,NORMALE,FINO AL TERMINE,FINO A 34,NO,NO,12,29
202425,SASSARI,SCUOLA PRIMARIA,SOSTEGNO,ANNUALE,OLTRE 54,SI,SI,0,1
202425,FIRENZE,SCUOLA SECONDARIA II GRADO,SOSTEGNO,ANNUALE,TRA 45 E 54,NO,NO,0,1
202425,MODENA,SCUOLA SECONDARIA I GRADO,NORMALE,ANNUALE,FINO A 34,SI,SI,0,2
202425,FOGGIA,SCUOLA SECONDARIA II GRADO,NORMALE,ANNUALE,TRA 35 E 44,NO,NO,1,10
202425,ANCONA,SCUOLA SECONDARIA I GRADO,NORMALE,ANNUALE,TRA 45 E 54,NO,SI,1,4
202425,MATERA,SCUOLA SECONDARIA I GRADO,NORMALE,ANNUALE,TRA 45 E 54,NO,SI,0,5
202425,VERCELLI,SCUOLA PRIMARIA,NORMALE,FINO AL TERMINE,OLTRE 54,NO,NO,0,3
202425,COMO,SCUOLA SECONDARIA II GRADO,NORMALE,FINO AL TERMINE,TRA 35 E 44,NO,SI,8,12
202425,CALTANISSETTA,SCUOLA SECONDARIA II GRADO,SOSTEGNO,FINO AL TERMINE,OLTRE 54,NO,SI,1,2
202425,TERNI,SCUOLA SECONDARIA I GRADO,NORMALE,FINO AL TERMINE,TRA 45 E 54,NO,SI,1,3
202425,LA SPEZIA,SCUOLA SECONDARIA II GRADO,NORMALE,ANNUALE,FINO A 34,NO,SI,20,20
202425,NUORO,SCUOLA SECONDARIA II GRADO,SOSTEGNO,FINO AL TERMINE,OLTRE 54,NO,SI,4,7
202425,PERUGIA,SCUOLA INFANZIA,SOSTEGNO,FINO AL TERMINE,OLTRE 54,NO,NO,0,4
202425,FERRARA,SCUOLA SECONDARIA I GRADO,SOSTEGNO,FINO AL TERMINE,TRA 35 E 44,NO,NO,5,9
202425,VERBANO-CUSIO-OSSOLA,SCUOLA SECONDARIA I GRADO,SOSTEGNO,ANNUALE,TRA 45 E 54,SI,SI,1,2
202425,NAPOLI,SCUOLA PRIMARIA,SOSTEGNO,FINO AL TERMINE,TRA 35 E 44,NO,SI,18,853
202425,NAPOLI,SCUOLA SECONDARIA II GRADO,NORMALE,FINO AL TERMINE,TRA 35 E 44,NO,SI,66,169
202425,VENEZIA,SCUOLA SECONDARIA II GRADO,NORMALE,FINO AL TERMINE,TRA 45 E 54,NO,NO,21,39
202425,SALERNO,SCUOLA SECONDARIA I GRADO,SOSTEGNO,FINO AL TERMINE,OLTRE 54,NO,SI,5,11
202425,PADOVA,SCUOLA PRIMARIA,NORMALE,ANNUALE,OLTRE 54,NO,SI,0,2
202425,NUORO,SCUOLA PRIMARIA,NORMALE,FINO AL TERMINE,OLTRE 54,NO,SI,1,2
202425,VARESE,SCUOLA SECONDARIA I GRADO,NORMALE,FINO AL TERMINE,OLTRE 54,NO,SI,0,5
202425,FOGGIA,SCUOLA SECONDARIA II GRADO,NORMALE,ANNUALE,FINO A 34,NO,NO,4,7
202425,PAVIA,SCUOLA SECONDARIA I GRADO,NORMALE,ANNUALE,FINO A 34,NO,SI,22,40
202425,L'AQUILA,SCUOLA PRIMARIA,NORMALE,FINO AL TERMINE,TRA 45 E 54,NO,NO,1,15
202425,GENOVA,SCUOLA INFANZIA,SOSTEGNO,FINO AL TERMINE,OLTRE 54,NO,SI,0,41
202425,NOVARA,SCUOLA PRIMARIA,SOSTEGNO,FINO AL TERMINE,TRA 45 E 54,NO,NO,0,3
202425,FORLI'-CESENA,SCUOLA PRIMARIA,SOSTEGNO,ANNUALE,FINO A 34,SI,SI,0,12
202425,BOLOGNA,SCUOLA PRIMARIA,SOSTEGNO,FINO AL TERMINE,FINO A 34,NO,NO,4,54
202425,VERCELLI,SCUOLA PRIMARIA,SOSTEGNO,ANNUALE,TRA 35 E 44,NO,SI,0,18
202425,MONZA E DELLA BRIANZA,SCUOLA SECONDARIA II GRADO,NORMALE,FINO AL TERMINE,OLTRE 54,NO,SI,7,5
202425,CASERTA,SCUOLA SECONDARIA I GRADO,NORMALE,FINO AL TERMINE,TRA 45 E 54,NO,SI,10,14
202425,CATANIA,SCUOLA INFANZIA,NORMALE,FINO AL TERMINE,OLTRE 54,NO,SI,0,18
202425,AREZZO,SCUOLA SECONDARIA II GRADO,NORMALE,ANNUALE,FINO A 34,NO,NO,0,2
202425,MASSA-CARRARA,SCUOLA SECONDARIA I GRADO,NORMALE,ANNUALE,TRA 35 E 44,NO,SI,2,4
202425,RAVENNA,SCUOLA INFANZIA,NORMALE,FINO AL TERMINE,TRA 45 E 54,NO,NO,0,2
202425,MONZA E DELLA BRIANZA,SCUOLA INFANZIA,SOSTEGNO,FINO AL TERMINE,TRA 35 E 44,NO,NO,1,11
202425,MODENA,SCUOLA INFANZIA,NORMALE,ANNUALE,FINO A 34,NO,SI,1,2
202425,VICENZA,SCUOLA SECONDARIA II GRADO,NORMALE,ANNUALE,OLTRE 54,NO,SI,14,9
202425,CROTONE,SCUOLA SECONDARIA II GRADO,NORMALE,FINO AL TERMINE,TRA 35 E 44,NO,SI,2,6
202425,BARI,SCUOLA SECONDARIA I GRADO,SOSTEGNO,FINO AL TERMINE,TRA 45 E 54,NO,NO,2,22
202425,ASTI,SCUOLA PRIMARIA,SOSTEGNO,FINO AL TERMINE,TRA 35 E 44,NO,NO,0,3
202425,RAVENNA,SCUOLA INFANZIA,SOSTEGNO,FINO AL TERMINE,TRA 35 E 44,NO,NO,0,13
202425,RIETI,SCUOLA INFANZIA,NORMALE,FINO AL TERMINE,TRA 45 E 54,NO,SI,0,8
202425,SIENA,SCUOLA INFANZIA,SOSTEGNO,FINO AL TERMINE,OLTRE 54,NO,SI,0,16
202425,BRESCIA,SCUOLA INFANZIA,SOSTEGNO,FINO AL TERMINE,FINO A 34,NO,SI,2,34
202425,PERUGIA,SCUOLA SECONDARIA I GRADO,NORMALE,ANNUALE,TRA 45 E 54,NO,SI,3,8
202425,PESCARA,SCUOLA PRIMARIA,NORMALE,ANNUALE,TRA 35 E 44,NO,NO,1,1
202425,LATINA,SCUOLA SECONDARIA II GRADO,NORMALE,FINO AL TERMINE,FINO A 34,NO,NO,25,28
202425,GROSSETO,SCUOLA SECONDARIA I GRADO,SOSTEGNO,FINO AL TERMINE,OLTRE 54,NO,SI,5,10
202425,PISTOIA,SCUOLA INFANZIA,SOSTEGNO,FINO AL TERMINE,OLTRE 54,NO,NO,0,1
202425,ANCONA,SCUOLA SECONDARIA I GRADO,SOSTEGNO,FINO AL TERMINE,TRA 35 E 44,NO,NO,4,18
202425,SIENA,SCUOLA SECONDARIA II GRADO,NORMALE,ANNUALE,OLTRE 54,NO,SI,6,3
202425,MODENA,SCUOLA INFANZIA,NORMALE,FINO AL TERMINE,TRA 45 E 54,NO,NO,0,12
202425,BERGAMO,SCUOLA SECONDARIA II GRADO,SOSTEGNO,FINO AL TERMINE,TRA 35 E 44,NO,SI,15,58
202425,PESCARA,SCUOLA SECONDARIA II GRADO,NORMALE,ANNUALE,TRA 45 E 54,NO,SI,2,5
202425,AGRIGENTO,SCUOLA SECONDARIA II GRADO,NORMALE,ANNUALE,TRA 35 E 44,NO,SI,14,21
202425,BELLUNO,SCUOLA SECONDARIA I GRADO,NORMALE,ANNUALE,TRA 45 E 54,NO,NO,0,1
202425,REGGIO CALABRIA,SCUOLA SECONDARIA II GRADO,SOSTEGNO,FINO AL TERMINE,FINO A 34,NO,SI,2,28
202425,ORISTANO,SCUOLA SECONDARIA II GRADO,SOSTEGNO,FINO AL TERMINE,OLTRE 54,NO,SI,3,14
202425,L'AQUILA,SCUOLA PRIMARIA,NORMALE,FINO AL TERMINE,FINO A 34,NO,NO,6,12
202425,GENOVA,SCUOLA INFANZIA,SOSTEGNO,ANNUALE,TRA 35 E 44,SI,SI,0,1
202425,BIELLA,SCUOLA SECONDARIA I GRADO,SOSTEGNO,FINO AL TERMINE,TRA 35 E 44,NO,NO,2,3
202425,LIVORNO,SCUOLA SECONDARIA II GRADO,NORMALE,ANNUALE,TRA 35 E 44,NO,SI,16,26
202425,LECCO,SCUOLA PRIMARIA,SOSTEGNO,FINO AL TERMINE,TRA 35 E 44,NO,SI,4,47
202425,CATANIA,SCUOLA INFANZIA,SOSTEGNO,FINO AL TERMINE,TRA 45 E 54,NO,SI,3,284
202425,LECCE,SCUOLA SECONDARIA I GRADO,SOSTEGNO,FINO AL TERMINE,TRA 35 E 44,NO,NO,0,15
202425,VARESE,SCUOLA SECONDARIA I GRADO,SOSTEGNO,FINO AL TERMINE,OLTRE 54,NO,NO,0,6
202425,NUORO,SCUOLA INFANZIA,SOSTEGNO,FINO AL TERMINE,TRA 45 E 54,NO,SI,0,15
202425,AREZZO,SCUOLA INFANZIA,NORMALE,FINO AL TERMINE,TRA 35 E 44,NO,NO,0,5
202425,GENOVA,SCUOLA SECONDARIA II GRADO,NORMALE,FINO AL TERMINE,FINO A 34,NO,NO,33,40
202425,UDINE,SCUOLA INFANZIA,SOSTEGNO,FINO AL TERMINE,TRA 35 E 44,NO,NO,0,10
