ANNOSCOLASTICO,PROVINCIA,ORDINESCUOLA,TIPOPOSTO,FASCIAETA,DOCENTITITOLARIMASCHI,DOCENTITITOLARIFEMMINE
202425,ASTI,SCUOLA SECONDARIA II GRADO,SOSTEGNO,TRA 35 E 44,13,26
202425,RIMINI,SCUOLA INFANZIA,NORMALE,FINO A 34,0,5
202425,CALTANISSETTA,SCUOLA SECONDARIA II GRADO,NORMALE,OLTRE 54,261,402
202425,PADOVA,SCUOLA PRIMARIA,NORMALE,FINO A 34,19,242
202425,LODI,SCUOLA INFANZIA,SOSTEGNO,TRA 35 E 44,0,11
202425,BRESCIA,SCUOLA SECONDARIA I GRADO,SOSTEGNO,OLTRE 54,21,48
202425,PORDENONE,SCUOLA SECONDARIA II GRADO,SOSTEGNO,OLTRE 54,5,21
202425,RIMINI,SCUOLA PRIMARIA,SOSTEGNO,FINO A 34,1,19
202425,TERNI,SCUOLA SECONDARIA I GRADO,SOSTEGNO,FINO A 34,1,7
202425,SAVONA,SCUOLA INFANZIA,SOSTEGNO,TRA 45 E 54,0,19
202425,BELLUNO,SCUOLA SECONDARIA II GRADO,NORMALE,TRA 45 E 54,85,139
202425,BARI,SCUOLA INFANZIA,SOSTEGNO,FINO A 34,0,11
202425,CHIETI,SCUOLA PRIMARIA,SOSTEGNO,TRA 35 E 44,3,117
202425,TERAMO,SCUOLA PRIMARIA,SOSTEGNO,OLTRE 54,0,44
202425,PARMA,SCUOLA SECONDARIA II GRADO,SOSTEGNO,FINO A 34,3,21
202425,COSENZA,SCUOLA INFANZIA,NORMALE,OLTRE 54,3,839
202425,FERMO,SCUOLA PRIMARIA,NORMALE,TRA 45 E 54,5,188
202425,SAVONA,SCUOLA SECONDARIA I GRADO,NORMALE,OLTRE 54,39,153
202425,PRATO,SCUOLA INFANZIA,NORMALE,OLTRE 54,1,154
202425,TORINO,SCUOLA SECONDARIA II GRADO,NORMALE,TRA 35 E 44,578,843
202425,MODENA,SCUOLA PRIMARIA,SOSTEGNO,TRA 45 E 54,6,93
202425,FORLI'-CESENA,SCUOLA INFANZIA,NORMALE,FINO A 34,0,19
202425,REGGIO CALABRIA,SCUOLA PRIMARIA,SOSTEGNO,TRA 35 E 44,4,58
202425,TRAPANI,SCUOLA SECONDARIA I GRADO,NORMALE,FINO A 34,30,32
202425,PERUGIA,SCUOLA SECONDARIA I GRADO,NORMALE,FINO A 34,19,34
202425,PORDENONE,SCUOLA SECONDARIA II GRADO,NORMALE,TRA 35 E 44,64,93
202425,GROSSETO,SCUOLA SECONDARIA I GRADO,NORMALE,FINO A 34,8,17
202425,PISA,SCUOLA INFANZIA,SOSTEGNO,FINO A 34,0,11
202425,BERGAMO,SCUOLA SECONDARIA I GRADO,NORMALE,TRA 35 E 44,142,361
202425,PAVIA,SCUOLA INFANZIA,SOSTEGNO,TRA 45 E 54,0,9
202425,SONDRIO,SCUOLA INFANZIA,NORMALE,FINO A 34,0,8
202425,GORIZIA,SCUOLA SECONDARIA II GRADO,NORMALE,TRA 45 E 54,55,101
202425,ASTI,SCUOLA PRIMARIA,SOSTEGNO,TRA 45 E 54,0,23
202425,PARMA,SCUOLA SECONDARIA I GRADO,NORMALE,TRA 45 E 54,47,244
202425,MATERA,SCUOLA SECONDARIA II GRADO,NORMALE,TRA 35 E 44,55,77
202425,RIETI,SCUOLA SECONDARIA II GRADO,NORMALE,OLTRE 54,127,229
202425,LA SPEZIA,SCUOLA INFANZIA,SOSTEGNO,TRA 35 E 44,0,8
202425,PISTOIA,SCUOLA SECONDARIA I GRADO,NORMALE,FINO A 34,18,36
202425,NAPOLI,SCUOLA SECONDARIA I GRADO,NORMALE,TRA 35 E 44,401,1244
202425,REGGIO EMILIA,SCUOLA SECONDARIA II GRADO,SOSTEGNO,TRA 35 E 44,29,64
202425,PAVIA,SCUOLA SECONDARIA II GRADO,NORMALE,TRA 45 E 54,143,317
202425,FORLI'-CESENA,SCUOLA SECONDARIA II GRADO,NORMALE,OLTRE 54,186,426
202425,BARLETTA-ANDRIA-TRANI,SCUOLA PRIMARIA,NORMALE,TRA 35 E 44,5,114
202425,NOVARA,SCUOLA SECONDARIA I GRADO,SOSTEGNO,TRA 45 E 54,9,16
202425,ENNA,SCUOLA SECONDARIA I GRADO,SOSTEGNO,TRA 45 E 54,10,20
202425,VERBANO-CUSIO-OSSOLA,SCUOLA INFANZIA,NORMALE,TRA 35 E 44,0,20
202425,BOLOGNA,SCUOLA SECONDARIA II GRADO,NORMALE,TRA 35 E 44,248,372
202425,MODENA,SCUOLA PRIMARIA,SOSTEGNO,FINO A 34,2,71
202425,PESCARA,SCUOLA SECONDARIA I GRADO,NORMALE,OLTRE 54,61,241
202425,TERNI,SCUOLA PRIMARIA,NORMALE,OLTRE 54,7,344
202425,BERGAMO,SCUOLA PRIMARIA,NORMALE,OLTRE 54,46,1416
202425,SIRACUSA,SCUOLA SECONDARIA I GRADO,NORMALE,TRA 35 E 44,45,122
202425,ALESSANDRIA,SCUOLA SECONDARIA II GRADO,SOSTEGNO,TRA 35 E 44,15,24
202425,PORDENONE,SCUOLA PRIMARIA,NORMALE,TRA 35 E 44,4,214
202425,COSENZA,SCUOLA PRIMARIA,SOSTEGNO,TRA 45 E 54,14,175
202425,MASSA-CARRARA,SCUOLA SECONDARIA II GRADO,NORMALE,TRA 45 E 54,79,165
202425,GORIZIA,SCUOLA SECONDARIA I GRADO,SOSTEGNO,FINO A 34,2,8
202425,CAMPOBASSO,SCUOLA INFANZIA,NORMALE,TRA 35 E 44,1,44
202425,PARMA,SCUOLA INFANZIA,NORMALE,OLTRE 54,0,148
202425,VITERBO,SCUOLA PRIMARIA,NORMALE,TRA 45 E 54,4,356
202425,ROVIGO,SCUOLA SECONDARIA II GRADO,NORMALE,TRA 45 E 54,81,147
202425,BIELLA,SCUOLA PRIMARIA,SOSTEGNO,OLTRE 54,1,7
202425,LECCE,SCUOLA INFANZIA,SOSTEGNO,TRA 35 E 44,0,40
202425,FERMO,SCUOLA INFANZIA,NORMALE,FINO A 34,0,14
202425,NAPOLI,SCUOLA INFANZIA,NORMALE,TRA 45 E 54,17,2096
202425,ORISTANO,SCUOLA SECONDARIA I GRADO,SOSTEGNO,FINO A 34,3,6
202425,PRATO,SCUOLA INFANZIA,NORMALE,TRA 45 E 54,0,136
202425,ENNA,SCUOLA PRIMARIA,SOSTEGNO,FINO A 34,0,1
202425,VERCELLI,SCUOLA SECONDARIA I GRADO,NORMALE,OLTRE 54,17,94
202425,UDINE,SCUOLA PRIMARIA,SOSTEGNO,TRA 45 E 54,6,105
202425,REGGIO CALABRIA,SCUOLA INFANZIA,NORMALE,FINO A 34,0,3
202425,LA SPEZIA,SCUOLA SECONDARIA II GRADO,SOSTEGNO,TRA 35 E 44,3,16
202425,SASSARI,SCUOLA INFANZIA,SOSTEGNO,OLTRE 54,0,18
202425,GENOVA,SCUOLA PRIMARIA,NORMALE,OLTRE 54,29,1026
202425,PESARO E URBINO,SCUOLA SECONDARIA I GRADO,SOSTEGNO,OLTRE 54,14,43
202425,PISA,SCUOLA INFANZIA,NORMALE,OLTRE 54,1,220
202425,ISERNIA,SCUOLA INFANZIA,NORMALE,TRA 35 E 44,0,14
202425,RIETI,SCUOLA INFANZIA,SOSTEGNO,TRA 45 E 54,2,10
202425,FOGGIA,SCUOLA SECONDARIA I GRADO,SOSTEGNO,FINO A 34,8,31
202425,PADOVA,SCUOLA PRIMARIA,SOSTEGNO,OLTRE 54,3,46
202425,MACERATA,SCUOLA INFANZIA,NORMALE,TRA 45 E 54,1,187
202425,TERAMO,SCUOLA SECONDARIA I GRADO,SOSTEGNO,FINO A 34,2,7
202425,CATANIA,SCUOLA INFANZIA,NORMALE,TRA 45 E 54,13,576
202425,REGGIO EMILIA,SCUOLA SECONDARIA II GRADO,SOSTEGNO,FINO A 34,16,38
202425,GORIZIA,SCUOLA INFANZIA,SOSTEGNO,FINO A 34,0,1
202425,SASSARI,SCUOLA SECONDARIA II GRADO,NORMALE,TRA 35 E 44,128,160
202425,BRINDISI,SCUOLA SECONDARIA I GRADO,NORMALE,TRA 35 E 44,51,109
202425,BRESCIA,SCUOLA SECONDARIA I GRADO,SOSTEGNO,FINO A 34,26,37
202425,VICENZA,SCUOLA PRIMARIA,SOSTEGNO,TRA 35 E 44,5,148
202425,L'AQUILA,SCUOLA SECONDARIA II GRADO,SOSTEGNO,FINO A 34,2,6
202425,SIRACUSA,SCUOLA PRIMARIA,NORMALE,OLTRE 54,17,766
202425,SALERNO,SCUOLA SECONDARIA II GRADO,NORMALE,FINO A 34,69,73
202425,ASTI,SCUOLA SECONDARIA II GRADO,SOSTEGNO,FINO A 34,2,15
202425,MONZA E DELLA BRIANZA,SCUOLA SECONDARIA II GRADO,NORMALE,TRA 35 E 44,182,297
202425,FERRARA,SCUOLA PRIMARIA,SOSTEGNO,OLTRE 54,1,31
202425,TREVISO,SCUOLA SECONDARIA II GRADO,SOSTEGNO,OLTRE 54,9,54
202425,BRESCIA,SCUOLA SECONDARIA I GRADO,SOSTEGNO,TRA 45 E 54,20,72
202425,LA SPEZIA,SCUOLA PRIMARIA,NORMALE,TRA 35 E 44,4,93
202425,LODI,SCUOLA PRIMARIA,SOSTEGNO,TRA 35 E 44,1,20
202425,FIRENZE,SCUOLA SECONDARIA I GRADO,NORMALE,TRA 45 E 54,154,599
202425,CALTANISSETTA,SCUOLA INFANZIA,SOSTEGNO,OLTRE 54,1,24
202425,ANCONA,SCUOLA SECONDARIA II GRADO,NORMALE,TRA 45 E 54,226,426
202425,TORINO,SCUOLA INFANZIA,NORMALE,TRA 45 E 54,5,952
202425,VIBO VALENTIA,SCUOLA INFANZIA,NORMALE,OLTRE 54,1,174
202425,ASTI,SCUOLA SECONDARIA II GRADO,SOSTEGNO,TRA 45 E 54,4,15
202425,SONDRIO,SCUOLA PRIMARIA,NORMALE,TRA 35 E 44,5,122
202425,CROTONE,SCUOLA PRIMARIA,NORMALE,FINO A 34,3,2
202425,SAVONA,SCUOLA INFANZIA,SOSTEGNO,TRA 35 E 44,0,9
202425,BOLOGNA,SCUOLA SECONDARIA II GRADO,SOSTEGNO,TRA 45 E 54,44,128
202425,TORINO,SCUOLA SECONDARIA I GRADO,SOSTEGNO,FINO A 34,56,133
202425,RAVENNA,SCUOLA SECONDARIA II GRADO,SOSTEGNO,OLTRE 54,7,38
202425,TREVISO,SCUOLA SECONDARIA I GRADO,NORMALE,FINO A 34,41,97
202425,PISA,SCUOLA INFANZIA,NORMALE,TRA 45 E 54,0,260
202425,PISA,SCUOLA SECONDARIA II GRADO,NORMALE,TRA 35 E 44,103,167
202425,PERUGIA,SCUOLA PRIMARIA,SOSTEGNO,OLTRE 54,1,59
202425,SALERNO,SCUOLA PRIMARIA,SOSTEGNO,OLTRE 54,17,275
202425,FOGGIA,SCUOLA PRIMARIA,SOSTEGNO,TRA 35 E 44,13,208
202425,NUORO,SCUOLA INFANZIA,NORMALE,OLTRE 54,1,212
202425,PARMA,SCUOLA PRIMARIA,SOSTEGNO,TRA 35 E 44,1,61
202425,ANCONA,SCUOLA SECONDARIA I GRADO,NORMALE,TRA 45 E 54,64,290
202425,BIELLA,SCUOLA INFANZIA,NORMALE,FINO A 34,0,8
202425,RAVENNA,SCUOLA SECONDARIA II GRADO,SOSTEGNO,TRA 35 E 44,19,57
202425,GROSSETO,SCUOLA SECONDARIA II GRADO,NORMALE,OLTRE 54,115,243
202425,FOGGIA,SCUOLA SECONDARIA II GRADO,NORMALE,FINO A 34,64,52
202425,ASTI,SCUOLA SECONDARIA I GRADO,SOSTEGNO,TRA 35 E 44,5,10
202425,SASSARI,SCUOLA SECONDARIA I GRADO,SOSTEGNO,FINO A 34,1,7
202425,BOLOGNA,SCUOLA PRIMARIA,SOSTEGNO,TRA 45 E 54,12,148
202425,FERRARA,SCUOLA SECONDARIA II GRADO,SOSTEGNO,OLTRE 54,8,47
202425,BELLUNO,SCUOLA PRIMARIA,NORMALE,TRA 35 E 44,9,85
202425,ENNA,SCUOLA SECONDARIA I GRADO,NORMALE,FINO A 34,16,18
202425,CATANZARO,SCUOLA SECONDARIA II GRADO,NORMALE,TRA 35 E 44,94,157
202425,MILANO,SCUOLA PRIMARIA,SOSTEGNO,TRA 35 E 44,28,333
202425,SASSARI,SCUOLA SECONDARIA II GRADO,SOSTEGNO,OLTRE 54,40,65
202425,MILANO,SCUOLA SECONDARIA I GRADO,SOSTEGNO,FINO A 34,108,277
202425,CATANIA,SCUOLA INFANZIA,SOSTEGNO,TRA 35 E 44,1,46
202425,PIACENZA,SCUOLA SECONDARIA I GRADO,SOSTEGNO,OLTRE 54,5,8
202425,TRIESTE,SCUOLA SECONDARIA I GRADO,SOSTEGNO,OLTRE 54,6,14
202425,FROSINONE,SCUOLA SECONDARIA I GRADO,SOSTEGNO,FINO A 34,1,23
202425,TORINO,SCUOLA SECONDARIA II GRADO,SOSTEGNO,OLTRE 54,72,181
202425,TERNI,SCUOLA PRIMARIA,NORMALE,TRA 45 E 54,10,252
202425,PAVIA,SCUOLA SECONDARIA I GRADO,NORMALE,OLTRE 54,55,269
202425,PORDENONE,SCUOLA PRIMARIA,NORMALE,FINO A 34,5,77
202425,LIVORNO,SCUOLA PRIMARIA,NORMALE,OLTRE 54,8,445
202425,NOVARA,SCUOLA INFANZIA,SOSTEGNO,OLTRE 54,0,10
202425,PARMA,SCUOLA SECONDARIA I GRADO,SOSTEGNO,TRA 35 E 44,10,57
202425,COMO,SCUOLA SECONDARIA II GRADO,NORMALE,TRA 45 E 54,127,300
202425,ENNA,SCUOLA INFANZIA,SOSTEGNO,OLTRE 54,0,7
202425,TORINO,SCUOLA PRIMARIA,NORMALE,FINO A 34,30,564
202425,MANTOVA,SCUOLA SECONDARIA I GRADO,SOSTEGNO,FINO A 34,13,25
202425,MESSINA,SCUOLA INFANZIA,NORMALE,FINO A 34,0,3
202425,RIMINI,SCUOLA INFANZIA,NORMALE,TRA 45 E 54,1,131
202425,PRATO,SCUOLA INFANZIA,SOSTEGNO,OLTRE 54,0,3
202425,PESCARA,SCUOLA INFANZIA,SOSTEGNO,TRA 45 E 54,1,25
202425,PADOVA,SCUOLA PRIMARIA,SOSTEGNO,TRA 45 E 54,6,80
202425,CASERTA,SCUOLA INFANZIA,NORMALE,TRA 45 E 54,5,612
202425,BOLOGNA,SCUOLA PRIMARIA,NORMALE,FINO A 34,31,265
202425,TRIESTE,SCUOLA INFANZIA,SOSTEGNO,TRA 45 E 54,0,1
202425,AREZZO,SCUOLA PRIMARIA,SOSTEGNO,OLTRE 54,0,40
202425,CASERTA,SCUOLA SECONDARIA II GRADO,NORMALE,OLTRE 54,782,1597
202425,LECCO,SCUOLA SECONDARIA II GRADO,SOSTEGNO,FINO A 34,2,14
202425,COSENZA,SCUOLA SECONDARIA I GRADO,SOSTEGNO,TRA 35 E 44,10,38
202425,ORISTANO,SCUOLA INFANZIA,SOSTEGNO,OLTRE 54,0,5
202425,MACERATA,SCUOLA SECONDARIA I GRADO,SOSTEGNO,TRA 35 E 44,8,35
202425,GORIZIA,SCUOLA INFANZIA,NORMALE,OLTRE 54,2,76
202425,PESCARA,SCUOLA PRIMARIA,SOSTEGNO,TRA 35 E 44,1,64
202425,SAVONA,SCUOLA PRIMARIA,NORMALE,OLTRE 54,9,341
202425,BRESCIA,SCUOLA SECONDARIA I GRADO,NORMALE,OLTRE 54,175,747
202425,RAVENNA,SCUOLA INFANZIA,SOSTEGNO,OLTRE 54,0,5
202425,LIVORNO,SCUOLA PRIMARIA,NORMALE,TRA 35 E 44,9,150
202425,PALERMO,SCUOLA SECONDARIA II GRADO,NORMALE,FINO A 34,68,56
202425,ENNA,SCUOLA PRIMARIA,SOSTEGNO,OLTRE 54,3,82
202425,LA SPEZIA,SCUOLA PRIMARIA,SOSTEGNO,TRA 35 E 44,1,41
202425,ROVIGO,SCUOLA SECONDARIA I GRADO,NORMALE,FINO A 34,11,25
202425,TORINO,SCUOLA SECONDARIA II GRADO,SOSTEGNO,TRA 45 E 54,76,212
202425,BRINDISI,SCUOLA INFANZIA,SOSTEGNO,TRA 45 E 54,0,40
202425,MONZA E DELLA BRIANZA,SCUOLA SECONDARIA II GRADO,NORMALE,FINO A 34,84,100
202425,VIBO VALENTIA,SCUOLA SECONDARIA II GRADO,NORMALE,FINO A 34,16,15
202425,TERAMO,SCUOLA INFANZIA,SOSTEGNO,OLTRE 54,0,12
202425,ROMA,SCUOLA PRIMARIA,NORMALE,OLTRE 54,181,6393
202425,PESARO E URBINO,SCUOLA SECONDARIA II GRADO,SOSTEGNO,TRA 45 E 54,23,54
202425,ALESSANDRIA,SCUOLA SECONDARIA I GRADO,SOSTEGNO,TRA 35 E 44,7,21
202425,PIACENZA,SCUOLA PRIMARIA,NORMALE,OLTRE 54,7,388
202425,MASSA-CARRARA,SCUOLA SECONDARIA I GRADO,NORMALE,OLTRE 54,40,136
202425,CALTANISSETTA,SCUOLA SECONDARIA II GRADO,NORMALE,FINO A 34,29,18
202425,FIRENZE,SCUOLA INFANZIA,SOSTEGNO,FINO A 34,0,11
202425,VERBANO-CUSIO-OSSOLA,SCUOLA INFANZIA,SOSTEGNO,TRA 45 E 54,0,1
202425,BERGAMO,SCUOLA SECONDARIA II GRADO,SOSTEGNO,TRA 45 E 54,30,87
202425,SONDRIO,SCUOLA PRIMARIA,NORMALE,FINO A 34,1,79
202425,ORISTANO,SCUOLA SECONDARIA I GRADO,NORMALE,TRA 45 E 54,53,106
202425,CROTONE,SCUOLA INFANZIA,SOSTEGNO,OLTRE 54,1,20
202425,FERMO,SCUOLA SECONDARIA II GRADO,SOSTEGNO,OLTRE 54,11,17
202425,MATERA,SCUOLA SECONDARIA II GRADO,SOSTEGNO,OLTRE 54,21,48
202425,BENEVENTO,SCUOLA SECONDARIA I GRADO,NORMALE,FINO A 34,11,15
202425,IMPERIA,SCUOLA PRIMARIA,NORMALE,FINO A 34,2,32
202425,MANTOVA,SCUOLA PRIMARIA,SOSTEGNO,TRA 35 E 44,4,57
202425,BRESCIA,SCUOLA INFANZIA,NORMALE,OLTRE 54,3,465
202425,FOGGIA,SCUOLA PRIMARIA,NORMALE,FINO A 34,7,25
202425,CAGLIARI,SCUOLA INFANZIA,NORMALE,TRA 45 E 54,1,156
202425,VERCELLI,SCUOLA SECONDARIA II GRADO,SOSTEGNO,TRA 35 E 44,12,27
202425,SUD SARDEGNA,SCUOLA SECONDARIA I GRADO,NORMALE,TRA 45 E 54,82,192
202425,L'AQUILA,SCUOLA INFANZIA,SOSTEGNO,FINO A 34,0,12
202425,BENEVENTO,SCUOLA SECONDARIA II GRADO,SOSTEGNO,TRA 35 E 44,6,17
202425,ROVIGO,SCUOLA PRIMARIA,NORMALE,FINO A 34,2,11
202425,ALESSANDRIA,SCUOLA INFANZIA,SOSTEGNO,TRA 45 E 54,0,11
202425,CUNEO,SCUOLA SECONDARIA I GRADO,NORMALE,TRA 35 E 44,59,216
202425,VENEZIA,SCUOLA SECONDARIA II GRADO,NORMALE,FINO A 34,96,103
202425,SALERNO,SCUOLA PRIMARIA,SOSTEGNO,TRA 45 E 54,25,347
202425,CHIETI,SCUOLA INFANZIA,SOSTEGNO,FINO A 34,0,9
202425,TREVISO,SCUOLA INFANZIA,SOSTEGNO,OLTRE 54,0,7
202425,FIRENZE,SCUOLA SECONDARIA II GRADO,NORMALE,TRA 35 E 44,291,379
202425,AREZZO,SCUOLA INFANZIA,NORMALE,OLTRE 54,2,180
202425,VERONA,SCUOLA PRIMARIA,NORMALE,FINO A 34,24,193
202425,PESCARA,SCUOLA PRIMARIA,SOSTEGNO,FINO A 34,0,13
202425,NOVARA,SCUOLA PRIMARIA,SOSTEGNO,TRA 45 E 54,3,47
202425,VICENZA,SCUOLA INFANZIA,SOSTEGNO,TRA 35 E 44,0,46
202425,CHIETI,SCUOLA SECONDARIA I GRADO,NORMALE,TRA 45 E 54,72,254
202425,ORISTANO,SCUOLA INFANZIA,NORMALE,TRA 45 E 54,0,84
202425,ASTI,SCUOLA SECONDARIA I GRADO,SOSTEGNO,FINO A 34,3,7
202425,LUCCA,SCUOLA INFANZIA,NORMALE,TRA 45 E 54,2,226
202425,TREVISO,SCUOLA SECONDARIA II GRADO,NORMALE,TRA 35 E 44,220,287
202425,TORINO,SCUOLA SECONDARIA II GRADO,SOSTEGNO,TRA 35 E 44,79,224
202425,RIETI,SCUOLA INFANZIA,SOSTEGNO,TRA 35 E 44,0,4
202425,UDINE,SCUOLA SECONDARIA I GRADO,SOSTEGNO,TRA 45 E 54,9,46
202425,ORISTANO,SCUOLA PRIMARIA,SOSTEGNO,FINO A 34,0,1
202425,PORDENONE,SCUOLA SECONDARIA II GRADO,SOSTEGNO,TRA 35 E 44,5,33
202425,PISA,SCUOLA PRIMARIA,NORMALE,FINO A 34,8,50
202425,MODENA,SCUOLA INFANZIA,SOSTEGNO,TRA 35 E 44,0,26
202425,BARI,SCUOLA SECONDARIA II GRADO,SOSTEGNO,OLTRE 54,102,308
202425,ANCONA,SCUOLA SECONDARIA I GRADO,SOSTEGNO,TRA 35 E 44,19,75
202425,CALTANISSETTA,SCUOLA SECONDARIA I GRADO,NORMALE,TRA 35 E 44,43,90
202425,TORINO,SCUOLA PRIMARIA,NORMALE,TRA 45 E 54,157,2659
202425,CHIETI,SCUOLA INFANZIA,NORMALE,OLTRE 54,1,319
202425,ASTI,SCUOLA INFANZIA,SOSTEGNO,TRA 35 E 44,0,12
202425,FOGGIA,SCUOLA INFANZIA,SOSTEGNO,OLTRE 54,0,54
202425,COMO,SCUOLA INFANZIA,SOSTEGNO,TRA 35 E 44,0,19
202425,SIENA,SCUOLA SECONDARIA II GRADO,NORMALE,TRA 45 E 54,102,235
202425,ANCONA,SCUOLA PRIMARIA,SOSTEGNO,FINO A 34,1,50
202425,BELLUNO,SCUOLA SECONDARIA I GRADO,NORMALE,FINO A 34,7,36
202425,FERRARA,SCUOLA SECONDARIA I GRADO,SOSTEGNO,TRA 35 E 44,10,45
202425,ENNA,SCUOLA SECONDARIA II GRADO,NORMALE,TRA 35 E 44,47,60
202425,PORDENONE,SCUOLA PRIMARIA,SOSTEGNO,TRA 35 E 44,0,35
202425,MILANO,SCUOLA SECONDARIA II GRADO,SOSTEGNO,TRA 35 E 44,137,388
202425,MILANO,SCUOLA INFANZIA,NORMALE,OLTRE 54,9,1233
202425,CASERTA,SCUOLA SECONDARIA I GRADO,NORMALE,OLTRE 54,279,860
202425,GORIZIA,SCUOLA SECONDARIA II GRADO,NORMALE,FINO A 34,16,14
202425,FOGGIA,SCUOLA PRIMARIA,SOSTEGNO,OLTRE 54,6,165
202425,TRIESTE,SCUOLA INFANZIA,SOSTEGNO,TRA 35 E 44,1,9
202425,CASERTA,SCUOLA SECONDARIA II GRADO,NORMALE,TRA 45 E 54,411,972
202425,LECCO,SCUOLA SECONDARIA II GRADO,NORMALE,OLTRE 54,136,293
202425,FROSINONE,SCUOLA PRIMARIA,NORMALE,FINO A 34,5,20
202425,VERBANO-CUSIO-OSSOLA,SCUOLA SECONDARIA I GRADO,NORMALE,FINO A 34,7,20
202425,ORISTANO,SCUOLA SECONDARIA II GRADO,NORMALE,FINO A 34,4,7
202425,CREMONA,SCUOLA SECONDARIA II GRADO,SOSTEGNO,OLTRE 54,6,28
202425,PISTOIA,SCUOLA SECONDARIA II GRADO,SOSTEGNO,TRA 45 E 54,13,70
202425,TERAMO,SCUOLA PRIMARIA,NORMALE,OLTRE 54,15,553
202425,MESSINA,SCUOLA SECONDARIA II GRADO,SOSTEGNO,FINO A 34,0,1
202425,IMPERIA,SCUOLA SECONDARIA I GRADO,SOSTEGNO,TRA 45 E 54,1,12
202425,RAVENNA,SCUOLA INFANZIA,NORMALE,FINO A 34,0,8
202425,RIETI,SCUOLA PRIMARIA,NORMALE,TRA 45 E 54,4,192
202425,MATERA,SCUOLA PRIMARIA,SOSTEGNO,OLTRE 54,2,31
202425,PALERMO,SCUOLA INFANZIA,SOSTEGNO,FINO A 34,0,7
202425,VICENZA,SCUOLA PRIMARIA,NORMALE,TRA 45 E 54,43,1161
202425,PARMA,SCUOLA SECONDARIA I GRADO,NORMALE,OLTRE 54,47,238
202425,ISERNIA,SCUOLA SECONDARIA I GRADO,NORMALE,OLTRE 54,17,55
202425,ALESSANDRIA,SCUOLA INFANZIA,NORMALE,FINO A 34,0,17
202425,GORIZIA,SCUOLA PRIMARIA,NORMALE,FINO A 34,1,45
202425,ASTI,SCUOLA SECONDARIA I GRADO,NORMALE,OLTRE 54,20,120
202425,PESARO E URBINO,SCUOLA PRIMARIA,NORMALE,FINO A 34,6,26
202425,FIRENZE,SCUOLA SECONDARIA II GRADO,SOSTEGNO,OLTRE 54,34,91
202425,LUCCA,SCUOLA INFANZIA,NORMALE,TRA 35 E 44,0,109
202425,TERAMO,SCUOLA INFANZIA,SOSTEGNO,TRA 35 E 44,0,39
202425,ALESSANDRIA,SCUOLA PRIMARIA,SOSTEGNO,FINO A 34,0,5
202425,LA SPEZIA,SCUOLA INFANZIA,NORMALE,FINO A 34,0,7
202425,LECCO,SCUOLA SECONDARIA I GRADO,NORMALE,TRA 45 E 54,27,203
202425,BERGAMO,SCUOLA INFANZIA,NORMALE,TRA 35 E 44,0,91
202425,SIRACUSA,SCUOLA SECONDARIA I GRADO,NORMALE,FINO A 34,13,16
202425,MANTOVA,SCUOLA SECONDARIA II GRADO,SOSTEGNO,TRA 45 E 54,15,44
202425,BENEVENTO,SCUOLA SECONDARIA I GRADO,SOSTEGNO,OLTRE 54,15,51
202425,ASCOLI PICENO,SCUOLA INFANZIA,SOSTEGNO,FINO A 34,0,1
202425,FERRARA,SCUOLA SECONDARIA I GRADO,SOSTEGNO,FINO A 34,3,20
202425,GENOVA,SCUOLA SECONDARIA II GRADO,NORMALE,TRA 35 E 44,160,310
202425,CAMPOBASSO,SCUOLA SECONDARIA I GRADO,NORMALE,TRA 35 E 44,38,74
202425,CALTANISSETTA,SCUOLA PRIMARIA,SOSTEGNO,FINO A 34,0,2
202425,NOVARA,SCUOLA SECONDARIA II GRADO,SOSTEGNO,FINO A 34,12,34
202425,PISA,SCUOLA PRIMARIA,SOSTEGNO,OLTRE 54,3,37
202425,REGGIO EMILIA,SCUOLA PRIMARIA,SOSTEGNO,TRA 35 E 44,3,89
202425,VIBO VALENTIA,SCUOLA INFANZIA,SOSTEGNO,OLTRE 54,0,11
202425,CROTONE,SCUOLA SECONDARIA II GRADO,SOSTEGNO,TRA 35 E 44,0,8
202425,VITERBO,SCUOLA INFANZIA,NORMALE,OLTRE 54,2,255
202425,MONZA E DELLA BRIANZA,SCUOLA PRIMARIA,SOSTEGNO,TRA 45 E 54,6,113
202425,IMPERIA,SCUOLA SECONDARIA I GRADO,NORMALE,FINO A 34,9,15
202425,MESSINA,SCUOLA SECONDARIA I GRADO,SOSTEGNO,OLTRE 54,49,126
202425,LATINA,SCUOLA SECONDARIA II GRADO,SOSTEGNO,TRA 45 E 54,35,114
202425,SAVONA,SCUOLA PRIMARIA,NORMALE,TRA 35 E 44,4,87
202425,FOGGIA,SCUOLA PRIMARIA,NORMALE,TRA 45 E 54,18,677
202425,PESCARA,SCUOLA SECONDARIA II GRADO,NORMALE,FINO A 34,14,18
202425,NOVARA,SCUOLA PRIMARIA,SOSTEGNO,TRA 35 E 44,1,49
202425,ENNA,SCUOLA PRIMARIA,SOSTEGNO,TRA 35 E 44,0,14
202425,VARESE,SCUOLA SECONDARIA I GRADO,SOSTEGNO,OLTRE 54,10,62
202425,CHIETI,SCUOLA SECONDARIA II GRADO,NORMALE,FINO A 34,19,31
202425,VERCELLI,SCUOLA SECONDARIA I GRADO,NORMALE,TRA 45 E 54,33,103
202425,SIRACUSA,SCUOLA PRIMARIA,NORMALE,FINO A 34,3,8
202425,VERCELLI,SCUOLA SECONDARIA II GRADO,NORMALE,TRA 35 E 44,45,69
202425,CAGLIARI,SCUOLA SECONDARIA II GRADO,SOSTEGNO,TRA 45 E 54,29,118
202425,CATANZARO,SCUOLA SECONDARIA I GRADO,NORMALE,OLTRE 54,107,341
202425,BOLOGNA,SCUOLA PRIMARIA,NORMALE,TRA 35 E 44,48,559
202425,ROVIGO,SCUOLA PRIMARIA,NORMALE,OLTRE 54,8,293
202425,BELLUNO,SCUOLA SECONDARIA I GRADO,SOSTEGNO,TRA 45 E 54,3,13
202425,BRINDISI,SCUOLA SECONDARIA I GRADO,NORMALE,FINO A 34,29,32
202425,VICENZA,SCUOLA INFANZIA,NORMALE,OLTRE 54,0,284
202425,ISERNIA,SCUOLA SECONDARIA I GRADO,NORMALE,TRA 45 E 54,19,53
202425,PRATO,SCUOLA SECONDARIA I GRADO,NORMALE,FINO A 34,14,37
202425,TRIESTE,SCUOLA PRIMARIA,SOSTEGNO,TRA 35 E 44,2,20
202425,ANCONA,SCUOLA SECONDARIA I GRADO,SOSTEGNO,FINO A 34,5,20
202425,COMO,SCUOLA SECONDARIA I GRADO,NORMALE,OLTRE 54,50,311
202425,PIACENZA,SCUOLA SECONDARIA I GRADO,NORMALE,OLTRE 54,30,161
202425,FROSINONE,SCUOLA PRIMARIA,NORMALE,TRA 45 E 54,8,647
202425,SALERNO,SCUOLA INFANZIA,SOSTEGNO,FINO A 34,0,14
202425,IMPERIA,SCUOLA INFANZIA,NORMALE,FINO A 34,1,2
202425,ANCONA,SCUOLA PRIMARIA,NORMALE,TRA 35 E 44,9,244
202425,BARLETTA-ANDRIA-TRANI,SCUOLA SECONDARIA II GRADO,SOSTEGNO,TRA 35 E 44,8,57
202425,VICENZA,SCUOLA PRIMARIA,SOSTEGNO,TRA 45 E 54,7,121
202425,SASSARI,SCUOLA SECONDARIA II GRADO,NORMALE,FINO A 34,38,31
202425,CAMPOBASSO,SCUOLA PRIMARIA,SOSTEGNO,FINO A 34,0,6
202425,MACERATA,SCUOLA SECONDARIA II GRADO,SOSTEGNO,FINO A 34,4,8
202425,TRAPANI,SCUOLA SECONDARIA I GRADO,NORMALE,OLTRE 54,95,350
202425,ROVIGO,SCUOLA INFANZIA,NORMALE,TRA 35 E 44,0,18
202425,BARI,SCUOLA SECONDARIA I GRADO,NORMALE,FINO A 34,55,67
202425,NAPOLI,SCUOLA SECONDARIA II GRADO,SOSTEGNO,TRA 35 E 44,36,151
202425,ISERNIA,SCUOLA SECONDARIA II GRADO,NORMALE,TRA 35 E 44,17,26
202425,VERCELLI,SCUOLA PRIMARIA,SOSTEGNO,FINO A 34,0,10
202425,COMO,SCUOLA SECONDARIA I GRADO,SOSTEGNO,TRA 45 E 54,11,49
202425,RAGUSA,SCUOLA SECONDARIA I GRADO,SOSTEGNO,FINO A 34,1,5
202425,TORINO,SCUOLA INFANZIA,NORMALE,OLTRE 54,4,1153
202425,TARANTO,SCUOLA INFANZIA,SOSTEGNO,FINO A 34,0,8
202425,PORDENONE,SCUOLA PRIMARIA,SOSTEGNO,FINO A 34,0,13
202425,PALERMO,SCUOLA PRIMARIA,SOSTEGNO,TRA 45 E 54,52,617
202425,ASCOLI PICENO,SCUOLA SECONDARIA II GRADO,NORMALE,TRA 35 E 44,66,88
202425,POTENZA,SCUOLA PRIMARIA,SOSTEGNO,TRA 45 E 54,12,89
202425,VERBANO-CUSIO-OSSOLA,SCUOLA PRIMARIA,SOSTEGNO,OLTRE 54,0,9
202425,TREVISO,SCUOLA PRIMARIA,SOSTEGNO,OLTRE 54,2,78
202425,LIVORNO,SCUOLA INFANZIA,NORMALE,TRA 45 E 54,4,147
202425,BOLOGNA,SCUOLA SECONDARIA I GRADO,SOSTEGNO,TRA 35 E 44,32,103
202425,BARI,SCUOLA INFANZIA,NORMALE,TRA 35 E 44,0,203
202425,ORISTANO,SCUOLA INFANZIA,SOSTEGNO,FINO A 34,0,2
202425,BIELLA,SCUOLA SECONDARIA II GRADO,SOSTEGNO,OLTRE 54,7,17
202425,ANCONA,SCUOLA SECONDARIA I GRADO,NORMALE,OLTRE 54,81,277
202425,PALERMO,SCUOLA SECONDARIA I GRADO,NORMALE,OLTRE 54,360,1240
202425,BIELLA,SCUOLA SECONDARIA II GRADO,SOSTEGNO,TRA 35 E 44,8,27
202425,COMO,SCUOLA PRIMARIA,NORMALE,OLTRE 54,25,665
202425,BARLETTA-ANDRIA-TRANI,SCUOLA SECONDARIA I GRADO,SOSTEGNO,OLTRE 54,19,42
202425,FERRARA,SCUOLA SECONDARIA II GRADO,SOSTEGNO,TRA 45 E 54,20,54
202425,ALESSANDRIA,SCUOLA SECONDARIA I GRADO,NORMALE,TRA 35 E 44,44,132
202425,CATANZARO,SCUOLA SECONDARIA II GRADO,NORMALE,FINO A 34,28,32
202425,SUD SARDEGNA,SCUOLA PRIMARIA,NORMALE,TRA 45 E 54,24,459
202425,PESARO E URBINO,SCUOLA INFANZIA,SOSTEGNO,OLTRE 54,0,10
202425,GORIZIA,SCUOLA INFANZIA,SOSTEGNO,OLTRE 54,0,4
202425,CUNEO,SCUOLA INFANZIA,SOSTEGNO,OLTRE 54,0,7
202425,NOVARA,SCUOLA SECONDARIA I GRADO,NORMALE,OLTRE 54,45,193
202425,PALERMO,SCUOLA SECONDARIA II GRADO,SOSTEGNO,FINO A 34,0,4
202425,ROMA,SCUOLA INFANZIA,NORMALE,TRA 45 E 54,14,1335
202425,ORISTANO,SCUOLA SECONDARIA II GRADO,SOSTEGNO,OLTRE 54,10,20
202425,VENEZIA,SCUOLA SECONDARIA II GRADO,SOSTEGNO,TRA 45 E 54,17,78
202425,LUCCA,SCUOLA PRIMARIA,NORMALE,TRA 35 E 44,11,201
202425,SIENA,SCUOLA SECONDARIA II GRADO,SOSTEGNO,FINO A 34,4,11
202425,BENEVENTO,SCUOLA SECONDARIA I GRADO,SOSTEGNO,TRA 45 E 54,9,35
202425,IMPERIA,SCUOLA INFANZIA,SOSTEGNO,TRA 35 E 44,0,6
202425,PESCARA,SCUOLA INFANZIA,NORMALE,TRA 45 E 54,2,187
202425,PISTOIA,SCUOLA SECONDARIA I GRADO,SOSTEGNO,FINO A 34,2,16
202425,ROMA,SCUOLA PRIMARIA,SOSTEGNO,OLTRE 54,27,586
202425,MASSA-CARRARA,SCUOLA SECONDARIA I GRADO,SOSTEGNO,OLTRE 54,5,17
202425,GORIZIA,SCUOLA SECONDARIA I GRADO,NORMALE,TRA 35 E 44,9,39
202425,PAVIA,SCUOLA PRIMARIA,NORMALE,TRA 35 E 44,20,254
202425,PALERMO,SCUOLA PRIMARIA,SOSTEGNO,TRA 35 E 44,15,289
202425,LECCO,SCUOLA PRIMARIA,NORMALE,TRA 45 E 54,21,426
202425,ROVIGO,SCUOLA INFANZIA,SOSTEGNO,TRA 35 E 44,0,6
202425,MONZA E DELLA BRIANZA,SCUOLA PRIMARIA,SOSTEGNO,TRA 35 E 44,6,76
202425,REGGIO CALABRIA,SCUOLA SECONDARIA II GRADO,NORMALE,TRA 35 E 44,125,241
202425,PRATO,SCUOLA SECONDARIA II GRADO,SOSTEGNO,TRA 35 E 44,7,49
202425,LA SPEZIA,SCUOLA SECONDARIA II GRADO,NORMALE,FINO A 34,14,16
202425,AGRIGENTO,SCUOLA PRIMARIA,SOSTEGNO,TRA 45 E 54,15,152
202425,FROSINONE,SCUOLA INFANZIA,NORMALE,OLTRE 54,4,498
202425,ANCONA,SCUOLA SECONDARIA II GRADO,SOSTEGNO,TRA 45 E 54,21,90
202425,VARESE,SCUOLA SECONDARIA II GRADO,SOSTEGNO,TRA 35 E 44,24,99
202425,LECCE,SCUOLA SECONDARIA I GRADO,NORMALE,TRA 35 E 44,78,209
202425,VERONA,SCUOLA INFANZIA,NORMALE,TRA 35 E 44,0,90
202425,SUD SARDEGNA,SCUOLA SECONDARIA I GRADO,SOSTEGNO,OLTRE 54,21,32
202425,SIENA,SCUOLA PRIMARIA,SOSTEGNO,OLTRE 54,2,31
202425,SIRACUSA,SCUOLA SECONDARIA I GRADO,SOSTEGNO,OLTRE 54,42,101
202425,NUORO,SCUOLA SECONDARIA II GRADO,SOSTEGNO,TRA 35 E 44,12,35
202425,BENEVENTO,SCUOLA INFANZIA,SOSTEGNO,OLTRE 54,0,9
202425,AGRIGENTO,SCUOLA SECONDARIA II GRADO,NORMALE,FINO A 34,28,26
202425,COMO,SCUOLA PRIMARIA,NORMALE,TRA 45 E 54,33,702
202425,PISTOIA,SCUOLA INFANZIA,SOSTEGNO,TRA 35 E 44,1,8
202425,CUNEO,SCUOLA SECONDARIA I GRADO,SOSTEGNO,TRA 35 E 44,14,41
202425,VENEZIA,SCUOLA PRIMARIA,NORMALE,TRA 45 E 54,33,849
202425,NAPOLI,SCUOLA INFANZIA,SOSTEGNO,TRA 45 E 54,7,360
202425,ROVIGO,SCUOLA PRIMARIA,NORMALE,TRA 45 E 54,12,226
202425,GROSSETO,SCUOLA SECONDARIA II GRADO,SOSTEGNO,TRA 35 E 44,4,21
202425,BELLUNO,SCUOLA SECONDARIA I GRADO,SOSTEGNO,TRA 35 E 44,6,15
202425,CHIETI,SCUOLA PRIMARIA,NORMALE,TRA 35 E 44,4,137
202425,ROMA,SCUOLA SECONDARIA II GRADO,SOSTEGNO,TRA 35 E 44,128,548
202425,GENOVA,SCUOLA PRIMARIA,SOSTEGNO,OLTRE 54,1,71
202425,PORDENONE,SCUOLA SECONDARIA I GRADO,NORMALE,OLTRE 54,42,183
202425,FIRENZE,SCUOLA SECONDARIA II GRADO,SOSTEGNO,TRA 35 E 44,36,155
202425,MACERATA,SCUOLA PRIMARIA,SOSTEGNO,TRA 45 E 54,3,72
202425,VITERBO,SCUOLA SECONDARIA II GRADO,SOSTEGNO,OLTRE 54,13,31
202425,LECCE,SCUOLA SECONDARIA II GRADO,NORMALE,TRA 45 E 54,344,719
202425,FERMO,SCUOLA SECONDARIA I GRADO,SOSTEGNO,TRA 35 E 44,5,29
202425,NOVARA,SCUOLA SECONDARIA I GRADO,NORMALE,TRA 45 E 54,40,188
202425,CUNEO,SCUOLA INFANZIA,SOSTEGNO,TRA 45 E 54,0,12
202425,CAGLIARI,SCUOLA PRIMARIA,SOSTEGNO,OLTRE 54,1,89
202425,MODENA,SCUOLA SECONDARIA II GRADO,NORMALE,OLTRE 54,342,736
202425,SALERNO,SCUOLA INFANZIA,NORMALE,OLTRE 54,7,1147
202425,GROSSETO,SCUOLA SECONDARIA II GRADO,SOSTEGNO,OLTRE 54,12,27
202425,PISA,SCUOLA SECONDARIA II GRADO,SOSTEGNO,FINO A 34,1,12
202425,BARLETTA-ANDRIA-TRANI,SCUOLA SECONDARIA II GRADO,SOSTEGNO,FINO A 34,2,16
202425,PESCARA,SCUOLA SECONDARIA II GRADO,SOSTEGNO,OLTRE 54,25,98
202425,MACERATA,SCUOLA SECONDARIA II GRADO,NORMALE,OLTRE 54,191,395
202425,COSENZA,SCUOLA SECONDARIA II GRADO,NORMALE,TRA 45 E 54,289,735
202425,RAVENNA,SCUOLA PRIMARIA,SOSTEGNO,TRA 35 E 44,4,43
202425,TREVISO,SCUOLA SECONDARIA II GRADO,SOSTEGNO,FINO A 34,12,35
202425,FORLI'-CESENA,SCUOLA INFANZIA,SOSTEGNO,OLTRE 54,0,4
202425,TARANTO,SCUOLA PRIMARIA,SOSTEGNO,FINO A 34,2,43
202425,BOLOGNA,SCUOLA SECONDARIA I GRADO,NORMALE,TRA 45 E 54,157,514
202425,GENOVA,SCUOLA INFANZIA,NORMALE,FINO A 34,0,16
202425,CALTANISSETTA,SCUOLA SECONDARIA I GRADO,SOSTEGNO,TRA 45 E 54,18,46
202425,MASSA-CARRARA,SCUOLA PRIMARIA,SOSTEGNO,TRA 45 E 54,1,42
202425,TORINO,SCUOLA PRIMARIA,SOSTEGNO,TRA 45 E 54,11,161
202425,TARANTO,SCUOLA SECONDARIA I GRADO,SOSTEGNO,OLTRE 54,18,57
202425,ALESSANDRIA,SCUOLA INFANZIA,SOSTEGNO,TRA 35 E 44,2,12
202425,ASCOLI PICENO,SCUOLA SECONDARIA II GRADO,NORMALE,FINO A 34,12,16
202425,PESARO E URBINO,SCUOLA PRIMARIA,SOSTEGNO,TRA 45 E 54,10,127
202425,GORIZIA,SCUOLA PRIMARIA,SOSTEGNO,TRA 45 E 54,0,25
202425,MACERATA,SCUOLA PRIMARIA,SOSTEGNO,FINO A 34,0,23
202425,SONDRIO,SCUOLA SECONDARIA II GRADO,SOSTEGNO,TRA 35 E 44,10,15
202425,ASCOLI PICENO,SCUOLA PRIMARIA,SOSTEGNO,TRA 35 E 44,0,46
202425,COMO,SCUOLA PRIMARIA,NORMALE,TRA 35 E 44,14,341
202425,BARI,SCUOLA INFANZIA,NORMALE,FINO A 34,0,45
202425,TRAPANI,SCUOLA SECONDARIA II GRADO,NORMALE,TRA 45 E 54,224,313
202425,VITERBO,SCUOLA SECONDARIA II GRADO,NORMALE,TRA 35 E 44,71,111
202425,NUORO,SCUOLA SECONDARIA I GRADO,NORMALE,TRA 35 E 44,22,59
202425,FERMO,SCUOLA PRIMARIA,SOSTEGNO,OLTRE 54,0,16
202425,AGRIGENTO,SCUOLA PRIMARIA,SOSTEGNO,FINO A 34,0,3
202425,L'AQUILA,SCUOLA PRIMARIA,NORMALE,TRA 45 E 54,9,322
202425,IMPERIA,SCUOLA SECONDARIA II GRADO,NORMALE,TRA 45 E 54,48,120
202425,TREVISO,SCUOLA PRIMARIA,NORMALE,FINO A 34,14,180
202425,SAVONA,SCUOLA PRIMARIA,SOSTEGNO,TRA 35 E 44,2,31
202425,AVELLINO,SCUOLA SECONDARIA II GRADO,NORMALE,TRA 45 E 54,197,386
202425,NUORO,SCUOLA SECONDARIA II GRADO,NORMALE,OLTRE 54,197,299
202425,NAPOLI,SCUOLA PRIMARIA,SOSTEGNO,FINO A 34,1,62
202425,PADOVA,SCUOLA SECONDARIA II GRADO,SOSTEGNO,TRA 35 E 44,16,61
202425,SUD SARDEGNA,SCUOLA PRIMARIA,NORMALE,TRA 35 E 44,6,126
202425,AVELLINO,SCUOLA SECONDARIA II GRADO,SOSTEGNO,TRA 35 E 44,6,18
202425,ROMA,SCUOLA INFANZIA,NORMALE,TRA 35 E 44,8,347
202425,LUCCA,SCUOLA PRIMARIA,NORMALE,FINO A 34,4,27
202425,FIRENZE,SCUOLA PRIMARIA,NORMALE,TRA 35 E 44,35,519
202425,AREZZO,SCUOLA SECONDARIA II GRADO,SOSTEGNO,TRA 35 E 44,13,63
202425,PALERMO,SCUOLA PRIMARIA,NORMALE,FINO A 34,13,52
202425,BIELLA,SCUOLA INFANZIA,SOSTEGNO,TRA 35 E 44,0,7
202425,SIENA,SCUOLA PRIMARIA,NORMALE,TRA 35 E 44,4,123
202425,CREMONA,SCUOLA SECONDARIA I GRADO,NORMALE,FINO A 34,21,32
202425,ROVIGO,SCUOLA SECONDARIA I GRADO,SOSTEGNO,FINO A 34,5,8
202425,BARLETTA-ANDRIA-TRANI,SCUOLA INFANZIA,SOSTEGNO,FINO A 34,0,9
202425,PERUGIA,SCUOLA INFANZIA,SOSTEGNO,FINO A 34,0,18
202425,VIBO VALENTIA,SCUOLA SECONDARIA I GRADO,SOSTEGNO,FINO A 34,1,5
202425,FERRARA,SCUOLA PRIMARIA,NORMALE,OLTRE 54,21,431
202425,SIENA,SCUOLA SECONDARIA I GRADO,SOSTEGNO,FINO A 34,2,11
202425,RAGUSA,SCUOLA INFANZIA,NORMALE,OLTRE 54,2,388
202425,SONDRIO,SCUOLA SECONDARIA II GRADO,NORMALE,FINO A 34,19,23
202425,FROSINONE,SCUOLA INFANZIA,NORMALE,TRA 45 E 54,3,329
202425,FERMO,SCUOLA PRIMARIA,SOSTEGNO,TRA 35 E 44,1,62
202425,SASSARI,SCUOLA INFANZIA,NORMALE,TRA 45 E 54,6,307
202425,PADOVA,SCUOLA SECONDARIA II GRADO,NORMALE,OLTRE 54,446,936
202425,LODI,SCUOLA SECONDARIA II GRADO,NORMALE,FINO A 34,19,27
202425,CROTONE,SCUOLA SECONDARIA I GRADO,SOSTEGNO,TRA 45 E 54,6,26
202425,FORLI'-CESENA,SCUOLA SECONDARIA I GRADO,SOSTEGNO,OLTRE 54,7,13
202425,VENEZIA,SCUOLA INFANZIA,SOSTEGNO,FINO A 34,0,10
202425,MESSINA,SCUOLA PRIMARIA,SOSTEGNO,TRA 45 E 54,22,286
202425,TERNI,SCUOLA PRIMARIA,SOSTEGNO,OLTRE 54,2,25
202425,PISTOIA,SCUOLA INFANZIA,SOSTEGNO,FINO A 34,0,2
202425,RIMINI,SCUOLA SECONDARIA II GRADO,NORMALE,FINO A 34,42,58
202425,NAPOLI,SCUOLA INFANZIA,SOSTEGNO,TRA 35 E 44,3,201
202425,TARANTO,SCUOLA SECONDARIA II GRADO,NORMALE,TRA 45 E 54,241,517
202425,RAGUSA,SCUOLA PRIMARIA,SOSTEGNO,OLTRE 54,6,70
202425,SUD SARDEGNA,SCUOLA INFANZIA,NORMALE,TRA 45 E 54,1,180
202425,IMPERIA,SCUOLA PRIMARIA,SOSTEGNO,TRA 45 E 54,4,24
202425,CUNEO,SCUOLA INFANZIA,NORMALE,TRA 35 E 44,0,194
202425,MESSINA,SCUOLA SECONDARIA II GRADO,NORMALE,OLTRE 54,521,867
202425,IMPERIA,SCUOLA SECONDARIA I GRADO,SOSTEGNO,TRA 35 E 44,6,5
202425,MASSA-CARRARA,SCUOLA SECONDARIA II GRADO,SOSTEGNO,TRA 45 E 54,5,35
202425,BARLETTA-ANDRIA-TRANI,SCUOLA SECONDARIA II GRADO,SOSTEGNO,OLTRE 54,22,78
202425,NOVARA,SCUOLA SECONDARIA I GRADO,NORMALE,TRA 35 E 44,26,100
202425,RIETI,SCUOLA SECONDARIA II GRADO,SOSTEGNO,TRA 45 E 54,8,24
202425,VARESE,SCUOLA SECONDARIA II GRADO,NORMALE,OLTRE 54,375,877
202425,REGGIO CALABRIA,SCUOLA PRIMARIA,NORMALE,FINO A 34,7,7
202425,REGGIO EMILIA,SCUOLA SECONDARIA I GRADO,NORMALE,FINO A 34,13,56
202425,CHIETI,SCUOLA SECONDARIA II GRADO,SOSTEGNO,TRA 35 E 44,15,50
202425,ASTI,SCUOLA INFANZIA,NORMALE,TRA 45 E 54,1,124
202425,CAMPOBASSO,SCUOLA SECONDARIA II GRADO,NORMALE,TRA 35 E 44,75,105
202425,LIVORNO,SCUOLA SECONDARIA I GRADO,SOSTEGNO,TRA 35 E 44,9,44
202425,TREVISO,SCUOLA INFANZIA,NORMALE,TRA 35 E 44,0,91
202425,SONDRIO,SCUOLA SECONDARIA I GRADO,SOSTEGNO,TRA 35 E 44,0,3
202425,CROTONE,SCUOLA SECONDARIA I GRADO,SOSTEGNO,FINO A 34,2,5
202425,LECCO,SCUOLA INFANZIA,NORMALE,TRA 35 E 44,0,29
202425,POTENZA,SCUOLA PRIMARIA,NORMALE,TRA 35 E 44,10,134
202425,CREMONA,SCUOLA PRIMARIA,SOSTEGNO,OLTRE 54,3,17
202425,NUORO,SCUOLA PRIMARIA,NORMALE,TRA 45 E 54,13,334
202425,CAMPOBASSO,SCUOLA INFANZIA,NORMALE,OLTRE 54,0,188
202425,MESSINA,SCUOLA PRIMARIA,SOSTEGNO,FINO A 34,0,4
202425,SUD SARDEGNA,SCUOLA SECONDARIA II GRADO,NORMALE,FINO A 34,28,33
202425,FROSINONE,SCUOLA SECONDARIA II GRADO,SOSTEGNO,OLTRE 54,33,123
202425,CREMONA,SCUOLA INFANZIA,SOSTEGNO,FINO A 34,0,4
202425,PESARO E URBINO,SCUOLA PRIMARIA,NORMALE,TRA 35 E 44,4,143
202425,SALERNO,SCUOLA SECONDARIA II GRADO,SOSTEGNO,FINO A 34,1,2
202425,CATANZARO,SCUOLA PRIMARIA,SOSTEGNO,TRA 45 E 54,3,94
202425,TARANTO,SCUOLA SECONDARIA I GRADO,NORMALE,TRA 35 E 44,68,198
202425,PADOVA,SCUOLA INFANZIA,NORMALE,OLTRE 54,0,214
202425,CALTANISSETTA,SCUOLA INFANZIA,NORMALE,TRA 45 E 54,4,137
202425,LUCCA,SCUOLA SECONDARIA I GRADO,SOSTEGNO,TRA 45 E 54,8,56
202425,CAMPOBASSO,SCUOLA SECONDARIA I GRADO,NORMALE,FINO A 34,7,11
202425,REGGIO EMILIA,SCUOLA INFANZIA,NORMALE,OLTRE 54,0,138
202425,VERONA,SCUOLA SECONDARIA I GRADO,SOSTEGNO,TRA 35 E 44,23,113
202425,TERNI,SCUOLA SECONDARIA II GRADO,NORMALE,TRA 45 E 54,60,180
202425,NOVARA,SCUOLA INFANZIA,NORMALE,TRA 35 E 44,0,81
202425,VICENZA,SCUOLA SECONDARIA I GRADO,NORMALE,TRA 35 E 44,121,307
202425,SUD SARDEGNA,SCUOLA PRIMARIA,SOSTEGNO,OLTRE 54,1,66
202425,LATINA,SCUOLA PRIMARIA,SOSTEGNO,TRA 35 E 44,3,159
202425,PISTOIA,SCUOLA INFANZIA,NORMALE,OLTRE 54,0,159
202425,COMO,SCUOLA PRIMARIA,NORMALE,FINO A 34,6,195
202425,VENEZIA,SCUOLA INFANZIA,NORMALE,OLTRE 54,0,322
202425,PESCARA,SCUOLA PRIMARIA,SOSTEGNO,TRA 45 E 54,6,79
202425,TREVISO,SCUOLA PRIMARIA,SOSTEGNO,FINO A 34,0,26
202425,ISERNIA,SCUOLA PRIMARIA,NORMALE,TRA 45 E 54,6,97
202425,CATANIA,SCUOLA PRIMARIA,SOSTEGNO,OLTRE 54,13,426
202425,PERUGIA,SCUOLA SECONDARIA II GRADO,SOSTEGNO,OLTRE 54,22,100
202425,ASCOLI PICENO,SCUOLA SECONDARIA I GRADO,NORMALE,TRA 45 E 54,40,141
202425,ORISTANO,SCUOLA SECONDARIA II GRADO,NORMALE,TRA 45 E 54,72,103
202425,MODENA,SCUOLA SECONDARIA I GRADO,NORMALE,OLTRE 54,73,322
202425,GROSSETO,SCUOLA INFANZIA,SOSTEGNO,FINO A 34,0,3
202425,COSENZA,SCUOLA INFANZIA,NORMALE,TRA 35 E 44,0,126
202425,NAPOLI,SCUOLA SECONDARIA II GRADO,NORMALE,OLTRE 54,2305,5015
202425,AGRIGENTO,SCUOLA INFANZIA,NORMALE,OLTRE 54,7,468
202425,BIELLA,SCUOLA SECONDARIA I GRADO,SOSTEGNO,FINO A 34,3,3
202425,FOGGIA,SCUOLA SECONDARIA II GRADO,SOSTEGNO,OLTRE 54,121,223
202425,TERAMO,SCUOLA SECONDARIA II GRADO,SOSTEGNO,OLTRE 54,22,67
202425,VIBO VALENTIA,SCUOLA PRIMARIA,SOSTEGNO,TRA 45 E 54,5,55
202425,AREZZO,SCUOLA SECONDARIA II GRADO,SOSTEGNO,FINO A 34,1,15
202425,SIENA,SCUOLA INFANZIA,NORMALE,OLTRE 54,2,126
202425,TRAPANI,SCUOLA INFANZIA,NORMALE,TRA 45 E 54,6,262
202425,TRAPANI,SCUOLA PRIMARIA,NORMALE,TRA 35 E 44,7,97
202425,VARESE,SCUOLA INFANZIA,SOSTEGNO,OLTRE 54,0,10
202425,CATANZARO,SCUOLA PRIMARIA,SOSTEGNO,TRA 35 E 44,1,90
202425,VERCELLI,SCUOLA INFANZIA,NORMALE,TRA 45 E 54,2,111
202425,PERUGIA,SCUOLA SECONDARIA II GRADO,SOSTEGNO,TRA 35 E 44,22,105
202425,PISTOIA,SCUOLA PRIMARIA,SOSTEGNO,TRA 45 E 54,1,59
202425,CATANIA,SCUOLA PRIMARIA,NORMALE,TRA 35 E 44,14,238
202425,TRIESTE,SCUOLA SECONDARIA I GRADO,NORMALE,TRA 45 E 54,33,146
202425,PAVIA,SCUOLA INFANZIA,NORMALE,TRA 45 E 54,1,251
202425,PIACENZA,SCUOLA INFANZIA,SOSTEGNO,FINO A 34,0,1
202425,RAGUSA,SCUOLA PRIMARIA,NORMALE,TRA 45 E 54,18,373
202425,L'AQUILA,SCUOLA INFANZIA,NORMALE,TRA 35 E 44,1,51
202425,SASSARI,SCUOLA SECONDARIA I GRADO,NORMALE,TRA 35 E 44,69,117
202425,PAVIA,SCUOLA PRIMARIA,SOSTEGNO,TRA 35 E 44,5,59
202425,BRESCIA,SCUOLA PRIMARIA,NORMALE,TRA 35 E 44,37,746
202425,REGGIO CALABRIA,SCUOLA SECONDARIA II GRADO,SOSTEGNO,TRA 45 E 54,28,109
202425,AVELLINO,SCUOLA SECONDARIA I GRADO,SOSTEGNO,TRA 35 E 44,12,62
202425,SAVONA,SCUOLA SECONDARIA I GRADO,SOSTEGNO,TRA 35 E 44,2,20
202425,RIMINI,SCUOLA SECONDARIA I GRADO,NORMALE,FINO A 34,13,36
202425,UDINE,SCUOLA PRIMARIA,SOSTEGNO,TRA 35 E 44,3,82
202425,TERNI,SCUOLA SECONDARIA II GRADO,NORMALE,FINO A 34,19,19
202425,GENOVA,SCUOLA PRIMARIA,NORMALE,TRA 35 E 44,23,281
202425,AVELLINO,SCUOLA INFANZIA,NORMALE,TRA 35 E 44,1,51
202425,VITERBO,SCUOLA SECONDARIA II GRADO,NORMALE,TRA 45 E 54,84,223
202425,TERAMO,SCUOLA SECONDARIA II GRADO,SOSTEGNO,TRA 45 E 54,26,88
202425,LECCE,SCUOLA SECONDARIA I GRADO,SOSTEGNO,TRA 35 E 44,11,65
202425,FERMO,SCUOLA SECONDARIA I GRADO,NORMALE,FINO A 34,4,12
202425,SIENA,SCUOLA INFANZIA,NORMALE,TRA 45 E 54,1,156
202425,MONZA E DELLA BRIANZA,SCUOLA PRIMARIA,NORMALE,FINO A 34,11,265
202425,CAGLIARI,SCUOLA PRIMARIA,NORMALE,TRA 45 E 54,29,535
202425,PISTOIA,SCUOLA PRIMARIA,NORMALE,TRA 35 E 44,7,175
202425,ENNA,SCUOLA SECONDARIA II GRADO,SOSTEGNO,FINO A 34,0,1
202425,LATINA,SCUOLA INFANZIA,SOSTEGNO,TRA 45 E 54,1,57
202425,TREVISO,SCUOLA INFANZIA,NORMALE,FINO A 34,0,19
202425,VENEZIA,SCUOLA PRIMARIA,SOSTEGNO,TRA 35 E 44,2,84
202425,CATANZARO,SCUOLA INFANZIA,SOSTEGNO,FINO A 34,0,3
202425,MODENA,SCUOLA SECONDARIA I GRADO,NORMALE,TRA 45 E 54,83,404
202425,MATERA,SCUOLA SECONDARIA I GRADO,SOSTEGNO,FINO A 34,1,3
202425,RIETI,SCUOLA SECONDARIA I GRADO,SOSTEGNO,TRA 45 E 54,6,19
202425,POTENZA,SCUOLA PRIMARIA,NORMALE,FINO A 34,1,18
202425,FORLI'-CESENA,SCUOLA INFANZIA,SOSTEGNO,FINO A 34,0,7
202425,PERUGIA,SCUOLA INFANZIA,NORMALE,TRA 45 E 54,5,412
202425,NUORO,SCUOLA PRIMARIA,NORMALE,TRA 35 E 44,4,82
202425,MACERATA,SCUOLA SECONDARIA I GRADO,NORMALE,TRA 45 E 54,47,214
202425,TARANTO,SCUOLA PRIMARIA,NORMALE,TRA 35 E 44,7,207
202425,FERMO,SCUOLA INFANZIA,SOSTEGNO,OLTRE 54,0,5
202425,GROSSETO,SCUOLA SECONDARIA I GRADO,SOSTEGNO,FINO A 34,0,5
202425,TARANTO,SCUOLA SECONDARIA I GRADO,NORMALE,FINO A 34,35,46
202425,MILANO,SCUOLA INFANZIA,NORMALE,TRA 45 E 54,11,1072
202425,LECCE,SCUOLA PRIMARIA,NORMALE,OLTRE 54,48,1462
202425,SONDRIO,SCUOLA INFANZIA,SOSTEGNO,TRA 35 E 44,0,3
202425,MATERA,SCUOLA PRIMARIA,NORMALE,OLTRE 54,17,379
202425,RIETI,SCUOLA PRIMARIA,SOSTEGNO,TRA 35 E 44,2,36
202425,RAGUSA,SCUOLA PRIMARIA,NORMALE,TRA 35 E 44,3,104
202425,REGGIO CALABRIA,SCUOLA SECONDARIA II GRADO,NORMALE,FINO A 34,37,50
202425,ASCOLI PICENO,SCUOLA SECONDARIA I GRADO,NORMALE,TRA 35 E 44,23,64
202425,CATANIA,SCUOLA SECONDARIA II GRADO,SOSTEGNO,TRA 45 E 54,84,300
202425,UDINE,SCUOLA INFANZIA,SOSTEGNO,OLTRE 54,0,8
202425,LIVORNO,SCUOLA SECONDARIA II GRADO,SOSTEGNO,TRA 45 E 54,9,55
202425,BARLETTA-ANDRIA-TRANI,SCUOLA PRIMARIA,SOSTEGNO,TRA 35 E 44,4,166
202425,GENOVA,SCUOLA INFANZIA,SOSTEGNO,FINO A 34,0,2
202425,ISERNIA,SCUOLA SECONDARIA II GRADO,SOSTEGNO,TRA 45 E 54,4,30
202425,CREMONA,SCUOLA SECONDARIA I GRADO,SOSTEGNO,TRA 45 E 54,12,32
202425,TORINO,SCUOLA SECONDARIA I GRADO,NORMALE,TRA 45 E 54,348,1277
202425,AGRIGENTO,SCUOLA INFANZIA,SOSTEGNO,OLTRE 54,0,32
202425,CATANIA,SCUOLA PRIMARIA,NORMALE,FINO A 34,15,31
202425,PESARO E URBINO,SCUOLA SECONDARIA I GRADO,NORMALE,TRA 45 E 54,68,225
202425,COSENZA,SCUOLA SECONDARIA I GRADO,NORMALE,TRA 45 E 54,164,545
202425,SAVONA,SCUOLA SECONDARIA II GRADO,NORMALE,TRA 45 E 54,77,186
202425,VITERBO,SCUOLA PRIMARIA,SOSTEGNO,TRA 45 E 54,2,106
202425,TARANTO,SCUOLA INFANZIA,NORMALE,FINO A 34,0,23
202425,TRAPANI,SCUOLA SECONDARIA II GRADO,SOSTEGNO,OLTRE 54,82,116
202425,ROMA,SCUOLA SECONDARIA I GRADO,NORMALE,OLTRE 54,632,2875
202425,PARMA,SCUOLA PRIMARIA,NORMALE,FINO A 34,12,64
202425,MANTOVA,SCUOLA SECONDARIA II GRADO,NORMALE,TRA 45 E 54,123,240
202425,CAGLIARI,SCUOLA PRIMARIA,NORMALE,TRA 35 E 44,10,148
202425,LUCCA,SCUOLA SECONDARIA II GRADO,SOSTEGNO,TRA 35 E 44,13,57
202425,CAMPOBASSO,SCUOLA SECONDARIA I GRADO,SOSTEGNO,OLTRE 54,12,21
202425,BIELLA,SCUOLA SECONDARIA I GRADO,NORMALE,OLTRE 54,21,98
202425,LECCE,SCUOLA PRIMARIA,NORMALE,TRA 35 E 44,5,193
202425,FERMO,SCUOLA INFANZIA,SOSTEGNO,FINO A 34,0,2
202425,NAPOLI,SCUOLA INFANZIA,SOSTEGNO,OLTRE 54,3,225
202425,ALESSANDRIA,SCUOLA SECONDARIA II GRADO,SOSTEGNO,OLTRE 54,10,27
202425,VICENZA,SCUOLA INFANZIA,NORMALE,FINO A 34,0,19
202425,PISA,SCUOLA PRIMARIA,NORMALE,OLTRE 54,9,605
202425,PISA,SCUOLA SECONDARIA I GRADO,NORMALE,TRA 45 E 54,68,245
202425,PRATO,SCUOLA PRIMARIA,SOSTEGNO,TRA 35 E 44,0,36
202425,MATERA,SCUOLA SECONDARIA I GRADO,NORMALE,OLTRE 54,54,189
202425,LA SPEZIA,SCUOLA PRIMARIA,SOSTEGNO,OLTRE 54,1,11
202425,PESCARA,SCUOLA SECONDARIA II GRADO,SOSTEGNO,TRA 45 E 54,28,88
202425,SIENA,SCUOLA INFANZIA,SOSTEGNO,TRA 45 E 54,0,5
202425,LODI,SCUOLA SECONDARIA II GRADO,SOSTEGNO,TRA 45 E 54,5,17
202425,CREMONA,SCUOLA INFANZIA,SOSTEGNO,TRA 45 E 54,0,4
202425,FORLI'-CESENA,SCUOLA PRIMARIA,NORMALE,FINO A 34,6,92
202425,FIRENZE,SCUOLA PRIMARIA,SOSTEGNO,TRA 35 E 44,8,127
202425,SASSARI,SCUOLA SECONDARIA II GRADO,SOSTEGNO,TRA 35 E 44,24,62
202425,VERONA,SCUOLA SECONDARIA II GRADO,SOSTEGNO,TRA 35 E 44,21,76
202425,TARANTO,SCUOLA PRIMARIA,SOSTEGNO,TRA 35 E 44,2,126
202425,LUCCA,SCUOLA PRIMARIA,SOSTEGNO,TRA 35 E 44,3,45
202425,ENNA,SCUOLA INFANZIA,NORMALE,TRA 35 E 44,0,22
202425,TERNI,SCUOLA PRIMARIA,NORMALE,TRA 35 E 44,6,65
202425,BIELLA,SCUOLA PRIMARIA,NORMALE,TRA 45 E 54,14,217
202425,SALERNO,SCUOLA SECONDARIA II GRADO,SOSTEGNO,TRA 35 E 44,12,26
202425,TORINO,SCUOLA SECONDARIA I GRADO,NORMALE,TRA 35 E 44,273,763
202425,BRESCIA,SCUOLA SECONDARIA II GRADO,NORMALE,TRA 45 E 54,376,746
202425,LUCCA,SCUOLA SECONDARIA II GRADO,NORMALE,FINO A 34,49,56
202425,PADOVA,SCUOLA INFANZIA,NORMALE,TRA 45 E 54,3,178
202425,AGRIGENTO,SCUOLA INFANZIA,NORMALE,TRA 45 E 54,13,245
202425,AVELLINO,SCUOLA SECONDARIA I GRADO,SOSTEGNO,FINO A 34,8,18
202425,FOGGIA,SCUOLA SECONDARIA II GRADO,SOSTEGNO,TRA 45 E 54,57,186
202425,IMPERIA,SCUOLA PRIMARIA,NORMALE,TRA 35 E 44,6,53
202425,VERONA,SCUOLA SECONDARIA II GRADO,SOSTEGNO,FINO A 34,19,56
202425,PRATO,SCUOLA INFANZIA,SOSTEGNO,TRA 35 E 44,0,16
202425,TORINO,SCUOLA SECONDARIA II GRADO,NORMALE,FINO A 34,301,318
202425,PISTOIA,SCUOLA PRIMARIA,NORMALE,FINO A 34,5,60
202425,LATINA,SCUOLA INFANZIA,SOSTEGNO,TRA 35 E 44,0,43
202425,MODENA,SCUOLA SECONDARIA I GRADO,SOSTEGNO,FINO A 34,23,75
202425,RAGUSA,SCUOLA SECONDARIA I GRADO,NORMALE,OLTRE 54,96,216
202425,AREZZO,SCUOLA SECONDARIA I GRADO,SOSTEGNO,OLTRE 54,11,22
202425,PERUGIA,SCUOLA SECONDARIA I GRADO,NORMALE,OLTRE 54,128,510
202425,BRESCIA,SCUOLA SECONDARIA I GRADO,NORMALE,TRA 45 E 54,151,734
202425,ANCONA,SCUOLA INFANZIA,NORMALE,OLTRE 54,2,310
202425,BIELLA,SCUOLA INFANZIA,SOSTEGNO,FINO A 34,0,2
202425,AVELLINO,SCUOLA INFANZIA,SOSTEGNO,FINO A 34,0,2
202425,SASSARI,SCUOLA PRIMARIA,NORMALE,TRA 35 E 44,5,180
202425,GROSSETO,SCUOLA PRIMARIA,SOSTEGNO,TRA 35 E 44,1,41
202425,ASTI,SCUOLA INFANZIA,SOSTEGNO,OLTRE 54,1,4
202425,LIVORNO,SCUOLA SECONDARIA II GRADO,NORMALE,TRA 35 E 44,94,111
202425,SALERNO,SCUOLA SECONDARIA I GRADO,NORMALE,OLTRE 54,351,988
202425,FERMO,SCUOLA SECONDARIA II GRADO,NORMALE,TRA 35 E 44,43,56
202425,FIRENZE,SCUOLA INFANZIA,NORMALE,OLTRE 54,2,475
202425,POTENZA,SCUOLA PRIMARIA,SOSTEGNO,TRA 35 E 44,8,65
202425,SONDRIO,SCUOLA INFANZIA,SOSTEGNO,TRA 45 E 54,0,4
202425,UDINE,SCUOLA INFANZIA,SOSTEGNO,TRA 45 E 54,0,29
202425,LA SPEZIA,SCUOLA SECONDARIA I GRADO,SOSTEGNO,TRA 35 E 44,2,6
202425,GENOVA,SCUOLA INFANZIA,NORMALE,OLTRE 54,1,333
202425,PIACENZA,SCUOLA SECONDARIA II GRADO,NORMALE,OLTRE 54,113,319
202425,MILANO,SCUOLA SECONDARIA II GRADO,NORMALE,FINO A 34,267,312
202425,CATANIA,SCUOLA PRIMARIA,NORMALE,TRA 45 E 54,56,1267
202425,MATERA,SCUOLA SECONDARIA II GRADO,SOSTEGNO,TRA 35 E 44,1,6
202425,TRIESTE,SCUOLA SECONDARIA II GRADO,NORMALE,OLTRE 54,109,269
202425,MATERA,SCUOLA INFANZIA,NORMALE,OLTRE 54,2,218
202425,FROSINONE,SCUOLA SECONDARIA II GRADO,NORMALE,FINO A 34,25,32
202425,RIMINI,SCUOLA INFANZIA,SOSTEGNO,OLTRE 54,0,4
202425,PADOVA,SCUOLA INFANZIA,SOSTEGNO,OLTRE 54,0,1
202425,LODI,SCUOLA INFANZIA,NORMALE,OLTRE 54,1,103
202425,TERNI,SCUOLA PRIMARIA,SOSTEGNO,TRA 45 E 54,5,42
202425,PERUGIA,SCUOLA PRIMARIA,NORMALE,TRA 45 E 54,45,845
202425,LIVORNO,SCUOLA PRIMARIA,SOSTEGNO,OLTRE 54,1,47
202425,PARMA,SCUOLA INFANZIA,SOSTEGNO,OLTRE 54,0,6
202425,COMO,SCUOLA SECONDARIA II GRADO,SOSTEGNO,TRA 45 E 54,12,45
202425,MESSINA,SCUOLA PRIMARIA,SOSTEGNO,OLTRE 54,11,235
202425,ISERNIA,SCUOLA PRIMARIA,SOSTEGNO,TRA 45 E 54,0,22
202425,RAVENNA,SCUOLA SECONDARIA I GRADO,SOSTEGNO,TRA 45 E 54,9,26
202425,PESARO E URBINO,SCUOLA INFANZIA,NORMALE,OLTRE 54,1,204
202425,CAGLIARI,SCUOLA SECONDARIA I GRADO,NORMALE,TRA 45 E 54,80,256
202425,L'AQUILA,SCUOLA SECONDARIA I GRADO,SOSTEGNO,FINO A 34,1,14
202425,POTENZA,SCUOLA SECONDARIA II GRADO,NORMALE,TRA 35 E 44,90,137
202425,BERGAMO,SCUOLA PRIMARIA,SOSTEGNO,TRA 35 E 44,8,140
202425,PESCARA,SCUOLA PRIMARIA,NORMALE,TRA 45 E 54,5,331
202425,PADOVA,SCUOLA SECONDARIA I GRADO,NORMALE,TRA 45 E 54,142,523
202425,GROSSETO,SCUOLA PRIMARIA,NORMALE,FINO A 34,1,21
202425,VARESE,SCUOLA SECONDARIA I GRADO,SOSTEGNO,FINO A 34,18,45
202425,TREVISO,SCUOLA SECONDARIA I GRADO,SOSTEGNO,OLTRE 54,16,54
202425,AREZZO,SCUOLA SECONDARIA I GRADO,NORMALE,OLTRE 54,45,237
202425,CREMONA,SCUOLA INFANZIA,SOSTEGNO,TRA 35 E 44,0,8
202425,CASERTA,SCUOLA PRIMARIA,SOSTEGNO,TRA 35 E 44,3,187
202425,VERBANO-CUSIO-OSSOLA,SCUOLA SECONDARIA II GRADO,SOSTEGNO,TRA 35 E 44,7,29
202425,VICENZA,SCUOLA SECONDARIA I GRADO,SOSTEGNO,TRA 35 E 44,18,87
202425,SIRACUSA,SCUOLA SECONDARIA II GRADO,SOSTEGNO,OLTRE 54,66,110
202425,COSENZA,SCUOLA SECONDARIA II GRADO,NORMALE,TRA 35 E 44,146,224
202425,ORISTANO,SCUOLA PRIMARIA,NORMALE,OLTRE 54,7,206
202425,COMO,SCUOLA INFANZIA,NORMALE,TRA 45 E 54,0,228
202425,TERNI,SCUOLA INFANZIA,SOSTEGNO,TRA 35 E 44,0,12
202425,LATINA,SCUOLA SECONDARIA I GRADO,NORMALE,TRA 45 E 54,69,351
202425,SASSARI,SCUOLA SECONDARIA II GRADO,SOSTEGNO,FINO A 34,1,13
202425,MASSA-CARRARA,SCUOLA INFANZIA,NORMALE,TRA 35 E 44,0,35
202425,BERGAMO,SCUOLA INFANZIA,NORMALE,OLTRE 54,2,338
202425,VARESE,SCUOLA PRIMARIA,NORMALE,OLTRE 54,23,991
202425,TRAPANI,SCUOLA PRIMARIA,SOSTEGNO,TRA 35 E 44,1,76
202425,ENNA,SCUOLA SECONDARIA I GRADO,NORMALE,OLTRE 54,71,150
202425,NUORO,SCUOLA PRIMARIA,NORMALE,OLTRE 54,21,388
202425,CAMPOBASSO,SCUOLA INFANZIA,SOSTEGNO,FINO A 34,0,3
202425,NAPOLI,SCUOLA SECONDARIA I GRADO,NORMALE,FINO A 34,147,350
202425,LECCO,SCUOLA INFANZIA,NORMALE,FINO A 34,0,6
202425,PIACENZA,SCUOLA SECONDARIA II GRADO,NORMALE,TRA 45 E 54,81,209
202425,MILANO,SCUOLA SECONDARIA I GRADO,SOSTEGNO,OLTRE 54,44,178
202425,BRINDISI,SCUOLA PRIMARIA,NORMALE,TRA 45 E 54,12,479
202425,MONZA E DELLA BRIANZA,SCUOLA SECONDARIA II GRADO,SOSTEGNO,FINO A 34,14,44
202425,REGGIO CALABRIA,SCUOLA PRIMARIA,SOSTEGNO,OLTRE 54,5,184
202425,ALESSANDRIA,SCUOLA SECONDARIA II GRADO,NORMALE,TRA 35 E 44,71,143
202425,LUCCA,SCUOLA SECONDARIA I GRADO,SOSTEGNO,OLTRE 54,5,37
202425,VERONA,SCUOLA PRIMARIA,SOSTEGNO,TRA 45 E 54,16,156
202425,FIRENZE,SCUOLA PRIMARIA,NORMALE,FINO A 34,25,280
202425,VERBANO-CUSIO-OSSOLA,SCUOLA PRIMARIA,NORMALE,TRA 45 E 54,8,185
202425,FOGGIA,SCUOLA INFANZIA,SOSTEGNO,TRA 35 E 44,0,23
202425,SONDRIO,SCUOLA PRIMARIA,SOSTEGNO,FINO A 34,0,5
202425,CROTONE,SCUOLA PRIMARIA,NORMALE,OLTRE 54,18,444
202425,VERONA,SCUOLA SECONDARIA II GRADO,NORMALE,OLTRE 54,398,877
202425,ALESSANDRIA,SCUOLA SECONDARIA II GRADO,SOSTEGNO,FINO A 34,7,25
202425,PRATO,SCUOLA INFANZIA,SOSTEGNO,FINO A 34,0,2
202425,SIRACUSA,SCUOLA INFANZIA,NORMALE,OLTRE 54,1,475
202425,AVELLINO,SCUOLA PRIMARIA,SOSTEGNO,TRA 45 E 54,10,96
202425,CAGLIARI,SCUOLA SECONDARIA I GRADO,NORMALE,TRA 35 E 44,57,124
202425,MANTOVA,SCUOLA SECONDARIA I GRADO,NORMALE,TRA 35 E 44,51,147
202425,BRESCIA,SCUOLA PRIMARIA,SOSTEGNO,TRA 45 E 54,13,143
202425,SASSARI,SCUOLA INFANZIA,SOSTEGNO,TRA 45 E 54,0,27
202425,COSENZA,SCUOLA INFANZIA,NORMALE,TRA 45 E 54,5,401
202425,FERMO,SCUOLA PRIMARIA,NORMALE,TRA 35 E 44,2,92
202425,ISERNIA,SCUOLA INFANZIA,NORMALE,FINO A 34,0,3
202425,SAVONA,SCUOLA SECONDARIA II GRADO,NORMALE,TRA 35 E 44,64,89
202425,SALERNO,SCUOLA SECONDARIA I GRADO,NORMALE,TRA 45 E 54,247,812
202425,CREMONA,SCUOLA SECONDARIA II GRADO,SOSTEGNO,TRA 45 E 54,12,36
202425,MANTOVA,SCUOLA SECONDARIA II GRADO,SOSTEGNO,FINO A 34,15,30
202425,MODENA,SCUOLA PRIMARIA,SOSTEGNO,TRA 35 E 44,4,108
202425,BARLETTA-ANDRIA-TRANI,SCUOLA SECONDARIA I GRADO,NORMALE,FINO A 34,19,36
202425,AREZZO,SCUOLA PRIMARIA,NORMALE,FINO A 34,4,31
202425,VERONA,SCUOLA PRIMARIA,SOSTEGNO,FINO A 34,6,52
202425,ASTI,SCUOLA SECONDARIA II GRADO,NORMALE,FINO A 34,18,28
202425,POTENZA,SCUOLA SECONDARIA I GRADO,SOSTEGNO,FINO A 34,0,6
202425,MATERA,SCUOLA INFANZIA,NORMALE,TRA 35 E 44,1,46
202425,FIRENZE,SCUOLA INFANZIA,NORMALE,TRA 45 E 54,5,515
202425,VERBANO-CUSIO-OSSOLA,SCUOLA INFANZIA,NORMALE,OLTRE 54,0,93
202425,PARMA,SCUOLA SECONDARIA I GRADO,NORMALE,TRA 35 E 44,39,123
202425,MATERA,SCUOLA SECONDARIA II GRADO,NORMALE,FINO A 34,19,9
202425,RIETI,SCUOLA SECONDARIA II GRADO,NORMALE,TRA 45 E 54,48,138
202425,POTENZA,SCUOLA PRIMARIA,SOSTEGNO,FINO A 34,2,21
202425,TRAPANI,SCUOLA PRIMARIA,NORMALE,FINO A 34,5,19
202425,ASTI,SCUOLA SECONDARIA II GRADO,NORMALE,OLTRE 54,71,179
202425,BRINDISI,SCUOLA INFANZIA,NORMALE,OLTRE 54,1,361
202425,RAGUSA,SCUOLA INFANZIA,NORMALE,FINO A 34,0,1
202425,PADOVA,SCUOLA INFANZIA,SOSTEGNO,TRA 45 E 54,0,18
202425,BARLETTA-ANDRIA-TRANI,SCUOLA INFANZIA,NORMALE,OLTRE 54,3,310
202425,LODI,SCUOLA INFANZIA,NORMALE,TRA 45 E 54,0,95
202425,BRESCIA,SCUOLA SECONDARIA I GRADO,SOSTEGNO,TRA 35 E 44,31,96
202425,ANCONA,SCUOLA SECONDARIA II GRADO,NORMALE,TRA 35 E 44,128,210
202425,BRESCIA,SCUOLA INFANZIA,NORMALE,TRA 35 E 44,1,150
202425,REGGIO CALABRIA,SCUOLA SECONDARIA I GRADO,SOSTEGNO,FINO A 34,9,17
202425,CATANIA,SCUOLA SECONDARIA I GRADO,SOSTEGNO,TRA 35 E 44,36,140
202425,BRINDISI,SCUOLA PRIMARIA,SOSTEGNO,TRA 45 E 54,7,148
202425,RIETI,SCUOLA SECONDARIA I GRADO,NORMALE,FINO A 34,8,12
202425,SAVONA,SCUOLA INFANZIA,NORMALE,OLTRE 54,2,149
202425,COSENZA,SCUOLA PRIMARIA,SOSTEGNO,TRA 35 E 44,9,177
202425,MASSA-CARRARA,SCUOLA INFANZIA,SOSTEGNO,OLTRE 54,0,7
202425,ROVIGO,SCUOLA SECONDARIA II GRADO,NORMALE,TRA 35 E 44,53,64
202425,FERMO,SCUOLA PRIMARIA,NORMALE,FINO A 34,3,36
202425,ORISTANO,SCUOLA SECONDARIA I GRADO,NORMALE,OLTRE 54,32,107
202425,PRATO,SCUOLA INFANZIA,NORMALE,TRA 35 E 44,1,46
202425,ENNA,SCUOLA PRIMARIA,NORMALE,OLTRE 54,21,359
202425,PRATO,SCUOLA SECONDARIA II GRADO,NORMALE,TRA 45 E 54,121,208
202425,LA SPEZIA,SCUOLA SECONDARIA II GRADO,SOSTEGNO,FINO A 34,2,7
202425,GROSSETO,SCUOLA INFANZIA,SOSTEGNO,OLTRE 54,0,6
202425,PESARO E URBINO,SCUOLA SECONDARIA I GRADO,SOSTEGNO,TRA 45 E 54,14,42
202425,MODENA,SCUOLA INFANZIA,NORMALE,TRA 35 E 44,0,143
202425,MILANO,SCUOLA INFANZIA,SOSTEGNO,OLTRE 54,0,26
202425,FOGGIA,SCUOLA SECONDARIA I GRADO,NORMALE,OLTRE 54,171,481
202425,TRIESTE,SCUOLA PRIMARIA,NORMALE,TRA 45 E 54,21,267
202425,CASERTA,SCUOLA SECONDARIA II GRADO,SOSTEGNO,TRA 45 E 54,77,147
202425,PARMA,SCUOLA PRIMARIA,SOSTEGNO,FINO A 34,0,21
202425,MACERATA,SCUOLA INFANZIA,NORMALE,TRA 35 E 44,1,111
202425,LIVORNO,SCUOLA SECONDARIA I GRADO,NORMALE,TRA 45 E 54,49,190
202425,SIRACUSA,SCUOLA SECONDARIA II GRADO,SOSTEGNO,TRA 45 E 54,26,93
202425,ORISTANO,SCUOLA PRIMARIA,NORMALE,TRA 45 E 54,8,198
202425,PORDENONE,SCUOLA SECONDARIA I GRADO,SOSTEGNO,FINO A 34,2,14
202425,CROTONE,SCUOLA INFANZIA,SOSTEGNO,FINO A 34,0,3
202425,FERRARA,SCUOLA SECONDARIA II GRADO,NORMALE,TRA 35 E 44,85,125
202425,MATERA,SCUOLA SECONDARIA I GRADO,SOSTEGNO,OLTRE 54,17,23
202425,PIACENZA,SCUOLA SECONDARIA I GRADO,SOSTEGNO,FINO A 34,4,10
202425,REGGIO EMILIA,SCUOLA SECONDARIA II GRADO,NORMALE,OLTRE 54,214,486
202425,MANTOVA,SCUOLA INFANZIA,SOSTEGNO,TRA 35 E 44,0,17
202425,VITERBO,SCUOLA SECONDARIA I GRADO,NORMALE,TRA 35 E 44,24,94
202425,LECCE,SCUOLA PRIMARIA,SOSTEGNO,FINO A 34,0,43
202425,BRINDISI,SCUOLA SECONDARIA II GRADO,NORMALE,TRA 35 E 44,98,145
202425,PISTOIA,SCUOLA INFANZIA,NORMALE,FINO A 34,0,16
202425,VERBANO-CUSIO-OSSOLA,SCUOLA SECONDARIA II GRADO,NORMALE,TRA 35 E 44,48,60
202425,PAVIA,SCUOLA SECONDARIA I GRADO,NORMALE,TRA 45 E 54,73,240
202425,PORDENONE,SCUOLA INFANZIA,SOSTEGNO,OLTRE 54,0,4
202425,FIRENZE,SCUOLA SECONDARIA I GRADO,NORMALE,TRA 35 E 44,117,281
202425,CASERTA,SCUOLA SECONDARIA I GRADO,SOSTEGNO,TRA 45 E 54,58,115
202425,VIBO VALENTIA,SCUOLA INFANZIA,NORMALE,TRA 45 E 54,4,93
202425,CAMPOBASSO,SCUOLA SECONDARIA II GRADO,SOSTEGNO,FINO A 34,0,2
202425,LUCCA,SCUOLA SECONDARIA I GRADO,NORMALE,TRA 35 E 44,41,115
202425,FORLI'-CESENA,SCUOLA PRIMARIA,NORMALE,OLTRE 54,16,501
202425,BARI,SCUOLA SECONDARIA II GRADO,NORMALE,TRA 35 E 44,278,465
202425,NOVARA,SCUOLA INFANZIA,SOSTEGNO,TRA 45 E 54,0,9
202425,ENNA,SCUOLA INFANZIA,SOSTEGNO,TRA 45 E 54,0,29
202425,LECCO,SCUOLA SECONDARIA I GRADO,SOSTEGNO,TRA 45 E 54,2,32
202425,BERGAMO,SCUOLA INFANZIA,SOSTEGNO,TRA 45 E 54,0,37
202425,SIRACUSA,SCUOLA SECONDARIA I GRADO,SOSTEGNO,FINO A 34,3,4
202425,COSENZA,SCUOLA INFANZIA,SOSTEGNO,TRA 45 E 54,3,56
202425,MANTOVA,SCUOLA SECONDARIA I GRADO,NORMALE,FINO A 34,30,59
202425,FERRARA,SCUOLA SECONDARIA II GRADO,NORMALE,FINO A 34,44,61
202425,RAVENNA,SCUOLA SECONDARIA II GRADO,SOSTEGNO,TRA 45 E 54,18,43
202425,LA SPEZIA,SCUOLA SECONDARIA II GRADO,NORMALE,OLTRE 54,97,238
202425,CALTANISSETTA,SCUOLA SECONDARIA I GRADO,NORMALE,FINO A 34,28,23
202425,COSENZA,SCUOLA SECONDARIA I GRADO,NORMALE,OLTRE 54,220,706
202425,PISA,SCUOLA INFANZIA,NORMALE,TRA 35 E 44,1,97
202425,IMPERIA,SCUOLA SECONDARIA II GRADO,SOSTEGNO,OLTRE 54,7,24
202425,RIETI,SCUOLA SECONDARIA I GRADO,SOSTEGNO,FINO A 34,1,5
202425,CREMONA,SCUOLA SECONDARIA II GRADO,SOSTEGNO,TRA 35 E 44,16,40
202425,MANTOVA,SCUOLA SECONDARIA II GRADO,NORMALE,OLTRE 54,161,296
202425,MODENA,SCUOLA SECONDARIA II GRADO,SOSTEGNO,TRA 45 E 54,25,118
202425,VICENZA,SCUOLA SECONDARIA I GRADO,SOSTEGNO,FINO A 34,13,50
202425,CHIETI,SCUOLA SECONDARIA II GRADO,NORMALE,TRA 45 E 54,150,380
202425,VERCELLI,SCUOLA SECONDARIA I GRADO,SOSTEGNO,TRA 45 E 54,3,14
202425,LATINA,SCUOLA SECONDARIA I GRADO,NORMALE,FINO A 34,35,45
202425,BRESCIA,SCUOLA PRIMARIA,SOSTEGNO,OLTRE 54,4,73
202425,TRIESTE,SCUOLA SECONDARIA II GRADO,SOSTEGNO,TRA 45 E 54,5,15
202425,FROSINONE,SCUOLA SECONDARIA II GRADO,NORMALE,OLTRE 54,404,739
202425,AREZZO,SCUOLA PRIMARIA,SOSTEGNO,TRA 45 E 54,4,85
202425,RAVENNA,SCUOLA SECONDARIA II GRADO,SOSTEGNO,FINO A 34,5,19
202425,GORIZIA,SCUOLA INFANZIA,NORMALE,TRA 45 E 54,0,101
202425,SASSARI,SCUOLA SECONDARIA I GRADO,NORMALE,OLTRE 54,112,404
202425,BENEVENTO,SCUOLA PRIMARIA,NORMALE,TRA 45 E 54,4,328
202425,BOLOGNA,SCUOLA PRIMARIA,SOSTEGNO,TRA 35 E 44,11,156
202425,ROVIGO,SCUOLA PRIMARIA,SOSTEGNO,OLTRE 54,1,28
202425,BELLUNO,SCUOLA PRIMARIA,NORMALE,FINO A 34,2,50
202425,MONZA E DELLA BRIANZA,SCUOLA SECONDARIA I GRADO,SOSTEGNO,OLTRE 54,7,44
202425,BRINDISI,SCUOLA SECONDARIA I GRADO,SOSTEGNO,FINO A 34,7,37
202425,BERGAMO,SCUOLA SECONDARIA II GRADO,NORMALE,TRA 35 E 44,260,382
202425,ALESSANDRIA,SCUOLA SECONDARIA I GRADO,SOSTEGNO,FINO A 34,2,8
202425,L'AQUILA,SCUOLA SECONDARIA II GRADO,SOSTEGNO,OLTRE 54,21,80
202425,TRIESTE,SCUOLA SECONDARIA I GRADO,NORMALE,TRA 35 E 44,27,72
202425,ANCONA,SCUOLA SECONDARIA II GRADO,NORMALE,FINO A 34,66,65
202425,SASSARI,SCUOLA SECONDARIA II GRADO,SOSTEGNO,TRA 45 E 54,35,111
202425,FROSINONE,SCUOLA PRIMARIA,SOSTEGNO,TRA 45 E 54,6,180
202425,MANTOVA,SCUOLA PRIMARIA,NORMALE,OLTRE 54,20,440
202425,SIENA,SCUOLA SECONDARIA II GRADO,NORMALE,OLTRE 54,160,277
202425,SALERNO,SCUOLA PRIMARIA,NORMALE,FINO A 34,19,28
202425,ASTI,SCUOLA PRIMARIA,SOSTEGNO,FINO A 34,0,7
202425,CATANIA,SCUOLA SECONDARIA I GRADO,SOSTEGNO,FINO A 34,12,20
202425,ORISTANO,SCUOLA SECONDARIA I GRADO,NORMALE,TRA 35 E 44,19,43
202425,FERMO,SCUOLA SECONDARIA II GRADO,SOSTEGNO,TRA 45 E 54,6,25
202425,CALTANISSETTA,SCUOLA PRIMARIA,NORMALE,TRA 45 E 54,5,283
202425,BRESCIA,SCUOLA INFANZIA,SOSTEGNO,TRA 45 E 54,0,27
202425,PARMA,SCUOLA SECONDARIA I GRADO,SOSTEGNO,FINO A 34,6,31
202425,RAGUSA,SCUOLA SECONDARIA II GRADO,NORMALE,FINO A 34,14,26
202425,PORDENONE,SCUOLA SECONDARIA II GRADO,SOSTEGNO,TRA 45 E 54,5,45
202425,TORINO,SCUOLA INFANZIA,SOSTEGNO,OLTRE 54,0,26
202425,MANTOVA,SCUOLA SECONDARIA I GRADO,NORMALE,OLTRE 54,43,200
202425,MILANO,SCUOLA SECONDARIA II GRADO,SOSTEGNO,FINO A 34,76,197
202425,MATERA,SCUOLA INFANZIA,SOSTEGNO,OLTRE 54,0,5
202425,GROSSETO,SCUOLA INFANZIA,NORMALE,TRA 35 E 44,0,27
202425,PALERMO,SCUOLA SECONDARIA II GRADO,SOSTEGNO,TRA 35 E 44,17,87
202425,PRATO,SCUOLA INFANZIA,SOSTEGNO,TRA 45 E 54,0,11
202425,SALERNO,SCUOLA PRIMARIA,SOSTEGNO,TRA 35 E 44,5,209
202425,PARMA,SCUOLA PRIMARIA,NORMALE,OLTRE 54,16,509
202425,ASCOLI PICENO,SCUOLA SECONDARIA II GRADO,SOSTEGNO,TRA 35 E 44,4,20
202425,POTENZA,SCUOLA SECONDARIA I GRADO,NORMALE,TRA 45 E 54,69,285
202425,AGRIGENTO,SCUOLA SECONDARIA I GRADO,SOSTEGNO,OLTRE 54,53,71
202425,BOLOGNA,SCUOLA INFANZIA,SOSTEGNO,OLTRE 54,1,2
202425,RAVENNA,SCUOLA SECONDARIA II GRADO,NORMALE,OLTRE 54,134,338
202425,ROVIGO,SCUOLA PRIMARIA,NORMALE,TRA 35 E 44,5,82
202425,PAVIA,SCUOLA SECONDARIA II GRADO,SOSTEGNO,OLTRE 54,12,34
202425,SAVONA,SCUOLA PRIMARIA,NORMALE,TRA 45 E 54,11,277
202425,BERGAMO,SCUOLA SECONDARIA I GRADO,NORMALE,FINO A 34,62,145
202425,PALERMO,SCUOLA SECONDARIA I GRADO,SOSTEGNO,OLTRE 54,85,199
202425,ENNA,SCUOLA PRIMARIA,SOSTEGNO,TRA 45 E 54,6,64
202425,GORIZIA,SCUOLA SECONDARIA II GRADO,NORMALE,TRA 35 E 44,38,45
202425,PISA,SCUOLA INFANZIA,SOSTEGNO,OLTRE 54,0,9
202425,MODENA,SCUOLA INFANZIA,SOSTEGNO,FINO A 34,0,12
202425,BRINDISI,SCUOLA INFANZIA,SOSTEGNO,TRA 35 E 44,1,32
202425,CASERTA,SCUOLA SECONDARIA I GRADO,NORMALE,TRA 35 E 44,129,415
202425,LA SPEZIA,SCUOLA INFANZIA,SOSTEGNO,FINO A 34,0,2
202425,CUNEO,SCUOLA SECONDARIA I GRADO,SOSTEGNO,TRA 45 E 54,13,30
202425,MONZA E DELLA BRIANZA,SCUOLA PRIMARIA,NORMALE,OLTRE 54,25,1022
202425,VICENZA,SCUOLA SECONDARIA II GRADO,NORMALE,TRA 45 E 54,369,591
202425,MILANO,SCUOLA SECONDARIA I GRADO,NORMALE,FINO A 34,179,368
202425,LATINA,SCUOLA SECONDARIA I GRADO,SOSTEGNO,TRA 45 E 54,23,96
202425,FOGGIA,SCUOLA INFANZIA,NORMALE,TRA 45 E 54,3,284
202425,VERBANO-CUSIO-OSSOLA,SCUOLA INFANZIA,SOSTEGNO,TRA 35 E 44,0,9
202425,LUCCA,SCUOLA SECONDARIA I GRADO,NORMALE,FINO A 34,9,37
202425,FORLI'-CESENA,SCUOLA PRIMARIA,NORMALE,TRA 45 E 54,22,477
202425,BARI,SCUOLA SECONDARIA II GRADO,NORMALE,FINO A 34,82,87
202425,PAVIA,SCUOLA SECONDARIA II GRADO,NORMALE,TRA 35 E 44,105,151
202425,NOVARA,SCUOLA INFANZIA,SOSTEGNO,TRA 35 E 44,0,16
202425,ENNA,SCUOLA INFANZIA,SOSTEGNO,TRA 35 E 44,0,10
202425,VENEZIA,SCUOLA SECONDARIA I GRADO,NORMALE,FINO A 34,64,101
202425,MILANO,SCUOLA SECONDARIA II GRADO,NORMALE,OLTRE 54,1075,2654
202425,REGGIO EMILIA,SCUOLA SECONDARIA I GRADO,SOSTEGNO,TRA 45 E 54,15,53
202425,MATERA,SCUOLA SECONDARIA II GRADO,SOSTEGNO,TRA 45 E 54,11,44
202425,TERAMO,SCUOLA SECONDARIA II GRADO,NORMALE,TRA 35 E 44,68,116
202425,BENEVENTO,SCUOLA SECONDARIA II GRADO,NORMALE,TRA 45 E 54,145,241
202425,SIRACUSA,SCUOLA INFANZIA,NORMALE,FINO A 34,0,1
202425,PISTOIA,SCUOLA SECONDARIA II GRADO,NORMALE,FINO A 34,34,32
202425,VERONA,SCUOLA SECONDARIA I GRADO,NORMALE,TRA 45 E 54,147,598
202425,ASCOLI PICENO,SCUOLA SECONDARIA I GRADO,SOSTEGNO,OLTRE 54,4,16
202425,VENEZIA,SCUOLA SECONDARIA II GRADO,NORMALE,OLTRE 54,423,737
202425,RIMINI,SCUOLA INFANZIA,SOSTEGNO,TRA 45 E 54,0,9
202425,LIVORNO,SCUOLA SECONDARIA I GRADO,NORMALE,FINO A 34,22,29
202425,BRESCIA,SCUOLA INFANZIA,NORMALE,TRA 45 E 54,0,452
202425,CAMPOBASSO,SCUOLA INFANZIA,NORMALE,FINO A 34,0,8
202425,MONZA E DELLA BRIANZA,SCUOLA SECONDARIA I GRADO,NORMALE,TRA 35 E 44,117,330
202425,CUNEO,SCUOLA SECONDARIA I GRADO,NORMALE,FINO A 34,22,71
202425,RAVENNA,SCUOLA PRIMARIA,SOSTEGNO,OLTRE 54,1,24
202425,TRIESTE,SCUOLA INFANZIA,NORMALE,OLTRE 54,0,71
202425,CASERTA,SCUOLA SECONDARIA II GRADO,NORMALE,TRA 35 E 44,229,477
202425,FROSINONE,SCUOLA INFANZIA,SOSTEGNO,OLTRE 54,0,25
202425,IMPERIA,SCUOLA SECONDARIA II GRADO,NORMALE,TRA 35 E 44,41,56
202425,AREZZO,SCUOLA INFANZIA,NORMALE,TRA 45 E 54,3,211
202425,CASERTA,SCUOLA INFANZIA,SOSTEGNO,TRA 35 E 44,0,32
202425,TERAMO,SCUOLA SECONDARIA I GRADO,NORMALE,OLTRE 54,69,189
202425,BELLUNO,SCUOLA SECONDARIA II GRADO,SOSTEGNO,TRA 45 E 54,5,14
202425,PESCARA,SCUOLA PRIMARIA,NORMALE,OLTRE 54,17,542
202425,FOGGIA,SCUOLA SECONDARIA II GRADO,NORMALE,TRA 45 E 54,256,531
202425,LODI,SCUOLA SECONDARIA II GRADO,NORMALE,OLTRE 54,77,238
202425,BARI,SCUOLA PRIMARIA,NORMALE,FINO A 34,24,111
202425,NAPOLI,SCUOLA SECONDARIA I GRADO,SOSTEGNO,TRA 35 E 44,121,533
202425,CHIETI,SCUOLA SECONDARIA I GRADO,NORMALE,TRA 35 E 44,48,116
202425,ORISTANO,SCUOLA INFANZIA,NORMALE,TRA 35 E 44,0,28
202425,COMO,SCUOLA PRIMARIA,SOSTEGNO,TRA 45 E 54,1,67
202425,NOVARA,SCUOLA SECONDARIA II GRADO,SOSTEGNO,TRA 35 E 44,17,54
202425,AGRIGENTO,SCUOLA SECONDARIA II GRADO,SOSTEGNO,TRA 35 E 44,3,9
202425,L'AQUILA,SCUOLA SECONDARIA II GRADO,NORMALE,TRA 45 E 54,106,240
202425,MATERA,SCUOLA PRIMARIA,SOSTEGNO,TRA 45 E 54,7,49
202425,ROVIGO,SCUOLA PRIMARIA,SOSTEGNO,TRA 45 E 54,3,40
202425,BELLUNO,SCUOLA SECONDARIA II GRADO,NORMALE,TRA 35 E 44,44,62
202425,TORINO,SCUOLA SECONDARIA II GRADO,SOSTEGNO,FINO A 34,44,121
202425,CASERTA,SCUOLA SECONDARIA I GRADO,NORMALE,FINO A 34,34,114
202425,RIETI,SCUOLA INFANZIA,NORMALE,OLTRE 54,0,129
202425,TARANTO,SCUOLA SECONDARIA II GRADO,SOSTEGNO,TRA 35 E 44,16,56
202425,VARESE,SCUOLA INFANZIA,NORMALE,TRA 35 E 44,0,66
202425,UDINE,SCUOLA SECONDARIA I GRADO,SOSTEGNO,TRA 35 E 44,7,28
202425,GENOVA,SCUOLA SECONDARIA I GRADO,NORMALE,OLTRE 54,110,523
202425,BRINDISI,SCUOLA INFANZIA,NORMALE,FINO A 34,1,32
202425,VIBO VALENTIA,SCUOLA SECONDARIA II GRADO,NORMALE,OLTRE 54,172,254
202425,L'AQUILA,SCUOLA PRIMARIA,NORMALE,OLTRE 54,7,572
202425,BERGAMO,SCUOLA INFANZIA,SOSTEGNO,FINO A 34,0,4
202425,SALERNO,SCUOLA INFANZIA,SOSTEGNO,OLTRE 54,1,63
202425,PESCARA,SCUOLA INFANZIA,NORMALE,TRA 35 E 44,0,75
202425,ASTI,SCUOLA SECONDARIA I GRADO,NORMALE,TRA 45 E 54,31,106
202425,LIVORNO,SCUOLA SECONDARIA II GRADO,NORMALE,OLTRE 54,161,318
202425,FOGGIA,SCUOLA INFANZIA,SOSTEGNO,TRA 45 E 54,1,74
202425,SIENA,SCUOLA SECONDARIA II GRADO,NORMALE,TRA 35 E 44,63,108
202425,FROSINONE,SCUOLA INFANZIA,NORMALE,TRA 35 E 44,2,96
202425,NOVARA,SCUOLA SECONDARIA II GRADO,NORMALE,OLTRE 54,183,360
202425,ANCONA,SCUOLA PRIMARIA,NORMALE,OLTRE 54,16,691
202425,BOLOGNA,SCUOLA SECONDARIA II GRADO,SOSTEGNO,TRA 35 E 44,36,122
202425,MASSA-CARRARA,SCUOLA SECONDARIA I GRADO,NORMALE,TRA 45 E 54,33,110
202425,ASCOLI PICENO,SCUOLA SECONDARIA II GRADO,SOSTEGNO,FINO A 34,1,5
202425,SIRACUSA,SCUOLA INFANZIA,SOSTEGNO,FINO A 34,0,2
202425,ALESSANDRIA,SCUOLA PRIMARIA,NORMALE,TRA 35 E 44,5,171
202425,SAVONA,SCUOLA PRIMARIA,NORMALE,FINO A 34,3,49
202425,SUD SARDEGNA,SCUOLA INFANZIA,NORMALE,TRA 35 E 44,2,46
202425,VERCELLI,SCUOLA PRIMARIA,SOSTEGNO,TRA 35 E 44,1,13
202425,VARESE,SCUOLA SECONDARIA I GRADO,SOSTEGNO,TRA 45 E 54,16,80
202425,ORISTANO,SCUOLA INFANZIA,NORMALE,FINO A 34,0,3
202425,ROVIGO,SCUOLA SECONDARIA II GRADO,SOSTEGNO,TRA 45 E 54,7,16
202425,FIRENZE,SCUOLA SECONDARIA II GRADO,SOSTEGNO,FINO A 34,9,34
202425,ORISTANO,SCUOLA SECONDARIA I GRADO,SOSTEGNO,OLTRE 54,12,20
202425,VERCELLI,SCUOLA SECONDARIA II GRADO,NORMALE,FINO A 34,18,27
202425,UDINE,SCUOLA SECONDARIA I GRADO,SOSTEGNO,FINO A 34,6,13
202425,RAGUSA,SCUOLA SECONDARIA II GRADO,SOSTEGNO,OLTRE 54,28,70
202425,BERGAMO,SCUOLA PRIMARIA,SOSTEGNO,OLTRE 54,2,80
202425,IMPERIA,SCUOLA SECONDARIA II GRADO,SOSTEGNO,TRA 45 E 54,8,24
202425,MILANO,SCUOLA PRIMARIA,NORMALE,OLTRE 54,108,3407
202425,ISERNIA,SCUOLA INFANZIA,SOSTEGNO,TRA 45 E 54,0,7
202425,GROSSETO,SCUOLA PRIMARIA,NORMALE,TRA 45 E 54,11,257
202425,PRATO,SCUOLA PRIMARIA,SOSTEGNO,OLTRE 54,1,28
202425,POTENZA,SCUOLA SECONDARIA I GRADO,SOSTEGNO,TRA 35 E 44,4,23
202425,COMO,SCUOLA SECONDARIA I GRADO,NORMALE,TRA 45 E 54,81,307
202425,CUNEO,SCUOLA SECONDARIA II GRADO,SOSTEGNO,TRA 35 E 44,30,86
202425,PIACENZA,SCUOLA INFANZIA,SOSTEGNO,TRA 45 E 54,0,7
202425,LUCCA,SCUOLA PRIMARIA,SOSTEGNO,FINO A 34,0,15
202425,PALERMO,SCUOLA PRIMARIA,SOSTEGNO,FINO A 34,0,23
202425,CALTANISSETTA,SCUOLA INFANZIA,NORMALE,TRA 35 E 44,0,11
202425,LECCO,SCUOLA SECONDARIA I GRADO,NORMALE,TRA 35 E 44,35,110
202425,BERGAMO,SCUOLA INFANZIA,NORMALE,FINO A 34,0,23
202425,SIRACUSA,SCUOLA PRIMARIA,SOSTEGNO,OLTRE 54,13,165
202425,MANTOVA,SCUOLA SECONDARIA II GRADO,SOSTEGNO,TRA 35 E 44,18,59
202425,SASSARI,SCUOLA PRIMARIA,SOSTEGNO,FINO A 34,0,8
202425,CREMONA,SCUOLA SECONDARIA I GRADO,SOSTEGNO,FINO A 34,4,17
202425,FERRARA,SCUOLA SECONDARIA I GRADO,NORMALE,OLTRE 54,51,189
202425,RIETI,SCUOLA SECONDARIA I GRADO,NORMALE,TRA 35 E 44,24,52
202425,ROVIGO,SCUOLA SECONDARIA II GRADO,NORMALE,FINO A 34,23,41
202425,PORDENONE,SCUOLA PRIMARIA,NORMALE,OLTRE 54,10,382
202425,CALTANISSETTA,SCUOLA PRIMARIA,NORMALE,OLTRE 54,20,599
202425,MACERATA,SCUOLA INFANZIA,SOSTEGNO,TRA 45 E 54,1,37
202425,CASERTA,SCUOLA INFANZIA,NORMALE,FINO A 34,0,2
202425,VITERBO,SCUOLA INFANZIA,NORMALE,TRA 45 E 54,2,179
202425,LECCO,SCUOLA SECONDARIA II GRADO,NORMALE,TRA 45 E 54,95,210
202425,MESSINA,SCUOLA SECONDARIA I GRADO,SOSTEGNO,TRA 45 E 54,26,136
202425,L'AQUILA,SCUOLA SECONDARIA I GRADO,NORMALE,TRA 35 E 44,31,81
202425,LATINA,SCUOLA SECONDARIA II GRADO,SOSTEGNO,TRA 35 E 44,18,58
202425,FROSINONE,SCUOLA INFANZIA,SOSTEGNO,TRA 45 E 54,2,62
202425,VERBANO-CUSIO-OSSOLA,SCUOLA PRIMARIA,SOSTEGNO,TRA 45 E 54,0,10
202425,PESARO E URBINO,SCUOLA SECONDARIA I GRADO,SOSTEGNO,TRA 35 E 44,12,52
202425,PESCARA,SCUOLA SECONDARIA I GRADO,SOSTEGNO,OLTRE 54,10,39
202425,VENEZIA,SCUOLA SECONDARIA I GRADO,NORMALE,OLTRE 54,101,423
202425,BELLUNO,SCUOLA SECONDARIA II GRADO,SOSTEGNO,TRA 35 E 44,1,16
202425,LIVORNO,SCUOLA INFANZIA,NORMALE,TRA 35 E 44,0,41
202425,REGGIO CALABRIA,SCUOLA INFANZIA,NORMALE,OLTRE 54,3,532
202425,RAGUSA,SCUOLA SECONDARIA II GRADO,SOSTEGNO,TRA 45 E 54,25,57
202425,TREVISO,SCUOLA SECONDARIA I GRADO,SOSTEGNO,FINO A 34,8,19
202425,RIMINI,SCUOLA SECONDARIA II GRADO,SOSTEGNO,FINO A 34,10,10
202425,MODENA,SCUOLA INFANZIA,NORMALE,TRA 45 E 54,0,349
202425,CASERTA,SCUOLA PRIMARIA,NORMALE,TRA 45 E 54,30,1162
202425,SUD SARDEGNA,SCUOLA INFANZIA,SOSTEGNO,OLTRE 54,1,13
202425,LECCO,SCUOLA PRIMARIA,NORMALE,OLTRE 54,10,393
202425,MATERA,SCUOLA PRIMARIA,SOSTEGNO,TRA 35 E 44,0,38
202425,CUNEO,SCUOLA INFANZIA,SOSTEGNO,TRA 35 E 44,0,30
202425,MONZA E DELLA BRIANZA,SCUOLA INFANZIA,NORMALE,OLTRE 54,1,350
202425,NUORO,SCUOLA SECONDARIA I GRADO,SOSTEGNO,TRA 45 E 54,5,22
202425,PESARO E URBINO,SCUOLA SECONDARIA II GRADO,SOSTEGNO,FINO A 34,4,14
202425,BRINDISI,SCUOLA PRIMARIA,SOSTEGNO,OLTRE 54,3,73
202425,ISERNIA,SCUOLA SECONDARIA I GRADO,NORMALE,TRA 35 E 44,11,36
202425,REGGIO EMILIA,SCUOLA SECONDARIA I GRADO,SOSTEGNO,FINO A 34,20,50
202425,LA SPEZIA,SCUOLA PRIMARIA,SOSTEGNO,FINO A 34,0,9
202425,ASTI,SCUOLA SECONDARIA I GRADO,NORMALE,TRA 35 E 44,26,57
202425,PESARO E URBINO,SCUOLA INFANZIA,SOSTEGNO,TRA 45 E 54,0,25
202425,GORIZIA,SCUOLA INFANZIA,SOSTEGNO,TRA 45 E 54,0,10
202425,SASSARI,SCUOLA SECONDARIA I GRADO,SOSTEGNO,OLTRE 54,14,67
202425,BENEVENTO,SCUOLA PRIMARIA,SOSTEGNO,TRA 45 E 54,3,82
202425,CAMPOBASSO,SCUOLA PRIMARIA,NORMALE,OLTRE 54,10,391
202425,TRAPANI,SCUOLA SECONDARIA I GRADO,NORMALE,TRA 45 E 54,93,258
202425,ROMA,SCUOLA SECONDARIA II GRADO,SOSTEGNO,OLTRE 54,140,526
202425,BELLUNO,SCUOLA PRIMARIA,SOSTEGNO,TRA 35 E 44,1,19
202425,CALTANISSETTA,SCUOLA SECONDARIA I GRADO,SOSTEGNO,OLTRE 54,32,55
202425,BARI,SCUOLA PRIMARIA,SOSTEGNO,OLTRE 54,10,192
202425,CREMONA,SCUOLA SECONDARIA I GRADO,NORMALE,OLTRE 54,57,230
202425,LECCO,SCUOLA INFANZIA,SOSTEGNO,TRA 35 E 44,0,13
202425,BENEVENTO,SCUOLA SECONDARIA I GRADO,SOSTEGNO,TRA 35 E 44,8,38
202425,FERRARA,SCUOLA PRIMARIA,NORMALE,TRA 35 E 44,6,103
202425,COMO,SCUOLA SECONDARIA I GRADO,SOSTEGNO,TRA 35 E 44,6,34
202425,CATANZARO,SCUOLA SECONDARIA II GRADO,SOSTEGNO,TRA 45 E 54,16,79
202425,TERAMO,SCUOLA INFANZIA,NORMALE,FINO A 34,0,7
202425,MILANO,SCUOLA SECONDARIA I GRADO,NORMALE,TRA 45 E 54,391,1634
202425,PESARO E URBINO,SCUOLA PRIMARIA,SOSTEGNO,TRA 35 E 44,1,79
202425,ANCONA,SCUOLA SECONDARIA II GRADO,SOSTEGNO,FINO A 34,6,20
202425,TARANTO,SCUOLA INFANZIA,NORMALE,OLTRE 54,3,397
202425,CASERTA,SCUOLA SECONDARIA I GRADO,SOSTEGNO,OLTRE 54,152,238
202425,CATANZARO,SCUOLA SECONDARIA I GRADO,NORMALE,TRA 45 E 54,70,255
202425,BELLUNO,SCUOLA SECONDARIA II GRADO,SOSTEGNO,OLTRE 54,7,13
202425,MASSA-CARRARA,SCUOLA SECONDARIA I GRADO,NORMALE,TRA 35 E 44,29,54
202425,GROSSETO,SCUOLA SECONDARIA I GRADO,SOSTEGNO,OLTRE 54,1,16
202425,CALTANISSETTA,SCUOLA INFANZIA,SOSTEGNO,TRA 45 E 54,3,21
202425,CATANIA,SCUOLA SECONDARIA II GRADO,NORMALE,TRA 35 E 44,191,311
202425,VITERBO,SCUOLA INFANZIA,NORMALE,TRA 35 E 44,0,53
202425,LATINA,SCUOLA SECONDARIA II GRADO,SOSTEGNO,FINO A 34,3,14
202425,TERNI,SCUOLA SECONDARIA II GRADO,SOSTEGNO,TRA 45 E 54,3,46
202425,FIRENZE,SCUOLA SECONDARIA I GRADO,SOSTEGNO,OLTRE 54,15,54
202425,LODI,SCUOLA SECONDARIA I GRADO,NORMALE,OLTRE 54,23,113
202425,PRATO,SCUOLA SECONDARIA II GRADO,SOSTEGNO,FINO A 34,2,16
202425,SUD SARDEGNA,SCUOLA INFANZIA,NORMALE,FINO A 34,0,18
202425,NOVARA,SCUOLA PRIMARIA,SOSTEGNO,FINO A 34,1,11
202425,AGRIGENTO,SCUOLA SECONDARIA I GRADO,SOSTEGNO,FINO A 34,1,2
202425,VENEZIA,SCUOLA INFANZIA,SOSTEGNO,OLTRE 54,0,11
202425,VERCELLI,SCUOLA SECONDARIA I GRADO,SOSTEGNO,OLTRE 54,4,10
202425,SIENA,SCUOLA INFANZIA,NORMALE,FINO A 34,1,15
202425,MACERATA,SCUOLA PRIMARIA,SOSTEGNO,TRA 35 E 44,4,82
202425,CASERTA,SCUOLA INFANZIA,SOSTEGNO,OLTRE 54,0,74
202425,BOLOGNA,SCUOLA PRIMARIA,SOSTEGNO,FINO A 34,4,101
202425,ALESSANDRIA,SCUOLA SECONDARIA I GRADO,NORMALE,FINO A 34,22,50
202425,CHIETI,SCUOLA PRIMARIA,NORMALE,TRA 45 E 54,12,462
202425,SASSARI,SCUOLA SECONDARIA I GRADO,SOSTEGNO,TRA 45 E 54,19,90
202425,MACERATA,SCUOLA SECONDARIA II GRADO,NORMALE,TRA 45 E 54,153,312
202425,VIBO VALENTIA,SCUOLA SECONDARIA I GRADO,NORMALE,TRA 45 E 54,44,108
202425,SONDRIO,SCUOLA SECONDARIA I GRADO,NORMALE,FINO A 34,19,20
202425,BARI,SCUOLA PRIMARIA,SOSTEGNO,TRA 45 E 54,26,360
202425,ANCONA,SCUOLA INFANZIA,SOSTEGNO,FINO A 34,0,13
202425,PALERMO,SCUOLA SECONDARIA II GRADO,NORMALE,OLTRE 54,935,1742
202425,VENEZIA,SCUOLA SECONDARIA II GRADO,SOSTEGNO,TRA 35 E 44,17,57
202425,TERNI,SCUOLA SECONDARIA II GRADO,NORMALE,TRA 35 E 44,52,92
202425,CATANZARO,SCUOLA SECONDARIA I GRADO,NORMALE,TRA 35 E 44,47,144
202425,VIBO VALENTIA,SCUOLA SECONDARIA II GRADO,SOSTEGNO,TRA 45 E 54,7,35
202425,RAGUSA,SCUOLA INFANZIA,SOSTEGNO,OLTRE 54,0,16
202425,ASCOLI PICENO,SCUOLA SECONDARIA I GRADO,SOSTEGNO,FINO A 34,1,4
202425,VERCELLI,SCUOLA INFANZIA,SOSTEGNO,OLTRE 54,1,2
202425,MASSA-CARRARA,SCUOLA SECONDARIA I GRADO,SOSTEGNO,TRA 45 E 54,4,30
202425,GORIZIA,SCUOLA SECONDARIA I GRADO,NORMALE,FINO A 34,8,12
202425,RAGUSA,SCUOLA SECONDARIA II GRADO,NORMALE,TRA 35 E 44,66,94
202425,POTENZA,SCUOLA SECONDARIA II GRADO,SOSTEGNO,TRA 45 E 54,26,99
202425,FERRARA,SCUOLA INFANZIA,NORMALE,OLTRE 54,0,106
202425,MONZA E DELLA BRIANZA,SCUOLA INFANZIA,NORMALE,FINO A 34,0,15
202425,REGGIO EMILIA,SCUOLA PRIMARIA,NORMALE,FINO A 34,8,100
202425,PISTOIA,SCUOLA SECONDARIA II GRADO,SOSTEGNO,FINO A 34,8,20
202425,AGRIGENTO,SCUOLA PRIMARIA,SOSTEGNO,TRA 35 E 44,5,35
202425,CASERTA,SCUOLA SECONDARIA I GRADO,NORMALE,TRA 45 E 54,210,748
202425,SUD SARDEGNA,SCUOLA SECONDARIA I GRADO,SOSTEGNO,TRA 45 E 54,11,52
202425,CUNEO,SCUOLA SECONDARIA I GRADO,SOSTEGNO,FINO A 34,4,27
202425,AVELLINO,SCUOLA SECONDARIA II GRADO,NORMALE,TRA 35 E 44,126,179
202425,CHIETI,SCUOLA PRIMARIA,NORMALE,FINO A 34,5,21
202425,TERAMO,SCUOLA PRIMARIA,NORMALE,TRA 45 E 54,9,326
202425,MASSA-CARRARA,SCUOLA PRIMARIA,NORMALE,TRA 45 E 54,6,185
202425,CAGLIARI,SCUOLA SECONDARIA II GRADO,NORMALE,TRA 35 E 44,101,148
202425,VITERBO,SCUOLA SECONDARIA II GRADO,SOSTEGNO,TRA 45 E 54,9,50
202425,SUD SARDEGNA,SCUOLA PRIMARIA,NORMALE,FINO A 34,2,44
202425,LECCE,SCUOLA SECONDARIA II GRADO,NORMALE,TRA 35 E 44,185,270
202425,FERMO,SCUOLA SECONDARIA I GRADO,SOSTEGNO,FINO A 34,1,8
202425,PALERMO,SCUOLA INFANZIA,NORMALE,OLTRE 54,4,834
202425,MODENA,SCUOLA SECONDARIA II GRADO,NORMALE,TRA 45 E 54,252,583
202425,CAGLIARI,SCUOLA PRIMARIA,SOSTEGNO,TRA 45 E 54,3,155
202425,VICENZA,SCUOLA PRIMARIA,NORMALE,TRA 35 E 44,13,418
202425,ANCONA,SCUOLA PRIMARIA,SOSTEGNO,OLTRE 54,2,59
202425,PISA,SCUOLA SECONDARIA II GRADO,NORMALE,OLTRE 54,230,401
202425,VENEZIA,SCUOLA SECONDARIA II GRADO,SOSTEGNO,FINO A 34,7,31
202425,MESSINA,SCUOLA INFANZIA,NORMALE,OLTRE 54,8,585
202425,LUCCA,SCUOLA INFANZIA,SOSTEGNO,OLTRE 54,0,8
202425,TREVISO,SCUOLA INFANZIA,SOSTEGNO,FINO A 34,0,6
202425,ROVIGO,SCUOLA SECONDARIA I GRADO,NORMALE,TRA 45 E 54,35,140
202425,PIACENZA,SCUOLA PRIMARIA,SOSTEGNO,TRA 45 E 54,3,28
202425,CATANZARO,SCUOLA PRIMARIA,NORMALE,FINO A 34,2,8
202425,RAVENNA,SCUOLA PRIMARIA,SOSTEGNO,FINO A 34,0,19
202425,UDINE,SCUOLA SECONDARIA II GRADO,NORMALE,TRA 45 E 54,254,383
202425,TREVISO,SCUOLA SECONDARIA II GRADO,NORMALE,OLTRE 54,490,939
202425,PERUGIA,SCUOLA SECONDARIA I GRADO,SOSTEGNO,OLTRE 54,21,77
202425,GENOVA,SCUOLA SECONDARIA I GRADO,SOSTEGNO,OLTRE 54,14,91
202425,LODI,SCUOLA SECONDARIA I GRADO,NORMALE,FINO A 34,17,26
202425,REGGIO EMILIA,SCUOLA INFANZIA,SOSTEGNO,TRA 35 E 44,0,12
202425,MILANO,SCUOLA SECONDARIA I GRADO,NORMALE,TRA 35 E 44,382,1146
202425,TARANTO,SCUOLA SECONDARIA I GRADO,SOSTEGNO,FINO A 34,6,38
202425,L'AQUILA,SCUOLA PRIMARIA,SOSTEGNO,OLTRE 54,2,56
202425,CALTANISSETTA,SCUOLA SECONDARIA I GRADO,SOSTEGNO,TRA 35 E 44,10,47
202425,RAGUSA,SCUOLA PRIMARIA,SOSTEGNO,TRA 35 E 44,0,37
202425,PIACENZA,SCUOLA SECONDARIA II GRADO,SOSTEGNO,TRA 45 E 54,6,41
202425,REGGIO CALABRIA,SCUOLA SECONDARIA II GRADO,SOSTEGNO,FINO A 34,2,0
202425,ALESSANDRIA,SCUOLA INFANZIA,SOSTEGNO,FINO A 34,0,1
202425,VIBO VALENTIA,SCUOLA INFANZIA,SOSTEGNO,TRA 45 E 54,0,14
202425,CROTONE,SCUOLA SECONDARIA II GRADO,SOSTEGNO,FINO A 34,0,1
202425,CATANZARO,SCUOLA INFANZIA,NORMALE,TRA 45 E 54,4,199
202425,UDINE,SCUOLA PRIMARIA,NORMALE,OLTRE 54,27,609
202425,BELLUNO,SCUOLA SECONDARIA I GRADO,SOSTEGNO,FINO A 34,1,4
202425,GENOVA,SCUOLA PRIMARIA,NORMALE,FINO A 34,8,181
202425,FOGGIA,SCUOLA PRIMARIA,NORMALE,TRA 35 E 44,5,147
202425,VENEZIA,SCUOLA INFANZIA,NORMALE,FINO A 34,0,14
202425,LODI,SCUOLA PRIMARIA,NORMALE,TRA 45 E 54,12,307
202425,NAPOLI,SCUOLA INFANZIA,SOSTEGNO,FINO A 34,0,31
202425,VITERBO,SCUOLA SECONDARIA II GRADO,NORMALE,FINO A 34,22,24
202425,LECCE,SCUOLA SECONDARIA I GRADO,SOSTEGNO,FINO A 34,3,14
202425,FERMO,SCUOLA PRIMARIA,SOSTEGNO,TRA 45 E 54,0,38
202425,CREMONA,SCUOLA SECONDARIA II GRADO,NORMALE,TRA 45 E 54,124,253
202425,AGRIGENTO,SCUOLA PRIMARIA,NORMALE,OLTRE 54,57,894
202425,COMO,SCUOLA INFANZIA,SOSTEGNO,FINO A 34,0,7
202425,CHIETI,SCUOLA INFANZIA,SOSTEGNO,OLTRE 54,0,20
202425,L'AQUILA,SCUOLA PRIMARIA,NORMALE,TRA 35 E 44,7,119
202425,SAVONA,SCUOLA PRIMARIA,SOSTEGNO,FINO A 34,0,2
202425,CASERTA,SCUOLA INFANZIA,SOSTEGNO,TRA 45 E 54,4,99
202425,VERCELLI,SCUOLA SECONDARIA I GRADO,NORMALE,TRA 35 E 44,16,53
202425,SIRACUSA,SCUOLA INFANZIA,SOSTEGNO,OLTRE 54,0,38
202425,CAGLIARI,SCUOLA PRIMARIA,SOSTEGNO,TRA 35 E 44,2,66
202425,VARESE,SCUOLA SECONDARIA II GRADO,NORMALE,TRA 45 E 54,255,549
202425,LIVORNO,SCUOLA INFANZIA,NORMALE,FINO A 34,0,10
202425,BIELLA,SCUOLA SECONDARIA II GRADO,NORMALE,FINO A 34,12,19
202425,ROMA,SCUOLA SECONDARIA II GRADO,NORMALE,FINO A 34,309,367
202425,BELLUNO,SCUOLA INFANZIA,SOSTEGNO,FINO A 34,0,3
202425,REGGIO EMILIA,SCUOLA PRIMARIA,SOSTEGNO,OLTRE 54,0,59
202425,NAPOLI,SCUOLA PRIMARIA,NORMALE,OLTRE 54,136,6349
202425,VIBO VALENTIA,SCUOLA SECONDARIA I GRADO,NORMALE,TRA 35 E 44,48,73
202425,RAVENNA,SCUOLA INFANZIA,NORMALE,OLTRE 54,1,111
202425,TREVISO,SCUOLA SECONDARIA II GRADO,NORMALE,TRA 45 E 54,345,600
202425,PIACENZA,SCUOLA INFANZIA,NORMALE,TRA 45 E 54,0,134
202425,GROSSETO,SCUOLA PRIMARIA,SOSTEGNO,OLTRE 54,0,22
202425,VIBO VALENTIA,SCUOLA SECONDARIA II GRADO,SOSTEGNO,TRA 35 E 44,1,7
202425,PAVIA,SCUOLA PRIMARIA,SOSTEGNO,OLTRE 54,1,34
202425,CREMONA,SCUOLA PRIMARIA,NORMALE,TRA 45 E 54,18,406
202425,ISERNIA,SCUOLA SECONDARIA II GRADO,NORMALE,FINO A 34,8,7
202425,UDINE,SCUOLA INFANZIA,SOSTEGNO,TRA 35 E 44,0,28
202425,FERRARA,SCUOLA PRIMARIA,NORMALE,TRA 45 E 54,18,377
202425,BENEVENTO,SCUOLA SECONDARIA I GRADO,SOSTEGNO,FINO A 34,6,10
202425,BIELLA,SCUOLA PRIMARIA,SOSTEGNO,TRA 45 E 54,4,19
202425,SONDRIO,SCUOLA SECONDARIA I GRADO,SOSTEGNO,OLTRE 54,6,11
202425,SASSARI,SCUOLA INFANZIA,NORMALE,TRA 35 E 44,1,36
202425,BELLUNO,SCUOLA SECONDARIA I GRADO,NORMALE,OLTRE 54,38,131
202425,ASCOLI PICENO,SCUOLA PRIMARIA,NORMALE,FINO A 34,1,25
202425,LUCCA,SCUOLA SECONDARIA II GRADO,SOSTEGNO,FINO A 34,5,12
202425,MESSINA,SCUOLA PRIMARIA,SOSTEGNO,TRA 35 E 44,3,73
202425,TRAPANI,SCUOLA SECONDARIA II GRADO,SOSTEGNO,TRA 45 E 54,39,65
202425,RIMINI,SCUOLA SECONDARIA I GRADO,SOSTEGNO,OLTRE 54,9,33
202425,AVELLINO,SCUOLA SECONDARIA II GRADO,NORMALE,FINO A 34,23,41
202425,VIBO VALENTIA,SCUOLA PRIMARIA,SOSTEGNO,FINO A 34,0,3
202425,IMPERIA,SCUOLA PRIMARIA,SOSTEGNO,TRA 35 E 44,1,21
202425,TERAMO,SCUOLA PRIMARIA,NORMALE,TRA 35 E 44,0,106
202425,MESSINA,SCUOLA SECONDARIA II GRADO,NORMALE,TRA 45 E 54,275,562
202425,PRATO,SCUOLA SECONDARIA I GRADO,SOSTEGNO,FINO A 34,3,11
202425,IMPERIA,SCUOLA SECONDARIA I GRADO,SOSTEGNO,FINO A 34,3,5
202425,GENOVA,SCUOLA SECONDARIA II GRADO,SOSTEGNO,OLTRE 54,23,79
202425,PESCARA,SCUOLA SECONDARIA II GRADO,SOSTEGNO,FINO A 34,1,3
202425,RAVENNA,SCUOLA INFANZIA,NORMALE,TRA 45 E 54,2,157
202425,PISTOIA,SCUOLA PRIMARIA,SOSTEGNO,FINO A 34,2,19
202425,ROMA,SCUOLA INFANZIA,NORMALE,FINO A 34,0,35
202425,LATINA,SCUOLA PRIMARIA,NORMALE,TRA 35 E 44,5,158
202425,PORDENONE,SCUOLA INFANZIA,NORMALE,OLTRE 54,0,141
202425,AREZZO,SCUOLA SECONDARIA II GRADO,NORMALE,OLTRE 54,213,405
202425,CATANZARO,SCUOLA SECONDARIA I GRADO,SOSTEGNO,OLTRE 54,20,54
202425,RIMINI,SCUOLA SECONDARIA I GRADO,NORMALE,TRA 35 E 44,38,92
202425,ORISTANO,SCUOLA PRIMARIA,SOSTEGNO,TRA 45 E 54,7,55
202425,CREMONA,SCUOLA PRIMARIA,SOSTEGNO,TRA 45 E 54,3,36
202425,CAMPOBASSO,SCUOLA INFANZIA,NORMALE,TRA 45 E 54,0,117
202425,AVELLINO,SCUOLA PRIMARIA,NORMALE,FINO A 34,3,9
202425,SALERNO,SCUOLA SECONDARIA II GRADO,NORMALE,OLTRE 54,962,1790
202425,IMPERIA,SCUOLA INFANZIA,SOSTEGNO,FINO A 34,0,1
202425,PAVIA,SCUOLA INFANZIA,NORMALE,TRA 35 E 44,1,64
202425,LUCCA,SCUOLA SECONDARIA I GRADO,SOSTEGNO,TRA 35 E 44,12,34
202425,CAMPOBASSO,SCUOLA PRIMARIA,SOSTEGNO,OLTRE 54,2,37
202425,FERMO,SCUOLA SECONDARIA II GRADO,SOSTEGNO,TRA 35 E 44,7,31
202425,PAVIA,SCUOLA PRIMARIA,NORMALE,FINO A 34,11,140
202425,NOVARA,SCUOLA INFANZIA,NORMALE,FINO A 34,0,10
202425,VIBO VALENTIA,SCUOLA SECONDARIA I GRADO,SOSTEGNO,OLTRE 54,16,32
202425,LECCO,SCUOLA PRIMARIA,NORMALE,TRA 35 E 44,13,207
202425,SUD SARDEGNA,SCUOLA PRIMARIA,SOSTEGNO,TRA 45 E 54,2,115
202425,ROVIGO,SCUOLA INFANZIA,NORMALE,OLTRE 54,0,108
202425,CUNEO,SCUOLA PRIMARIA,SOSTEGNO,TRA 35 E 44,3,108
202425,MODENA,SCUOLA INFANZIA,SOSTEGNO,OLTRE 54,0,6
202425,VENEZIA,SCUOLA INFANZIA,NORMALE,TRA 45 E 54,2,295
202425,UDINE,SCUOLA PRIMARIA,NORMALE,TRA 45 E 54,29,605
202425,LA SPEZIA,SCUOLA INFANZIA,SOSTEGNO,OLTRE 54,0,3
202425,GENOVA,SCUOLA INFANZIA,SOSTEGNO,OLTRE 54,0,16
202425,PESCARA,SCUOLA SECONDARIA I GRADO,SOSTEGNO,TRA 45 E 54,7,59
202425,CATANIA,SCUOLA PRIMARIA,SOSTEGNO,TRA 45 E 54,26,574
202425,TARANTO,SCUOLA INFANZIA,SOSTEGNO,OLTRE 54,0,28
202425,FORLI'-CESENA,SCUOLA SECONDARIA I GRADO,NORMALE,TRA 45 E 54,46,188
202425,PERUGIA,SCUOLA SECONDARIA II GRADO,SOSTEGNO,TRA 45 E 54,32,126
202425,GENOVA,SCUOLA SECONDARIA II GRADO,SOSTEGNO,TRA 45 E 54,34,117
202425,RIMINI,SCUOLA PRIMARIA,NORMALE,OLTRE 54,8,393
202425,VARESE,SCUOLA PRIMARIA,SOSTEGNO,FINO A 34,2,36
202425,ORISTANO,SCUOLA SECONDARIA II GRADO,NORMALE,TRA 35 E 44,26,48
202425,PAVIA,SCUOLA SECONDARIA II GRADO,SOSTEGNO,FINO A 34,5,34
202425,SAVONA,SCUOLA SECONDARIA II GRADO,SOSTEGNO,TRA 35 E 44,6,24
202425,VERCELLI,SCUOLA SECONDARIA I GRADO,NORMALE,FINO A 34,12,16
202425,SIRACUSA,SCUOLA INFANZIA,SOSTEGNO,TRA 45 E 54,0,47
202425,PISA,SCUOLA SECONDARIA I GRADO,SOSTEGNO,FINO A 34,6,16
202425,VARESE,SCUOLA SECONDARIA II GRADO,NORMALE,TRA 35 E 44,214,323
202425,RIETI,SCUOLA INFANZIA,NORMALE,FINO A 34,0,2
202425,PORDENONE,SCUOLA INFANZIA,NORMALE,TRA 45 E 54,0,112
202425,ENNA,SCUOLA SECONDARIA II GRADO,NORMALE,OLTRE 54,167,252
202425,BOLOGNA,SCUOLA INFANZIA,NORMALE,OLTRE 54,1,382
202425,BARLETTA-ANDRIA-TRANI,SCUOLA SECONDARIA II GRADO,NORMALE,OLTRE 54,265,434
202425,NUORO,SCUOLA PRIMARIA,NORMALE,FINO A 34,1,16
202425,VARESE,SCUOLA INFANZIA,SOSTEGNO,TRA 45 E 54,0,23
202425,MACERATA,SCUOLA SECONDARIA I GRADO,NORMALE,TRA 35 E 44,15,108
202425,LIVORNO,SCUOLA SECONDARIA II GRADO,NORMALE,FINO A 34,37,44
202425,CREMONA,SCUOLA PRIMARIA,NORMALE,TRA 35 E 44,7,186
202425,CATANZARO,SCUOLA PRIMARIA,SOSTEGNO,FINO A 34,0,13
202425,TARANTO,SCUOLA PRIMARIA,SOSTEGNO,OLTRE 54,5,91
202425,VERCELLI,SCUOLA INFANZIA,NORMALE,TRA 35 E 44,0,41
202425,FOGGIA,SCUOLA SECONDARIA I GRADO,SOSTEGNO,TRA 45 E 54,34,135
202425,ISERNIA,SCUOLA SECONDARIA I GRADO,SOSTEGNO,OLTRE 54,9,4
202425,SONDRIO,SCUOLA INFANZIA,NORMALE,OLTRE 54,0,113
202425,ALESSANDRIA,SCUOLA INFANZIA,NORMALE,OLTRE 54,3,244
202425,SUD SARDEGNA,SCUOLA SECONDARIA II GRADO,NORMALE,OLTRE 54,171,219
202425,PESARO E URBINO,SCUOLA PRIMARIA,SOSTEGNO,FINO A 34,0,19
202425,BARLETTA-ANDRIA-TRANI,SCUOLA SECONDARIA I GRADO,SOSTEGNO,FINO A 34,4,30
202425,SIENA,SCUOLA SECONDARIA I GRADO,SOSTEGNO,TRA 45 E 54,11,38
202425,MATERA,SCUOLA PRIMARIA,NORMALE,TRA 45 E 54,17,222
202425,BRESCIA,SCUOLA SECONDARIA II GRADO,SOSTEGNO,FINO A 34,13,68
202425,FROSINONE,SCUOLA PRIMARIA,SOSTEGNO,OLTRE 54,4,94
202425,VERBANO-CUSIO-OSSOLA,SCUOLA SECONDARIA I GRADO,SOSTEGNO,FINO A 34,0,6
202425,LODI,SCUOLA INFANZIA,NORMALE,TRA 35 E 44,0,66
202425,TRAPANI,SCUOLA SECONDARIA II GRADO,NORMALE,FINO A 34,18,28
202425,TERNI,SCUOLA SECONDARIA II GRADO,SOSTEGNO,TRA 35 E 44,12,29
202425,TARANTO,SCUOLA INFANZIA,SOSTEGNO,TRA 45 E 54,0,51
202425,REGGIO CALABRIA,SCUOLA SECONDARIA I GRADO,NORMALE,OLTRE 54,130,475
202425,GENOVA,SCUOLA SECONDARIA II GRADO,SOSTEGNO,TRA 35 E 44,37,126
202425,ASCOLI PICENO,SCUOLA SECONDARIA I GRADO,NORMALE,FINO A 34,7,12
202425,LUCCA,SCUOLA SECONDARIA II GRADO,NORMALE,OLTRE 54,208,361
202425,AVELLINO,SCUOLA SECONDARIA II GRADO,SOSTEGNO,OLTRE 54,34,117
202425,REGGIO CALABRIA,SCUOLA SECONDARIA II GRADO,SOSTEGNO,TRA 35 E 44,4,16
202425,SAVONA,SCUOLA SECONDARIA I GRADO,SOSTEGNO,FINO A 34,2,5
202425,AGRIGENTO,SCUOLA SECONDARIA I GRADO,NORMALE,TRA 45 E 54,139,311
202425,AVELLINO,SCUOLA INFANZIA,NORMALE,FINO A 34,0,14
202425,CAGLIARI,SCUOLA SECONDARIA I GRADO,SOSTEGNO,TRA 35 E 44,11,35
202425,SIENA,SCUOLA INFANZIA,NORMALE,TRA 35 E 44,0,67
202425,LA SPEZIA,SCUOLA PRIMARIA,SOSTEGNO,TRA 45 E 54,1,52
202425,SIRACUSA,SCUOLA SECONDARIA II GRADO,SOSTEGNO,TRA 35 E 44,3,16
202425,AVELLINO,SCUOLA PRIMARIA,SOSTEGNO,FINO A 34,0,4
202425,MODENA,SCUOLA SECONDARIA I GRADO,NORMALE,TRA 35 E 44,71,244
202425,CATANZARO,SCUOLA INFANZIA,NORMALE,OLTRE 54,0,416
202425,AREZZO,SCUOLA PRIMARIA,SOSTEGNO,FINO A 34,1,27
202425,LODI,SCUOLA SECONDARIA II GRADO,SOSTEGNO,TRA 35 E 44,8,25
202425,VITERBO,SCUOLA SECONDARIA I GRADO,NORMALE,FINO A 34,12,18
202425,IMPERIA,SCUOLA INFANZIA,NORMALE,OLTRE 54,3,127
202425,PIACENZA,SCUOLA INFANZIA,NORMALE,OLTRE 54,0,152
202425,PAVIA,SCUOLA INFANZIA,NORMALE,FINO A 34,0,14
202425,MESSINA,SCUOLA INFANZIA,SOSTEGNO,OLTRE 54,0,44
202425,COSENZA,SCUOLA SECONDARIA II GRADO,SOSTEGNO,OLTRE 54,51,188
202425,PISA,SCUOLA SECONDARIA II GRADO,SOSTEGNO,TRA 45 E 54,15,66
202425,RAGUSA,SCUOLA PRIMARIA,NORMALE,FINO A 34,1,5
202425,ROVIGO,SCUOLA INFANZIA,NORMALE,TRA 45 E 54,1,68
202425,REGGIO CALABRIA,SCUOLA SECONDARIA I GRADO,SOSTEGNO,OLTRE 54,38,95
202425,PRATO,SCUOLA SECONDARIA I GRADO,NORMALE,TRA 45 E 54,45,174
202425,PADOVA,SCUOLA PRIMARIA,NORMALE,TRA 45 E 54,46,1037
202425,LODI,SCUOLA INFANZIA,SOSTEGNO,OLTRE 54,0,2
202425,BRESCIA,SCUOLA SECONDARIA II GRADO,NORMALE,TRA 35 E 44,295,460
202425,PALERMO,SCUOLA SECONDARIA I GRADO,NORMALE,TRA 45 E 54,305,989
202425,CATANIA,SCUOLA INFANZIA,SOSTEGNO,OLTRE 54,1,50
202425,COSENZA,SCUOLA SECONDARIA I GRADO,NORMALE,TRA 35 E 44,116,203
202425,SUD SARDEGNA,SCUOLA SECONDARIA II GRADO,SOSTEGNO,OLTRE 54,10,9
202425,MANTOVA,SCUOLA SECONDARIA II GRADO,NORMALE,TRA 35 E 44,111,115
202425,CAGLIARI,SCUOLA PRIMARIA,NORMALE,FINO A 34,8,11
202425,ROMA,SCUOLA SECONDARIA I GRADO,NORMALE,TRA 45 E 54,574,2471
202425,PERUGIA,SCUOLA PRIMARIA,SOSTEGNO,TRA 45 E 54,5,149
202425,BARLETTA-ANDRIA-TRANI,SCUOLA PRIMARIA,SOSTEGNO,TRA 45 E 54,3,128
202425,FERMO,SCUOLA PRIMARIA,SOSTEGNO,FINO A 34,0,9
202425,PARMA,SCUOLA SECONDARIA I GRADO,SOSTEGNO,OLTRE 54,2,21
202425,VITERBO,SCUOLA SECONDARIA II GRADO,SOSTEGNO,TRA 35 E 44,2,40
202425,LATINA,SCUOLA INFANZIA,SOSTEGNO,FINO A 34,0,2
202425,VIBO VALENTIA,SCUOLA SECONDARIA II GRADO,SOSTEGNO,OLTRE 54,25,68
202425,ALESSANDRIA,SCUOLA SECONDARIA II GRADO,SOSTEGNO,TRA 45 E 54,7,23
202425,LECCE,SCUOLA SECONDARIA II GRADO,NORMALE,FINO A 34,28,44
202425,FERMO,SCUOLA SECONDARIA I GRADO,NORMALE,OLTRE 54,34,105
202425,FROSINONE,SCUOLA SECONDARIA II GRADO,NORMALE,TRA 35 E 44,89,178
202425,MODENA,SCUOLA SECONDARIA I GRADO,NORMALE,FINO A 34,38,94
202425,CHIETI,SCUOLA PRIMARIA,SOSTEGNO,FINO A 34,1,43
202425,PRATO,SCUOLA PRIMARIA,SOSTEGNO,FINO A 34,1,22
202425,REGGIO CALABRIA,SCUOLA INFANZIA,SOSTEGNO,OLTRE 54,0,22
202425,MACERATA,SCUOLA SECONDARIA I GRADO,NORMALE,FINO A 34,15,25
202425,VERONA,SCUOLA INFANZIA,SOSTEGNO,TRA 45 E 54,0,27
202425,RIETI,SCUOLA SECONDARIA II GRADO,NORMALE,TRA 35 E 44,40,69
202425,CAMPOBASSO,SCUOLA PRIMARIA,NORMALE,FINO A 34,0,9
202425,LIVORNO,SCUOLA INFANZIA,SOSTEGNO,FINO A 34,0,2
202425,TRAPANI,SCUOLA PRIMARIA,SOSTEGNO,OLTRE 54,16,155
202425,SONDRIO,SCUOLA INFANZIA,NORMALE,TRA 45 E 54,1,113
202425,PALERMO,SCUOLA INFANZIA,NORMALE,TRA 45 E 54,13,576
202425,SUD SARDEGNA,SCUOLA PRIMARIA,SOSTEGNO,TRA 35 E 44,2,47
202425,PORDENONE,SCUOLA SECONDARIA II GRADO,NORMALE,FINO A 34,25,55
202425,CUNEO,SCUOLA PRIMARIA,NORMALE,OLTRE 54,16,719
202425,MATERA,SCUOLA SECONDARIA II GRADO,NORMALE,OLTRE 54,210,334
202425,PERUGIA,SCUOLA SECONDARIA II GRADO,NORMALE,FINO A 34,60,90
202425,ROMA,SCUOLA INFANZIA,SOSTEGNO,TRA 45 E 54,5,317
202425,MANTOVA,SCUOLA PRIMARIA,NORMALE,TRA 35 E 44,8,235
202425,VITERBO,SCUOLA SECONDARIA I GRADO,SOSTEGNO,TRA 35 E 44,13,39
202425,REGGIO CALABRIA,SCUOLA SECONDARIA I GRADO,NORMALE,TRA 45 E 54,123,338
202425,LECCE,SCUOLA SECONDARIA I GRADO,NORMALE,FINO A 34,21,39
202425,BRINDISI,SCUOLA SECONDARIA II GRADO,SOSTEGNO,TRA 45 E 54,32,88
202425,BIELLA,SCUOLA PRIMARIA,NORMALE,TRA 35 E 44,7,82
202425,TORINO,SCUOLA SECONDARIA I GRADO,NORMALE,FINO A 34,122,260
202425,FORLI'-CESENA,SCUOLA SECONDARIA II GRADO,NORMALE,TRA 45 E 54,184,324
202425,TREVISO,SCUOLA PRIMARIA,NORMALE,OLTRE 54,26,1197
202425,BARLETTA-ANDRIA-TRANI,SCUOLA PRIMARIA,NORMALE,FINO A 34,1,21
202425,ASCOLI PICENO,SCUOLA INFANZIA,NORMALE,TRA 35 E 44,0,31
202425,PADOVA,SCUOLA INFANZIA,NORMALE,TRA 35 E 44,0,55
202425,SUD SARDEGNA,SCUOLA SECONDARIA II GRADO,SOSTEGNO,TRA 45 E 54,20,52
202425,FOGGIA,SCUOLA SECONDARIA II GRADO,SOSTEGNO,TRA 35 E 44,12,43
202425,CALTANISSETTA,SCUOLA SECONDARIA II GRADO,NORMALE,TRA 45 E 54,150,262
202425,BARI,SCUOLA SECONDARIA II GRADO,SOSTEGNO,TRA 35 E 44,25,108
202425,BERGAMO,SCUOLA PRIMARIA,NORMALE,TRA 45 E 54,56,1410
202425,AVELLINO,SCUOLA SECONDARIA I GRADO,NORMALE,TRA 35 E 44,91,159
202425,ISERNIA,SCUOLA PRIMARIA,SOSTEGNO,TRA 35 E 44,2,23
202425,SONDRIO,SCUOLA SECONDARIA II GRADO,SOSTEGNO,FINO A 34,1,11
202425,VENEZIA,SCUOLA INFANZIA,NORMALE,TRA 35 E 44,1,118
202425,MONZA E DELLA BRIANZA,SCUOLA SECONDARIA II GRADO,SOSTEGNO,TRA 35 E 44,13,79
202425,CROTONE,SCUOLA SECONDARIA II GRADO,NORMALE,OLTRE 54,170,229
202425,MASSA-CARRARA,SCUOLA SECONDARIA II GRADO,NORMALE,TRA 35 E 44,39,61
202425,GORIZIA,SCUOLA SECONDARIA I GRADO,NORMALE,OLTRE 54,27,86
202425,TERNI,SCUOLA SECONDARIA I GRADO,NORMALE,OLTRE 54,41,161
202425,LA SPEZIA,SCUOLA SECONDARIA II GRADO,SOSTEGNO,OLTRE 54,4,29
202425,NAPOLI,SCUOLA PRIMARIA,NORMALE,TRA 45 E 54,103,3337
202425,TERAMO,SCUOLA PRIMARIA,SOSTEGNO,TRA 45 E 54,4,85
202425,SAVONA,SCUOLA SECONDARIA I GRADO,NORMALE,TRA 45 E 54,29,148
202425,LODI,SCUOLA SECONDARIA II GRADO,SOSTEGNO,FINO A 34,1,8
202425,BELLUNO,SCUOLA INFANZIA,NORMALE,OLTRE 54,0,103
202425,AREZZO,SCUOLA SECONDARIA I GRADO,NORMALE,TRA 45 E 54,58,190
202425,REGGIO CALABRIA,SCUOLA PRIMARIA,SOSTEGNO,FINO A 34,0,7
202425,COMO,SCUOLA INFANZIA,NORMALE,TRA 35 E 44,0,67
202425,SASSARI,SCUOLA SECONDARIA II GRADO,NORMALE,OLTRE 54,431,623
202425,PAVIA,SCUOLA INFANZIA,SOSTEGNO,TRA 35 E 44,0,10
202425,BIELLA,SCUOLA PRIMARIA,NORMALE,FINO A 34,1,25
202425,MONZA E DELLA BRIANZA,SCUOLA SECONDARIA II GRADO,NORMALE,OLTRE 54,284,690
202425,BERGAMO,SCUOLA SECONDARIA II GRADO,SOSTEGNO,TRA 35 E 44,32,117
202425,ALESSANDRIA,SCUOLA SECONDARIA II GRADO,NORMALE,FINO A 34,45,60
202425,VERONA,SCUOLA PRIMARIA,SOSTEGNO,TRA 35 E 44,6,121
202425,LA SPEZIA,SCUOLA SECONDARIA I GRADO,SOSTEGNO,FINO A 34,3,8
202425,SUD SARDEGNA,SCUOLA SECONDARIA II GRADO,SOSTEGNO,TRA 35 E 44,11,51
202425,SASSARI,SCUOLA INFANZIA,NORMALE,FINO A 34,0,4
202425,SAVONA,SCUOLA INFANZIA,NORMALE,TRA 45 E 54,0,129
202425,CATANIA,SCUOLA SECONDARIA II GRADO,NORMALE,FINO A 34,65,51
202425,LODI,SCUOLA PRIMARIA,SOSTEGNO,FINO A 34,0,14
202425,VERONA,SCUOLA SECONDARIA II GRADO,NORMALE,TRA 45 E 54,305,591
202425,PERUGIA,SCUOLA PRIMARIA,NORMALE,TRA 35 E 44,15,367
202425,BOLOGNA,SCUOLA SECONDARIA II GRADO,NORMALE,FINO A 34,111,90
202425,LIVORNO,SCUOLA PRIMARIA,SOSTEGNO,TRA 45 E 54,2,72
202425,MODENA,SCUOLA PRIMARIA,NORMALE,OLTRE 54,37,811
202425,PESCARA,SCUOLA SECONDARIA I GRADO,NORMALE,TRA 45 E 54,68,254
202425,POTENZA,SCUOLA INFANZIA,NORMALE,TRA 45 E 54,4,175
202425,TRIESTE,SCUOLA SECONDARIA II GRADO,SOSTEGNO,FINO A 34,3,11
202425,PESARO E URBINO,SCUOLA INFANZIA,NORMALE,TRA 45 E 54,2,208
202425,RIMINI,SCUOLA PRIMARIA,SOSTEGNO,OLTRE 54,2,31
202425,VITERBO,SCUOLA PRIMARIA,NORMALE,TRA 35 E 44,1,78
202425,REGGIO CALABRIA,SCUOLA INFANZIA,SOSTEGNO,TRA 45 E 54,1,53
202425,ENNA,SCUOLA SECONDARIA II GRADO,SOSTEGNO,OLTRE 54,28,39
202425,LECCE,SCUOLA INFANZIA,SOSTEGNO,FINO A 34,0,4
202425,MODENA,SCUOLA SECONDARIA I GRADO,SOSTEGNO,OLTRE 54,6,34
202425,SALERNO,SCUOLA SECONDARIA I GRADO,NORMALE,TRA 35 E 44,147,355
202425,PISA,SCUOLA SECONDARIA II GRADO,NORMALE,FINO A 34,34,69
202425,POTENZA,SCUOLA INFANZIA,SOSTEGNO,OLTRE 54,0,18
202425,FORLI'-CESENA,SCUOLA INFANZIA,NORMALE,OLTRE 54,1,160
202425,ASTI,SCUOLA SECONDARIA I GRADO,SOSTEGNO,OLTRE 54,9,14
202425,TERNI,SCUOLA INFANZIA,NORMALE,OLTRE 54,1,187
202425,TARANTO,SCUOLA PRIMARIA,NORMALE,FINO A 34,7,26
202425,BERGAMO,SCUOLA SECONDARIA II GRADO,SOSTEGNO,OLTRE 54,25,46
202425,LATINA,SCUOLA SECONDARIA I GRADO,NORMALE,TRA 35 E 44,67,207
202425,FIRENZE,SCUOLA INFANZIA,NORMALE,TRA 35 E 44,1,217
202425,MANTOVA,SCUOLA PRIMARIA,NORMALE,FINO A 34,8,99
202425,BERGAMO,SCUOLA INFANZIA,NORMALE,TRA 45 E 54,2,303
202425,ENNA,SCUOLA SECONDARIA I GRADO,NORMALE,TRA 45 E 54,51,123
202425,CATANIA,SCUOLA INFANZIA,NORMALE,TRA 35 E 44,6,89
202425,VARESE,SCUOLA PRIMARIA,NORMALE,TRA 45 E 54,37,1058
202425,LA SPEZIA,SCUOLA SECONDARIA I GRADO,NORMALE,OLTRE 54,25,129
202425,GORIZIA,SCUOLA SECONDARIA II GRADO,SOSTEGNO,TRA 35 E 44,11,20
202425,LECCE,SCUOLA SECONDARIA II GRADO,SOSTEGNO,OLTRE 54,80,198
202425,PIACENZA,SCUOLA SECONDARIA II GRADO,NORMALE,TRA 35 E 44,60,81
202425,MILANO,SCUOLA SECONDARIA I GRADO,SOSTEGNO,TRA 45 E 54,88,267
202425,BRINDISI,SCUOLA PRIMARIA,NORMALE,TRA 35 E 44,2,108
202425,RIETI,SCUOLA PRIMARIA,SOSTEGNO,FINO A 34,0,9
202425,PISTOIA,SCUOLA SECONDARIA I GRADO,NORMALE,OLTRE 54,40,111
202425,VICENZA,SCUOLA PRIMARIA,SOSTEGNO,FINO A 34,1,37
202425,PERUGIA,SCUOLA PRIMARIA,NORMALE,FINO A 34,12,88
202425,VERBANO-CUSIO-OSSOLA,SCUOLA PRIMARIA,NORMALE,TRA 35 E 44,4,76
202425,CATANIA,SCUOLA PRIMARIA,SOSTEGNO,TRA 35 E 44,18,246
202425,TRIESTE,SCUOLA SECONDARIA I GRADO,SOSTEGNO,TRA 45 E 54,3,24
202425,FORLI'-CESENA,SCUOLA PRIMARIA,SOSTEGNO,TRA 45 E 54,4,47
202425,LIVORNO,SCUOLA PRIMARIA,SOSTEGNO,TRA 35 E 44,1,53
202425,FROSINONE,SCUOLA SECONDARIA I GRADO,NORMALE,OLTRE 54,105,372
202425,BARI,SCUOLA SECONDARIA II GRADO,SOSTEGNO,FINO A 34,4,22
202425,ISERNIA,SCUOLA PRIMARIA,SOSTEGNO,FINO A 34,1,7
202425,TORINO,SCUOLA INFANZIA,NORMALE,TRA 35 E 44,1,486
202425,MESSINA,SCUOLA INFANZIA,NORMALE,TRA 45 E 54,8,402
202425,TERAMO,SCUOLA SECONDARIA II GRADO,SOSTEGNO,TRA 35 E 44,9,21
202425,PESARO E URBINO,SCUOLA INFANZIA,NORMALE,TRA 35 E 44,0,107
202425,CAGLIARI,SCUOLA SECONDARIA I GRADO,NORMALE,FINO A 34,13,26
202425,BRESCIA,SCUOLA PRIMARIA,SOSTEGNO,TRA 35 E 44,6,178
202425,BIELLA,SCUOLA SECONDARIA I GRADO,NORMALE,TRA 45 E 54,19,102
202425,MILANO,SCUOLA INFANZIA,SOSTEGNO,TRA 45 E 54,3,56
202425,L'AQUILA,SCUOLA SECONDARIA I GRADO,SOSTEGNO,OLTRE 54,26,58
202425,TRIESTE,SCUOLA PRIMARIA,NORMALE,TRA 35 E 44,11,86
202425,SAVONA,SCUOLA SECONDARIA II GRADO,NORMALE,FINO A 34,33,36
202425,AREZZO,SCUOLA SECONDARIA I GRADO,NORMALE,TRA 35 E 44,31,114
202425,PISA,SCUOLA SECONDARIA I GRADO,NORMALE,TRA 35 E 44,39,121
202425,CASERTA,SCUOLA SECONDARIA II GRADO,SOSTEGNO,TRA 35 E 44,10,45
202425,UDINE,SCUOLA SECONDARIA I GRADO,NORMALE,TRA 35 E 44,54,163
202425,GENOVA,SCUOLA PRIMARIA,SOSTEGNO,TRA 45 E 54,6,131
202425,BARLETTA-ANDRIA-TRANI,SCUOLA PRIMARIA,SOSTEGNO,OLTRE 54,1,81
202425,AREZZO,SCUOLA INFANZIA,SOSTEGNO,OLTRE 54,0,5
202425,ORISTANO,SCUOLA PRIMARIA,NORMALE,TRA 35 E 44,3,50
202425,COMO,SCUOLA INFANZIA,NORMALE,FINO A 34,0,18
202425,TERNI,SCUOLA INFANZIA,NORMALE,TRA 45 E 54,0,104
202425,FOGGIA,SCUOLA PRIMARIA,SOSTEGNO,FINO A 34,2,52
202425,BARI,SCUOLA PRIMARIA,SOSTEGNO,FINO A 34,1,114
202425,TERAMO,SCUOLA SECONDARIA I GRADO,SOSTEGNO,OLTRE 54,5,32
202425,NUORO,SCUOLA INFANZIA,NORMALE,TRA 35 E 44,0,21
202425,COSENZA,SCUOLA SECONDARIA I GRADO,SOSTEGNO,FINO A 34,1,6
202425,SIENA,SCUOLA INFANZIA,SOSTEGNO,TRA 35 E 44,0,6
202425,MATERA,SCUOLA INFANZIA,NORMALE,FINO A 34,0,4
202425,VERBANO-CUSIO-OSSOLA,SCUOLA INFANZIA,NORMALE,TRA 45 E 54,0,79
202425,FOGGIA,SCUOLA SECONDARIA I GRADO,SOSTEGNO,OLTRE 54,57,137
202425,GROSSETO,SCUOLA SECONDARIA II GRADO,NORMALE,TRA 45 E 54,88,174
202425,TRAPANI,SCUOLA INFANZIA,SOSTEGNO,OLTRE 54,1,36
202425,ALESSANDRIA,SCUOLA SECONDARIA I GRADO,SOSTEGNO,OLTRE 54,6,35
202425,SUD SARDEGNA,SCUOLA SECONDARIA II GRADO,SOSTEGNO,FINO A 34,6,12
202425,PRATO,SCUOLA SECONDARIA II GRADO,SOSTEGNO,OLTRE 54,3,22
202425,CAMPOBASSO,SCUOLA SECONDARIA II GRADO,NORMALE,OLTRE 54,226,342
202425,BRESCIA,SCUOLA INFANZIA,NORMALE,FINO A 34,0,49
202425,POTENZA,SCUOLA INFANZIA,NORMALE,TRA 35 E 44,1,48
202425,AGRIGENTO,SCUOLA INFANZIA,NORMALE,TRA 35 E 44,0,27
202425,MANTOVA,SCUOLA PRIMARIA,SOSTEGNO,OLTRE 54,3,26
202425,BRESCIA,SCUOLA PRIMARIA,SOSTEGNO,FINO A 34,3,86
202425,COMO,SCUOLA SECONDARIA II GRADO,NORMALE,FINO A 34,39,49
202425,VENEZIA,SCUOLA SECONDARIA I GRADO,NORMALE,TRA 45 E 54,116,444
202425,CREMONA,SCUOLA SECONDARIA II GRADO,SOSTEGNO,FINO A 34,10,17
202425,TORINO,SCUOLA SECONDARIA I GRADO,SOSTEGNO,OLTRE 54,25,123
202425,MODENA,SCUOLA SECONDARIA II GRADO,SOSTEGNO,TRA 35 E 44,34,114
202425,VICENZA,SCUOLA SECONDARIA I GRADO,NORMALE,OLTRE 54,145,563
202425,SUD SARDEGNA,SCUOLA SECONDARIA I GRADO,NORMALE,TRA 35 E 44,74,119
202425,LATINA,SCUOLA PRIMARIA,SOSTEGNO,OLTRE 54,3,95
202425,AREZZO,SCUOLA INFANZIA,SOSTEGNO,TRA 45 E 54,0,21
202425,PESCARA,SCUOLA INFANZIA,SOSTEGNO,TRA 35 E 44,0,29
202425,FORLI'-CESENA,SCUOLA INFANZIA,NORMALE,TRA 45 E 54,2,190
202425,LIVORNO,SCUOLA SECONDARIA I GRADO,NORMALE,TRA 35 E 44,32,73
202425,SALERNO,SCUOLA INFANZIA,NORMALE,TRA 45 E 54,12,697
202425,PERUGIA,SCUOLA SECONDARIA I GRADO,NORMALE,TRA 45 E 54,95,411
202425,MATERA,SCUOLA SECONDARIA I GRADO,SOSTEGNO,TRA 45 E 54,10,34
202425,VERCELLI,SCUOLA SECONDARIA II GRADO,SOSTEGNO,FINO A 34,4,19
202425,BERGAMO,SCUOLA SECONDARIA I GRADO,NORMALE,OLTRE 54,165,566
202425,PORDENONE,SCUOLA SECONDARIA I GRADO,NORMALE,TRA 35 E 44,33,107
202425,GORIZIA,SCUOLA SECONDARIA II GRADO,SOSTEGNO,FINO A 34,4,5
202425,ASTI,SCUOLA SECONDARIA I GRADO,NORMALE,FINO A 34,7,19
202425,RIETI,SCUOLA SECONDARIA II GRADO,SOSTEGNO,TRA 35 E 44,4,26
202425,RAVENNA,SCUOLA INFANZIA,SOSTEGNO,TRA 45 E 54,1,11
202425,LIVORNO,SCUOLA PRIMARIA,NORMALE,FINO A 34,7,22
202425,PORDENONE,SCUOLA SECONDARIA II GRADO,SOSTEGNO,FINO A 34,3,14
202425,PISA,SCUOLA SECONDARIA II GRADO,SOSTEGNO,OLTRE 54,18,47
202425,ROMA,SCUOLA PRIMARIA,NORMALE,TRA 45 E 54,172,5260
202425,PIACENZA,SCUOLA PRIMARIA,NORMALE,TRA 45 E 54,10,390
202425,CATANIA,SCUOLA SECONDARIA I GRADO,NORMALE,OLTRE 54,291,1119
202425,CATANZARO,SCUOLA SECONDARIA II GRADO,SOSTEGNO,TRA 35 E 44,0,8
202425,TERNI,SCUOLA PRIMARIA,SOSTEGNO,TRA 35 E 44,2,29
202425,LECCO,SCUOLA SECONDARIA I GRADO,SOSTEGNO,TRA 35 E 44,3,12
202425,BERGAMO,SCUOLA INFANZIA,SOSTEGNO,TRA 35 E 44,1,28
202425,SIRACUSA,SCUOLA SECONDARIA I GRADO,NORMALE,OLTRE 54,112,326
202425,NOVARA,SCUOLA SECONDARIA I GRADO,SOSTEGNO,TRA 35 E 44,9,25
202425,MATERA,SCUOLA INFANZIA,SOSTEGNO,TRA 45 E 54,0,14
202425,GROSSETO,SCUOLA INFANZIA,NORMALE,FINO A 34,0,4
202425,FERRARA,SCUOLA SECONDARIA I GRADO,SOSTEGNO,OLTRE 54,6,22
202425,PARMA,SCUOLA INFANZIA,SOSTEGNO,TRA 45 E 54,0,13
202425,COMO,SCUOLA SECONDARIA II GRADO,SOSTEGNO,TRA 35 E 44,6,38
202425,CALTANISSETTA,SCUOLA PRIMARIA,SOSTEGNO,OLTRE 54,11,128
202425,GORIZIA,SCUOLA PRIMARIA,SOSTEGNO,FINO A 34,2,5
202425,MILANO,SCUOLA INFANZIA,SOSTEGNO,TRA 35 E 44,3,56
202425,CAGLIARI,SCUOLA INFANZIA,NORMALE,TRA 35 E 44,0,48
202425,ORISTANO,SCUOLA INFANZIA,NORMALE,OLTRE 54,0,108
202425,VERCELLI,SCUOLA SECONDARIA I GRADO,SOSTEGNO,TRA 35 E 44,2,5
202425,L'AQUILA,SCUOLA INFANZIA,NORMALE,OLTRE 54,0,260
202425,BENEVENTO,SCUOLA SECONDARIA II GRADO,SOSTEGNO,FINO A 34,0,1
202425,POTENZA,SCUOLA SECONDARIA I GRADO,NORMALE,TRA 35 E 44,71,113
202425,PESARO E URBINO,SCUOLA SECONDARIA II GRADO,NORMALE,TRA 35 E 44,92,146
202425,VERBANO-CUSIO-OSSOLA,SCUOLA SECONDARIA I GRADO,NORMALE,TRA 45 E 54,33,106
202425,NAPOLI,SCUOLA INFANZIA,NORMALE,TRA 35 E 44,2,419
202425,VENEZIA,SCUOLA SECONDARIA I GRADO,SOSTEGNO,OLTRE 54,7,62
202425,POTENZA,SCUOLA SECONDARIA II GRADO,NORMALE,FINO A 34,28,27
202425,TRIESTE,SCUOLA SECONDARIA II GRADO,SOSTEGNO,TRA 35 E 44,4,17
202425,GORIZIA,SCUOLA SECONDARIA I GRADO,SOSTEGNO,OLTRE 54,5,15
202425,FROSINONE,SCUOLA SECONDARIA II GRADO,NORMALE,TRA 45 E 54,185,396
202425,VARESE,SCUOLA INFANZIA,NORMALE,OLTRE 54,1,284
202425,PADOVA,SCUOLA SECONDARIA I GRADO,NORMALE,TRA 35 E 44,113,315
202425,TREVISO,SCUOLA INFANZIA,SOSTEGNO,TRA 45 E 54,0,19
202425,MATERA,SCUOLA SECONDARIA I GRADO,NORMALE,TRA 35 E 44,29,50
202425,NUORO,SCUOLA SECONDARIA II GRADO,NORMALE,TRA 45 E 54,98,190
202425,BENEVENTO,SCUOLA PRIMARIA,NORMALE,TRA 35 E 44,2,80
202425,BRINDISI,SCUOLA SECONDARIA I GRADO,NORMALE,OLTRE 54,93,303
202425,MONZA E DELLA BRIANZA,SCUOLA PRIMARIA,NORMALE,TRA 45 E 54,54,1030
202425,L'AQUILA,SCUOLA SECONDARIA II GRADO,SOSTEGNO,TRA 45 E 54,11,65
202425,VERCELLI,SCUOLA INFANZIA,SOSTEGNO,TRA 35 E 44,0,5
202425,MANTOVA,SCUOLA PRIMARIA,NORMALE,TRA 45 E 54,21,501
202425,LUCCA,SCUOLA PRIMARIA,SOSTEGNO,OLTRE 54,1,47
202425,FORLI'-CESENA,SCUOLA PRIMARIA,NORMALE,TRA 35 E 44,5,186
202425,ASTI,SCUOLA PRIMARIA,NORMALE,OLTRE 54,9,292
202425,BARI,SCUOLA SECONDARIA I GRADO,SOSTEGNO,OLTRE 54,38,160
202425,BRINDISI,SCUOLA SECONDARIA II GRADO,SOSTEGNO,OLTRE 54,42,94
202425,BARI,SCUOLA SECONDARIA II GRADO,SOSTEGNO,TRA 45 E 54,65,242
202425,VENEZIA,SCUOLA PRIMARIA,SOSTEGNO,OLTRE 54,3,69
202425,LECCO,SCUOLA SECONDARIA I GRADO,SOSTEGNO,FINO A 34,4,5
202425,SALERNO,SCUOLA SECONDARIA I GRADO,SOSTEGNO,OLTRE 54,86,187
202425,FIRENZE,SCUOLA SECONDARIA I GRADO,SOSTEGNO,FINO A 34,8,25
202425,CALTANISSETTA,SCUOLA PRIMARIA,NORMALE,TRA 35 E 44,2,65
202425,FIRENZE,SCUOLA INFANZIA,SOSTEGNO,OLTRE 54,2,19
202425,BARI,SCUOLA SECONDARIA I GRADO,NORMALE,OLTRE 54,223,995
202425,BRESCIA,SCUOLA INFANZIA,SOSTEGNO,TRA 35 E 44,0,38
202425,BENEVENTO,SCUOLA SECONDARIA II GRADO,NORMALE,TRA 35 E 44,78,125
202425,TORINO,SCUOLA PRIMARIA,NORMALE,TRA 35 E 44,94,1384
202425,TERAMO,SCUOLA INFANZIA,SOSTEGNO,FINO A 34,0,7
202425,SONDRIO,SCUOLA PRIMARIA,NORMALE,OLTRE 54,5,261
202425,ALESSANDRIA,SCUOLA PRIMARIA,NORMALE,OLTRE 54,13,506
202425,CHIETI,SCUOLA INFANZIA,NORMALE,TRA 45 E 54,0,221
202425,CROTONE,SCUOLA PRIMARIA,NORMALE,TRA 45 E 54,16,242
202425,RAGUSA,SCUOLA SECONDARIA I GRADO,SOSTEGNO,OLTRE 54,34,38
202425,VERONA,SCUOLA SECONDARIA I GRADO,NORMALE,TRA 35 E 44,100,320
202425,SIENA,SCUOLA SECONDARIA I GRADO,NORMALE,TRA 45 E 54,43,165
202425,TORINO,SCUOLA SECONDARIA I GRADO,SOSTEGNO,TRA 45 E 54,32,129
202425,VITERBO,SCUOLA INFANZIA,SOSTEGNO,TRA 35 E 44,0,16
202425,MANTOVA,SCUOLA INFANZIA,NORMALE,FINO A 34,0,23
202425,LECCE,SCUOLA INFANZIA,NORMALE,FINO A 34,0,10
202425,RAVENNA,SCUOLA PRIMARIA,SOSTEGNO,TRA 45 E 54,3,51
202425,ENNA,SCUOLA SECONDARIA II GRADO,NORMALE,FINO A 34,22,18
202425,IMPERIA,SCUOLA PRIMARIA,SOSTEGNO,OLTRE 54,1,22
202425,RAVENNA,SCUOLA SECONDARIA II GRADO,NORMALE,TRA 45 E 54,131,302
202425,POTENZA,SCUOLA INFANZIA,SOSTEGNO,FINO A 34,0,6
202425,PAVIA,SCUOLA SECONDARIA II GRADO,SOSTEGNO,TRA 45 E 54,7,63
202425,NUORO,SCUOLA INFANZIA,SOSTEGNO,TRA 35 E 44,0,7
202425,VERCELLI,SCUOLA SECONDARIA II GRADO,NORMALE,OLTRE 54,91,187
202425,CAGLIARI,SCUOLA SECONDARIA II GRADO,NORMALE,FINO A 34,25,25
202425,POTENZA,SCUOLA SECONDARIA II GRADO,SOSTEGNO,TRA 35 E 44,1,13
202425,L'AQUILA,SCUOLA SECONDARIA II GRADO,NORMALE,TRA 35 E 44,53,86
202425,BELLUNO,SCUOLA SECONDARIA II GRADO,NORMALE,FINO A 34,24,23
202425,VARESE,SCUOLA INFANZIA,NORMALE,FINO A 34,0,9
202425,RIETI,SCUOLA PRIMARIA,NORMALE,TRA 35 E 44,4,62
202425,VICENZA,SCUOLA INFANZIA,NORMALE,TRA 45 E 54,0,320
202425,ASTI,SCUOLA PRIMARIA,NORMALE,TRA 45 E 54,9,240
202425,VICENZA,SCUOLA SECONDARIA II GRADO,NORMALE,TRA 35 E 44,256,335
202425,CATANZARO,SCUOLA SECONDARIA II GRADO,NORMALE,OLTRE 54,332,526
202425,TARANTO,SCUOLA SECONDARIA II GRADO,SOSTEGNO,TRA 45 E 54,42,137
202425,MILANO,SCUOLA PRIMARIA,SOSTEGNO,OLTRE 54,15,166
202425,LATINA,SCUOLA SECONDARIA I GRADO,SOSTEGNO,TRA 35 E 44,20,82
202425,SAVONA,SCUOLA INFANZIA,NORMALE,TRA 35 E 44,1,36
202425,BARI,SCUOLA SECONDARIA I GRADO,NORMALE,TRA 45 E 54,225,943
202425,ANCONA,SCUOLA PRIMARIA,NORMALE,FINO A 34,7,84
202425,RAGUSA,SCUOLA SECONDARIA I GRADO,SOSTEGNO,TRA 45 E 54,13,33
202425,MILANO,SCUOLA SECONDARIA II GRADO,NORMALE,TRA 45 E 54,843,1785
202425,CATANIA,SCUOLA INFANZIA,SOSTEGNO,FINO A 34,2,7
202425,REGGIO EMILIA,SCUOLA SECONDARIA I GRADO,SOSTEGNO,TRA 35 E 44,19,54
202425,TERAMO,SCUOLA SECONDARIA II GRADO,NORMALE,FINO A 34,10,24
202425,MATERA,SCUOLA INFANZIA,SOSTEGNO,TRA 35 E 44,0,13
202425,GORIZIA,SCUOLA SECONDARIA II GRADO,SOSTEGNO,OLTRE 54,2,10
202425,VERCELLI,SCUOLA PRIMARIA,NORMALE,OLTRE 54,8,247
202425,PISTOIA,SCUOLA SECONDARIA I GRADO,SOSTEGNO,OLTRE 54,11,27
202425,COMO,SCUOLA SECONDARIA II GRADO,SOSTEGNO,FINO A 34,2,18
202425,MANTOVA,SCUOLA SECONDARIA I GRADO,SOSTEGNO,TRA 45 E 54,20,36
202425,RIMINI,SCUOLA INFANZIA,SOSTEGNO,TRA 35 E 44,0,21
202425,RAGUSA,SCUOLA SECONDARIA II GRADO,SOSTEGNO,TRA 35 E 44,3,9
202425,POTENZA,SCUOLA SECONDARIA I GRADO,NORMALE,FINO A 34,21,25
202425,POTENZA,SCUOLA INFANZIA,NORMALE,OLTRE 54,1,426
202425,FERRARA,SCUOLA PRIMARIA,NORMALE,FINO A 34,6,31
202425,PISA,SCUOLA PRIMARIA,SOSTEGNO,TRA 45 E 54,4,89
202425,REGGIO EMILIA,SCUOLA PRIMARIA,SOSTEGNO,FINO A 34,0,32
202425,PRATO,SCUOLA PRIMARIA,NORMALE,TRA 35 E 44,8,124
202425,CASERTA,SCUOLA INFANZIA,SOSTEGNO,FINO A 34,0,8
202425,FOGGIA,SCUOLA SECONDARIA II GRADO,NORMALE,TRA 35 E 44,140,223
202425,NAPOLI,SCUOLA SECONDARIA I GRADO,SOSTEGNO,FINO A 34,42,217
202425,BARI,SCUOLA INFANZIA,SOSTEGNO,OLTRE 54,1,57
202425,LODI,SCUOLA SECONDARIA II GRADO,NORMALE,TRA 45 E 54,62,180
202425,LECCO,SCUOLA SECONDARIA II GRADO,SOSTEGNO,TRA 45 E 54,7,21
202425,BIELLA,SCUOLA SECONDARIA I GRADO,SOSTEGNO,OLTRE 54,2,16
202425,COMO,SCUOLA PRIMARIA,SOSTEGNO,TRA 35 E 44,2,71
202425,CHIETI,SCUOLA SECONDARIA I GRADO,SOSTEGNO,OLTRE 54,15,49
202425,MILANO,SCUOLA PRIMARIA,NORMALE,TRA 45 E 54,228,3567
202425,ISERNIA,SCUOLA INFANZIA,SOSTEGNO,TRA 35 E 44,1,2
202425,CROTONE,SCUOLA INFANZIA,NORMALE,OLTRE 54,3,224
202425,CASERTA,SCUOLA PRIMARIA,SOSTEGNO,OLTRE 54,19,319
202425,TARANTO,SCUOLA SECONDARIA II GRADO,SOSTEGNO,FINO A 34,1,8
202425,GENOVA,SCUOLA SECONDARIA I GRADO,NORMALE,TRA 45 E 54,81,410
202425,CAGLIARI,SCUOLA SECONDARIA II GRADO,SOSTEGNO,TRA 35 E 44,9,43
202425,VICENZA,SCUOLA SECONDARIA II GRADO,NORMALE,FINO A 34,87,131
202425,MACERATA,SCUOLA SECONDARIA I GRADO,SOSTEGNO,FINO A 34,4,9
202425,LATINA,SCUOLA SECONDARIA I GRADO,SOSTEGNO,FINO A 34,11,34
202425,BRINDISI,SCUOLA PRIMARIA,NORMALE,FINO A 34,4,7
202425,PALERMO,SCUOLA INFANZIA,SOSTEGNO,OLTRE 54,2,47
202425,CUNEO,SCUOLA SECONDARIA II GRADO,SOSTEGNO,FINO A 34,15,58
202425,VIBO VALENTIA,SCUOLA SECONDARIA II GRADO,NORMALE,TRA 45 E 54,85,164
202425,VERCELLI,SCUOLA INFANZIA,SOSTEGNO,FINO A 34,0,1
202425,PESCARA,SCUOLA INFANZIA,NORMALE,FINO A 34,0,11
202425,PIACENZA,SCUOLA INFANZIA,SOSTEGNO,TRA 35 E 44,0,7
202425,VERBANO-CUSIO-OSSOLA,SCUOLA INFANZIA,NORMALE,FINO A 34,0,3
202425,LUCCA,SCUOLA PRIMARIA,NORMALE,OLTRE 54,15,556
202425,VERBANO-CUSIO-OSSOLA,SCUOLA PRIMARIA,NORMALE,FINO A 34,1,18
202425,GORIZIA,SCUOLA SECONDARIA II GRADO,SOSTEGNO,TRA 45 E 54,5,29
202425,TRIESTE,SCUOLA PRIMARIA,SOSTEGNO,FINO A 34,0,3
202425,FIRENZE,SCUOLA INFANZIA,SOSTEGNO,TRA 45 E 54,0,19
202425,PIACENZA,SCUOLA SECONDARIA I GRADO,NORMALE,TRA 45 E 54,35,160
202425,FROSINONE,SCUOLA PRIMARIA,NORMALE,TRA 35 E 44,5,134
202425,PISTOIA,SCUOLA SECONDARIA I GRADO,SOSTEGNO,TRA 45 E 54,14,44
202425,ORISTANO,SCUOLA SECONDARIA II GRADO,SOSTEGNO,TRA 45 E 54,10,31
202425,VERONA,SCUOLA SECONDARIA I GRADO,NORMALE,FINO A 34,36,90
202425,SASSARI,SCUOLA PRIMARIA,NORMALE,OLTRE 54,30,765
202425,BENEVENTO,SCUOLA SECONDARIA I GRADO,NORMALE,TRA 45 E 54,57,206
202425,COSENZA,SCUOLA INFANZIA,SOSTEGNO,TRA 35 E 44,1,51
202425,MACERATA,SCUOLA INFANZIA,SOSTEGNO,TRA 35 E 44,0,32
202425,CAMPOBASSO,SCUOLA SECONDARIA II GRADO,SOSTEGNO,OLTRE 54,24,71
202425,ALESSANDRIA,SCUOLA PRIMARIA,NORMALE,FINO A 34,2,43
202425,VIBO VALENTIA,SCUOLA PRIMARIA,NORMALE,TRA 45 E 54,19,232
202425,BELLUNO,SCUOLA SECONDARIA II GRADO,SOSTEGNO,FINO A 34,5,9
202425,CUNEO,SCUOLA INFANZIA,NORMALE,FINO A 34,0,48
202425,BARI,SCUOLA INFANZIA,SOSTEGNO,TRA 45 E 54,0,72
202425,NUORO,SCUOLA SECONDARIA II GRADO,SOSTEGNO,OLTRE 54,8,17
202425,ROVIGO,SCUOLA SECONDARIA II GRADO,SOSTEGNO,TRA 35 E 44,3,22
202425,FIRENZE,SCUOLA SECONDARIA II GRADO,NORMALE,OLTRE 54,424,1066
202425,CAGLIARI,SCUOLA SECONDARIA I GRADO,SOSTEGNO,OLTRE 54,41,64
202425,L'AQUILA,SCUOLA SECONDARIA II GRADO,NORMALE,FINO A 34,18,16
202425,TREVISO,SCUOLA PRIMARIA,SOSTEGNO,TRA 45 E 54,6,125
202425,NOVARA,SCUOLA SECONDARIA I GRADO,NORMALE,FINO A 34,27,40
202425,VERONA,SCUOLA INFANZIA,NORMALE,FINO A 34,0,9
202425,UDINE,SCUOLA SECONDARIA I GRADO,NORMALE,OLTRE 54,100,376
202425,SIRACUSA,SCUOLA SECONDARIA I GRADO,SOSTEGNO,TRA 45 E 54,15,85
202425,GENOVA,SCUOLA SECONDARIA I GRADO,NORMALE,TRA 35 E 44,75,209
202425,PESARO E URBINO,SCUOLA SECONDARIA II GRADO,NORMALE,OLTRE 54,208,407
202425,GROSSETO,SCUOLA PRIMARIA,NORMALE,TRA 35 E 44,5,97
202425,BARI,SCUOLA PRIMARIA,SOSTEGNO,TRA 35 E 44,5,356
202425,BIELLA,SCUOLA SECONDARIA II GRADO,SOSTEGNO,FINO A 34,3,8
202425,ROMA,SCUOLA SECONDARIA II GRADO,SOSTEGNO,FINO A 34,62,159
202425,BARLETTA-ANDRIA-TRANI,SCUOLA SECONDARIA I GRADO,SOSTEGNO,TRA 45 E 54,17,65
202425,REGGIO EMILIA,SCUOLA SECONDARIA I GRADO,NORMALE,OLTRE 54,59,283
202425,FERRARA,SCUOLA SECONDARIA II GRADO,SOSTEGNO,TRA 35 E 44,14,51
202425,TREVISO,SCUOLA SECONDARIA II GRADO,SOSTEGNO,TRA 45 E 54,19,79
202425,ANCONA,SCUOLA SECONDARIA I GRADO,SOSTEGNO,OLTRE 54,9,45
202425,ALESSANDRIA,SCUOLA SECONDARIA I GRADO,NORMALE,OLTRE 54,55,231
202425,MASSA-CARRARA,SCUOLA SECONDARIA I GRADO,NORMALE,FINO A 34,7,16
202425,COMO,SCUOLA INFANZIA,SOSTEGNO,OLTRE 54,0,5
202425,ROMA,SCUOLA PRIMARIA,SOSTEGNO,TRA 45 E 54,53,1352
202425,ASTI,SCUOLA INFANZIA,SOSTEGNO,FINO A 34,0,2
202425,FIRENZE,SCUOLA SECONDARIA I GRADO,SOSTEGNO,TRA 45 E 54,23,83
202425,SONDRIO,SCUOLA SECONDARIA II GRADO,SOSTEGNO,OLTRE 54,4,13
202425,FERRARA,SCUOLA PRIMARIA,SOSTEGNO,TRA 45 E 54,8,67
202425,LECCO,SCUOLA SECONDARIA II GRADO,NORMALE,TRA 35 E 44,70,123
202425,ROVIGO,SCUOLA SECONDARIA II GRADO,SOSTEGNO,FINO A 34,1,6
202425,PESARO E URBINO,SCUOLA SECONDARIA I GRADO,SOSTEGNO,FINO A 34,6,18
202425,ASCOLI PICENO,SCUOLA PRIMARIA,SOSTEGNO,FINO A 34,0,7
202425,CREMONA,SCUOLA SECONDARIA I GRADO,SOSTEGNO,TRA 35 E 44,4,25
202425,AGRIGENTO,SCUOLA INFANZIA,SOSTEGNO,TRA 45 E 54,0,30
202425,REGGIO CALABRIA,SCUOLA INFANZIA,NORMALE,TRA 45 E 54,9,329
202425,BIELLA,SCUOLA SECONDARIA I GRADO,SOSTEGNO,TRA 45 E 54,3,16
202425,TREVISO,SCUOLA SECONDARIA I GRADO,NORMALE,OLTRE 54,128,556
202425,RIMINI,SCUOLA SECONDARIA II GRADO,NORMALE,OLTRE 54,198,291
202425,CASERTA,SCUOLA PRIMARIA,NORMALE,TRA 35 E 44,1,229
202425,MILANO,SCUOLA PRIMARIA,NORMALE,TRA 35 E 44,137,1862
202425,ISERNIA,SCUOLA INFANZIA,NORMALE,OLTRE 54,0,101
202425,CROTONE,SCUOLA INFANZIA,NORMALE,TRA 45 E 54,1,131
202425,PORDENONE,SCUOLA INFANZIA,NORMALE,FINO A 34,0,10
202425,NUORO,SCUOLA SECONDARIA I GRADO,SOSTEGNO,TRA 35 E 44,2,22
202425,TERAMO,SCUOLA PRIMARIA,SOSTEGNO,TRA 35 E 44,2,84
202425,IMPERIA,SCUOLA SECONDARIA II GRADO,NORMALE,FINO A 34,18,24
202425,PALERMO,SCUOLA INFANZIA,SOSTEGNO,TRA 45 E 54,5,108
202425,PORDENONE,SCUOLA SECONDARIA I GRADO,NORMALE,TRA 45 E 54,45,188
202425,PIACENZA,SCUOLA SECONDARIA I GRADO,SOSTEGNO,TRA 45 E 54,4,21
202425,MILANO,SCUOLA SECONDARIA I GRADO,NORMALE,OLTRE 54,314,1618
202425,BENEVENTO,SCUOLA PRIMARIA,SOSTEGNO,TRA 35 E 44,3,50
202425,FOGGIA,SCUOLA INFANZIA,NORMALE,TRA 35 E 44,0,67
202425,BELLUNO,SCUOLA PRIMARIA,SOSTEGNO,FINO A 34,0,8
202425,BRESCIA,SCUOLA SECONDARIA II GRADO,NORMALE,OLTRE 54,597,1151
202425,CREMONA,SCUOLA SECONDARIA I GRADO,NORMALE,TRA 45 E 54,53,172
202425,NOVARA,SCUOLA INFANZIA,SOSTEGNO,FINO A 34,0,2
202425,TARANTO,SCUOLA SECONDARIA II GRADO,SOSTEGNO,OLTRE 54,39,167
202425,COSENZA,SCUOLA INFANZIA,SOSTEGNO,FINO A 34,0,17
202425,MACERATA,SCUOLA INFANZIA,SOSTEGNO,FINO A 34,0,1
202425,CAMPOBASSO,SCUOLA SECONDARIA II GRADO,SOSTEGNO,TRA 45 E 54,31,89
202425,TARANTO,SCUOLA PRIMARIA,NORMALE,OLTRE 54,24,923
202425,GROSSETO,SCUOLA SECONDARIA I GRADO,SOSTEGNO,TRA 45 E 54,5,30
202425,ASCOLI PICENO,SCUOLA INFANZIA,SOSTEGNO,TRA 45 E 54,1,16
202425,SIENA,SCUOLA SECONDARIA II GRADO,SOSTEGNO,OLTRE 54,6,22
202425,GENOVA,SCUOLA SECONDARIA II GRADO,NORMALE,OLTRE 54,325,806
202425,VICENZA,SCUOLA SECONDARIA II GRADO,SOSTEGNO,OLTRE 54,18,37
202425,ROVIGO,SCUOLA SECONDARIA I GRADO,NORMALE,OLTRE 54,35,138
202425,CALTANISSETTA,SCUOLA PRIMARIA,SOSTEGNO,TRA 45 E 54,6,115
202425,LECCO,SCUOLA SECONDARIA II GRADO,NORMALE,FINO A 34,24,45
202425,LATINA,SCUOLA SECONDARIA II GRADO,NORMALE,OLTRE 54,416,810
202425,BOLOGNA,SCUOLA SECONDARIA I GRADO,NORMALE,TRA 35 E 44,100,281
202425,PAVIA,SCUOLA PRIMARIA,SOSTEGNO,FINO A 34,1,28
202425,FERRARA,SCUOLA INFANZIA,NORMALE,TRA 45 E 54,0,115
202425,REGGIO EMILIA,SCUOLA INFANZIA,SOSTEGNO,OLTRE 54,0,2
202425,PADOVA,SCUOLA SECONDARIA I GRADO,SOSTEGNO,TRA 45 E 54,11,64
202425,LODI,SCUOLA SECONDARIA I GRADO,NORMALE,TRA 45 E 54,28,127
202425,VIBO VALENTIA,SCUOLA PRIMARIA,NORMALE,TRA 35 E 44,4,59
202425,TORINO,SCUOLA PRIMARIA,SOSTEGNO,TRA 35 E 44,12,241
202425,NOVARA,SCUOLA PRIMARIA,NORMALE,OLTRE 54,5,504
202425,CROTONE,SCUOLA SECONDARIA II GRADO,SOSTEGNO,OLTRE 54,24,32
202425,VENEZIA,SCUOLA INFANZIA,SOSTEGNO,TRA 45 E 54,0,26
202425,MONZA E DELLA BRIANZA,SCUOLA SECONDARIA I GRADO,NORMALE,FINO A 34,57,107
202425,TARANTO,SCUOLA SECONDARIA I GRADO,SOSTEGNO,TRA 45 E 54,13,88
202425,TREVISO,SCUOLA SECONDARIA I GRADO,NORMALE,TRA 45 E 54,146,574
202425,RIMINI,SCUOLA SECONDARIA II GRADO,NORMALE,TRA 45 E 54,120,298
202425,GORIZIA,SCUOLA PRIMARIA,SOSTEGNO,TRA 35 E 44,0,20
202425,PESCARA,SCUOLA SECONDARIA II GRADO,NORMALE,TRA 45 E 54,152,327
202425,CASERTA,SCUOLA PRIMARIA,NORMALE,FINO A 34,17,26
202425,FORLI'-CESENA,SCUOLA SECONDARIA I GRADO,SOSTEGNO,TRA 45 E 54,8,30
202425,PARMA,SCUOLA INFANZIA,NORMALE,TRA 45 E 54,0,147
202425,PESARO E URBINO,SCUOLA SECONDARIA II GRADO,NORMALE,TRA 45 E 54,141,342
202425,NUORO,SCUOLA SECONDARIA I GRADO,NORMALE,FINO A 34,12,15
202425,SIRACUSA,SCUOLA PRIMARIA,NORMALE,TRA 45 E 54,9,417
202425,MASSA-CARRARA,SCUOLA SECONDARIA II GRADO,SOSTEGNO,TRA 35 E 44,5,33
202425,AGRIGENTO,SCUOLA SECONDARIA II GRADO,NORMALE,OLTRE 54,418,546
202425,MASSA-CARRARA,SCUOLA PRIMARIA,NORMALE,TRA 35 E 44,4,52
202425,REGGIO EMILIA,SCUOLA SECONDARIA I GRADO,NORMALE,TRA 45 E 54,64,335
202425,BOLOGNA,SCUOLA PRIMARIA,NORMALE,OLTRE 54,38,1043
202425,ROVIGO,SCUOLA PRIMARIA,SOSTEGNO,TRA 35 E 44,1,39
202425,SASSARI,SCUOLA SECONDARIA I GRADO,SOSTEGNO,TRA 35 E 44,13,54
202425,BENEVENTO,SCUOLA PRIMARIA,SOSTEGNO,FINO A 34,0,3
202425,BRESCIA,SCUOLA SECONDARIA II GRADO,SOSTEGNO,OLTRE 54,24,61
202425,SONDRIO,SCUOLA PRIMARIA,SOSTEGNO,OLTRE 54,1,3
202425,ROMA,SCUOLA SECONDARIA I GRADO,SOSTEGNO,TRA 35 E 44,176,690
202425,FERMO,SCUOLA INFANZIA,SOSTEGNO,TRA 45 E 54,0,19
202425,BELLUNO,SCUOLA PRIMARIA,NORMALE,OLTRE 54,10,285
202425,CROTONE,SCUOLA PRIMARIA,SOSTEGNO,OLTRE 54,2,55
202425,ANCONA,SCUOLA INFANZIA,NORMALE,TRA 35 E 44,3,157
202425,ASTI,SCUOLA INFANZIA,NORMALE,TRA 35 E 44,0,27
202425,SALERNO,SCUOLA INFANZIA,SOSTEGNO,TRA 45 E 54,5,84
202425,TRAPANI,SCUOLA SECONDARIA I GRADO,SOSTEGNO,TRA 35 E 44,14,87
202425,CATANZARO,SCUOLA SECONDARIA I GRADO,NORMALE,FINO A 34,12,26
202425,NAPOLI,SCUOLA SECONDARIA II GRADO,SOSTEGNO,OLTRE 54,342,877
202425,TARANTO,SCUOLA SECONDARIA I GRADO,NORMALE,OLTRE 54,103,385
202425,VERCELLI,SCUOLA INFANZIA,SOSTEGNO,TRA 45 E 54,0,3
202425,CUNEO,SCUOLA SECONDARIA II GRADO,NORMALE,OLTRE 54,311,574
202425,FIRENZE,SCUOLA SECONDARIA I GRADO,SOSTEGNO,TRA 35 E 44,17,84
202425,SIENA,SCUOLA PRIMARIA,NORMALE,FINO A 34,4,56
202425,FORLI'-CESENA,SCUOLA SECONDARIA I GRADO,NORMALE,FINO A 34,21,38
202425,NOVARA,SCUOLA PRIMARIA,NORMALE,TRA 45 E 54,10,498
202425,REGGIO EMILIA,SCUOLA INFANZIA,NORMALE,TRA 45 E 54,1,136
202425,SIENA,SCUOLA SECONDARIA I GRADO,NORMALE,OLTRE 54,39,168
202425,PISTOIA,SCUOLA SECONDARIA II GRADO,NORMALE,OLTRE 54,169,326
202425,ASCOLI PICENO,SCUOLA SECONDARIA II GRADO,NORMALE,OLTRE 54,136,290
202425,BARI,SCUOLA INFANZIA,NORMALE,OLTRE 54,3,1099
202425,ORISTANO,SCUOLA INFANZIA,SOSTEGNO,TRA 45 E 54,1,17
202425,RAVENNA,SCUOLA SECONDARIA I GRADO,NORMALE,OLTRE 54,38,191
202425,RAGUSA,SCUOLA PRIMARIA,SOSTEGNO,TRA 45 E 54,7,97
202425,IMPERIA,SCUOLA SECONDARIA II GRADO,SOSTEGNO,TRA 35 E 44,5,26
202425,VIBO VALENTIA,SCUOLA SECONDARIA I GRADO,NORMALE,FINO A 34,24,25
202425,BARLETTA-ANDRIA-TRANI,SCUOLA SECONDARIA II GRADO,SOSTEGNO,TRA 45 E 54,21,101
202425,SONDRIO,SCUOLA PRIMARIA,SOSTEGNO,TRA 45 E 54,0,13
202425,ENNA,SCUOLA PRIMARIA,NORMALE,FINO A 34,1,9
202425,CATANZARO,SCUOLA INFANZIA,SOSTEGNO,OLTRE 54,0,20
202425,UDINE,SCUOLA SECONDARIA II GRADO,NORMALE,TRA 35 E 44,116,179
202425,PAVIA,SCUOLA PRIMARIA,SOSTEGNO,TRA 45 E 54,6,54
202425,PERUGIA,SCUOLA SECONDARIA I GRADO,SOSTEGNO,TRA 45 E 54,22,97
202425,GENOVA,SCUOLA SECONDARIA I GRADO,SOSTEGNO,TRA 45 E 54,23,109
202425,ROMA,SCUOLA INFANZIA,SOSTEGNO,FINO A 34,0,32
202425,LODI,SCUOLA PRIMARIA,SOSTEGNO,OLTRE 54,1,5
202425,CAMPOBASSO,SCUOLA SECONDARIA II GRADO,NORMALE,FINO A 34,17,18
202425,PALERMO,SCUOLA PRIMARIA,NORMALE,OLTRE 54,85,2295
202425,BENEVENTO,SCUOLA PRIMARIA,SOSTEGNO,OLTRE 54,2,55
202425,IMPERIA,SCUOLA INFANZIA,SOSTEGNO,OLTRE 54,0,3
202425,SIENA,SCUOLA SECONDARIA II GRADO,SOSTEGNO,TRA 45 E 54,11,41
202425,BELLUNO,SCUOLA PRIMARIA,SOSTEGNO,OLTRE 54,1,12
202425,MESSINA,SCUOLA PRIMARIA,NORMALE,OLTRE 54,43,1330
202425,PAVIA,SCUOLA PRIMARIA,NORMALE,OLTRE 54,13,653
202425,CREMONA,SCUOLA INFANZIA,NORMALE,OLTRE 54,0,203
202425,FERRARA,SCUOLA INFANZIA,NORMALE,TRA 35 E 44,1,23
202425,REGGIO EMILIA,SCUOLA SECONDARIA II GRADO,NORMALE,FINO A 34,61,77
202425,RAGUSA,SCUOLA PRIMARIA,SOSTEGNO,FINO A 34,0,2
202425,ROVIGO,SCUOLA INFANZIA,SOSTEGNO,OLTRE 54,0,4
202425,PISTOIA,SCUOLA SECONDARIA II GRADO,NORMALE,TRA 45 E 54,133,246
202425,REGGIO CALABRIA,SCUOLA SECONDARIA II GRADO,NORMALE,OLTRE 54,431,827
202425,VICENZA,SCUOLA SECONDARIA I GRADO,NORMALE,FINO A 34,48,111
202425,LATINA,SCUOLA PRIMARIA,SOSTEGNO,FINO A 34,0,51
202425,FROSINONE,SCUOLA INFANZIA,SOSTEGNO,TRA 35 E 44,0,46
202425,VARESE,SCUOLA SECONDARIA II GRADO,SOSTEGNO,OLTRE 54,18,37
202425,LECCE,SCUOLA SECONDARIA I GRADO,NORMALE,OLTRE 54,190,667
202425,CHIETI,SCUOLA INFANZIA,SOSTEGNO,TRA 45 E 54,0,29
202425,NAPOLI,SCUOLA SECONDARIA I GRADO,NORMALE,OLTRE 54,784,3011
202425,TERAMO,SCUOLA PRIMARIA,NORMALE,FINO A 34,4,22
202425,TERNI,SCUOLA SECONDARIA I GRADO,NORMALE,TRA 45 E 54,28,128
202425,PISTOIA,SCUOLA INFANZIA,SOSTEGNO,OLTRE 54,0,10
202425,AGRIGENTO,SCUOLA SECONDARIA II GRADO,NORMALE,TRA 45 E 54,209,434
202425,SUD SARDEGNA,SCUOLA INFANZIA,SOSTEGNO,TRA 45 E 54,1,24
202425,CUNEO,SCUOLA INFANZIA,SOSTEGNO,FINO A 34,0,14
202425,SIENA,SCUOLA PRIMARIA,SOSTEGNO,TRA 45 E 54,6,51
202425,CAGLIARI,SCUOLA PRIMARIA,SOSTEGNO,FINO A 34,1,16
202425,BENEVENTO,SCUOLA INFANZIA,SOSTEGNO,TRA 45 E 54,0,21
202425,LECCO,SCUOLA SECONDARIA II GRADO,SOSTEGNO,OLTRE 54,4,8
202425,ROMA,SCUOLA SECONDARIA I GRADO,SOSTEGNO,OLTRE 54,89,408
202425,PARMA,SCUOLA SECONDARIA II GRADO,NORMALE,OLTRE 54,214,476
202425,LATINA,SCUOLA PRIMARIA,NORMALE,FINO A 34,9,20
202425,FERMO,SCUOLA SECONDARIA I GRADO,SOSTEGNO,OLTRE 54,10,22
202425,NAPOLI,SCUOLA SECONDARIA II GRADO,NORMALE,TRA 45 E 54,1295,3080
202425,UDINE,SCUOLA SECONDARIA II GRADO,NORMALE,FINO A 34,58,58
202425,L'AQUILA,SCUOLA SECONDARIA II GRADO,NORMALE,OLTRE 54,203,439
202425,REGGIO CALABRIA,SCUOLA PRIMARIA,NORMALE,OLTRE 54,37,1151
202425,PERUGIA,SCUOLA SECONDARIA I GRADO,SOSTEGNO,TRA 35 E 44,20,74
202425,GENOVA,SCUOLA SECONDARIA I GRADO,SOSTEGNO,TRA 35 E 44,20,89
202425,PIACENZA,SCUOLA INFANZIA,NORMALE,TRA 35 E 44,1,39
202425,ORISTANO,SCUOLA PRIMARIA,SOSTEGNO,TRA 35 E 44,1,33
202425,TRAPANI,SCUOLA INFANZIA,NORMALE,TRA 35 E 44,0,29
202425,PAVIA,SCUOLA INFANZIA,SOSTEGNO,FINO A 34,0,3
202425,MILANO,SCUOLA INFANZIA,NORMALE,TRA 35 E 44,5,465
202425,PERUGIA,SCUOLA SECONDARIA II GRADO,SOSTEGNO,FINO A 34,11,27
202425,GENOVA,SCUOLA INFANZIA,NORMALE,TRA 45 E 54,1,266
202425,CALTANISSETTA,SCUOLA INFANZIA,SOSTEGNO,TRA 35 E 44,1,7
202425,BENEVENTO,SCUOLA SECONDARIA I GRADO,NORMALE,OLTRE 54,99,285
202425,LA SPEZIA,SCUOLA INFANZIA,SOSTEGNO,TRA 45 E 54,1,10
202425,BIELLA,SCUOLA PRIMARIA,SOSTEGNO,TRA 35 E 44,0,11
202425,BELLUNO,SCUOLA SECONDARIA I GRADO,NORMALE,TRA 45 E 54,40,127
202425,ENNA,SCUOLA SECONDARIA I GRADO,SOSTEGNO,TRA 35 E 44,0,28
202425,ASCOLI PICENO,SCUOLA INFANZIA,SOSTEGNO,OLTRE 54,0,4
202425,SASSARI,SCUOLA SECONDARIA I GRADO,NORMALE,FINO A 34,44,40
202425,AGRIGENTO,SCUOLA SECONDARIA I GRADO,NORMALE,OLTRE 54,152,363
202425,PESCARA,SCUOLA SECONDARIA I GRADO,NORMALE,TRA 35 E 44,36,96
202425,TRAPANI,SCUOLA SECONDARIA II GRADO,SOSTEGNO,TRA 35 E 44,5,19
202425,FORLI'-CESENA,SCUOLA SECONDARIA II GRADO,SOSTEGNO,TRA 45 E 54,9,34
202425,BARLETTA-ANDRIA-TRANI,SCUOLA PRIMARIA,SOSTEGNO,FINO A 34,0,41
202425,PAVIA,SCUOLA SECONDARIA II GRADO,NORMALE,OLTRE 54,190,523
202425,MACERATA,SCUOLA PRIMARIA,NORMALE,OLTRE 54,12,460
202425,VIBO VALENTIA,SCUOLA PRIMARIA,NORMALE,OLTRE 54,12,374
202425,TARANTO,SCUOLA INFANZIA,NORMALE,TRA 45 E 54,1,310
202425,VERCELLI,SCUOLA PRIMARIA,SOSTEGNO,OLTRE 54,0,10
202425,SIRACUSA,SCUOLA INFANZIA,SOSTEGNO,TRA 35 E 44,0,24
202425,VITERBO,SCUOLA PRIMARIA,NORMALE,FINO A 34,2,14
202425,IMPERIA,SCUOLA SECONDARIA II GRADO,SOSTEGNO,FINO A 34,4,9
202425,ENNA,SCUOLA SECONDARIA II GRADO,SOSTEGNO,TRA 45 E 54,13,46
202425,PESCARA,SCUOLA SECONDARIA II GRADO,NORMALE,OLTRE 54,243,479
202425,SAVONA,SCUOLA PRIMARIA,SOSTEGNO,OLTRE 54,0,23
202425,UDINE,SCUOLA PRIMARIA,SOSTEGNO,FINO A 34,2,20
202425,TERNI,SCUOLA SECONDARIA I GRADO,SOSTEGNO,OLTRE 54,4,24
202425,RAVENNA,SCUOLA INFANZIA,NORMALE,TRA 35 E 44,1,63
202425,CAMPOBASSO,SCUOLA SECONDARIA I GRADO,SOSTEGNO,TRA 45 E 54,6,37
202425,RIMINI,SCUOLA SECONDARIA II GRADO,SOSTEGNO,OLTRE 54,8,23
202425,AGRIGENTO,SCUOLA SECONDARIA II GRADO,SOSTEGNO,OLTRE 54,63,82
202425,MONZA E DELLA BRIANZA,SCUOLA INFANZIA,SOSTEGNO,OLTRE 54,0,16
202425,LUCCA,SCUOLA INFANZIA,NORMALE,FINO A 34,0,25
202425,PALERMO,SCUOLA PRIMARIA,NORMALE,TRA 45 E 54,72,1548
202425,VENEZIA,SCUOLA PRIMARIA,SOSTEGNO,FINO A 34,1,27
202425,ISERNIA,SCUOLA SECONDARIA I GRADO,SOSTEGNO,TRA 45 E 54,8,8
202425,TRAPANI,SCUOLA PRIMARIA,SOSTEGNO,FINO A 34,2,5
202425,ALESSANDRIA,SCUOLA INFANZIA,NORMALE,TRA 45 E 54,4,238
202425,AVELLINO,SCUOLA INFANZIA,SOSTEGNO,OLTRE 54,2,18
202425,VERBANO-CUSIO-OSSOLA,SCUOLA SECONDARIA I GRADO,NORMALE,OLTRE 54,42,99
202425,TRAPANI,SCUOLA SECONDARIA I GRADO,SOSTEGNO,OLTRE 54,59,80
202425,BIELLA,SCUOLA PRIMARIA,SOSTEGNO,FINO A 34,0,7
202425,BARLETTA-ANDRIA-TRANI,SCUOLA INFANZIA,SOSTEGNO,TRA 45 E 54,2,57
202425,PERUGIA,SCUOLA INFANZIA,SOSTEGNO,TRA 45 E 54,2,29
202425,VIBO VALENTIA,SCUOLA SECONDARIA I GRADO,SOSTEGNO,TRA 45 E 54,5,24
202425,FERRARA,SCUOLA PRIMARIA,SOSTEGNO,TRA 35 E 44,3,54
202425,CUNEO,SCUOLA PRIMARIA,SOSTEGNO,FINO A 34,0,42
202425,PESCARA,SCUOLA SECONDARIA I GRADO,SOSTEGNO,TRA 35 E 44,3,30
202425,MODENA,SCUOLA SECONDARIA II GRADO,SOSTEGNO,OLTRE 54,12,51
202425,FORLI'-CESENA,SCUOLA SECONDARIA I GRADO,NORMALE,TRA 35 E 44,46,148
202425,CATANIA,SCUOLA SECONDARIA II GRADO,SOSTEGNO,TRA 35 E 44,13,63
202425,TERNI,SCUOLA SECONDARIA I GRADO,NORMALE,TRA 35 E 44,19,66
202425,LIVORNO,SCUOLA SECONDARIA II GRADO,SOSTEGNO,TRA 35 E 44,17,50
202425,PADOVA,SCUOLA SECONDARIA II GRADO,NORMALE,TRA 45 E 54,293,553
202425,LODI,SCUOLA SECONDARIA I GRADO,SOSTEGNO,OLTRE 54,2,11
202425,SUD SARDEGNA,SCUOLA INFANZIA,SOSTEGNO,TRA 35 E 44,1,17
202425,CUNEO,SCUOLA INFANZIA,NORMALE,OLTRE 54,1,335
202425,PESARO E URBINO,SCUOLA SECONDARIA I GRADO,NORMALE,TRA 35 E 44,51,103
202425,RIMINI,SCUOLA SECONDARIA II GRADO,SOSTEGNO,TRA 45 E 54,10,53
202425,REGGIO EMILIA,SCUOLA SECONDARIA II GRADO,SOSTEGNO,OLTRE 54,14,46
202425,TARANTO,SCUOLA SECONDARIA II GRADO,NORMALE,TRA 35 E 44,117,175
202425,PORDENONE,SCUOLA INFANZIA,NORMALE,TRA 35 E 44,1,30
202425,VITERBO,SCUOLA PRIMARIA,SOSTEGNO,TRA 35 E 44,1,71
202425,REGGIO CALABRIA,SCUOLA PRIMARIA,NORMALE,TRA 45 E 54,28,720
202425,LECCE,SCUOLA PRIMARIA,NORMALE,FINO A 34,7,30
202425,FERMO,SCUOLA INFANZIA,NORMALE,OLTRE 54,2,124
202425,CHIETI,SCUOLA SECONDARIA II GRADO,SOSTEGNO,OLTRE 54,24,59
202425,LECCO,SCUOLA SECONDARIA I GRADO,NORMALE,FINO A 34,15,37
202425,BOLOGNA,SCUOLA INFANZIA,NORMALE,TRA 45 E 54,7,450
202425,PISA,SCUOLA PRIMARIA,NORMALE,TRA 45 E 54,20,507
202425,ANCONA,SCUOLA PRIMARIA,SOSTEGNO,TRA 45 E 54,5,98
202425,LIVORNO,SCUOLA SECONDARIA I GRADO,SOSTEGNO,OLTRE 54,8,29
202425,TREVISO,SCUOLA INFANZIA,NORMALE,OLTRE 54,1,240
202425,POTENZA,SCUOLA PRIMARIA,NORMALE,OLTRE 54,30,893
202425,FOGGIA,SCUOLA SECONDARIA I GRADO,SOSTEGNO,TRA 35 E 44,29,95
202425,IMPERIA,SCUOLA INFANZIA,NORMALE,TRA 45 E 54,1,110
202425,TERNI,SCUOLA PRIMARIA,NORMALE,FINO A 34,3,24
202425,SUD SARDEGNA,SCUOLA SECONDARIA II GRADO,NORMALE,TRA 45 E 54,114,177
202425,BIELLA,SCUOLA INFANZIA,NORMALE,OLTRE 54,0,107
202425,COSENZA,SCUOLA SECONDARIA II GRADO,SOSTEGNO,TRA 45 E 54,26,126
202425,PESARO E URBINO,SCUOLA PRIMARIA,NORMALE,OLTRE 54,23,548
202425,SONDRIO,SCUOLA SECONDARIA I GRADO,SOSTEGNO,FINO A 34,1,2
202425,SIENA,SCUOLA SECONDARIA I GRADO,SOSTEGNO,TRA 35 E 44,5,30
202425,MONZA E DELLA BRIANZA,SCUOLA SECONDARIA I GRADO,SOSTEGNO,TRA 35 E 44,26,83
202425,CROTONE,SCUOLA SECONDARIA I GRADO,NORMALE,OLTRE 54,51,150
202425,GROSSETO,SCUOLA PRIMARIA,SOSTEGNO,FINO A 34,0,7
202425,CALTANISSETTA,SCUOLA INFANZIA,SOSTEGNO,FINO A 34,0,1
202425,PADOVA,SCUOLA INFANZIA,SOSTEGNO,TRA 35 E 44,0,22
202425,LA SPEZIA,SCUOLA SECONDARIA I GRADO,SOSTEGNO,OLTRE 54,5,21
202425,FIRENZE,SCUOLA PRIMARIA,SOSTEGNO,FINO A 34,2,93
202425,TERNI,SCUOLA SECONDARIA II GRADO,SOSTEGNO,FINO A 34,0,11
202425,TARANTO,SCUOLA INFANZIA,SOSTEGNO,TRA 35 E 44,0,41
202425,GENOVA,SCUOLA SECONDARIA II GRADO,SOSTEGNO,FINO A 34,20,68
202425,PESCARA,SCUOLA SECONDARIA I GRADO,NORMALE,FINO A 34,4,8
202425,VERONA,SCUOLA SECONDARIA I GRADO,SOSTEGNO,FINO A 34,20,56
202425,PERUGIA,SCUOLA PRIMARIA,SOSTEGNO,FINO A 34,2,63
202425,PALERMO,SCUOLA SECONDARIA I GRADO,NORMALE,TRA 35 E 44,227,364
202425,CATANIA,SCUOLA SECONDARIA I GRADO,NORMALE,TRA 35 E 44,122,343
202425,TRIESTE,SCUOLA SECONDARIA II GRADO,NORMALE,TRA 45 E 54,102,136
202425,BENEVENTO,SCUOLA INFANZIA,SOSTEGNO,FINO A 34,0,1
202425,FROSINONE,SCUOLA SECONDARIA I GRADO,SOSTEGNO,OLTRE 54,26,78
202425,ORISTANO,SCUOLA SECONDARIA II GRADO,SOSTEGNO,FINO A 34,4,8
202425,VITERBO,SCUOLA INFANZIA,SOSTEGNO,OLTRE 54,0,11
202425,AGRIGENTO,SCUOLA SECONDARIA I GRADO,NORMALE,TRA 35 E 44,81,132
202425,GROSSETO,SCUOLA INFANZIA,SOSTEGNO,TRA 45 E 54,1,15
202425,CAGLIARI,SCUOLA SECONDARIA I GRADO,SOSTEGNO,FINO A 34,4,3
202425,BOLOGNA,SCUOLA INFANZIA,NORMALE,TRA 35 E 44,3,150
202425,VERONA,SCUOLA INFANZIA,SOSTEGNO,TRA 35 E 44,0,29
202425,AVELLINO,SCUOLA PRIMARIA,NORMALE,OLTRE 54,33,903
202425,RAGUSA,SCUOLA SECONDARIA I GRADO,NORMALE,TRA 45 E 54,84,268
202425,AREZZO,SCUOLA SECONDARIA I GRADO,SOSTEGNO,TRA 45 E 54,11,63
202425,BARLETTA-ANDRIA-TRANI,SCUOLA SECONDARIA I GRADO,NORMALE,OLTRE 54,73,256
202425,TRAPANI,SCUOLA PRIMARIA,NORMALE,OLTRE 54,45,892
202425,AREZZO,SCUOLA PRIMARIA,NORMALE,OLTRE 54,14,431
202425,TERNI,SCUOLA INFANZIA,SOSTEGNO,OLTRE 54,0,2
202425,SUD SARDEGNA,SCUOLA PRIMARIA,SOSTEGNO,FINO A 34,0,10
202425,ROMA,SCUOLA SECONDARIA I GRADO,SOSTEGNO,TRA 45 E 54,149,658
202425,CUNEO,SCUOLA PRIMARIA,NORMALE,TRA 45 E 54,15,729
202425,BRESCIA,SCUOLA SECONDARIA I GRADO,NORMALE,TRA 35 E 44,160,460
202425,ANCONA,SCUOLA INFANZIA,NORMALE,TRA 45 E 54,3,300
202425,COSENZA,SCUOLA SECONDARIA II GRADO,NORMALE,FINO A 34,35,36
202425,TRAPANI,SCUOLA SECONDARIA I GRADO,SOSTEGNO,TRA 45 E 54,21,71
202425,MASSA-CARRARA,SCUOLA INFANZIA,NORMALE,FINO A 34,1,3
202425,TRIESTE,SCUOLA SECONDARIA I GRADO,SOSTEGNO,FINO A 34,0,4
202425,REGGIO CALABRIA,SCUOLA SECONDARIA I GRADO,NORMALE,TRA 35 E 44,88,202
202425,FERMO,SCUOLA SECONDARIA II GRADO,NORMALE,FINO A 34,13,8
202425,CALTANISSETTA,SCUOLA SECONDARIA II GRADO,NORMALE,TRA 35 E 44,77,85
202425,AGRIGENTO,SCUOLA SECONDARIA I GRADO,NORMALE,FINO A 34,48,47
202425,AVELLINO,SCUOLA SECONDARIA I GRADO,NORMALE,FINO A 34,23,44
202425,AVELLINO,SCUOLA SECONDARIA I GRADO,SOSTEGNO,OLTRE 54,24,61
202425,SAVONA,SCUOLA SECONDARIA I GRADO,SOSTEGNO,OLTRE 54,6,20
202425,PARMA,SCUOLA SECONDARIA I GRADO,SOSTEGNO,TRA 45 E 54,10,33
202425,FERMO,SCUOLA PRIMARIA,NORMALE,OLTRE 54,5,245
202425,VITERBO,SCUOLA SECONDARIA II GRADO,SOSTEGNO,FINO A 34,1,3
202425,LECCE,SCUOLA SECONDARIA I GRADO,SOSTEGNO,OLTRE 54,34,116
202425,FERMO,SCUOLA SECONDARIA I GRADO,NORMALE,TRA 45 E 54,30,102
202425,MODENA,SCUOLA PRIMARIA,SOSTEGNO,OLTRE 54,1,35
202425,CHIETI,SCUOLA PRIMARIA,NORMALE,OLTRE 54,21,644
202425,PISTOIA,SCUOLA PRIMARIA,NORMALE,OLTRE 54,11,382
202425,AREZZO,SCUOLA PRIMARIA,NORMALE,TRA 45 E 54,15,419
202425,SAVONA,SCUOLA SECONDARIA I GRADO,NORMALE,TRA 35 E 44,25,48
202425,PESCARA,SCUOLA PRIMARIA,NORMALE,TRA 35 E 44,4,99
202425,CATANZARO,SCUOLA INFANZIA,SOSTEGNO,TRA 45 E 54,2,26
202425,RIETI,SCUOLA SECONDARIA II GRADO,NORMALE,FINO A 34,16,20
202425,FORLI'-CESENA,SCUOLA INFANZIA,SOSTEGNO,TRA 45 E 54,0,12
202425,VARESE,SCUOLA SECONDARIA I GRADO,NORMALE,OLTRE 54,85,489
202425,PALERMO,SCUOLA INFANZIA,NORMALE,TRA 35 E 44,5,91
202425,PORDENONE,SCUOLA SECONDARIA I GRADO,SOSTEGNO,OLTRE 54,3,23
202425,COSENZA,SCUOLA SECONDARIA II GRADO,SOSTEGNO,TRA 35 E 44,3,27
202425,PRATO,SCUOLA SECONDARIA II GRADO,SOSTEGNO,TRA 45 E 54,18,48
202425,MATERA,SCUOLA SECONDARIA II GRADO,NORMALE,TRA 45 E 54,110,232
202425,ROMA,SCUOLA INFANZIA,SOSTEGNO,TRA 35 E 44,2,180
202425,MASSA-CARRARA,SCUOLA PRIMARIA,SOSTEGNO,TRA 35 E 44,1,26
202425,GROSSETO,SCUOLA SECONDARIA I GRADO,NORMALE,OLTRE 54,30,130
202425,PARMA,SCUOLA SECONDARIA I GRADO,NORMALE,FINO A 34,10,36
202425,RIETI,SCUOLA PRIMARIA,SOSTEGNO,OLTRE 54,2,25
202425,NAPOLI,SCUOLA PRIMARIA,SOSTEGNO,OLTRE 54,62,978
202425,CATANIA,SCUOLA SECONDARIA I GRADO,SOSTEGNO,OLTRE 54,96,277
202425,MODENA,SCUOLA INFANZIA,SOSTEGNO,TRA 45 E 54,1,32
202425,UDINE,SCUOLA PRIMARIA,NORMALE,TRA 35 E 44,21,333
202425,FORLI'-CESENA,SCUOLA SECONDARIA II GRADO,NORMALE,TRA 35 E 44,127,145
202425,GENOVA,SCUOLA INFANZIA,SOSTEGNO,TRA 45 E 54,1,33
202425,BARLETTA-ANDRIA-TRANI,SCUOLA INFANZIA,SOSTEGNO,OLTRE 54,0,16
202425,ASCOLI PICENO,SCUOLA INFANZIA,NORMALE,FINO A 34,0,15
202425,BOLOGNA,SCUOLA SECONDARIA I GRADO,SOSTEGNO,OLTRE 54,10,55
202425,FOGGIA,SCUOLA INFANZIA,SOSTEGNO,FINO A 34,0,4
202425,BERGAMO,SCUOLA PRIMARIA,NORMALE,TRA 35 E 44,26,599
202425,SONDRIO,SCUOLA SECONDARIA II GRADO,NORMALE,OLTRE 54,128,171
202425,NOVARA,SCUOLA SECONDARIA II GRADO,NORMALE,TRA 35 E 44,82,139
202425,COSENZA,SCUOLA PRIMARIA,SOSTEGNO,FINO A 34,6,34
202425,SAVONA,SCUOLA SECONDARIA II GRADO,SOSTEGNO,FINO A 34,2,8
202425,CROTONE,SCUOLA SECONDARIA II GRADO,NORMALE,TRA 45 E 54,97,192
202425,MASSA-CARRARA,SCUOLA SECONDARIA II GRADO,NORMALE,FINO A 34,11,24
202425,GORIZIA,SCUOLA SECONDARIA I GRADO,NORMALE,TRA 45 E 54,15,85
202425,PARMA,SCUOLA PRIMARIA,NORMALE,TRA 45 E 54,21,570
202425,MESSINA,SCUOLA SECONDARIA I GRADO,NORMALE,TRA 45 E 54,118,476
202425,REGGIO CALABRIA,SCUOLA INFANZIA,SOSTEGNO,TRA 35 E 44,1,25
202425,LA SPEZIA,SCUOLA SECONDARIA II GRADO,SOSTEGNO,TRA 45 E 54,9,14
202425,NAPOLI,SCUOLA PRIMARIA,NORMALE,TRA 35 E 44,16,650
202425,VERONA,SCUOLA INFANZIA,SOSTEGNO,FINO A 34,0,5
202425,AVELLINO,SCUOLA SECONDARIA II GRADO,SOSTEGNO,FINO A 34,2,2
202425,CAGLIARI,SCUOLA INFANZIA,SOSTEGNO,TRA 35 E 44,0,19
202425,ENNA,SCUOLA PRIMARIA,NORMALE,TRA 45 E 54,13,207
202425,SASSARI,SCUOLA INFANZIA,SOSTEGNO,TRA 35 E 44,0,17
202425,PALERMO,SCUOLA INFANZIA,NORMALE,FINO A 34,0,9
202425,POTENZA,SCUOLA SECONDARIA II GRADO,SOSTEGNO,FINO A 34,1,2
202425,UDINE,SCUOLA INFANZIA,NORMALE,TRA 35 E 44,2,166
202425,FROSINONE,SCUOLA SECONDARIA II GRADO,SOSTEGNO,TRA 45 E 54,34,142
202425,MACERATA,SCUOLA INFANZIA,NORMALE,FINO A 34,0,35
202425,CREMONA,SCUOLA PRIMARIA,NORMALE,FINO A 34,5,100
202425,MANTOVA,SCUOLA INFANZIA,SOSTEGNO,OLTRE 54,0,6
202425,BIELLA,SCUOLA INFANZIA,SOSTEGNO,OLTRE 54,1,1
202425,COMO,SCUOLA SECONDARIA I GRADO,NORMALE,FINO A 34,38,82
202425,ENNA,SCUOLA INFANZIA,NORMALE,OLTRE 54,3,225
202425,VICENZA,SCUOLA PRIMARIA,NORMALE,OLTRE 54,32,1144
202425,CAMPOBASSO,SCUOLA INFANZIA,SOSTEGNO,OLTRE 54,0,2
202425,ASTI,SCUOLA SECONDARIA II GRADO,NORMALE,TRA 45 E 54,61,90
202425,SALERNO,SCUOLA SECONDARIA II GRADO,SOSTEGNO,OLTRE 54,102,270
202425,AREZZO,SCUOLA SECONDARIA II GRADO,SOSTEGNO,OLTRE 54,14,36
202425,FORLI'-CESENA,SCUOLA PRIMARIA,SOSTEGNO,TRA 35 E 44,1,57
202425,BARI,SCUOLA SECONDARIA II GRADO,NORMALE,OLTRE 54,969,1937
202425,BARLETTA-ANDRIA-TRANI,SCUOLA INFANZIA,NORMALE,TRA 45 E 54,2,250
202425,LUCCA,SCUOLA SECONDARIA II GRADO,NORMALE,TRA 45 E 54,181,321
202425,VENEZIA,SCUOLA SECONDARIA II GRADO,NORMALE,TRA 45 E 54,244,454
202425,SONDRIO,SCUOLA SECONDARIA II GRADO,NORMALE,TRA 45 E 54,56,116
202425,TORINO,SCUOLA INFANZIA,NORMALE,FINO A 34,2,111
202425,CROTONE,SCUOLA SECONDARIA II GRADO,NORMALE,TRA 35 E 44,49,80
202425,FERRARA,SCUOLA SECONDARIA I GRADO,NORMALE,TRA 45 E 54,40,166
202425,MASSA-CARRARA,SCUOLA INFANZIA,SOSTEGNO,TRA 45 E 54,0,8
202425,VARESE,SCUOLA SECONDARIA I GRADO,NORMALE,TRA 35 E 44,98,281
202425,CHIETI,SCUOLA SECONDARIA II GRADO,SOSTEGNO,FINO A 34,3,11
202425,SAVONA,SCUOLA SECONDARIA I GRADO,NORMALE,FINO A 34,13,18
202425,MODENA,SCUOLA SECONDARIA I GRADO,SOSTEGNO,TRA 45 E 54,15,41
202425,PISA,SCUOLA SECONDARIA I GRADO,SOSTEGNO,OLTRE 54,4,28
202425,PRATO,SCUOLA SECONDARIA II GRADO,NORMALE,TRA 35 E 44,100,139
202425,MODENA,SCUOLA INFANZIA,NORMALE,FINO A 34,1,21
202425,CHIETI,SCUOLA SECONDARIA I GRADO,SOSTEGNO,TRA 45 E 54,18,77
202425,FOGGIA,SCUOLA PRIMARIA,NORMALE,OLTRE 54,25,1196
202425,AVELLINO,SCUOLA INFANZIA,SOSTEGNO,TRA 45 E 54,2,29
202425,GROSSETO,SCUOLA SECONDARIA II GRADO,NORMALE,TRA 35 E 44,51,80
202425,PARMA,SCUOLA SECONDARIA II GRADO,SOSTEGNO,OLTRE 54,16,40
202425,LA SPEZIA,SCUOLA SECONDARIA I GRADO,NORMALE,TRA 45 E 54,36,157
202425,RIMINI,SCUOLA SECONDARIA I GRADO,SOSTEGNO,TRA 45 E 54,6,51
202425,BRINDISI,SCUOLA SECONDARIA II GRADO,NORMALE,FINO A 34,24,38
202425,PERUGIA,SCUOLA INFANZIA,SOSTEGNO,OLTRE 54,0,13
202425,PRATO,SCUOLA SECONDARIA I GRADO,NORMALE,TRA 35 E 44,42,93
202425,CATANIA,SCUOLA PRIMARIA,SOSTEGNO,FINO A 34,0,15
202425,BRESCIA,SCUOLA PRIMARIA,NORMALE,FINO A 34,22,253
202425,TRIESTE,SCUOLA SECONDARIA I GRADO,SOSTEGNO,TRA 35 E 44,4,13
202425,LIVORNO,SCUOLA PRIMARIA,SOSTEGNO,FINO A 34,0,32
202425,FROSINONE,SCUOLA SECONDARIA I GRADO,NORMALE,TRA 45 E 54,90,309
202425,VERBANO-CUSIO-OSSOLA,SCUOLA SECONDARIA II GRADO,NORMALE,FINO A 34,19,26
202425,VARESE,SCUOLA SECONDARIA II GRADO,SOSTEGNO,FINO A 34,13,47
202425,PADOVA,SCUOLA PRIMARIA,NORMALE,TRA 35 E 44,20,479
202425,LODI,SCUOLA INFANZIA,SOSTEGNO,TRA 45 E 54,0,4
202425,POTENZA,SCUOLA INFANZIA,NORMALE,FINO A 34,0,4
202425,PAVIA,SCUOLA SECONDARIA I GRADO,NORMALE,TRA 35 E 44,51,143
202425,PORDENONE,SCUOLA INFANZIA,SOSTEGNO,TRA 45 E 54,0,5
202425,CASERTA,SCUOLA SECONDARIA I GRADO,SOSTEGNO,TRA 35 E 44,31,141
202425,TERAMO,SCUOLA SECONDARIA II GRADO,SOSTEGNO,FINO A 34,0,1
202425,GROSSETO,SCUOLA INFANZIA,NORMALE,OLTRE 54,1,137
202425,MATERA,SCUOLA PRIMARIA,NORMALE,TRA 35 E 44,4,93
202425,PESARO E URBINO,SCUOLA INFANZIA,NORMALE,FINO A 34,1,6
202425,COSENZA,SCUOLA INFANZIA,NORMALE,FINO A 34,1,12
202425,MESSINA,SCUOLA SECONDARIA I GRADO,NORMALE,TRA 35 E 44,66,186
202425,POTENZA,SCUOLA SECONDARIA II GRADO,NORMALE,OLTRE 54,380,593
202425,L'AQUILA,SCUOLA SECONDARIA I GRADO,SOSTEGNO,TRA 45 E 54,17,56
202425,RAVENNA,SCUOLA SECONDARIA I GRADO,SOSTEGNO,TRA 35 E 44,15,29
202425,PESCARA,SCUOLA INFANZIA,SOSTEGNO,FINO A 34,0,5
202425,FORLI'-CESENA,SCUOLA INFANZIA,NORMALE,TRA 35 E 44,2,63
202425,TERNI,SCUOLA INFANZIA,NORMALE,TRA 35 E 44,0,33
202425,BOLOGNA,SCUOLA INFANZIA,SOSTEGNO,TRA 45 E 54,2,32
202425,BARI,SCUOLA PRIMARIA,NORMALE,OLTRE 54,44,2014
202425,LIVORNO,SCUOLA INFANZIA,NORMALE,OLTRE 54,1,168
202425,BERGAMO,SCUOLA SECONDARIA I GRADO,NORMALE,TRA 45 E 54,207,714
202425,SONDRIO,SCUOLA INFANZIA,NORMALE,TRA 35 E 44,0,48
202425,NUORO,SCUOLA INFANZIA,NORMALE,FINO A 34,0,15
202425,ISERNIA,SCUOLA PRIMARIA,NORMALE,TRA 35 E 44,1,28
202425,GORIZIA,SCUOLA SECONDARIA II GRADO,NORMALE,OLTRE 54,83,182
202425,GORIZIA,SCUOLA INFANZIA,NORMALE,TRA 35 E 44,1,47
202425,PALERMO,SCUOLA SECONDARIA I GRADO,SOSTEGNO,TRA 45 E 54,87,273
202425,VICENZA,SCUOLA SECONDARIA II GRADO,SOSTEGNO,FINO A 34,16,63
202425,CAMPOBASSO,SCUOLA INFANZIA,SOSTEGNO,TRA 45 E 54,0,17
202425,MACERATA,SCUOLA SECONDARIA II GRADO,NORMALE,FINO A 34,34,26
202425,LATINA,SCUOLA SECONDARIA II GRADO,NORMALE,FINO A 34,25,47
202425,MONZA E DELLA BRIANZA,SCUOLA SECONDARIA I GRADO,SOSTEGNO,TRA 45 E 54,16,74
202425,BRINDISI,SCUOLA PRIMARIA,SOSTEGNO,FINO A 34,0,20
202425,VITERBO,SCUOLA SECONDARIA I GRADO,SOSTEGNO,FINO A 34,2,8
202425,BERGAMO,SCUOLA SECONDARIA II GRADO,NORMALE,FINO A 34,123,124
202425,LECCE,SCUOLA PRIMARIA,SOSTEGNO,OLTRE 54,7,130
202425,PIACENZA,SCUOLA PRIMARIA,NORMALE,TRA 35 E 44,9,158
202425,TRIESTE,SCUOLA SECONDARIA I GRADO,NORMALE,FINO A 34,9,30
202425,VERBANO-CUSIO-OSSOLA,SCUOLA PRIMARIA,SOSTEGNO,FINO A 34,0,3
202425,TERNI,SCUOLA SECONDARIA II GRADO,SOSTEGNO,OLTRE 54,3,28
202425,FROSINONE,SCUOLA PRIMARIA,SOSTEGNO,TRA 35 E 44,4,110
202425,TRAPANI,SCUOLA SECONDARIA II GRADO,NORMALE,TRA 35 E 44,112,154
202425,ORISTANO,SCUOLA SECONDARIA I GRADO,NORMALE,FINO A 34,5,13
202425,BRESCIA,SCUOLA PRIMARIA,NORMALE,OLTRE 54,63,1543
202425,COMO,SCUOLA SECONDARIA I GRADO,SOSTEGNO,OLTRE 54,5,35
202425,CAGLIARI,SCUOLA INFANZIA,NORMALE,FINO A 34,0,5
202425,SUD SARDEGNA,SCUOLA SECONDARIA I GRADO,NORMALE,FINO A 34,20,39
202425,AVELLINO,SCUOLA INFANZIA,NORMALE,OLTRE 54,8,470
202425,CUNEO,SCUOLA PRIMARIA,SOSTEGNO,OLTRE 54,1,31
202425,AREZZO,SCUOLA INFANZIA,SOSTEGNO,TRA 35 E 44,0,13
202425,CHIETI,SCUOLA SECONDARIA I GRADO,SOSTEGNO,TRA 35 E 44,14,68
202425,ISERNIA,SCUOLA INFANZIA,NORMALE,TRA 45 E 54,0,46
202425,SALERNO,SCUOLA PRIMARIA,SOSTEGNO,FINO A 34,0,12
202425,FOGGIA,SCUOLA SECONDARIA II GRADO,SOSTEGNO,FINO A 34,1,4
202425,BARI,SCUOLA PRIMARIA,NORMALE,TRA 45 E 54,34,1463
202425,TREVISO,SCUOLA INFANZIA,SOSTEGNO,TRA 35 E 44,0,26
202425,SALERNO,SCUOLA INFANZIA,NORMALE,TRA 35 E 44,1,128
202425,NOVARA,SCUOLA SECONDARIA II GRADO,SOSTEGNO,OLTRE 54,4,30
202425,BARLETTA-ANDRIA-TRANI,SCUOLA SECONDARIA I GRADO,NORMALE,TRA 45 E 54,58,277
202425,AREZZO,SCUOLA INFANZIA,NORMALE,TRA 35 E 44,1,79
202425,VENEZIA,SCUOLA PRIMARIA,NORMALE,TRA 35 E 44,13,412
202425,CHIETI,SCUOLA SECONDARIA I GRADO,NORMALE,FINO A 34,10,23
202425,SIRACUSA,SCUOLA SECONDARIA II GRADO,NORMALE,TRA 45 E 54,183,418
202425,PORDENONE,SCUOLA SECONDARIA I GRADO,NORMALE,FINO A 34,13,35
202425,VERONA,SCUOLA PRIMARIA,NORMALE,OLTRE 54,39,1226
202425,RIETI,SCUOLA SECONDARIA II GRADO,SOSTEGNO,FINO A 34,3,8
202425,PORDENONE,SCUOLA SECONDARIA II GRADO,NORMALE,OLTRE 54,174,313
202425,PISA,SCUOLA INFANZIA,SOSTEGNO,TRA 45 E 54,1,25
202425,MODENA,SCUOLA INFANZIA,NORMALE,OLTRE 54,1,302
202425,RAGUSA,SCUOLA INFANZIA,NORMALE,TRA 45 E 54,5,276
202425,LA SPEZIA,SCUOLA INFANZIA,NORMALE,OLTRE 54,1,122
202425,ANCONA,SCUOLA SECONDARIA II GRADO,NORMALE,OLTRE 54,275,581
202425,PAVIA,SCUOLA SECONDARIA II GRADO,NORMALE,FINO A 34,56,57
202425,BOLOGNA,SCUOLA SECONDARIA I GRADO,NORMALE,FINO A 34,34,53
202425,NOVARA,SCUOLA SECONDARIA I GRADO,SOSTEGNO,FINO A 34,4,13
202425,TORINO,SCUOLA SECONDARIA I GRADO,SOSTEGNO,TRA 35 E 44,68,207
202425,ASCOLI PICENO,SCUOLA SECONDARIA I GRADO,SOSTEGNO,TRA 45 E 54,5,25
202425,GORIZIA,SCUOLA PRIMARIA,NORMALE,OLTRE 54,11,176
202425,CALTANISSETTA,SCUOLA SECONDARIA II GRADO,SOSTEGNO,OLTRE 54,54,69
202425,PARMA,SCUOLA INFANZIA,NORMALE,FINO A 34,0,5
202425,SALERNO,SCUOLA INFANZIA,NORMALE,FINO A 34,0,15
202425,PESARO E URBINO,SCUOLA SECONDARIA II GRADO,NORMALE,FINO A 34,34,26
202425,NAPOLI,SCUOLA INFANZIA,NORMALE,FINO A 34,1,31
202425,PRATO,SCUOLA INFANZIA,NORMALE,FINO A 34,0,10
202425,GORIZIA,SCUOLA SECONDARIA I GRADO,SOSTEGNO,TRA 45 E 54,1,14
202425,TRIESTE,SCUOLA INFANZIA,NORMALE,TRA 45 E 54,1,52
202425,NUORO,SCUOLA INFANZIA,SOSTEGNO,FINO A 34,0,2
202425,CASERTA,SCUOLA SECONDARIA II GRADO,NORMALE,FINO A 34,45,90
202425,VARESE,SCUOLA INFANZIA,NORMALE,TRA 45 E 54,1,209
202425,LIVORNO,SCUOLA SECONDARIA I GRADO,SOSTEGNO,FINO A 34,1,19
202425,PORDENONE,SCUOLA PRIMARIA,SOSTEGNO,OLTRE 54,0,27
202425,ORISTANO,SCUOLA SECONDARIA I GRADO,SOSTEGNO,TRA 45 E 54,3,26
202425,ISERNIA,SCUOLA PRIMARIA,NORMALE,FINO A 34,2,1
202425,PORDENONE,SCUOLA SECONDARIA I GRADO,SOSTEGNO,TRA 45 E 54,2,22
202425,FOGGIA,SCUOLA SECONDARIA I GRADO,NORMALE,TRA 45 E 54,121,453
202425,NUORO,SCUOLA SECONDARIA II GRADO,NORMALE,TRA 35 E 44,48,58
202425,TERAMO,SCUOLA SECONDARIA I GRADO,NORMALE,TRA 45 E 54,80,202
202425,CUNEO,SCUOLA SECONDARIA II GRADO,SOSTEGNO,OLTRE 54,21,58
202425,VITERBO,SCUOLA SECONDARIA I GRADO,NORMALE,OLTRE 54,51,216
202425,LECCE,SCUOLA PRIMARIA,SOSTEGNO,TRA 45 E 54,14,185
202425,PIACENZA,SCUOLA PRIMARIA,NORMALE,FINO A 34,4,49
202425,CATANZARO,SCUOLA SECONDARIA II GRADO,NORMALE,TRA 45 E 54,170,306
202425,REGGIO EMILIA,SCUOLA SECONDARIA II GRADO,NORMALE,TRA 45 E 54,201,368
202425,PISTOIA,SCUOLA INFANZIA,NORMALE,TRA 45 E 54,0,169
202425,CUNEO,SCUOLA SECONDARIA II GRADO,NORMALE,TRA 35 E 44,152,213
202425,LECCO,SCUOLA SECONDARIA I GRADO,NORMALE,OLTRE 54,39,235
202425,SALERNO,SCUOLA SECONDARIA I GRADO,SOSTEGNO,TRA 45 E 54,33,173
202425,FIRENZE,SCUOLA SECONDARIA I GRADO,NORMALE,OLTRE 54,124,567
202425,ALESSANDRIA,SCUOLA PRIMARIA,NORMALE,TRA 45 E 54,25,475
202425,NOVARA,SCUOLA PRIMARIA,NORMALE,FINO A 34,4,27
202425,COMO,SCUOLA SECONDARIA II GRADO,NORMALE,OLTRE 54,228,475
202425,TERAMO,SCUOLA INFANZIA,NORMALE,OLTRE 54,0,297
202425,BERGAMO,SCUOLA PRIMARIA,NORMALE,FINO A 34,16,171
202425,SIRACUSA,SCUOLA PRIMARIA,SOSTEGNO,TRA 45 E 54,10,163
202425,GORIZIA,SCUOLA PRIMARIA,NORMALE,TRA 45 E 54,10,164
202425,COSENZA,SCUOLA PRIMARIA,NORMALE,FINO A 34,6,35
202425,SIENA,SCUOLA SECONDARIA I GRADO,NORMALE,TRA 35 E 44,20,73
202425,VITERBO,SCUOLA INFANZIA,SOSTEGNO,FINO A 34,0,2
202425,ROVIGO,SCUOLA SECONDARIA I GRADO,SOSTEGNO,OLTRE 54,6,11
202425,MACERATA,SCUOLA SECONDARIA II GRADO,SOSTEGNO,OLTRE 54,14,52
202425,LATINA,SCUOLA SECONDARIA II GRADO,SOSTEGNO,OLTRE 54,41,101
202425,FROSINONE,SCUOLA INFANZIA,NORMALE,FINO A 34,0,4
202425,FERRARA,SCUOLA INFANZIA,SOSTEGNO,OLTRE 54,0,3
202425,NOVARA,SCUOLA SECONDARIA II GRADO,NORMALE,TRA 45 E 54,95,231
202425,MONZA E DELLA BRIANZA,SCUOLA SECONDARIA II GRADO,SOSTEGNO,OLTRE 54,13,23
202425,REGGIO EMILIA,SCUOLA PRIMARIA,NORMALE,OLTRE 54,29,622
202425,BOLOGNA,SCUOLA SECONDARIA II GRADO,SOSTEGNO,FINO A 34,18,45
202425,PISTOIA,SCUOLA PRIMARIA,SOSTEGNO,TRA 35 E 44,2,37
202425,MESSINA,SCUOLA SECONDARIA I GRADO,SOSTEGNO,TRA 35 E 44,14,63
202425,TREVISO,SCUOLA SECONDARIA I GRADO,SOSTEGNO,TRA 45 E 54,19,74
202425,SAVONA,SCUOLA INFANZIA,SOSTEGNO,OLTRE 54,0,11
202425,CASERTA,SCUOLA PRIMARIA,SOSTEGNO,FINO A 34,0,24
202425,PISA,SCUOLA INFANZIA,NORMALE,FINO A 34,0,11
202425,UDINE,SCUOLA INFANZIA,NORMALE,FINO A 34,0,31
202425,FROSINONE,SCUOLA SECONDARIA II GRADO,SOSTEGNO,TRA 35 E 44,11,38
202425,AREZZO,SCUOLA SECONDARIA I GRADO,NORMALE,FINO A 34,16,20
202425,NUORO,SCUOLA SECONDARIA II GRADO,NORMALE,FINO A 34,18,19
202425,ROVIGO,SCUOLA SECONDARIA I GRADO,NORMALE,TRA 35 E 44,31,82
202425,VICENZA,SCUOLA INFANZIA,NORMALE,TRA 35 E 44,2,116
202425,VERCELLI,SCUOLA INFANZIA,NORMALE,OLTRE 54,0,100
202425,ASTI,SCUOLA PRIMARIA,NORMALE,TRA 35 E 44,4,93
202425,ALESSANDRIA,SCUOLA SECONDARIA I GRADO,SOSTEGNO,TRA 45 E 54,5,26
202425,PRATO,SCUOLA PRIMARIA,SOSTEGNO,TRA 45 E 54,1,22
202425,SAVONA,SCUOLA INFANZIA,NORMALE,FINO A 34,0,12
202425,SALERNO,SCUOLA SECONDARIA I GRADO,SOSTEGNO,TRA 35 E 44,13,95
202425,FIRENZE,SCUOLA INFANZIA,SOSTEGNO,TRA 35 E 44,0,24
202425,COMO,SCUOLA SECONDARIA I GRADO,NORMALE,TRA 35 E 44,72,199
202425,PIACENZA,SCUOLA SECONDARIA I GRADO,NORMALE,TRA 35 E 44,25,85
202425,BARI,SCUOLA SECONDARIA I GRADO,NORMALE,TRA 35 E 44,117,345
202425,L'AQUILA,SCUOLA PRIMARIA,SOSTEGNO,TRA 45 E 54,3,81
202425,CREMONA,SCUOLA PRIMARIA,SOSTEGNO,TRA 35 E 44,0,36
202425,ANCONA,SCUOLA INFANZIA,SOSTEGNO,OLTRE 54,0,11
202425,RAGUSA,SCUOLA SECONDARIA I GRADO,SOSTEGNO,TRA 35 E 44,8,19
202425,CAMPOBASSO,SCUOLA PRIMARIA,NORMALE,TRA 45 E 54,8,265
202425,BOLOGNA,SCUOLA PRIMARIA,SOSTEGNO,OLTRE 54,3,51
202425,FERRARA,SCUOLA INFANZIA,NORMALE,FINO A 34,0,7
202425,CATANIA,SCUOLA INFANZIA,NORMALE,OLTRE 54,6,902
202425,PIACENZA,SCUOLA SECONDARIA II GRADO,SOSTEGNO,TRA 35 E 44,8,45
202425,VERCELLI,SCUOLA PRIMARIA,NORMALE,TRA 45 E 54,8,209
202425,MACERATA,SCUOLA SECONDARIA II GRADO,SOSTEGNO,TRA 45 E 54,19,44
202425,MANTOVA,SCUOLA SECONDARIA I GRADO,SOSTEGNO,TRA 35 E 44,14,45
202425,PALERMO,SCUOLA SECONDARIA II GRADO,SOSTEGNO,OLTRE 54,126,280
202425,PORDENONE,SCUOLA PRIMARIA,NORMALE,TRA 45 E 54,15,451
202425,TORINO,SCUOLA INFANZIA,SOSTEGNO,TRA 45 E 54,0,52
202425,PRATO,SCUOLA PRIMARIA,NORMALE,FINO A 34,11,79
202425,VERBANO-CUSIO-OSSOLA,SCUOLA PRIMARIA,SOSTEGNO,TRA 35 E 44,1,12
202425,CAGLIARI,SCUOLA SECONDARIA I GRADO,SOSTEGNO,TRA 45 E 54,15,94
202425,TREVISO,SCUOLA PRIMARIA,SOSTEGNO,TRA 35 E 44,1,99
202425,PERUGIA,SCUOLA INFANZIA,NORMALE,TRA 35 E 44,1,179
202425,ASCOLI PICENO,SCUOLA SECONDARIA II GRADO,SOSTEGNO,OLTRE 54,8,44
202425,BARLETTA-ANDRIA-TRANI,SCUOLA SECONDARIA I GRADO,SOSTEGNO,TRA 35 E 44,16,60
202425,VICENZA,SCUOLA SECONDARIA I GRADO,SOSTEGNO,OLTRE 54,19,50
202425,MACERATA,SCUOLA SECONDARIA I GRADO,NORMALE,OLTRE 54,53,201
202425,LATINA,SCUOLA SECONDARIA I GRADO,NORMALE,OLTRE 54,117,386
202425,FERRARA,SCUOLA SECONDARIA II GRADO,SOSTEGNO,FINO A 34,12,25
202425,BRINDISI,SCUOLA INFANZIA,SOSTEGNO,OLTRE 54,0,30
202425,RAVENNA,SCUOLA INFANZIA,SOSTEGNO,TRA 35 E 44,0,13
202425,CUNEO,SCUOLA SECONDARIA II GRADO,NORMALE,FINO A 34,79,107
202425,ALESSANDRIA,SCUOLA PRIMARIA,SOSTEGNO,OLTRE 54,2,34
202425,VENEZIA,SCUOLA SECONDARIA II GRADO,SOSTEGNO,OLTRE 54,18,36
202425,LA SPEZIA,SCUOLA PRIMARIA,NORMALE,OLTRE 54,10,292
202425,PESARO E URBINO,SCUOLA INFANZIA,SOSTEGNO,TRA 35 E 44,0,31
202425,GORIZIA,SCUOLA INFANZIA,SOSTEGNO,TRA 35 E 44,0,6
202425,VERBANO-CUSIO-OSSOLA,SCUOLA INFANZIA,SOSTEGNO,OLTRE 54,0,6
202425,CATANZARO,SCUOLA PRIMARIA,NORMALE,OLTRE 54,34,881
202425,MESSINA,SCUOLA SECONDARIA II GRADO,SOSTEGNO,OLTRE 54,59,179
202425,ROMA,SCUOLA PRIMARIA,NORMALE,TRA 35 E 44,94,1689
202425,PALERMO,SCUOLA SECONDARIA II GRADO,NORMALE,TRA 45 E 54,651,1078
202425,PISTOIA,SCUOLA SECONDARIA I GRADO,SOSTEGNO,TRA 35 E 44,13,32
202425,ALESSANDRIA,SCUOLA SECONDARIA II GRADO,NORMALE,OLTRE 54,177,368
202425,ORISTANO,SCUOLA SECONDARIA II GRADO,SOSTEGNO,TRA 35 E 44,4,38
202425,TERAMO,SCUOLA SECONDARIA II GRADO,NORMALE,OLTRE 54,211,344
202425,LECCO,SCUOLA INFANZIA,SOSTEGNO,FINO A 34,0,1
202425,SIRACUSA,SCUOLA INFANZIA,NORMALE,TRA 45 E 54,1,287
202425,MASSA-CARRARA,SCUOLA SECONDARIA I GRADO,SOSTEGNO,TRA 35 E 44,2,22
202425,GORIZIA,SCUOLA PRIMARIA,SOSTEGNO,OLTRE 54,2,15
202425,FERRARA,SCUOLA INFANZIA,SOSTEGNO,TRA 45 E 54,0,13
202425,REGGIO EMILIA,SCUOLA PRIMARIA,NORMALE,TRA 45 E 54,30,797
202425,BRESCIA,SCUOLA INFANZIA,SOSTEGNO,FINO A 34,0,8
202425,MILANO,SCUOLA INFANZIA,SOSTEGNO,FINO A 34,0,21
202425,BARI,SCUOLA INFANZIA,SOSTEGNO,TRA 35 E 44,2,105
202425,L'AQUILA,SCUOLA INFANZIA,NORMALE,TRA 45 E 54,1,140
202425,BIELLA,SCUOLA SECONDARIA I GRADO,SOSTEGNO,TRA 35 E 44,6,11
202425,VENEZIA,SCUOLA SECONDARIA I GRADO,SOSTEGNO,TRA 45 E 54,15,80
202425,CROTONE,SCUOLA INFANZIA,NORMALE,TRA 35 E 44,0,32
202425,VERCELLI,SCUOLA SECONDARIA II GRADO,SOSTEGNO,OLTRE 54,10,26
202425,NAPOLI,SCUOLA SECONDARIA I GRADO,SOSTEGNO,OLTRE 54,294,801
202425,TERAMO,SCUOLA PRIMARIA,SOSTEGNO,FINO A 34,0,31
202425,CAMPOBASSO,SCUOLA SECONDARIA I GRADO,SOSTEGNO,FINO A 34,1,6
202425,SUD SARDEGNA,SCUOLA SECONDARIA I GRADO,SOSTEGNO,TRA 35 E 44,9,45
202425,SIRACUSA,SCUOLA SECONDARIA I GRADO,SOSTEGNO,TRA 35 E 44,9,42
202425,CUNEO,SCUOLA SECONDARIA I GRADO,NORMALE,OLTRE 54,86,382
202425,GENOVA,SCUOLA SECONDARIA I GRADO,NORMALE,FINO A 34,41,84
202425,MATERA,SCUOLA SECONDARIA I GRADO,NORMALE,FINO A 34,8,15
202425,FOGGIA,SCUOLA PRIMARIA,SOSTEGNO,TRA 45 E 54,11,240
202425,PALERMO,SCUOLA INFANZIA,SOSTEGNO,TRA 35 E 44,2,61
202425,SAVONA,SCUOLA SECONDARIA II GRADO,SOSTEGNO,OLTRE 54,15,34
202425,ROMA,SCUOLA SECONDARIA II GRADO,NORMALE,OLTRE 54,1855,5017
202425,BRINDISI,SCUOLA INFANZIA,NORMALE,TRA 45 E 54,2,235
202425,PIACENZA,SCUOLA SECONDARIA I GRADO,NORMALE,FINO A 34,14,35
202425,MODENA,SCUOLA SECONDARIA II GRADO,NORMALE,TRA 35 E 44,193,276
202425,RIETI,SCUOLA INFANZIA,NORMALE,TRA 45 E 54,1,110
202425,L'AQUILA,SCUOLA PRIMARIA,SOSTEGNO,TRA 35 E 44,3,68
202425,TREVISO,SCUOLA SECONDARIA II GRADO,SOSTEGNO,TRA 35 E 44,30,92
202425,MACERATA,SCUOLA SECONDARIA II GRADO,NORMALE,TRA 35 E 44,79,143
202425,BRINDISI,SCUOLA PRIMARIA,SOSTEGNO,TRA 35 E 44,3,113
202425,RAVENNA,SCUOLA PRIMARIA,NORMALE,OLTRE 54,22,446
202425,ALESSANDRIA,SCUOLA SECONDARIA I GRADO,NORMALE,TRA 45 E 54,43,198
202425,RAGUSA,SCUOLA INFANZIA,SOSTEGNO,TRA 45 E 54,1,26
202425,TARANTO,SCUOLA PRIMARIA,NORMALE,TRA 45 E 54,19,715
202425,CHIETI,SCUOLA INFANZIA,NORMALE,TRA 35 E 44,1,83
202425,ANCONA,SCUOLA PRIMARIA,SOSTEGNO,TRA 35 E 44,1,146
202425,CALTANISSETTA,SCUOLA SECONDARIA I GRADO,SOSTEGNO,FINO A 34,3,8
202425,VIBO VALENTIA,SCUOLA PRIMARIA,NORMALE,FINO A 34,3,4
202425,TORINO,SCUOLA PRIMARIA,SOSTEGNO,FINO A 34,7,167
202425,CROTONE,SCUOLA SECONDARIA II GRADO,SOSTEGNO,TRA 45 E 54,13,18
202425,ROVIGO,SCUOLA SECONDARIA II GRADO,NORMALE,OLTRE 54,130,228
202425,ISERNIA,SCUOLA SECONDARIA II GRADO,SOSTEGNO,TRA 35 E 44,0,8
202425,ASCOLI PICENO,SCUOLA PRIMARIA,NORMALE,OLTRE 54,9,299
202425,AGRIGENTO,SCUOLA INFANZIA,SOSTEGNO,TRA 35 E 44,0,16
202425,VARESE,SCUOLA SECONDARIA II GRADO,NORMALE,FINO A 34,93,117
202425,VITERBO,SCUOLA SECONDARIA I GRADO,SOSTEGNO,OLTRE 54,10,20
202425,NUORO,SCUOLA PRIMARIA,SOSTEGNO,OLTRE 54,2,26
202425,SIRACUSA,SCUOLA PRIMARIA,NORMALE,TRA 35 E 44,6,79
202425,CAGLIARI,SCUOLA INFANZIA,SOSTEGNO,OLTRE 54,0,27
202425,L'AQUILA,SCUOLA PRIMARIA,NORMALE,FINO A 34,1,15
202425,VERCELLI,SCUOLA SECONDARIA II GRADO,NORMALE,TRA 45 E 54,67,121
202425,BELLUNO,SCUOLA INFANZIA,SOSTEGNO,TRA 45 E 54,0,4
202425,MANTOVA,SCUOLA INFANZIA,SOSTEGNO,FINO A 34,1,2
202425,FERRARA,SCUOLA SECONDARIA II GRADO,NORMALE,OLTRE 54,181,354
202425,RAVENNA,SCUOLA INFANZIA,SOSTEGNO,FINO A 34,0,4
202425,PIACENZA,SCUOLA SECONDARIA I GRADO,SOSTEGNO,TRA 35 E 44,6,14
202425,POTENZA,SCUOLA SECONDARIA I GRADO,SOSTEGNO,OLTRE 54,23,55
202425,VICENZA,SCUOLA PRIMARIA,NORMALE,FINO A 34,18,185
202425,MESSINA,SCUOLA SECONDARIA II GRADO,SOSTEGNO,TRA 45 E 54,39,140
202425,ROMA,SCUOLA PRIMARIA,NORMALE,FINO A 34,82,648
202425,LUCCA,SCUOLA INFANZIA,SOSTEGNO,TRA 45 E 54,0,11
202425,SIENA,SCUOLA INFANZIA,SOSTEGNO,OLTRE 54,0,7
202425,ASCOLI PICENO,SCUOLA INFANZIA,SOSTEGNO,TRA 35 E 44,0,31
202425,LECCO,SCUOLA SECONDARIA I GRADO,SOSTEGNO,OLTRE 54,5,19
202425,BENEVENTO,SCUOLA SECONDARIA II GRADO,SOSTEGNO,OLTRE 54,31,88
202425,RIETI,SCUOLA SECONDARIA I GRADO,NORMALE,OLTRE 54,45,123
202425,CALTANISSETTA,SCUOLA PRIMARIA,SOSTEGNO,TRA 35 E 44,2,30
202425,PADOVA,SCUOLA SECONDARIA I GRADO,SOSTEGNO,TRA 35 E 44,25,84
202425,L'AQUILA,SCUOLA SECONDARIA I GRADO,NORMALE,OLTRE 54,70,260
202425,RAGUSA,SCUOLA SECONDARIA II GRADO,SOSTEGNO,FINO A 34,1,1
202425,POTENZA,SCUOLA PRIMARIA,SOSTEGNO,OLTRE 54,2,62
202425,TREVISO,SCUOLA SECONDARIA I GRADO,NORMALE,TRA 35 E 44,105,290
202425,RIMINI,SCUOLA SECONDARIA II GRADO,NORMALE,TRA 35 E 44,85,136
202425,PESCARA,SCUOLA SECONDARIA II GRADO,NORMALE,TRA 35 E 44,69,123
202425,VENEZIA,SCUOLA SECONDARIA I GRADO,SOSTEGNO,TRA 35 E 44,12,57
202425,FORLI'-CESENA,SCUOLA SECONDARIA I GRADO,SOSTEGNO,TRA 35 E 44,13,39
202425,PARMA,SCUOLA INFANZIA,NORMALE,TRA 35 E 44,0,47
202425,CATANZARO,SCUOLA INFANZIA,NORMALE,TRA 35 E 44,2,73
202425,ORISTANO,SCUOLA INFANZIA,SOSTEGNO,TRA 35 E 44,0,13
202425,CAMPOBASSO,SCUOLA SECONDARIA I GRADO,NORMALE,OLTRE 54,71,168
202425,PADOVA,SCUOLA PRIMARIA,SOSTEGNO,FINO A 34,1,47
202425,LODI,SCUOLA PRIMARIA,NORMALE,TRA 35 E 44,5,156
202425,NAPOLI,SCUOLA INFANZIA,NORMALE,OLTRE 54,19,3485
202425,LECCO,SCUOLA PRIMARIA,SOSTEGNO,TRA 35 E 44,2,36
202425,RAVENNA,SCUOLA SECONDARIA I GRADO,NORMALE,TRA 45 E 54,44,201
202425,MESSINA,SCUOLA SECONDARIA II GRADO,NORMALE,TRA 35 E 44,140,202
202425,IMPERIA,SCUOLA SECONDARIA I GRADO,NORMALE,OLTRE 54,22,154
202425,AREZZO,SCUOLA SECONDARIA I GRADO,SOSTEGNO,TRA 35 E 44,9,40
202425,CAGLIARI,SCUOLA SECONDARIA II GRADO,SOSTEGNO,FINO A 34,0,8
202425,BENEVENTO,SCUOLA PRIMARIA,NORMALE,OLTRE 54,12,621
202425,ROMA,SCUOLA SECONDARIA I GRADO,SOSTEGNO,FINO A 34,76,288
202425,BELLUNO,SCUOLA PRIMARIA,NORMALE,TRA 45 E 54,10,188
202425,CROTONE,SCUOLA PRIMARIA,SOSTEGNO,TRA 45 E 54,3,47
202425,ANCONA,SCUOLA INFANZIA,NORMALE,FINO A 34,0,55
202425,ISERNIA,SCUOLA SECONDARIA I GRADO,NORMALE,FINO A 34,7,8
202425,ASTI,SCUOLA INFANZIA,NORMALE,FINO A 34,0,4
202425,MESSINA,SCUOLA INFANZIA,SOSTEGNO,TRA 45 E 54,1,88
202425,TRAPANI,SCUOLA SECONDARIA I GRADO,SOSTEGNO,FINO A 34,5,17
202425,NAPOLI,SCUOLA SECONDARIA II GRADO,SOSTEGNO,TRA 45 E 54,163,696
202425,IMPERIA,SCUOLA INFANZIA,SOSTEGNO,TRA 45 E 54,0,10
202425,SIENA,SCUOLA SECONDARIA II GRADO,SOSTEGNO,TRA 35 E 44,13,41
202425,CUNEO,SCUOLA SECONDARIA II GRADO,NORMALE,TRA 45 E 54,228,430
202425,CHIETI,SCUOLA INFANZIA,NORMALE,FINO A 34,0,13
202425,TERAMO,SCUOLA INFANZIA,NORMALE,TRA 45 E 54,2,216
202425,PAVIA,SCUOLA PRIMARIA,NORMALE,TRA 45 E 54,18,595
202425,CREMONA,SCUOLA INFANZIA,NORMALE,TRA 45 E 54,0,176
202425,SALERNO,SCUOLA SECONDARIA II GRADO,NORMALE,TRA 45 E 54,466,979
202425,PADOVA,SCUOLA SECONDARIA I GRADO,SOSTEGNO,FINO A 34,12,43
202425,TORINO,SCUOLA PRIMARIA,NORMALE,OLTRE 54,112,2823
202425,BENEVENTO,SCUOLA INFANZIA,NORMALE,TRA 35 E 44,1,41
202425,ROVIGO,SCUOLA INFANZIA,SOSTEGNO,TRA 45 E 54,0,14
202425,FORLI'-CESENA,SCUOLA PRIMARIA,SOSTEGNO,OLTRE 54,2,29
202425,COMO,SCUOLA SECONDARIA I GRADO,SOSTEGNO,FINO A 34,7,16
202425,NOVARA,SCUOLA PRIMARIA,NORMALE,TRA 35 E 44,4,176
202425,UDINE,SCUOLA INFANZIA,SOSTEGNO,FINO A 34,1,3
202425,LUCCA,SCUOLA SECONDARIA I GRADO,SOSTEGNO,FINO A 34,3,6
202425,CAMPOBASSO,SCUOLA PRIMARIA,SOSTEGNO,TRA 45 E 54,3,56
202425,REGGIO EMILIA,SCUOLA INFANZIA,NORMALE,TRA 35 E 44,0,41
202425,VICENZA,SCUOLA PRIMARIA,SOSTEGNO,OLTRE 54,6,66
202425,LATINA,SCUOLA PRIMARIA,NORMALE,OLTRE 54,16,937
202425,AGRIGENTO,SCUOLA SECONDARIA I GRADO,SOSTEGNO,TRA 45 E 54,24,45
202425,MANTOVA,SCUOLA INFANZIA,NORMALE,TRA 45 E 54,0,253
202425,VERONA,SCUOLA SECONDARIA II GRADO,NORMALE,FINO A 34,70,98
202425,NUORO,SCUOLA PRIMARIA,SOSTEGNO,TRA 45 E 54,3,37
202425,AGRIGENTO,SCUOLA SECONDARIA II GRADO,NORMALE,TRA 35 E 44,78,161
202425,MACERATA,SCUOLA PRIMARIA,SOSTEGNO,OLTRE 54,1,24
202425,SONDRIO,SCUOLA PRIMARIA,SOSTEGNO,TRA 35 E 44,1,24
202425,CROTONE,SCUOLA PRIMARIA,SOSTEGNO,TRA 35 E 44,7,55
202425,NAPOLI,SCUOLA SECONDARIA II GRADO,NORMALE,TRA 35 E 44,737,1333
202425,BIELLA,SCUOLA SECONDARIA II GRADO,NORMALE,OLTRE 54,91,176
202425,COSENZA,SCUOLA SECONDARIA II GRADO,NORMALE,OLTRE 54,696,1139
202425,AREZZO,SCUOLA SECONDARIA II GRADO,NORMALE,TRA 45 E 54,158,295
202425,ANCONA,SCUOLA INFANZIA,SOSTEGNO,TRA 45 E 54,0,30
202425,VARESE,SCUOLA INFANZIA,SOSTEGNO,TRA 35 E 44,0,21
202425,CATANZARO,SCUOLA SECONDARIA I GRADO,SOSTEGNO,TRA 45 E 54,9,46
202425,SIENA,SCUOLA SECONDARIA II GRADO,NORMALE,FINO A 34,18,41
202425,VERCELLI,SCUOLA PRIMARIA,NORMALE,TRA 35 E 44,4,80
202425,REGGIO EMILIA,SCUOLA SECONDARIA I GRADO,SOSTEGNO,OLTRE 54,12,35
202425,PISTOIA,SCUOLA SECONDARIA II GRADO,NORMALE,TRA 35 E 44,100,130
202425,RAGUSA,SCUOLA SECONDARIA II GRADO,NORMALE,OLTRE 54,312,426
202425,FERMO,SCUOLA SECONDARIA II GRADO,SOSTEGNO,FINO A 34,0,3
202425,MONZA E DELLA BRIANZA,SCUOLA INFANZIA,NORMALE,TRA 45 E 54,2,347
202425,LECCO,SCUOLA PRIMARIA,NORMALE,FINO A 34,9,193
202425,SASSARI,SCUOLA PRIMARIA,SOSTEGNO,OLTRE 54,2,53
202425,RAVENNA,SCUOLA SECONDARIA I GRADO,NORMALE,TRA 35 E 44,27,123
202425,RIMINI,SCUOLA PRIMARIA,NORMALE,TRA 45 E 54,15,413
202425,IMPERIA,SCUOLA SECONDARIA II GRADO,NORMALE,OLTRE 54,98,230
202425,AVELLINO,SCUOLA SECONDARIA II GRADO,NORMALE,OLTRE 54,330,597
202425,AREZZO,SCUOLA SECONDARIA I GRADO,SOSTEGNO,FINO A 34,8,10
202425,SIENA,SCUOLA PRIMARIA,SOSTEGNO,TRA 35 E 44,1,34
202425,BENEVENTO,SCUOLA INFANZIA,SOSTEGNO,TRA 35 E 44,0,20
202425,SASSARI,SCUOLA INFANZIA,SOSTEGNO,FINO A 34,0,1
202425,PARMA,SCUOLA SECONDARIA II GRADO,NORMALE,TRA 45 E 54,151,339
202425,CAGLIARI,SCUOLA SECONDARIA II GRADO,NORMALE,OLTRE 54,421,813
202425,PADOVA,SCUOLA SECONDARIA II GRADO,SOSTEGNO,TRA 45 E 54,13,65
202425,FERMO,SCUOLA SECONDARIA I GRADO,SOSTEGNO,TRA 45 E 54,5,14
202425,AGRIGENTO,SCUOLA SECONDARIA II GRADO,SOSTEGNO,TRA 45 E 54,29,74
202425,MONZA E DELLA BRIANZA,SCUOLA INFANZIA,SOSTEGNO,TRA 45 E 54,0,23
202425,ANCONA,SCUOLA SECONDARIA I GRADO,NORMALE,TRA 35 E 44,59,165
202425,UDINE,SCUOLA SECONDARIA I GRADO,SOSTEGNO,OLTRE 54,20,42
202425,PERUGIA,SCUOLA SECONDARIA I GRADO,SOSTEGNO,FINO A 34,3,17
202425,PISA,SCUOLA SECONDARIA II GRADO,SOSTEGNO,TRA 35 E 44,21,63
202425,GENOVA,SCUOLA SECONDARIA I GRADO,SOSTEGNO,FINO A 34,5,19
202425,MESSINA,SCUOLA INFANZIA,SOSTEGNO,TRA 35 E 44,0,35
202425,PALERMO,SCUOLA PRIMARIA,NORMALE,TRA 35 E 44,22,273
202425,NUORO,SCUOLA SECONDARIA I GRADO,SOSTEGNO,FINO A 34,0,5
202425,BARLETTA-ANDRIA-TRANI,SCUOLA SECONDARIA II GRADO,NORMALE,TRA 45 E 54,145,381
202425,FIRENZE,SCUOLA SECONDARIA I GRADO,NORMALE,FINO A 34,37,54
202425,NUORO,SCUOLA INFANZIA,SOSTEGNO,OLTRE 54,0,11
202425,CREMONA,SCUOLA INFANZIA,NORMALE,TRA 35 E 44,0,61
202425,TARANTO,SCUOLA PRIMARIA,SOSTEGNO,TRA 45 E 54,10,147
202425,MILANO,SCUOLA INFANZIA,NORMALE,FINO A 34,0,95
202425,ASTI,SCUOLA SECONDARIA II GRADO,NORMALE,TRA 35 E 44,54,71
202425,MACERATA,SCUOLA INFANZIA,NORMALE,OLTRE 54,0,231
202425,REGGIO CALABRIA,SCUOLA SECONDARIA I GRADO,SOSTEGNO,TRA 45 E 54,30,119
202425,ENNA,SCUOLA SECONDARIA I GRADO,SOSTEGNO,FINO A 34,0,11
202425,CROTONE,SCUOLA SECONDARIA I GRADO,SOSTEGNO,OLTRE 54,4,20
202425,ASCOLI PICENO,SCUOLA PRIMARIA,SOSTEGNO,OLTRE 54,0,29
202425,MODENA,SCUOLA PRIMARIA,NORMALE,TRA 45 E 54,40,1036
202425,CATANIA,SCUOLA SECONDARIA II GRADO,SOSTEGNO,FINO A 34,1,2
202425,TERNI,SCUOLA SECONDARIA I GRADO,NORMALE,FINO A 34,5,18
202425,FORLI'-CESENA,SCUOLA SECONDARIA II GRADO,SOSTEGNO,TRA 35 E 44,9,39
202425,BARLETTA-ANDRIA-TRANI,SCUOLA PRIMARIA,NORMALE,OLTRE 54,14,639
202425,MACERATA,SCUOLA PRIMARIA,NORMALE,TRA 45 E 54,11,460
202425,TARANTO,SCUOLA INFANZIA,NORMALE,TRA 35 E 44,0,60
202425,SUD SARDEGNA,SCUOLA INFANZIA,NORMALE,OLTRE 54,4,257
202425,AVELLINO,SCUOLA SECONDARIA II GRADO,SOSTEGNO,TRA 45 E 54,25,113
202425,CUNEO,SCUOLA INFANZIA,NORMALE,TRA 45 E 54,3,374
202425,SIENA,SCUOLA PRIMARIA,SOSTEGNO,FINO A 34,0,14
202425,VARESE,SCUOLA PRIMARIA,SOSTEGNO,OLTRE 54,4,69
202425,LECCE,SCUOLA INFANZIA,NORMALE,OLTRE 54,3,713
202425,PARMA,SCUOLA SECONDARIA II GRADO,NORMALE,TRA 35 E 44,89,160
202425,COSENZA,SCUOLA SECONDARIA I GRADO,NORMALE,FINO A 34,40,39
202425,SAVONA,SCUOLA PRIMARIA,SOSTEGNO,TRA 45 E 54,5,56
202425,CREMONA,SCUOLA SECONDARIA II GRADO,NORMALE,TRA 35 E 44,91,123
202425,AGRIGENTO,SCUOLA PRIMARIA,NORMALE,TRA 45 E 54,29,476
202425,MANTOVA,SCUOLA SECONDARIA II GRADO,NORMALE,FINO A 34,55,70
202425,NAPOLI,SCUOLA SECONDARIA II GRADO,NORMALE,FINO A 34,228,240
202425,CAMPOBASSO,SCUOLA SECONDARIA I GRADO,SOSTEGNO,TRA 35 E 44,6,36
202425,REGGIO CALABRIA,SCUOLA PRIMARIA,NORMALE,TRA 35 E 44,9,182
202425,BIELLA,SCUOLA SECONDARIA II GRADO,NORMALE,TRA 45 E 54,81,120
202425,ROMA,SCUOLA SECONDARIA II GRADO,NORMALE,TRA 45 E 54,1154,2894
202425,REGGIO EMILIA,SCUOLA SECONDARIA I GRADO,NORMALE,TRA 35 E 44,47,188
202425,LECCO,SCUOLA PRIMARIA,SOSTEGNO,OLTRE 54,2,28
202425,PRATO,SCUOLA PRIMARIA,NORMALE,OLTRE 54,16,321
202425,VICENZA,SCUOLA SECONDARIA II GRADO,SOSTEGNO,TRA 45 E 54,22,102
202425,LATINA,SCUOLA SECONDARIA II GRADO,NORMALE,TRA 45 E 54,198,532
202425,SIRACUSA,SCUOLA SECONDARIA II GRADO,SOSTEGNO,FINO A 34,0,3
202425,CASERTA,SCUOLA SECONDARIA II GRADO,SOSTEGNO,OLTRE 54,149,264
202425,CALTANISSETTA,SCUOLA INFANZIA,NORMALE,OLTRE 54,2,351
202425,BIELLA,SCUOLA PRIMARIA,NORMALE,OLTRE 54,6,211
202425,BARLETTA-ANDRIA-TRANI,SCUOLA INFANZIA,SOSTEGNO,TRA 35 E 44,0,60
202425,FERRARA,SCUOLA PRIMARIA,SOSTEGNO,FINO A 34,1,10
202425,SASSARI,SCUOLA PRIMARIA,SOSTEGNO,TRA 45 E 54,8,145
202425,PESCARA,SCUOLA PRIMARIA,SOSTEGNO,OLTRE 54,1,48
202425,ISERNIA,SCUOLA PRIMARIA,NORMALE,OLTRE 54,4,160
202425,COSENZA,SCUOLA PRIMARIA,NORMALE,TRA 45 E 54,47,829
202425,ASCOLI PICENO,SCUOLA INFANZIA,NORMALE,OLTRE 54,1,172
202425,MACERATA,SCUOLA PRIMARIA,NORMALE,TRA 35 E 44,11,144
202425,VIBO VALENTIA,SCUOLA INFANZIA,NORMALE,TRA 35 E 44,1,33
202425,BENEVENTO,SCUOLA INFANZIA,NORMALE,OLTRE 54,2,323
202425,ASCOLI PICENO,SCUOLA PRIMARIA,NORMALE,TRA 45 E 54,12,242
202425,BRESCIA,SCUOLA SECONDARIA II GRADO,NORMALE,FINO A 34,129,178
202425,VITERBO,SCUOLA INFANZIA,SOSTEGNO,TRA 45 E 54,1,24
202425,PADOVA,SCUOLA SECONDARIA II GRADO,NORMALE,TRA 35 E 44,220,325
202425,LODI,SCUOLA SECONDARIA I GRADO,SOSTEGNO,TRA 45 E 54,3,16
202425,PRATO,SCUOLA SECONDARIA I GRADO,SOSTEGNO,TRA 45 E 54,6,26
202425,SASSARI,SCUOLA INFANZIA,NORMALE,OLTRE 54,4,347
202425,RIMINI,SCUOLA SECONDARIA II GRADO,SOSTEGNO,TRA 35 E 44,14,35
202425,TARANTO,SCUOLA SECONDARIA II GRADO,NORMALE,FINO A 34,44,56
202425,IMPERIA,SCUOLA PRIMARIA,SOSTEGNO,FINO A 34,0,4
202425,MONZA E DELLA BRIANZA,SCUOLA INFANZIA,SOSTEGNO,TRA 35 E 44,0,38
202425,LATINA,SCUOLA INFANZIA,NORMALE,OLTRE 54,2,554
202425,RAGUSA,SCUOLA SECONDARIA I GRADO,NORMALE,TRA 35 E 44,52,80
202425,TRAPANI,SCUOLA PRIMARIA,NORMALE,TRA 45 E 54,24,477
202425,RIMINI,SCUOLA SECONDARIA I GRADO,NORMALE,OLTRE 54,52,167
202425,BRESCIA,SCUOLA SECONDARIA I GRADO,NORMALE,FINO A 34,65,142
202425,BIELLA,SCUOLA INFANZIA,NORMALE,TRA 45 E 54,1,96
202425,AVELLINO,SCUOLA PRIMARIA,NORMALE,TRA 45 E 54,29,474
202425,SONDRIO,SCUOLA SECONDARIA I GRADO,NORMALE,OLTRE 54,24,114
202425,MONZA E DELLA BRIANZA,SCUOLA SECONDARIA I GRADO,SOSTEGNO,FINO A 34,22,30
202425,CROTONE,SCUOLA SECONDARIA I GRADO,NORMALE,TRA 45 E 54,33,128
202425,GROSSETO,SCUOLA PRIMARIA,NORMALE,OLTRE 54,3,323
202425,PAVIA,SCUOLA INFANZIA,NORMALE,OLTRE 54,0,270
202425,MESSINA,SCUOLA PRIMARIA,NORMALE,TRA 45 E 54,33,783
202425,LA SPEZIA,SCUOLA SECONDARIA I GRADO,SOSTEGNO,TRA 45 E 54,3,16
202425,NOVARA,SCUOLA INFANZIA,NORMALE,TRA 45 E 54,2,185
202425,GROSSETO,SCUOLA SECONDARIA II GRADO,NORMALE,FINO A 34,28,34
202425,MODENA,SCUOLA PRIMARIA,NORMALE,TRA 35 E 44,15,470
202425,BRINDISI,SCUOLA SECONDARIA II GRADO,SOSTEGNO,TRA 35 E 44,3,20
202425,CATANIA,SCUOLA SECONDARIA II GRADO,NORMALE,OLTRE 54,923,1608
202425,VERONA,SCUOLA SECONDARIA I GRADO,NORMALE,OLTRE 54,153,542
202425,PERUGIA,SCUOLA PRIMARIA,NORMALE,OLTRE 54,21,972
202425,PADOVA,SCUOLA SECONDARIA II GRADO,NORMALE,FINO A 34,93,112
202425,LODI,SCUOLA SECONDARIA I GRADO,SOSTEGNO,TRA 35 E 44,4,7
202425,CATANIA,SCUOLA SECONDARIA I GRADO,NORMALE,FINO A 34,27,31
202425,TRIESTE,SCUOLA SECONDARIA II GRADO,NORMALE,TRA 35 E 44,58,74
202425,FORLI'-CESENA,SCUOLA SECONDARIA I GRADO,SOSTEGNO,FINO A 34,8,25
202425,FROSINONE,SCUOLA SECONDARIA I GRADO,SOSTEGNO,TRA 45 E 54,22,88
202425,VERBANO-CUSIO-OSSOLA,SCUOLA SECONDARIA II GRADO,SOSTEGNO,FINO A 34,3,22
202425,VARESE,SCUOLA PRIMARIA,SOSTEGNO,TRA 45 E 54,2,112
202425,ORISTANO,SCUOLA SECONDARIA II GRADO,NORMALE,OLTRE 54,128,201
202425,TREVISO,SCUOLA PRIMARIA,NORMALE,TRA 45 E 54,35,1095
202425,LECCE,SCUOLA INFANZIA,NORMALE,TRA 45 E 54,4,426
202425,PISA,SCUOLA SECONDARIA I GRADO,SOSTEGNO,TRA 45 E 54,16,63
202425,LECCO,SCUOLA PRIMARIA,SOSTEGNO,TRA 45 E 54,3,49
202425,BOLOGNA,SCUOLA INFANZIA,NORMALE,FINO A 34,0,23
202425,SALERNO,SCUOLA PRIMARIA,NORMALE,OLTRE 54,67,2224
202425,ENNA,SCUOLA SECONDARIA II GRADO,SOSTEGNO,TRA 35 E 44,2,5
202425,RAVENNA,SCUOLA SECONDARIA II GRADO,NORMALE,TRA 35 E 44,101,125
202425,AVELLINO,SCUOLA SECONDARIA I GRADO,NORMALE,OLTRE 54,144,397
202425,PESCARA,SCUOLA PRIMARIA,NORMALE,FINO A 34,3,20
202425,FORLI'-CESENA,SCUOLA INFANZIA,SOSTEGNO,TRA 35 E 44,0,13
202425,VARESE,SCUOLA SECONDARIA I GRADO,NORMALE,TRA 45 E 54,98,464
202425,TERNI,SCUOLA INFANZIA,SOSTEGNO,TRA 45 E 54,1,10
202425,BELLUNO,SCUOLA INFANZIA,NORMALE,TRA 45 E 54,3,81
202425,SONDRIO,SCUOLA SECONDARIA I GRADO,NORMALE,TRA 45 E 54,26,120
202425,MONZA E DELLA BRIANZA,SCUOLA SECONDARIA I GRADO,NORMALE,OLTRE 54,81,456
202425,CROTONE,SCUOLA SECONDARIA I GRADO,NORMALE,TRA 35 E 44,34,69
202425,UDINE,SCUOLA SECONDARIA II GRADO,SOSTEGNO,TRA 45 E 54,12,42
202425,LIVORNO,SCUOLA INFANZIA,SOSTEGNO,OLTRE 54,0,6
202425,TRAPANI,SCUOLA INFANZIA,NORMALE,FINO A 34,0,2
202425,COSENZA,SCUOLA SECONDARIA I GRADO,SOSTEGNO,OLTRE 54,18,121
202425,TRIESTE,SCUOLA SECONDARIA I GRADO,NORMALE,OLTRE 54,32,156
202425,SASSARI,SCUOLA SECONDARIA II GRADO,NORMALE,TRA 45 E 54,221,386
202425,MANTOVA,SCUOLA SECONDARIA II GRADO,SOSTEGNO,OLTRE 54,6,22
202425,MATERA,SCUOLA PRIMARIA,SOSTEGNO,FINO A 34,0,11
202425,RIETI,SCUOLA PRIMARIA,SOSTEGNO,TRA 45 E 54,2,48
202425,BRESCIA,SCUOLA SECONDARIA II GRADO,SOSTEGNO,TRA 45 E 54,32,90
202425,VERCELLI,SCUOLA INFANZIA,NORMALE,FINO A 34,2,21
202425,PERUGIA,SCUOLA SECONDARIA II GRADO,NORMALE,OLTRE 54,397,877
202425,FROSINONE,SCUOLA SECONDARIA I GRADO,NORMALE,TRA 35 E 44,72,173
202425,VARESE,SCUOLA PRIMARIA,NORMALE,TRA 35 E 44,18,438
202425,REGGIO EMILIA,SCUOLA INFANZIA,NORMALE,FINO A 34,0,1
202425,LECCE,SCUOLA SECONDARIA II GRADO,SOSTEGNO,TRA 45 E 54,54,174
202425,SIENA,SCUOLA PRIMARIA,NORMALE,TRA 45 E 54,18,358
202425,MONZA E DELLA BRIANZA,SCUOLA SECONDARIA II GRADO,NORMALE,TRA 45 E 54,213,474
202425,BENEVENTO,SCUOLA INFANZIA,NORMALE,TRA 45 E 54,0,185
202425,BERGAMO,SCUOLA SECONDARIA II GRADO,SOSTEGNO,FINO A 34,17,70
202425,FOGGIA,SCUOLA INFANZIA,NORMALE,OLTRE 54,2,553
202425,AGRIGENTO,SCUOLA PRIMARIA,SOSTEGNO,OLTRE 54,11,116
202425,VERONA,SCUOLA SECONDARIA II GRADO,NORMALE,TRA 35 E 44,175,283
202425,SAVONA,SCUOLA SECONDARIA I GRADO,SOSTEGNO,TRA 45 E 54,2,25
202425,BENEVENTO,SCUOLA SECONDARIA II GRADO,NORMALE,OLTRE 54,256,496
202425,RAGUSA,SCUOLA SECONDARIA I GRADO,NORMALE,FINO A 34,16,19
202425,TRIESTE,SCUOLA INFANZIA,NORMALE,TRA 35 E 44,0,26
202425,RIMINI,SCUOLA PRIMARIA,SOSTEGNO,TRA 45 E 54,12,96
202425,PISA,SCUOLA SECONDARIA I GRADO,NORMALE,OLTRE 54,51,277
202425,CAGLIARI,SCUOLA INFANZIA,SOSTEGNO,FINO A 34,0,1
202425,TERNI,SCUOLA SECONDARIA I GRADO,SOSTEGNO,TRA 45 E 54,5,39
202425,LA SPEZIA,SCUOLA SECONDARIA I GRADO,NORMALE,FINO A 34,11,30
202425,AREZZO,SCUOLA PRIMARIA,NORMALE,TRA 35 E 44,7,144
202425,MONZA E DELLA BRIANZA,SCUOLA SECONDARIA I GRADO,NORMALE,TRA 45 E 54,117,519
202425,SALERNO,SCUOLA SECONDARIA I GRADO,NORMALE,FINO A 34,33,77
202425,CATANZARO,SCUOLA INFANZIA,SOSTEGNO,TRA 35 E 44,1,24
202425,LODI,SCUOLA SECONDARIA II GRADO,SOSTEGNO,OLTRE 54,4,12
202425,TORINO,SCUOLA SECONDARIA II GRADO,NORMALE,OLTRE 54,941,2168
202425,POTENZA,SCUOLA INFANZIA,SOSTEGNO,TRA 45 E 54,0,19
202425,GROSSETO,SCUOLA SECONDARIA II GRADO,SOSTEGNO,FINO A 34,0,4
202425,ASTI,SCUOLA SECONDARIA I GRADO,SOSTEGNO,TRA 45 E 54,3,11
202425,MESSINA,SCUOLA PRIMARIA,NORMALE,TRA 35 E 44,10,142
202425,GROSSETO,SCUOLA SECONDARIA I GRADO,NORMALE,TRA 45 E 54,37,141
202425,FIRENZE,SCUOLA INFANZIA,NORMALE,FINO A 34,1,72
202425,PARMA,SCUOLA PRIMARIA,SOSTEGNO,OLTRE 54,0,29
202425,TRAPANI,SCUOLA INFANZIA,SOSTEGNO,TRA 45 E 54,5,74
202425,PAVIA,SCUOLA SECONDARIA I GRADO,SOSTEGNO,TRA 35 E 44,13,51
202425,VIBO VALENTIA,SCUOLA INFANZIA,SOSTEGNO,TRA 35 E 44,0,10
202425,PISTOIA,SCUOLA SECONDARIA I GRADO,NORMALE,TRA 45 E 54,40,204
202425,BOLOGNA,SCUOLA SECONDARIA II GRADO,SOSTEGNO,OLTRE 54,20,77
202425,LIVORNO,SCUOLA SECONDARIA II GRADO,SOSTEGNO,FINO A 34,3,10
202425,NOVARA,SCUOLA SECONDARIA II GRADO,NORMALE,FINO A 34,38,47
202425,COSENZA,SCUOLA PRIMARIA,NORMALE,OLTRE 54,32,1459
202425,SALERNO,SCUOLA PRIMARIA,NORMALE,TRA 45 E 54,50,1192
202425,MASSA-CARRARA,SCUOLA INFANZIA,SOSTEGNO,TRA 35 E 44,0,11
202425,PESCARA,SCUOLA INFANZIA,SOSTEGNO,OLTRE 54,0,16
202425,VITERBO,SCUOLA PRIMARIA,SOSTEGNO,FINO A 34,0,10
202425,ENNA,SCUOLA PRIMARIA,NORMALE,TRA 35 E 44,3,33
202425,CHIETI,SCUOLA PRIMARIA,SOSTEGNO,TRA 45 E 54,5,93
202425,PRATO,SCUOLA SECONDARIA II GRADO,NORMALE,FINO A 34,40,63
202425,ROMA,SCUOLA SECONDARIA I GRADO,NORMALE,TRA 35 E 44,409,1378
202425,BIELLA,SCUOLA SECONDARIA I GRADO,NORMALE,TRA 35 E 44,22,46
202425,LECCE,SCUOLA INFANZIA,SOSTEGNO,OLTRE 54,1,38
202425,FERMO,SCUOLA INFANZIA,NORMALE,TRA 45 E 54,0,93
202425,PARMA,SCUOLA SECONDARIA II GRADO,SOSTEGNO,TRA 35 E 44,20,59
202425,MILANO,SCUOLA SECONDARIA II GRADO,SOSTEGNO,OLTRE 54,53,131
202425,PADOVA,SCUOLA SECONDARIA II GRADO,SOSTEGNO,OLTRE 54,26,51
202425,TRIESTE,SCUOLA PRIMARIA,NORMALE,FINO A 34,5,51
202425,PISA,SCUOLA PRIMARIA,NORMALE,TRA 35 E 44,10,192
202425,CASERTA,SCUOLA SECONDARIA II GRADO,SOSTEGNO,FINO A 34,3,2
202425,LUCCA,SCUOLA SECONDARIA II GRADO,SOSTEGNO,OLTRE 54,12,35
202425,UDINE,SCUOLA SECONDARIA I GRADO,NORMALE,FINO A 34,15,44
202425,LIVORNO,SCUOLA INFANZIA,SOSTEGNO,TRA 45 E 54,0,17
202425,TRAPANI,SCUOLA SECONDARIA I GRADO,NORMALE,TRA 35 E 44,74,132
202425,GENOVA,SCUOLA PRIMARIA,SOSTEGNO,TRA 35 E 44,5,108
202425,ORISTANO,SCUOLA PRIMARIA,NORMALE,FINO A 34,0,20
202425,RIETI,SCUOLA PRIMARIA,NORMALE,FINO A 34,3,13
202425,PORDENONE,SCUOLA SECONDARIA II GRADO,NORMALE,TRA 45 E 54,123,234
202425,GROSSETO,SCUOLA SECONDARIA I GRADO,NORMALE,TRA 35 E 44,24,50
202425,TERAMO,SCUOLA SECONDARIA I GRADO,SOSTEGNO,TRA 45 E 54,9,69
202425,PERUGIA,SCUOLA SECONDARIA II GRADO,NORMALE,TRA 45 E 54,288,609
202425,COMO,SCUOLA PRIMARIA,SOSTEGNO,OLTRE 54,2,32
202425,RIMINI,SCUOLA SECONDARIA I GRADO,SOSTEGNO,TRA 35 E 44,9,31
202425,BRINDISI,SCUOLA SECONDARIA I GRADO,SOSTEGNO,OLTRE 54,14,48
202425,REGGIO EMILIA,SCUOLA SECONDARIA II GRADO,SOSTEGNO,TRA 45 E 54,25,81
202425,AREZZO,SCUOLA SECONDARIA II GRADO,SOSTEGNO,TRA 45 E 54,17,60
202425,MATERA,SCUOLA INFANZIA,SOSTEGNO,FINO A 34,0,1
202425,VERBANO-CUSIO-OSSOLA,SCUOLA SECONDARIA I GRADO,SOSTEGNO,OLTRE 54,1,7
202425,FORLI'-CESENA,SCUOLA SECONDARIA II GRADO,SOSTEGNO,FINO A 34,4,19
202425,SONDRIO,SCUOLA SECONDARIA II GRADO,NORMALE,TRA 35 E 44,45,67
202425,BARLETTA-ANDRIA-TRANI,SCUOLA PRIMARIA,NORMALE,TRA 45 E 54,6,478
202425,NOVARA,SCUOLA SECONDARIA I GRADO,SOSTEGNO,OLTRE 54,4,14
202425,ENNA,SCUOLA SECONDARIA I GRADO,SOSTEGNO,OLTRE 54,20,32
202425,CASERTA,SCUOLA SECONDARIA I GRADO,SOSTEGNO,FINO A 34,10,45
202425,CROTONE,SCUOLA SECONDARIA II GRADO,NORMALE,FINO A 34,13,21
202425,FERRARA,SCUOLA SECONDARIA I GRADO,NORMALE,TRA 35 E 44,28,93
202425,TORINO,SCUOLA PRIMARIA,SOSTEGNO,OLTRE 54,4,128
202425,COMO,SCUOLA SECONDARIA II GRADO,SOSTEGNO,OLTRE 54,10,22
202425,MESSINA,SCUOLA SECONDARIA I GRADO,NORMALE,FINO A 34,23,14
202425,BERGAMO,SCUOLA PRIMARIA,SOSTEGNO,FINO A 34,0,52
202425,SIRACUSA,SCUOLA SECONDARIA I GRADO,NORMALE,TRA 45 E 54,96,324
202425,ISERNIA,SCUOLA PRIMARIA,SOSTEGNO,OLTRE 54,1,16
202425,MANTOVA,SCUOLA PRIMARIA,SOSTEGNO,TRA 45 E 54,2,61
202425,MASSA-CARRARA,SCUOLA SECONDARIA II GRADO,NORMALE,OLTRE 54,121,257
202425,GORIZIA,SCUOLA SECONDARIA I GRADO,SOSTEGNO,TRA 35 E 44,3,13
202425,TRIESTE,SCUOLA INFANZIA,NORMALE,FINO A 34,0,8
202425,CAGLIARI,SCUOLA INFANZIA,NORMALE,OLTRE 54,3,286
202425,VARESE,SCUOLA SECONDARIA I GRADO,NORMALE,FINO A 34,50,119
202425,TERNI,SCUOLA SECONDARIA I GRADO,SOSTEGNO,TRA 35 E 44,2,22
202425,POTENZA,SCUOLA SECONDARIA II GRADO,NORMALE,TRA 45 E 54,143,406
202425,CREMONA,SCUOLA SECONDARIA II GRADO,NORMALE,OLTRE 54,144,352
202425,REGGIO CALABRIA,SCUOLA INFANZIA,NORMALE,TRA 35 E 44,0,60
202425,VERCELLI,SCUOLA SECONDARIA I GRADO,SOSTEGNO,FINO A 34,1,4
202425,REGGIO CALABRIA,SCUOLA PRIMARIA,SOSTEGNO,TRA 45 E 54,11,186
202425,PERUGIA,SCUOLA SECONDARIA I GRADO,NORMALE,TRA 35 E 44,80,191
202425,COMO,SCUOLA INFANZIA,NORMALE,OLTRE 54,0,233
202425,AVELLINO,SCUOLA INFANZIA,SOSTEGNO,TRA 35 E 44,0,25
202425,PAVIA,SCUOLA INFANZIA,SOSTEGNO,OLTRE 54,0,3
202425,TRAPANI,SCUOLA PRIMARIA,SOSTEGNO,TRA 45 E 54,18,231
202425,CAMPOBASSO,SCUOLA INFANZIA,SOSTEGNO,TRA 35 E 44,0,19
202425,ASTI,SCUOLA PRIMARIA,SOSTEGNO,OLTRE 54,0,11
202425,BRINDISI,SCUOLA SECONDARIA I GRADO,NORMALE,TRA 45 E 54,90,249
202425,BERGAMO,SCUOLA SECONDARIA I GRADO,SOSTEGNO,OLTRE 54,16,66
202425,ASTI,SCUOLA PRIMARIA,SOSTEGNO,TRA 35 E 44,1,29
202425,ALESSANDRIA,SCUOLA SECONDARIA II GRADO,NORMALE,TRA 45 E 54,97,206
202425,L'AQUILA,SCUOLA SECONDARIA II GRADO,SOSTEGNO,TRA 35 E 44,4,22
202425,VERONA,SCUOLA PRIMARIA,SOSTEGNO,OLTRE 54,3,73
202425,SIRACUSA,SCUOLA PRIMARIA,SOSTEGNO,FINO A 34,0,2
202425,BRESCIA,SCUOLA INFANZIA,SOSTEGNO,OLTRE 54,0,16
202425,FERRARA,SCUOLA SECONDARIA I GRADO,NORMALE,FINO A 34,10,29
202425,LODI,SCUOLA PRIMARIA,SOSTEGNO,TRA 45 E 54,2,24
202425,LA SPEZIA,SCUOLA PRIMARIA,NORMALE,TRA 45 E 54,10,233
202425,CALTANISSETTA,SCUOLA PRIMARIA,NORMALE,FINO A 34,3,8
202425,ASTI,SCUOLA SECONDARIA II GRADO,SOSTEGNO,OLTRE 54,6,18
202425,MASSA-CARRARA,SCUOLA INFANZIA,SOSTEGNO,FINO A 34,0,2
202425,TERNI,SCUOLA PRIMARIA,SOSTEGNO,FINO A 34,0,19
202425,ANCONA,SCUOLA SECONDARIA II GRADO,SOSTEGNO,TRA 35 E 44,27,76
202425,ENNA,SCUOLA SECONDARIA II GRADO,NORMALE,TRA 45 E 54,80,166
202425,PARMA,SCUOLA INFANZIA,SOSTEGNO,TRA 35 E 44,0,14
202425,PRATO,SCUOLA SECONDARIA I GRADO,SOSTEGNO,OLTRE 54,2,21
202425,VITERBO,SCUOLA PRIMARIA,NORMALE,OLTRE 54,10,476
202425,LECCE,SCUOLA INFANZIA,SOSTEGNO,TRA 45 E 54,1,47
202425,FERMO,SCUOLA INFANZIA,NORMALE,TRA 35 E 44,0,53
202425,MILANO,SCUOLA SECONDARIA II GRADO,SOSTEGNO,TRA 45 E 54,107,302
202425,CHIETI,SCUOLA SECONDARIA I GRADO,SOSTEGNO,FINO A 34,3,22
202425,RAVENNA,SCUOLA SECONDARIA I GRADO,SOSTEGNO,FINO A 34,8,24
202425,PISA,SCUOLA SECONDARIA II GRADO,NORMALE,TRA 45 E 54,147,346
202425,VERBANO-CUSIO-OSSOLA,SCUOLA SECONDARIA I GRADO,NORMALE,TRA 35 E 44,24,52
202425,RIETI,SCUOLA INFANZIA,SOSTEGNO,OLTRE 54,0,6
202425,BOLOGNA,SCUOLA INFANZIA,SOSTEGNO,TRA 35 E 44,1,41
202425,PADOVA,SCUOLA SECONDARIA I GRADO,NORMALE,FINO A 34,51,126
202425,BIELLA,SCUOLA INFANZIA,NORMALE,TRA 35 E 44,0,38
202425,RIMINI,SCUOLA SECONDARIA I GRADO,SOSTEGNO,FINO A 34,3,19
202425,PALERMO,SCUOLA SECONDARIA I GRADO,SOSTEGNO,TRA 35 E 44,46,141
202425,BRINDISI,SCUOLA SECONDARIA I GRADO,SOSTEGNO,TRA 45 E 54,15,72
202425,VICENZA,SCUOLA SECONDARIA II GRADO,NORMALE,OLTRE 54,519,914
202425,MACERATA,SCUOLA SECONDARIA I GRADO,SOSTEGNO,OLTRE 54,15,25
202425,LATINA,SCUOLA SECONDARIA I GRADO,SOSTEGNO,OLTRE 54,35,78
202425,BRINDISI,SCUOLA PRIMARIA,NORMALE,OLTRE 54,20,679
202425,RAVENNA,SCUOLA PRIMARIA,NORMALE,TRA 35 E 44,14,205
202425,LA SPEZIA,SCUOLA INFANZIA,NORMALE,TRA 45 E 54,1,96
202425,VERBANO-CUSIO-OSSOLA,SCUOLA SECONDARIA I GRADO,SOSTEGNO,TRA 45 E 54,3,16
202425,ENNA,SCUOLA SECONDARIA I GRADO,NORMALE,TRA 35 E 44,31,61
202425,MILANO,SCUOLA PRIMARIA,SOSTEGNO,TRA 45 E 54,27,292
202425,VERBANO-CUSIO-OSSOLA,SCUOLA PRIMARIA,NORMALE,OLTRE 54,8,247
202425,PIACENZA,SCUOLA SECONDARIA II GRADO,NORMALE,FINO A 34,22,40
202425,MILANO,SCUOLA SECONDARIA I GRADO,SOSTEGNO,TRA 35 E 44,149,414
202425,CATANIA,SCUOLA INFANZIA,SOSTEGNO,TRA 45 E 54,3,148
202425,TRIESTE,SCUOLA SECONDARIA II GRADO,NORMALE,FINO A 34,27,28
202425,BARI,SCUOLA SECONDARIA I GRADO,SOSTEGNO,TRA 45 E 54,36,245
202425,LUCCA,SCUOLA PRIMARIA,SOSTEGNO,TRA 45 E 54,3,58
202425,PAVIA,SCUOLA SECONDARIA I GRADO,SOSTEGNO,OLTRE 54,9,35
202425,FROSINONE,SCUOLA SECONDARIA I GRADO,SOSTEGNO,TRA 35 E 44,16,67
202425,ROMA,SCUOLA PRIMARIA,SOSTEGNO,TRA 35 E 44,53,1179
202425,BENEVENTO,SCUOLA SECONDARIA II GRADO,NORMALE,FINO A 34,23,20
202425,SONDRIO,SCUOLA PRIMARIA,NORMALE,TRA 45 E 54,7,213
202425,CROTONE,SCUOLA PRIMARIA,NORMALE,TRA 35 E 44,4,68
202425,ASCOLI PICENO,SCUOLA SECONDARIA I GRADO,SOSTEGNO,TRA 35 E 44,8,28
202425,RIMINI,SCUOLA INFANZIA,NORMALE,OLTRE 54,1,114
202425,MESSINA,SCUOLA INFANZIA,NORMALE,TRA 35 E 44,2,70
202425,CALTANISSETTA,SCUOLA SECONDARIA II GRADO,SOSTEGNO,TRA 45 E 54,27,62
202425,AVELLINO,SCUOLA INFANZIA,NORMALE,TRA 45 E 54,3,260
202425,CUNEO,SCUOLA PRIMARIA,SOSTEGNO,TRA 45 E 54,0,46
202425,MILANO,SCUOLA PRIMARIA,NORMALE,FINO A 34,89,1101
202425,VERONA,SCUOLA INFANZIA,NORMALE,OLTRE 54,2,287
202425,FOGGIA,SCUOLA SECONDARIA II GRADO,NORMALE,OLTRE 54,598,950
202425,BARI,SCUOLA PRIMARIA,NORMALE,TRA 35 E 44,21,450
202425,L'AQUILA,SCUOLA INFANZIA,SOSTEGNO,TRA 45 E 54,0,21
202425,BARLETTA-ANDRIA-TRANI,SCUOLA SECONDARIA I GRADO,NORMALE,TRA 35 E 44,38,149
202425,NOVARA,SCUOLA SECONDARIA II GRADO,SOSTEGNO,TRA 45 E 54,12,45
202425,AREZZO,SCUOLA INFANZIA,NORMALE,FINO A 34,0,26
202425,VENEZIA,SCUOLA PRIMARIA,NORMALE,FINO A 34,18,192
202425,CASERTA,SCUOLA INFANZIA,NORMALE,OLTRE 54,7,1048
202425,FERRARA,SCUOLA SECONDARIA II GRADO,NORMALE,TRA 45 E 54,124,248
202425,CROTONE,SCUOLA INFANZIA,SOSTEGNO,TRA 35 E 44,0,15
202425,CHIETI,SCUOLA PRIMARIA,SOSTEGNO,OLTRE 54,1,52
202425,TERAMO,SCUOLA SECONDARIA I GRADO,NORMALE,TRA 35 E 44,32,118
202425,SIRACUSA,SCUOLA SECONDARIA II GRADO,NORMALE,TRA 35 E 44,76,142
202425,COSENZA,SCUOLA SECONDARIA I GRADO,SOSTEGNO,TRA 45 E 54,24,136
202425,AREZZO,SCUOLA PRIMARIA,SOSTEGNO,TRA 35 E 44,6,69
202425,MACERATA,SCUOLA SECONDARIA I GRADO,SOSTEGNO,TRA 45 E 54,14,36
202425,VERONA,SCUOLA PRIMARIA,NORMALE,TRA 45 E 54,32,1294
202425,MATERA,SCUOLA INFANZIA,NORMALE,TRA 45 E 54,0,114
202425,BELLUNO,SCUOLA SECONDARIA I GRADO,SOSTEGNO,OLTRE 54,4,16
202425,VITERBO,SCUOLA SECONDARIA I GRADO,NORMALE,TRA 45 E 54,50,187
202425,UDINE,SCUOLA SECONDARIA II GRADO,SOSTEGNO,OLTRE 54,10,39
202425,BERGAMO,SCUOLA SECONDARIA I GRADO,SOSTEGNO,TRA 45 E 54,32,96
202425,LECCE,SCUOLA PRIMARIA,SOSTEGNO,TRA 35 E 44,5,160
202425,LUCCA,SCUOLA INFANZIA,SOSTEGNO,TRA 35 E 44,1,11
202425,VIBO VALENTIA,SCUOLA SECONDARIA II GRADO,NORMALE,TRA 35 E 44,43,63
202425,RAGUSA,SCUOLA INFANZIA,NORMALE,TRA 35 E 44,1,42
202425,PESARO E URBINO,SCUOLA SECONDARIA II GRADO,SOSTEGNO,OLTRE 54,6,46
202425,CAMPOBASSO,SCUOLA SECONDARIA II GRADO,SOSTEGNO,TRA 35 E 44,9,21
202425,BARLETTA-ANDRIA-TRANI,SCUOLA INFANZIA,NORMALE,TRA 35 E 44,0,61
202425,COSENZA,SCUOLA INFANZIA,SOSTEGNO,OLTRE 54,0,35
202425,TARANTO,SCUOLA SECONDARIA I GRADO,SOSTEGNO,TRA 35 E 44,25,97
202425,FORLI'-CESENA,SCUOLA SECONDARIA II GRADO,SOSTEGNO,OLTRE 54,9,38
202425,BOLOGNA,SCUOLA SECONDARIA II GRADO,NORMALE,OLTRE 54,350,827
202425,CHIETI,SCUOLA SECONDARIA II GRADO,NORMALE,OLTRE 54,238,477
202425,SUD SARDEGNA,SCUOLA SECONDARIA I GRADO,NORMALE,OLTRE 54,93,239
202425,VERCELLI,SCUOLA SECONDARIA II GRADO,SOSTEGNO,TRA 45 E 54,13,26
202425,ROVIGO,SCUOLA SECONDARIA II GRADO,SOSTEGNO,OLTRE 54,11,15
202425,ALESSANDRIA,SCUOLA INFANZIA,SOSTEGNO,OLTRE 54,0,9
202425,BOLOGNA,SCUOLA SECONDARIA I GRADO,SOSTEGNO,TRA 45 E 54,24,105
202425,MASSA-CARRARA,SCUOLA SECONDARIA II GRADO,SOSTEGNO,FINO A 34,4,6
202425,POTENZA,SCUOLA SECONDARIA II GRADO,SOSTEGNO,OLTRE 54,40,101
202425,CHIETI,SCUOLA INFANZIA,SOSTEGNO,TRA 35 E 44,0,31
202425,LIVORNO,SCUOLA SECONDARIA I GRADO,NORMALE,OLTRE 54,52,217
202425,PORDENONE,SCUOLA PRIMARIA,SOSTEGNO,TRA 45 E 54,2,48
202425,FIRENZE,SCUOLA SECONDARIA II GRADO,NORMALE,TRA 45 E 54,397,832
202425,ORISTANO,SCUOLA SECONDARIA I GRADO,SOSTEGNO,TRA 35 E 44,4,21
202425,VERONA,SCUOLA PRIMARIA,NORMALE,TRA 35 E 44,24,461
202425,PORDENONE,SCUOLA SECONDARIA I GRADO,SOSTEGNO,TRA 35 E 44,8,29
202425,FOGGIA,SCUOLA SECONDARIA I GRADO,NORMALE,TRA 35 E 44,103,211
202425,LECCO,SCUOLA SECONDARIA II GRADO,SOSTEGNO,TRA 35 E 44,11,30
202425,PARMA,SCUOLA PRIMARIA,SOSTEGNO,TRA 45 E 54,4,47
202425,LIVORNO,SCUOLA PRIMARIA,NORMALE,TRA 45 E 54,12,349
202425,RAVENNA,SCUOLA PRIMARIA,NORMALE,FINO A 34,8,82
202425,LA SPEZIA,SCUOLA INFANZIA,NORMALE,TRA 35 E 44,0,36
202425,REGGIO EMILIA,SCUOLA SECONDARIA II GRADO,NORMALE,TRA 35 E 44,127,195
202425,PISTOIA,SCUOLA INFANZIA,NORMALE,TRA 35 E 44,0,79
202425,PAVIA,SCUOLA SECONDARIA I GRADO,SOSTEGNO,TRA 45 E 54,9,58
202425,ROMA,SCUOLA PRIMARIA,SOSTEGNO,FINO A 34,22,660
202425,LUCCA,SCUOLA PRIMARIA,NORMALE,TRA 45 E 54,22,442
202425,CALTANISSETTA,SCUOLA SECONDARIA I GRADO,NORMALE,TRA 45 E 54,57,160
202425,SIRACUSA,SCUOLA PRIMARIA,SOSTEGNO,TRA 35 E 44,2,43
202425,PAVIA,SCUOLA SECONDARIA I GRADO,NORMALE,FINO A 34,32,58
202425,BERGAMO,SCUOLA INFANZIA,SOSTEGNO,OLTRE 54,0,27
202425,ASTI,SCUOLA INFANZIA,SOSTEGNO,TRA 45 E 54,0,6
202425,PORDENONE,SCUOLA INFANZIA,SOSTEGNO,TRA 35 E 44,0,14
202425,GORIZIA,SCUOLA PRIMARIA,NORMALE,TRA 35 E 44,3,65
202425,MATERA,SCUOLA PRIMARIA,NORMALE,FINO A 34,1,18
202425,GROSSETO,SCUOLA INFANZIA,NORMALE,TRA 45 E 54,0,107
202425,CALTANISSETTA,SCUOLA SECONDARIA II GRADO,SOSTEGNO,TRA 35 E 44,1,15
202425,PALERMO,SCUOLA SECONDARIA II GRADO,SOSTEGNO,TRA 45 E 54,137,356
202425,BENEVENTO,SCUOLA SECONDARIA I GRADO,NORMALE,TRA 35 E 44,35,109
202425,ROVIGO,SCUOLA SECONDARIA I GRADO,SOSTEGNO,TRA 45 E 54,6,16
202425,BELLUNO,SCUOLA SECONDARIA I GRADO,NORMALE,TRA 35 E 44,22,67
202425,MONZA E DELLA BRIANZA,SCUOLA SECONDARIA II GRADO,SOSTEGNO,TRA 45 E 54,18,73
202425,FERRARA,SCUOLA SECONDARIA I GRADO,SOSTEGNO,TRA 45 E 54,6,34
202425,MESSINA,SCUOLA SECONDARIA I GRADO,SOSTEGNO,FINO A 34,1,6
202425,L'AQUILA,SCUOLA INFANZIA,SOSTEGNO,TRA 35 E 44,0,20
202425,BENEVENTO,SCUOLA SECONDARIA II GRADO,SOSTEGNO,TRA 45 E 54,14,70
202425,POTENZA,SCUOLA SECONDARIA I GRADO,NORMALE,OLTRE 54,114,337
202425,TREVISO,SCUOLA SECONDARIA I GRADO,SOSTEGNO,TRA 35 E 44,11,48
202425,VENEZIA,SCUOLA SECONDARIA II GRADO,NORMALE,TRA 35 E 44,180,242
202425,PIACENZA,SCUOLA SECONDARIA II GRADO,SOSTEGNO,OLTRE 54,4,24
202425,CASERTA,SCUOLA PRIMARIA,NORMALE,OLTRE 54,52,2066
202425,TRIESTE,SCUOLA SECONDARIA II GRADO,SOSTEGNO,OLTRE 54,4,15
202425,MANTOVA,SCUOLA SECONDARIA I GRADO,NORMALE,TRA 45 E 54,61,233
202425,FOGGIA,SCUOLA SECONDARIA I GRADO,NORMALE,FINO A 34,27,53
202425,BELLUNO,SCUOLA SECONDARIA II GRADO,NORMALE,OLTRE 54,114,218
202425,FROSINONE,SCUOLA SECONDARIA II GRADO,SOSTEGNO,FINO A 34,1,3
202425,NUORO,SCUOLA SECONDARIA I GRADO,SOSTEGNO,OLTRE 54,4,15
202425,TERAMO,SCUOLA SECONDARIA I GRADO,NORMALE,FINO A 34,9,13
202425,NOVARA,SCUOLA PRIMARIA,SOSTEGNO,OLTRE 54,2,23
202425,IMPERIA,SCUOLA SECONDARIA I GRADO,SOSTEGNO,OLTRE 54,10,15
202425,LUCCA,SCUOLA INFANZIA,NORMALE,OLTRE 54,1,243
202425,GORIZIA,SCUOLA INFANZIA,NORMALE,FINO A 34,0,11
202425,CUNEO,SCUOLA SECONDARIA I GRADO,SOSTEGNO,OLTRE 54,9,36
202425,MONZA E DELLA BRIANZA,SCUOLA PRIMARIA,SOSTEGNO,FINO A 34,5,64
202425,SALERNO,SCUOLA SECONDARIA I GRADO,SOSTEGNO,FINO A 34,12,34
202425,BELLUNO,SCUOLA PRIMARIA,SOSTEGNO,TRA 45 E 54,0,27
202425,LATINA,SCUOLA PRIMARIA,NORMALE,TRA 45 E 54,12,671
202425,MANTOVA,SCUOLA PRIMARIA,SOSTEGNO,FINO A 34,0,17
202425,ISERNIA,SCUOLA SECONDARIA I GRADO,SOSTEGNO,FINO A 34,0,3
202425,CREMONA,SCUOLA PRIMARIA,SOSTEGNO,FINO A 34,1,17
202425,BARLETTA-ANDRIA-TRANI,SCUOLA INFANZIA,NORMALE,FINO A 34,0,4
202425,VENEZIA,SCUOLA SECONDARIA I GRADO,NORMALE,TRA 35 E 44,101,264
202425,CAMPOBASSO,SCUOLA PRIMARIA,NORMALE,TRA 35 E 44,5,94
202425,TRIESTE,SCUOLA PRIMARIA,SOSTEGNO,OLTRE 54,3,17
202425,ANCONA,SCUOLA SECONDARIA I GRADO,SOSTEGNO,TRA 45 E 54,11,58
202425,FROSINONE,SCUOLA PRIMARIA,SOSTEGNO,FINO A 34,1,15
202425,BRINDISI,SCUOLA INFANZIA,SOSTEGNO,FINO A 34,0,3
202425,LECCO,SCUOLA INFANZIA,NORMALE,OLTRE 54,0,112
202425,SIRACUSA,SCUOLA INFANZIA,NORMALE,TRA 35 E 44,0,48
202425,ALESSANDRIA,SCUOLA PRIMARIA,SOSTEGNO,TRA 35 E 44,0,22
202425,ORISTANO,SCUOLA PRIMARIA,SOSTEGNO,OLTRE 54,0,29
202425,TERAMO,SCUOLA INFANZIA,SOSTEGNO,TRA 45 E 54,2,30
202425,MACERATA,SCUOLA SECONDARIA II GRADO,SOSTEGNO,TRA 35 E 44,16,29
202425,BOLOGNA,SCUOLA SECONDARIA II GRADO,NORMALE,TRA 45 E 54,354,716
202425,MASSA-CARRARA,SCUOLA PRIMARIA,SOSTEGNO,OLTRE 54,1,27
202425,COMO,SCUOLA INFANZIA,SOSTEGNO,TRA 45 E 54,0,16
202425,TORINO,SCUOLA INFANZIA,SOSTEGNO,TRA 35 E 44,1,66
202425,RAVENNA,SCUOLA SECONDARIA I GRADO,NORMALE,FINO A 34,15,38
202425,SONDRIO,SCUOLA SECONDARIA II GRADO,SOSTEGNO,TRA 45 E 54,2,12
202425,IMPERIA,SCUOLA SECONDARIA I GRADO,NORMALE,TRA 35 E 44,16,44
202425,PERUGIA,SCUOLA INFANZIA,NORMALE,FINO A 34,0,26
202425,PISTOIA,SCUOLA SECONDARIA II GRADO,SOSTEGNO,OLTRE 54,9,37
202425,SAVONA,SCUOLA SECONDARIA II GRADO,SOSTEGNO,TRA 45 E 54,8,38
202425,ASCOLI PICENO,SCUOLA SECONDARIA II GRADO,SOSTEGNO,TRA 45 E 54,9,37
202425,BRINDISI,SCUOLA INFANZIA,NORMALE,TRA 35 E 44,1,63
202425,RIETI,SCUOLA PRIMARIA,NORMALE,OLTRE 54,6,292
202425,BOLOGNA,SCUOLA PRIMARIA,NORMALE,TRA 45 E 54,81,1397
202425,L'AQUILA,SCUOLA PRIMARIA,SOSTEGNO,FINO A 34,0,20
202425,VICENZA,SCUOLA INFANZIA,SOSTEGNO,FINO A 34,0,7
202425,CREMONA,SCUOLA PRIMARIA,NORMALE,OLTRE 54,20,420
202425,ALESSANDRIA,SCUOLA PRIMARIA,SOSTEGNO,TRA 45 E 54,6,39
202425,CATANZARO,SCUOLA PRIMARIA,NORMALE,TRA 45 E 54,26,437
202425,ANCONA,SCUOLA PRIMARIA,NORMALE,TRA 45 E 54,19,601
202425,PALERMO,SCUOLA SECONDARIA II GRADO,NORMALE,TRA 35 E 44,250,367
202425,PORDENONE,SCUOLA INFANZIA,SOSTEGNO,FINO A 34,0,2
202425,FOGGIA,SCUOLA INFANZIA,NORMALE,FINO A 34,0,9
202425,TERAMO,SCUOLA SECONDARIA II GRADO,NORMALE,TRA 45 E 54,130,257
202425,RAGUSA,SCUOLA INFANZIA,SOSTEGNO,TRA 35 E 44,0,17
202425,NOVARA,SCUOLA INFANZIA,NORMALE,OLTRE 54,0,241
202425,PIACENZA,SCUOLA PRIMARIA,SOSTEGNO,TRA 35 E 44,1,35
202425,MASSA-CARRARA,SCUOLA SECONDARIA I GRADO,SOSTEGNO,FINO A 34,1,8
202425,TORINO,SCUOLA INFANZIA,SOSTEGNO,FINO A 34,1,21
202425,PISTOIA,SCUOLA SECONDARIA II GRADO,SOSTEGNO,TRA 35 E 44,12,72
202425,GENOVA,SCUOLA SECONDARIA II GRADO,NORMALE,TRA 45 E 54,228,482
202425,ASCOLI PICENO,SCUOLA PRIMARIA,SOSTEGNO,TRA 45 E 54,5,44
202425,PALERMO,SCUOLA PRIMARIA,SOSTEGNO,OLTRE 54,29,233
202425,PISA,SCUOLA SECONDARIA I GRADO,NORMALE,FINO A 34,21,37
202425,MONZA E DELLA BRIANZA,SCUOLA PRIMARIA,SOSTEGNO,OLTRE 54,3,47
202425,NAPOLI,SCUOLA SECONDARIA I GRADO,SOSTEGNO,TRA 45 E 54,138,438
202425,SUD SARDEGNA,SCUOLA SECONDARIA I GRADO,SOSTEGNO,FINO A 34,0,14
202425,CUNEO,SCUOLA SECONDARIA I GRADO,NORMALE,TRA 45 E 54,93,423
202425,MANTOVA,SCUOLA INFANZIA,NORMALE,OLTRE 54,2,230
202425,CHIETI,SCUOLA SECONDARIA II GRADO,NORMALE,TRA 35 E 44,78,112
202425,MILANO,SCUOLA PRIMARIA,SOSTEGNO,FINO A 34,16,215
202425,ISERNIA,SCUOLA INFANZIA,SOSTEGNO,OLTRE 54,0,3
202425,NUORO,SCUOLA INFANZIA,NORMALE,TRA 45 E 54,0,100
202425,PALERMO,SCUOLA SECONDARIA I GRADO,SOSTEGNO,FINO A 34,10,27
202425,COMO,SCUOLA PRIMARIA,SOSTEGNO,FINO A 34,1,21
202425,CAGLIARI,SCUOLA SECONDARIA II GRADO,SOSTEGNO,OLTRE 54,39,103
202425,POTENZA,SCUOLA SECONDARIA I GRADO,SOSTEGNO,TRA 45 E 54,13,58
202425,ROVIGO,SCUOLA PRIMARIA,SOSTEGNO,FINO A 34,0,4
202425,CUNEO,SCUOLA SECONDARIA II GRADO,SOSTEGNO,TRA 45 E 54,21,50
202425,MODENA,SCUOLA SECONDARIA II GRADO,NORMALE,FINO A 34,100,132
202425,CATANZARO,SCUOLA PRIMARIA,NORMALE,TRA 35 E 44,5,170
202425,RIETI,SCUOLA INFANZIA,NORMALE,TRA 35 E 44,0,32
202425,VICENZA,SCUOLA INFANZIA,SOSTEGNO,OLTRE 54,0,5
202425,MESSINA,SCUOLA SECONDARIA II GRADO,SOSTEGNO,TRA 35 E 44,6,24
202425,UDINE,SCUOLA SECONDARIA II GRADO,NORMALE,OLTRE 54,352,567
202425,GENOVA,SCUOLA SECONDARIA II GRADO,NORMALE,FINO A 34,90,122
202425,ROMA,SCUOLA INFANZIA,SOSTEGNO,OLTRE 54,4,139
202425,PIACENZA,SCUOLA INFANZIA,SOSTEGNO,OLTRE 54,0,5
202425,CAMPOBASSO,SCUOLA SECONDARIA II GRADO,NORMALE,TRA 45 E 54,103,213
202425,TRIESTE,SCUOLA PRIMARIA,SOSTEGNO,TRA 45 E 54,2,20
202425,CUNEO,SCUOLA PRIMARIA,NORMALE,FINO A 34,0,184
202425,FROSINONE,SCUOLA PRIMARIA,NORMALE,OLTRE 54,17,912
202425,RAVENNA,SCUOLA PRIMARIA,NORMALE,TRA 45 E 54,24,491
202425,LECCO,SCUOLA INFANZIA,NORMALE,TRA 45 E 54,2,88
202425,SALERNO,SCUOLA INFANZIA,SOSTEGNO,TRA 35 E 44,1,89
202425,PADOVA,SCUOLA INFANZIA,NORMALE,FINO A 34,0,4
202425,TARANTO,SCUOLA SECONDARIA I GRADO,NORMALE,TRA 45 E 54,100,423
202425,SASSARI,SCUOLA PRIMARIA,SOSTEGNO,TRA 35 E 44,0,65
202425,PESCARA,SCUOLA INFANZIA,NORMALE,OLTRE 54,3,282
202425,RIETI,SCUOLA SECONDARIA I GRADO,NORMALE,TRA 45 E 54,25,101
202425,VICENZA,SCUOLA SECONDARIA I GRADO,NORMALE,TRA 45 E 54,138,552
202425,CALTANISSETTA,SCUOLA SECONDARIA I GRADO,NORMALE,OLTRE 54,90,254
202425,MACERATA,SCUOLA INFANZIA,SOSTEGNO,OLTRE 54,0,4
202425,CASERTA,SCUOLA INFANZIA,NORMALE,TRA 35 E 44,2,84
202425,LATINA,SCUOLA PRIMARIA,SOSTEGNO,TRA 45 E 54,5,213
202425,REGGIO CALABRIA,SCUOLA SECONDARIA II GRADO,NORMALE,TRA 45 E 54,253,527
202425,BOLOGNA,SCUOLA SECONDARIA I GRADO,SOSTEGNO,FINO A 34,18,51
202425,COMO,SCUOLA SECONDARIA II GRADO,NORMALE,TRA 35 E 44,112,162
202425,VENEZIA,SCUOLA SECONDARIA I GRADO,SOSTEGNO,FINO A 34,12,27
202425,LA SPEZIA,SCUOLA SECONDARIA II GRADO,NORMALE,TRA 35 E 44,44,68
202425,ISERNIA,SCUOLA SECONDARIA II GRADO,NORMALE,OLTRE 54,57,92
202425,ASCOLI PICENO,SCUOLA SECONDARIA I GRADO,NORMALE,OLTRE 54,34,125
202425,CATANZARO,SCUOLA INFANZIA,NORMALE,FINO A 34,0,4
202425,CAMPOBASSO,SCUOLA SECONDARIA I GRADO,NORMALE,TRA 45 E 54,51,136
202425,ASCOLI PICENO,SCUOLA SECONDARIA II GRADO,NORMALE,TRA 45 E 54,122,206
202425,PESARO E URBINO,SCUOLA SECONDARIA I GRADO,NORMALE,FINO A 34,12,40
202425,ANCONA,SCUOLA SECONDARIA II GRADO,SOSTEGNO,OLTRE 54,16,55
202425,VARESE,SCUOLA SECONDARIA II GRADO,SOSTEGNO,TRA 45 E 54,21,52
202425,PADOVA,SCUOLA PRIMARIA,NORMALE,OLTRE 54,35,1189
202425,LODI,SCUOLA PRIMARIA,NORMALE,FINO A 34,6,58
202425,VITERBO,SCUOLA SECONDARIA I GRADO,SOSTEGNO,TRA 45 E 54,6,47
202425,SIENA,SCUOLA SECONDARIA I GRADO,NORMALE,FINO A 34,6,24
202425,LECCE,SCUOLA SECONDARIA I GRADO,NORMALE,TRA 45 E 54,154,516
202425,BENEVENTO,SCUOLA PRIMARIA,NORMALE,FINO A 34,6,4
202425,BARI,SCUOLA INFANZIA,NORMALE,TRA 45 E 54,2,667
202425,MONZA E DELLA BRIANZA,SCUOLA INFANZIA,SOSTEGNO,FINO A 34,1,4
202425,CAGLIARI,SCUOLA INFANZIA,SOSTEGNO,TRA 45 E 54,0,46
202425,L'AQUILA,SCUOLA INFANZIA,SOSTEGNO,OLTRE 54,0,13
202425,NUORO,SCUOLA SECONDARIA II GRADO,SOSTEGNO,TRA 45 E 54,16,37
202425,VERONA,SCUOLA INFANZIA,NORMALE,TRA 45 E 54,2,300
202425,SIRACUSA,SCUOLA SECONDARIA II GRADO,NORMALE,FINO A 34,19,22
202425,PESARO E URBINO,SCUOLA SECONDARIA II GRADO,SOSTEGNO,TRA 35 E 44,13,63
202425,BELLUNO,SCUOLA INFANZIA,SOSTEGNO,TRA 35 E 44,0,15
202425,VENEZIA,SCUOLA PRIMARIA,NORMALE,OLTRE 54,24,1170
202425,LATINA,SCUOLA INFANZIA,NORMALE,TRA 45 E 54,5,358
202425,NAPOLI,SCUOLA SECONDARIA II GRADO,SOSTEGNO,FINO A 34,1,7
202425,UDINE,SCUOLA SECONDARIA I GRADO,NORMALE,TRA 45 E 54,75,333
202425,BIELLA,SCUOLA SECONDARIA II GRADO,SOSTEGNO,TRA 45 E 54,7,20
202425,ROMA,SCUOLA SECONDARIA II GRADO,SOSTEGNO,TRA 45 E 54,203,666
202425,FIRENZE,SCUOLA SECONDARIA II GRADO,SOSTEGNO,TRA 45 E 54,27,133
202425,VIBO VALENTIA,SCUOLA PRIMARIA,SOSTEGNO,OLTRE 54,3,45
202425,PIACENZA,SCUOLA INFANZIA,NORMALE,FINO A 34,0,19
202425,RAGUSA,SCUOLA INFANZIA,SOSTEGNO,FINO A 34,0,5
202425,ROMA,SCUOLA INFANZIA,NORMALE,OLTRE 54,8,1905
202425,PIACENZA,SCUOLA PRIMARIA,SOSTEGNO,FINO A 34,1,10
202425,CATANZARO,SCUOLA SECONDARIA II GRADO,SOSTEGNO,OLTRE 54,34,139
202425,FIRENZE,SCUOLA PRIMARIA,NORMALE,OLTRE 54,47,1154
202425,ROMA,SCUOLA SECONDARIA I GRADO,NORMALE,FINO A 34,161,314
202425,CATANIA,SCUOLA SECONDARIA II GRADO,NORMALE,TRA 45 E 54,555,1105
202425,UDINE,SCUOLA INFANZIA,NORMALE,OLTRE 54,0,225
202425,FIRENZE,SCUOLA SECONDARIA II GRADO,NORMALE,FINO A 34,123,114
202425,ISERNIA,SCUOLA SECONDARIA II GRADO,NORMALE,TRA 45 E 54,38,76
202425,SASSARI,SCUOLA SECONDARIA I GRADO,NORMALE,TRA 45 E 54,110,292
202425,AGRIGENTO,SCUOLA SECONDARIA I GRADO,SOSTEGNO,TRA 35 E 44,10,39
202425,L'AQUILA,SCUOLA SECONDARIA I GRADO,NORMALE,TRA 45 E 54,55,199
202425,TRAPANI,SCUOLA SECONDARIA II GRADO,NORMALE,OLTRE 54,349,610
202425,FROSINONE,SCUOLA INFANZIA,SOSTEGNO,FINO A 34,0,2
202425,LECCO,SCUOLA PRIMARIA,SOSTEGNO,FINO A 34,0,16
202425,MESSINA,SCUOLA SECONDARIA II GRADO,NORMALE,FINO A 34,44,35
202425,IMPERIA,SCUOLA SECONDARIA I GRADO,NORMALE,TRA 45 E 54,21,91
202425,TREVISO,SCUOLA PRIMARIA,NORMALE,TRA 35 E 44,16,453
202425,PISTOIA,SCUOLA INFANZIA,SOSTEGNO,TRA 45 E 54,0,9
202425,GROSSETO,SCUOLA SECONDARIA II GRADO,SOSTEGNO,TRA 45 E 54,7,29
202425,AVELLINO,SCUOLA SECONDARIA I GRADO,NORMALE,TRA 45 E 54,94,306
202425,MONZA E DELLA BRIANZA,SCUOLA PRIMARIA,NORMALE,TRA 35 E 44,42,558
202425,NUORO,SCUOLA SECONDARIA II GRADO,SOSTEGNO,FINO A 34,5,10
202425,VICENZA,SCUOLA INFANZIA,SOSTEGNO,TRA 45 E 54,1,42
202425,LATINA,SCUOLA INFANZIA,SOSTEGNO,OLTRE 54,1,32
202425,VENEZIA,SCUOLA PRIMARIA,SOSTEGNO,TRA 45 E 54,8,98
202425,CATANZARO,SCUOLA SECONDARIA I GRADO,SOSTEGNO,TRA 35 E 44,13,29
202425,PESARO E URBINO,SCUOLA INFANZIA,SOSTEGNO,FINO A 34,0,8
202425,TERAMO,SCUOLA INFANZIA,NORMALE,TRA 35 E 44,0,47
202425,BIELLA,SCUOLA INFANZIA,SOSTEGNO,TRA 45 E 54,0,6
202425,LECCE,SCUOLA SECONDARIA II GRADO,SOSTEGNO,FINO A 34,0,3
202425,SALERNO,SCUOLA SECONDARIA II GRADO,NORMALE,TRA 35 E 44,246,387
202425,PADOVA,SCUOLA SECONDARIA I GRADO,NORMALE,OLTRE 54,133,586
202425,BENEVENTO,SCUOLA INFANZIA,NORMALE,FINO A 34,0,3
202425,CREMONA,SCUOLA SECONDARIA I GRADO,NORMALE,TRA 35 E 44,50,102
202425,LUCCA,SCUOLA SECONDARIA I GRADO,NORMALE,OLTRE 54,60,223
202425,MATERA,SCUOLA SECONDARIA II GRADO,SOSTEGNO,FINO A 34,1,2
202425,RAGUSA,SCUOLA SECONDARIA II GRADO,NORMALE,TRA 45 E 54,176,337
202425,CAMPOBASSO,SCUOLA PRIMARIA,SOSTEGNO,TRA 35 E 44,1,64
202425,ROVIGO,SCUOLA SECONDARIA I GRADO,SOSTEGNO,TRA 35 E 44,6,11
202425,BOLOGNA,SCUOLA SECONDARIA I GRADO,NORMALE,OLTRE 54,126,506
202425,GENOVA,SCUOLA INFANZIA,NORMALE,TRA 35 E 44,0,84
202425,FERRARA,SCUOLA INFANZIA,SOSTEGNO,TRA 35 E 44,0,9
202425,MONZA E DELLA BRIANZA,SCUOLA INFANZIA,NORMALE,TRA 35 E 44,1,142
202425,REGGIO EMILIA,SCUOLA PRIMARIA,NORMALE,TRA 35 E 44,15,306
202425,LECCO,SCUOLA INFANZIA,SOSTEGNO,OLTRE 54,0,3
202425,VIBO VALENTIA,SCUOLA SECONDARIA I GRADO,SOSTEGNO,TRA 35 E 44,5,22
202425,CATANIA,SCUOLA SECONDARIA II GRADO,SOSTEGNO,OLTRE 54,116,306
202425,MANTOVA,SCUOLA INFANZIA,NORMALE,TRA 35 E 44,1,116
202425,MESSINA,SCUOLA SECONDARIA I GRADO,NORMALE,OLTRE 54,144,626
202425,VERONA,SCUOLA SECONDARIA I GRADO,SOSTEGNO,OLTRE 54,16,71
202425,PESARO E URBINO,SCUOLA PRIMARIA,SOSTEGNO,OLTRE 54,7,44
202425,PESCARA,SCUOLA SECONDARIA I GRADO,SOSTEGNO,FINO A 34,0,9
202425,PADOVA,SCUOLA SECONDARIA II GRADO,SOSTEGNO,FINO A 34,16,43
202425,LODI,SCUOLA SECONDARIA II GRADO,NORMALE,TRA 35 E 44,61,82
202425,FORLI'-CESENA,SCUOLA SECONDARIA II GRADO,NORMALE,FINO A 34,61,74
202425,RIMINI,SCUOLA PRIMARIA,NORMALE,TRA 35 E 44,9,142
202425,VENEZIA,SCUOLA INFANZIA,SOSTEGNO,TRA 35 E 44,0,30
202425,LATINA,SCUOLA INFANZIA,NORMALE,TRA 35 E 44,0,91
202425,TARANTO,SCUOLA SECONDARIA II GRADO,NORMALE,OLTRE 54,478,845
202425,VERCELLI,SCUOLA PRIMARIA,SOSTEGNO,TRA 45 E 54,3,10
202425,MASSA-CARRARA,SCUOLA SECONDARIA II GRADO,SOSTEGNO,OLTRE 54,7,30
202425,MASSA-CARRARA,SCUOLA PRIMARIA,NORMALE,OLTRE 54,9,306
202425,CAGLIARI,SCUOLA SECONDARIA II GRADO,NORMALE,TRA 45 E 54,180,386
202425,BOLOGNA,SCUOLA INFANZIA,SOSTEGNO,FINO A 34,0,11
202425,RIETI,SCUOLA SECONDARIA II GRADO,SOSTEGNO,OLTRE 54,13,18
202425,CROTONE,SCUOLA PRIMARIA,SOSTEGNO,FINO A 34,3,27
202425,ANCONA,SCUOLA SECONDARIA I GRADO,NORMALE,FINO A 34,21,53
202425,MESSINA,SCUOLA INFANZIA,SOSTEGNO,FINO A 34,0,7
202425,LATINA,SCUOLA INFANZIA,NORMALE,FINO A 34,0,10
202425,PIACENZA,SCUOLA PRIMARIA,SOSTEGNO,OLTRE 54,0,10
202425,ASTI,SCUOLA INFANZIA,NORMALE,OLTRE 54,0,120
202425,ANCONA,SCUOLA INFANZIA,SOSTEGNO,TRA 35 E 44,1,52
202425,BARLETTA-ANDRIA-TRANI,SCUOLA SECONDARIA II GRADO,NORMALE,TRA 35 E 44,117,201
202425,VARESE,SCUOLA INFANZIA,SOSTEGNO,FINO A 34,0,5
202425,LIVORNO,SCUOLA SECONDARIA I GRADO,SOSTEGNO,TRA 45 E 54,10,48
202425,FIRENZE,SCUOLA PRIMARIA,NORMALE,TRA 45 E 54,58,1118
202425,SONDRIO,SCUOLA SECONDARIA I GRADO,SOSTEGNO,TRA 45 E 54,2,14
202425,SIENA,SCUOLA SECONDARIA I GRADO,SOSTEGNO,OLTRE 54,5,25
202425,CROTONE,SCUOLA SECONDARIA I GRADO,SOSTEGNO,TRA 35 E 44,5,17
202425,L'AQUILA,SCUOLA SECONDARIA I GRADO,NORMALE,FINO A 34,6,12
202425,TRAPANI,SCUOLA INFANZIA,SOSTEGNO,FINO A 34,0,2
202425,ISERNIA,SCUOLA SECONDARIA I GRADO,SOSTEGNO,TRA 35 E 44,2,12
202425,VERCELLI,SCUOLA PRIMARIA,NORMALE,FINO A 34,2,15
202425,ALESSANDRIA,SCUOLA INFANZIA,NORMALE,TRA 35 E 44,0,60
202425,NAPOLI,SCUOLA PRIMARIA,SOSTEGNO,TRA 45 E 54,53,1375
202425,UDINE,SCUOLA INFANZIA,NORMALE,TRA 45 E 54,1,250
202425,LA SPEZIA,SCUOLA SECONDARIA I GRADO,NORMALE,TRA 35 E 44,5,50
202425,SUD SARDEGNA,SCUOLA SECONDARIA II GRADO,NORMALE,TRA 35 E 44,75,124
202425,PESARO E URBINO,SCUOLA PRIMARIA,NORMALE,TRA 45 E 54,19,440
202425,CATANZARO,SCUOLA PRIMARIA,SOSTEGNO,OLTRE 54,1,101
202425,PERUGIA,SCUOLA PRIMARIA,SOSTEGNO,TRA 35 E 44,4,154
202425,REGGIO EMILIA,SCUOLA INFANZIA,SOSTEGNO,FINO A 34,0,3
202425,VERONA,SCUOLA SECONDARIA I GRADO,SOSTEGNO,TRA 45 E 54,14,87
202425,PERUGIA,SCUOLA INFANZIA,SOSTEGNO,TRA 35 E 44,0,42
202425,TERNI,SCUOLA SECONDARIA II GRADO,NORMALE,OLTRE 54,121,290
202425,REGGIO EMILIA,SCUOLA PRIMARIA,SOSTEGNO,TRA 45 E 54,2,97
202425,BIELLA,SCUOLA SECONDARIA II GRADO,NORMALE,TRA 35 E 44,24,53
202425,AGRIGENTO,SCUOLA INFANZIA,SOSTEGNO,FINO A 34,0,2
202425,SIRACUSA,SCUOLA SECONDARIA II GRADO,NORMALE,OLTRE 54,398,606
202425,CATANZARO,SCUOLA SECONDARIA I GRADO,SOSTEGNO,FINO A 34,2,11
202425,CHIETI,SCUOLA SECONDARIA II GRADO,SOSTEGNO,TRA 45 E 54,39,115
202425,TERNI,SCUOLA INFANZIA,NORMALE,FINO A 34,0,10
202425,NUORO,SCUOLA SECONDARIA I GRADO,NORMALE,OLTRE 54,54,209
202425,FIRENZE,SCUOLA PRIMARIA,SOSTEGNO,OLTRE 54,4,57
202425,LODI,SCUOLA SECONDARIA I GRADO,NORMALE,TRA 35 E 44,20,61
202425,TREVISO,SCUOLA INFANZIA,NORMALE,TRA 45 E 54,0,233
202425,LECCE,SCUOLA SECONDARIA II GRADO,NORMALE,OLTRE 54,704,1163
202425,SASSARI,SCUOLA PRIMARIA,NORMALE,TRA 45 E 54,29,689
202425,MODENA,SCUOLA SECONDARIA II GRADO,SOSTEGNO,FINO A 34,19,69
202425,POTENZA,SCUOLA PRIMARIA,NORMALE,TRA 45 E 54,19,445
202425,IMPERIA,SCUOLA INFANZIA,NORMALE,TRA 35 E 44,1,27
202425,PISTOIA,SCUOLA PRIMARIA,SOSTEGNO,OLTRE 54,0,39
202425,LECCO,SCUOLA INFANZIA,SOSTEGNO,TRA 45 E 54,0,10
202425,REGGIO CALABRIA,SCUOLA SECONDARIA I GRADO,SOSTEGNO,TRA 35 E 44,21,81
202425,PADOVA,SCUOLA INFANZIA,SOSTEGNO,FINO A 34,0,2
202425,RAGUSA,SCUOLA PRIMARIA,NORMALE,OLTRE 54,22,599
202425,RIMINI,SCUOLA PRIMARIA,NORMALE,FINO A 34,1,17
202425,PALERMO,SCUOLA SECONDARIA I GRADO,NORMALE,FINO A 34,93,91
202425,SIENA,SCUOLA PRIMARIA,NORMALE,OLTRE 54,2,375
202425,BRESCIA,SCUOLA PRIMARIA,NORMALE,TRA 45 E 54,71,1594
202425,LODI,SCUOLA INFANZIA,NORMALE,FINO A 34,0,4
202425,PARMA,SCUOLA SECONDARIA II GRADO,NORMALE,FINO A 34,47,51
202425,COSENZA,SCUOLA PRIMARIA,SOSTEGNO,OLTRE 54,11,176
202425,L'AQUILA,SCUOLA INFANZIA,NORMALE,FINO A 34,0,7
202425,CREMONA,SCUOLA SECONDARIA II GRADO,NORMALE,FINO A 34,49,72
202425,AGRIGENTO,SCUOLA PRIMARIA,NORMALE,TRA 35 E 44,3,76
202425,MANTOVA,SCUOLA SECONDARIA I GRADO,SOSTEGNO,OLTRE 54,3,19
202425,CATANIA,SCUOLA SECONDARIA I GRADO,NORMALE,TRA 45 E 54,260,922
202425,GROSSETO,SCUOLA INFANZIA,SOSTEGNO,TRA 35 E 44,0,8
202425,ROMA,SCUOLA SECONDARIA II GRADO,NORMALE,TRA 35 E 44,816,1529
202425,GENOVA,SCUOLA PRIMARIA,NORMALE,TRA 45 E 54,38,878
202425,AREZZO,SCUOLA INFANZIA,SOSTEGNO,FINO A 34,0,6
202425,VITERBO,SCUOLA SECONDARIA II GRADO,NORMALE,OLTRE 54,189,345
202425,LECCE,SCUOLA SECONDARIA I GRADO,SOSTEGNO,TRA 45 E 54,24,153
202425,FERMO,SCUOLA SECONDARIA I GRADO,NORMALE,TRA 35 E 44,27,63
202425,CAGLIARI,SCUOLA PRIMARIA,NORMALE,OLTRE 54,27,637
202425,PRATO,SCUOLA PRIMARIA,NORMALE,TRA 45 E 54,22,326
202425,VICENZA,SCUOLA SECONDARIA II GRADO,SOSTEGNO,TRA 35 E 44,33,98
202425,LATINA,SCUOLA SECONDARIA II GRADO,NORMALE,TRA 35 E 44,124,215
202425,BARLETTA-ANDRIA-TRANI,SCUOLA SECONDARIA II GRADO,NORMALE,FINO A 34,27,43
202425,VARESE,SCUOLA SECONDARIA I GRADO,SOSTEGNO,TRA 35 E 44,20,55
202425,PISA,SCUOLA PRIMARIA,SOSTEGNO,TRA 35 E 44,3,64
202425,MATERA,SCUOLA SECONDARIA I GRADO,SOSTEGNO,TRA 35 E 44,4,11
202425,RIETI,SCUOLA SECONDARIA I GRADO,SOSTEGNO,OLTRE 54,5,14
202425,TRAPANI,SCUOLA INFANZIA,NORMALE,OLTRE 54,2,450
202425,PERUGIA,SCUOLA INFANZIA,NORMALE,OLTRE 54,0,437
202425,NAPOLI,SCUOLA PRIMARIA,SOSTEGNO,TRA 35 E 44,18,790
202425,VIBO VALENTIA,SCUOLA SECONDARIA I GRADO,NORMALE,OLTRE 54,75,154
202425,SUD SARDEGNA,SCUOLA PRIMARIA,NORMALE,OLTRE 54,19,559
202425,GROSSETO,SCUOLA SECONDARIA I GRADO,SOSTEGNO,TRA 35 E 44,3,13
202425,CUNEO,SCUOLA PRIMARIA,NORMALE,TRA 35 E 44,16,457
202425,BERGAMO,SCUOLA SECONDARIA I GRADO,SOSTEGNO,FINO A 34,48,90
202425,REGGIO CALABRIA,SCUOLA SECONDARIA I GRADO,NORMALE,FINO A 34,21,54
202425,MODENA,SCUOLA PRIMARIA,NORMALE,FINO A 34,31,229
202425,BRINDISI,SCUOLA SECONDARIA II GRADO,NORMALE,OLTRE 54,310,472
202425,LA SPEZIA,SCUOLA PRIMARIA,NORMALE,FINO A 34,3,30
202425,ASCOLI PICENO,SCUOLA INFANZIA,NORMALE,TRA 45 E 54,2,147
202425,MACERATA,SCUOLA PRIMARIA,NORMALE,FINO A 34,2,31
202425,VERONA,SCUOLA SECONDARIA II GRADO,SOSTEGNO,OLTRE 54,19,48
202425,ASCOLI PICENO,SCUOLA PRIMARIA,NORMALE,TRA 35 E 44,2,84
202425,VERBANO-CUSIO-OSSOLA,SCUOLA SECONDARIA II GRADO,NORMALE,OLTRE 54,134,163
202425,MASSA-CARRARA,SCUOLA INFANZIA,NORMALE,OLTRE 54,2,150
202425,VARESE,SCUOLA PRIMARIA,SOSTEGNO,TRA 35 E 44,3,112
202425,PAVIA,SCUOLA SECONDARIA II GRADO,SOSTEGNO,TRA 35 E 44,15,48
202425,LECCE,SCUOLA INFANZIA,NORMALE,TRA 35 E 44,0,109
202425,VIBO VALENTIA,SCUOLA PRIMARIA,SOSTEGNO,TRA 35 E 44,1,41
202425,TRIESTE,SCUOLA PRIMARIA,NORMALE,OLTRE 54,12,273
202425,LA SPEZIA,SCUOLA SECONDARIA II GRADO,NORMALE,TRA 45 E 54,68,153
202425,NUORO,SCUOLA PRIMARIA,SOSTEGNO,TRA 35 E 44,1,26
202425,ISERNIA,SCUOLA SECONDARIA II GRADO,SOSTEGNO,OLTRE 54,5,14
202425,CREMONA,SCUOLA SECONDARIA I GRADO,SOSTEGNO,OLTRE 54,6,10
202425,TORINO,SCUOLA SECONDARIA I GRADO,NORMALE,OLTRE 54,215,1202
202425,AGRIGENTO,SCUOLA PRIMARIA,NORMALE,FINO A 34,6,13
202425,PRATO,SCUOLA SECONDARIA I GRADO,SOSTEGNO,TRA 35 E 44,11,22
202425,AVELLINO,SCUOLA PRIMARIA,SOSTEGNO,OLTRE 54,5,87
202425,PESCARA,SCUOLA SECONDARIA II GRADO,SOSTEGNO,TRA 35 E 44,7,17
202425,AVELLINO,SCUOLA SECONDARIA I GRADO,SOSTEGNO,TRA 45 E 54,13,35
202425,IMPERIA,SCUOLA PRIMARIA,NORMALE,OLTRE 54,12,324
202425,LUCCA,SCUOLA SECONDARIA II GRADO,SOSTEGNO,TRA 45 E 54,14,48
202425,NAPOLI,SCUOLA PRIMARIA,NORMALE,FINO A 34,38,77
202425,PISTOIA,SCUOLA PRIMARIA,NORMALE,TRA 45 E 54,16,354
202425,BELLUNO,SCUOLA INFANZIA,NORMALE,TRA 35 E 44,0,44
202425,AREZZO,SCUOLA SECONDARIA II GRADO,NORMALE,TRA 35 E 44,101,144
202425,RIMINI,SCUOLA SECONDARIA I GRADO,NORMALE,TRA 45 E 54,42,185
202425,BRINDISI,SCUOLA SECONDARIA I GRADO,SOSTEGNO,TRA 35 E 44,9,61
202425,AVELLINO,SCUOLA PRIMARIA,NORMALE,TRA 35 E 44,10,147
202425,BRESCIA,SCUOLA SECONDARIA II GRADO,SOSTEGNO,TRA 35 E 44,25,104
202425,MATERA,SCUOLA SECONDARIA I GRADO,NORMALE,TRA 45 E 54,54,151
202425,VERBANO-CUSIO-OSSOLA,SCUOLA SECONDARIA I GRADO,SOSTEGNO,TRA 35 E 44,1,9
202425,COSENZA,SCUOLA PRIMARIA,NORMALE,TRA 35 E 44,33,330
202425,REGGIO EMILIA,SCUOLA INFANZIA,SOSTEGNO,TRA 45 E 54,0,11
202425,VERONA,SCUOLA SECONDARIA II GRADO,SOSTEGNO,TRA 45 E 54,22,79
202425,BERGAMO,SCUOLA SECONDARIA II GRADO,NORMALE,OLTRE 54,515,935
202425,BARI,SCUOLA SECONDARIA I GRADO,SOSTEGNO,TRA 35 E 44,14,151
202425,FERMO,SCUOLA SECONDARIA II GRADO,NORMALE,OLTRE 54,104,184
202425,SALERNO,SCUOLA SECONDARIA II GRADO,SOSTEGNO,TRA 45 E 54,29,98
202425,PADOVA,SCUOLA SECONDARIA I GRADO,SOSTEGNO,OLTRE 54,14,51
202425,LODI,SCUOLA SECONDARIA I GRADO,SOSTEGNO,FINO A 34,1,4
202425,FORLI'-CESENA,SCUOLA SECONDARIA I GRADO,NORMALE,OLTRE 54,65,193
202425,CATANIA,SCUOLA SECONDARIA I GRADO,SOSTEGNO,TRA 45 E 54,64,321
202425,UDINE,SCUOLA PRIMARIA,NORMALE,FINO A 34,13,209
202425,LIVORNO,SCUOLA SECONDARIA II GRADO,SOSTEGNO,OLTRE 54,14,45
202425,GENOVA,SCUOLA INFANZIA,SOSTEGNO,TRA 35 E 44,1,25
202425,RIMINI,SCUOLA INFANZIA,NORMALE,TRA 35 E 44,0,48
202425,IMPERIA,SCUOLA PRIMARIA,NORMALE,TRA 45 E 54,9,269
202425,PISA,SCUOLA SECONDARIA I GRADO,SOSTEGNO,TRA 35 E 44,16,60
202425,MASSA-CARRARA,SCUOLA PRIMARIA,NORMALE,FINO A 34,2,16
202425,PESARO E URBINO,SCUOLA SECONDARIA I GRADO,NORMALE,OLTRE 54,69,217
202425,SAVONA,SCUOLA SECONDARIA II GRADO,NORMALE,OLTRE 54,142,288
202425,LODI,SCUOLA PRIMARIA,NORMALE,OLTRE 54,6,322
202425,NUORO,SCUOLA SECONDARIA I GRADO,NORMALE,TRA 45 E 54,41,144
202425,RIMINI,SCUOLA PRIMARIA,SOSTEGNO,TRA 35 E 44,5,78
202425,PARMA,SCUOLA PRIMARIA,NORMALE,TRA 35 E 44,13,242
202425,PRATO,SCUOLA SECONDARIA II GRADO,NORMALE,OLTRE 54,112,229
202425,PADOVA,SCUOLA PRIMARIA,SOSTEGNO,TRA 35 E 44,4,128
202425,VITERBO,SCUOLA PRIMARIA,SOSTEGNO,OLTRE 54,3,51
202425,LECCE,SCUOLA PRIMARIA,NORMALE,TRA 45 E 54,18,788
202425,FERMO,SCUOLA INFANZIA,SOSTEGNO,TRA 35 E 44,0,19
202425,MODENA,SCUOLA SECONDARIA I GRADO,SOSTEGNO,TRA 35 E 44,26,83
202425,RAVENNA,SCUOLA SECONDARIA II GRADO,NORMALE,FINO A 34,40,62
202425,PISA,SCUOLA PRIMARIA,SOSTEGNO,FINO A 34,0,25
202425,SONDRIO,SCUOLA SECONDARIA I GRADO,NORMALE,TRA 35 E 44,25,51
202425,CROTONE,SCUOLA SECONDARIA I GRADO,NORMALE,FINO A 34,22,25
202425,UDINE,SCUOLA SECONDARIA II GRADO,SOSTEGNO,TRA 35 E 44,4,36
202425,BERGAMO,SCUOLA SECONDARIA I GRADO,SOSTEGNO,TRA 35 E 44,45,113
202425,POTENZA,SCUOLA INFANZIA,SOSTEGNO,TRA 35 E 44,0,18
202425,NUORO,SCUOLA INFANZIA,SOSTEGNO,TRA 45 E 54,0,11
202425,MESSINA,SCUOLA PRIMARIA,NORMALE,FINO A 34,6,10
202425,CREMONA,SCUOLA INFANZIA,NORMALE,FINO A 34,0,14
202425,CREMONA,SCUOLA INFANZIA,SOSTEGNO,OLTRE 54,0,2
202425,PISA,SCUOLA INFANZIA,SOSTEGNO,TRA 35 E 44,0,25
202425,MANTOVA,SCUOLA INFANZIA,SOSTEGNO,TRA 45 E 54,2,17
202425,VERBANO-CUSIO-OSSOLA,SCUOLA SECONDARIA II GRADO,SOSTEGNO,OLTRE 54,6,21
202425,GROSSETO,SCUOLA PRIMARIA,SOSTEGNO,TRA 45 E 54,2,39
202425,FROSINONE,SCUOLA SECONDARIA I GRADO,NORMALE,FINO A 34,19,22
202425,ASTI,SCUOLA PRIMARIA,NORMALE,FINO A 34,0,21
202425,BRINDISI,SCUOLA SECONDARIA II GRADO,NORMALE,TRA 45 E 54,161,310
202425,VARESE,SCUOLA PRIMARIA,NORMALE,FINO A 34,16,218
202425,VIBO VALENTIA,SCUOLA INFANZIA,SOSTEGNO,FINO A 34,0,2
202425,REGGIO CALABRIA,SCUOLA SECONDARIA II GRADO,SOSTEGNO,OLTRE 54,62,151
202425,LIVORNO,SCUOLA SECONDARIA II GRADO,NORMALE,TRA 45 E 54,123,227
202425,FIRENZE,SCUOLA PRIMARIA,SOSTEGNO,TRA 45 E 54,9,131
202425,LECCE,SCUOLA SECONDARIA II GRADO,SOSTEGNO,TRA 35 E 44,12,33
202425,PRATO,SCUOLA SECONDARIA I GRADO,NORMALE,OLTRE 54,31,115
202425,PISTOIA,SCUOLA SECONDARIA I GRADO,NORMALE,TRA 35 E 44,40,94
202425,VERBANO-CUSIO-OSSOLA,SCUOLA SECONDARIA II GRADO,NORMALE,TRA 45 E 54,59,131
202425,ENNA,SCUOLA INFANZIA,NORMALE,TRA 45 E 54,1,116
202425,CROTONE,SCUOLA INFANZIA,SOSTEGNO,TRA 45 E 54,0,19
202425,NAPOLI,SCUOLA SECONDARIA I GRADO,NORMALE,TRA 45 E 54,538,2136
202425,PIACENZA,SCUOLA SECONDARIA II GRADO,SOSTEGNO,FINO A 34,4,12
202425,MILANO,SCUOLA SECONDARIA II GRADO,NORMALE,TRA 35 E 44,627,1028
202425,CATANIA,SCUOLA PRIMARIA,NORMALE,OLTRE 54,77,2201
202425,FORLI'-CESENA,SCUOLA PRIMARIA,SOSTEGNO,FINO A 34,0,27
202425,LUCCA,SCUOLA SECONDARIA I GRADO,NORMALE,TRA 45 E 54,61,213
202425,BARI,SCUOLA SECONDARIA II GRADO,NORMALE,TRA 45 E 54,544,1374
202425,LUCCA,SCUOLA SECONDARIA II GRADO,NORMALE,TRA 35 E 44,113,137
202425,SALERNO,SCUOLA PRIMARIA,NORMALE,TRA 35 E 44,16,248
202425,RIETI,SCUOLA SECONDARIA I GRADO,SOSTEGNO,TRA 35 E 44,1,30
202425,RAVENNA,SCUOLA SECONDARIA I GRADO,SOSTEGNO,OLTRE 54,9,25
202425,BIELLA,SCUOLA SECONDARIA I GRADO,NORMALE,FINO A 34,9,15
202425,CAGLIARI,SCUOLA SECONDARIA I GRADO,NORMALE,OLTRE 54,88,385
202425,MASSA-CARRARA,SCUOLA PRIMARIA,SOSTEGNO,FINO A 34,1,7
202425,VERONA,SCUOLA INFANZIA,SOSTEGNO,OLTRE 54,1,11
202425,BERGAMO,SCUOLA PRIMARIA,SOSTEGNO,TRA 45 E 54,11,187
202425,L'AQUILA,SCUOLA SECONDARIA I GRADO,SOSTEGNO,TRA 35 E 44,5,24
202425,AVELLINO,SCUOLA PRIMARIA,SOSTEGNO,TRA 35 E 44,8,92
202425,BELLUNO,SCUOLA INFANZIA,NORMALE,FINO A 34,0,6
202425,AREZZO,SCUOLA SECONDARIA II GRADO,NORMALE,FINO A 34,38,49
202425,UDINE,SCUOLA SECONDARIA II GRADO,SOSTEGNO,FINO A 34,3,12
202425,UDINE,SCUOLA PRIMARIA,SOSTEGNO,OLTRE 54,1,47
202425,LIVORNO,SCUOLA INFANZIA,SOSTEGNO,TRA 35 E 44,0,12
202425,GENOVA,SCUOLA PRIMARIA,SOSTEGNO,FINO A 34,2,23
202425,SASSARI,SCUOLA PRIMARIA,NORMALE,FINO A 34,1,17
202425,TREVISO,SCUOLA SECONDARIA II GRADO,NORMALE,FINO A 34,129,116
202425,TORINO,SCUOLA SECONDARIA II GRADO,NORMALE,TRA 45 E 54,726,1356
202425,CASERTA,SCUOLA PRIMARIA,SOSTEGNO,TRA 45 E 54,12,358
202425,CHIETI,SCUOLA SECONDARIA I GRADO,NORMALE,OLTRE 54,92,256
202425,TERAMO,SCUOLA SECONDARIA I GRADO,SOSTEGNO,TRA 35 E 44,13,44
202425,VERBANO-CUSIO-OSSOLA,SCUOLA SECONDARIA II GRADO,SOSTEGNO,TRA 45 E 54,13,28
202425,PERUGIA,SCUOLA SECONDARIA II GRADO,NORMALE,TRA 35 E 44,199,271
202425,VICENZA,SCUOLA SECONDARIA I GRADO,SOSTEGNO,TRA 45 E 54,20,90
202425,MASSA-CARRARA,SCUOLA INFANZIA,NORMALE,TRA 45 E 54,0,99
202425,TRAPANI,SCUOLA INFANZIA,SOSTEGNO,TRA 35 E 44,3,34
202425,BERGAMO,SCUOLA SECONDARIA II GRADO,NORMALE,TRA 45 E 54,362,718
202425,PAVIA,SCUOLA SECONDARIA I GRADO,SOSTEGNO,FINO A 34,9,18
202425,BARI,SCUOLA SECONDARIA I GRADO,SOSTEGNO,FINO A 34,18,70
202425,NUORO,SCUOLA PRIMARIA,SOSTEGNO,FINO A 34,0,8
202425,PARMA,SCUOLA SECONDARIA II GRADO,SOSTEGNO,TRA 45 E 54,20,45
202425,FERMO,SCUOLA SECONDARIA II GRADO,NORMALE,TRA 45 E 54,66,158
