"Regione","Provincia","Alunni totali","Alunni Femmine","Alunni Maschi","Percentuale Alunni Femmine","Percentuale Alunni Maschi"
"Sicilia","Agrigento",267,183,84,68.54,31.46
"Sicilia","Agrigento",455,314,141,69.01,30.99
"Sicilia","Agrigento",857,556,301,64.88,35.12
"Sicilia","Agrigento",271,174,97,64.21,35.79
"Sicilia","Agrigento",579,375,204,64.77,35.23
"Sicilia","Agrigento",559,367,192,65.65,34.35
"Sicilia","Agrigento",930,586,344,63.01,36.99
"Sicilia","Agrigento",736,441,295,59.92,40.08
"Sicilia","Agrigento",1394,901,493,64.63,35.37
"Sicilia","Agrigento",796,394,402,49.5,50.5
"Sicilia","Agrigento",105,49,56,46.67,53.33
"Sicilia","Agrigento",1043,627,416,60.12,39.88
"Sicilia","Agrigento",405,226,179,55.8,44.2
"Sicilia","Agrigento",41,25,16,60.98,39.02
"Sicilia","Agrigento",130,67,63,51.54,48.46
"Sicilia","Agrigento",1407,708,699,50.32,49.68
"Sicilia","Agrigento",240,123,117,51.25,48.75
"Sicilia","Agrigento",77,2,75,2.6,97.4
"Sicilia","Agrigento",141,65,76,46.1,53.9
"Sicilia","Agrigento",56,24,32,42.86,57.14
"Sicilia","Agrigento",94,49,45,52.13,47.87
"Sicilia","Agrigento",323,125,198,38.7,61.3
"Sicilia","Agrigento",353,128,225,36.26,63.74
"Sicilia","Agrigento",100,32,68,32,68
"Sicilia","Agrigento",163,67,96,41.1,58.9
"Sicilia","Agrigento",54,24,30,44.44,55.56
"Sicilia","Agrigento",12,0,12,0,100
"Sicilia","Agrigento",262,93,169,35.5,64.5
"Sicilia","Agrigento",132,12,120,9.09,90.91
"Sicilia","Agrigento",88,49,39,55.68,44.32
"Sicilia","Agrigento",57,0,57,0,100
"Sicilia","Agrigento",442,98,344,22.17,77.83
"Sicilia","Agrigento",166,69,97,41.57,58.43
"Sicilia","Agrigento",93,34,59,36.56,63.44
"Sicilia","Agrigento",187,68,119,36.36,63.64
"Sicilia","Agrigento",87,63,24,72.41,27.59
"Sicilia","Agrigento",138,89,49,64.49,35.51
"Sicilia","Agrigento",396,240,156,60.61,39.39
"Sicilia","Agrigento",106,26,80,24.53,75.47
"Sicilia","Agrigento",117,50,67,42.74,57.26
"Sicilia","Agrigento",50,18,32,36,64
"Sicilia","Agrigento",86,25,61,29.07,70.93
"Sicilia","Agrigento",93,31,62,33.33,66.67
"Sicilia","Agrigento",200,147,53,73.5,26.5
"Sicilia","Agrigento",182,20,162,10.99,89.01
"Sicilia","Agrigento",176,44,132,25,75
"Sicilia","Agrigento",353,100,253,28.33,71.67
"Sicilia","Agrigento",5,4,1,80,20
"Sicilia","Agrigento",220,104,116,47.27,52.73
"Sicilia","Agrigento",154,48,106,31.17,68.83
"Sicilia","Agrigento",60,40,20,66.67,33.33
"Sicilia","Agrigento",252,80,172,31.75,68.25
"Sicilia","Agrigento",63,34,29,53.97,46.03
"Sicilia","Agrigento",103,23,80,22.33,77.67
"Sicilia","Agrigento",641,247,394,38.53,61.47
"Sicilia","Agrigento",119,44,75,36.97,63.03
"Sicilia","Agrigento",685,219,466,31.97,68.03
"Sicilia","Agrigento",46,25,21,54.35,45.65
"Sicilia","Agrigento",260,103,157,39.62,60.38
"Sicilia","Agrigento",118,21,97,17.8,82.2
"Sicilia","Agrigento",362,3,359,0.83,99.17
"Sicilia","Agrigento",316,111,205,35.13,64.87
"Sicilia","Agrigento",410,175,235,42.68,57.32
"Sicilia","Agrigento",6,0,6,0,100
"Sicilia","Agrigento",142,6,136,4.23,95.77
"Sicilia","Agrigento",129,49,80,37.98,62.02
"Piemonte","Alessandria",902,734,168,81.37,18.63
"Piemonte","Alessandria",52,38,14,73.08,26.92
"Piemonte","Alessandria",375,249,126,66.4,33.6
"Piemonte","Alessandria",975,791,184,81.13,18.87
"Piemonte","Alessandria",831,569,262,68.47,31.53
"Piemonte","Alessandria",438,261,177,59.59,40.41
"Piemonte","Alessandria",189,104,85,55.03,44.97
"Piemonte","Alessandria",295,142,153,48.14,51.86
"Piemonte","Alessandria",703,360,343,51.21,48.79
"Piemonte","Alessandria",879,546,333,62.12,37.88
"Piemonte","Alessandria",1177,762,415,64.74,35.26
"Piemonte","Alessandria",155,82,73,52.9,47.1
"Piemonte","Alessandria",83,37,46,44.58,55.42
"Piemonte","Alessandria",11,3,8,27.27,72.73
"Piemonte","Alessandria",360,170,190,47.22,52.78
"Piemonte","Alessandria",43,22,21,51.16,48.84
"Piemonte","Alessandria",197,97,100,49.24,50.76
"Piemonte","Alessandria",40,23,17,57.5,42.5
"Piemonte","Alessandria",341,133,208,39,61
"Piemonte","Alessandria",204,162,42,79.41,20.59
"Piemonte","Alessandria",286,224,62,78.32,21.68
"Piemonte","Alessandria",149,105,44,70.47,29.53
"Piemonte","Alessandria",174,47,127,27.01,72.99
"Piemonte","Alessandria",142,48,94,33.8,66.2
"Piemonte","Alessandria",128,43,85,33.59,66.41
"Piemonte","Alessandria",297,142,155,47.81,52.19
"Piemonte","Alessandria",156,89,67,57.05,42.95
"Piemonte","Alessandria",37,23,14,62.16,37.84
"Piemonte","Alessandria",109,69,40,63.3,36.7
"Piemonte","Alessandria",537,287,250,53.45,46.55
"Piemonte","Alessandria",26,17,9,65.38,34.62
"Piemonte","Alessandria",301,211,90,70.1,29.9
"Piemonte","Alessandria",431,103,328,23.9,76.1
"Piemonte","Alessandria",364,107,257,29.4,70.6
"Piemonte","Alessandria",549,140,409,25.5,74.5
"Piemonte","Alessandria",1287,268,1019,20.82,79.18
"Piemonte","Alessandria",603,125,478,20.73,79.27
"Piemonte","Alessandria",19,2,17,10.53,89.47
"Piemonte","Alessandria",1225,322,903,26.29,73.71
"Piemonte","Alessandria",31,8,23,25.81,74.19
"Piemonte","Alessandria",64,21,43,32.81,67.19
"Piemonte","Alessandria",13,0,13,0,100
"Piemonte","Alessandria",21,14,7,66.67,33.33
"Piemonte","Alessandria",107,70,37,65.42,34.58
"Marche","Ancona",811,560,251,69.05,30.95
"Marche","Ancona",347,276,71,79.54,20.46
"Marche","Ancona",478,372,106,77.82,22.18
"Marche","Ancona",879,683,196,77.7,22.3
"Marche","Ancona",732,556,176,75.96,24.04
"Marche","Ancona",453,199,254,43.93,56.07
"Marche","Ancona",1228,797,431,64.9,35.1
"Marche","Ancona",1361,704,657,51.73,48.27
"Marche","Ancona",190,57,133,30,70
"Marche","Ancona",1106,613,493,55.42,44.58
"Marche","Ancona",175,78,97,44.57,55.43
"Marche","Ancona",841,425,416,50.54,49.46
"Marche","Ancona",983,514,469,52.29,47.71
"Marche","Ancona",504,249,255,49.4,50.6
"Marche","Ancona",96,49,47,51.04,48.96
"Marche","Ancona",164,25,139,15.24,84.76
"Marche","Ancona",569,282,287,49.56,50.44
"Marche","Ancona",126,69,57,54.76,45.24
"Marche","Ancona",126,71,55,56.35,43.65
"Marche","Ancona",759,317,442,41.77,58.23
"Marche","Ancona",52,31,21,59.62,40.38
"Marche","Ancona",668,277,391,41.47,58.53
"Marche","Ancona",59,33,26,55.93,44.07
"Marche","Ancona",218,100,118,45.87,54.13
"Marche","Ancona",57,19,38,33.33,66.67
"Marche","Ancona",185,88,97,47.57,52.43
"Marche","Ancona",384,105,279,27.34,72.66
"Marche","Ancona",33,13,20,39.39,60.61
"Marche","Ancona",109,43,66,39.45,60.55
"Marche","Ancona",330,113,217,34.24,65.76
"Marche","Ancona",526,389,137,73.95,26.05
"Marche","Ancona",218,155,63,71.1,28.9
"Marche","Ancona",169,126,43,74.56,25.44
"Marche","Ancona",77,50,27,64.94,35.06
"Marche","Ancona",162,47,115,29.01,70.99
"Marche","Ancona",298,139,159,46.64,53.36
"Marche","Ancona",208,57,151,27.4,72.6
"Marche","Ancona",165,116,49,70.3,29.7
"Marche","Ancona",388,148,240,38.14,61.86
"Marche","Ancona",311,165,146,53.05,46.95
"Marche","Ancona",496,123,373,24.8,75.2
"Marche","Ancona",32,15,17,46.88,53.12
"Marche","Ancona",293,123,170,41.98,58.02
"Marche","Ancona",411,218,193,53.04,46.96
"Marche","Ancona",615,287,328,46.67,53.33
"Marche","Ancona",497,337,160,67.81,32.19
"Marche","Ancona",428,241,187,56.31,43.69
"Marche","Ancona",291,23,268,7.9,92.1
"Marche","Ancona",120,2,118,1.67,98.33
"Marche","Ancona",91,43,48,47.25,52.75
"Marche","Ancona",107,48,59,44.86,55.14
"Marche","Ancona",1137,117,1020,10.29,89.71
"Marche","Ancona",24,0,24,0,100
"Marche","Ancona",46,12,34,26.09,73.91
"Marche","Ancona",238,76,162,31.93,68.07
"Marche","Ancona",339,38,301,11.21,88.79
"Marche","Ancona",39,7,32,17.95,82.05
"Marche","Ancona",733,60,673,8.19,91.81
"Marche","Ascoli Piceno",508,384,124,75.59,24.41
"Marche","Ascoli Piceno",476,348,128,73.11,26.89
"Marche","Ascoli Piceno",863,650,213,75.32,24.68
"Marche","Ascoli Piceno",1126,853,273,75.75,24.25
"Marche","Ascoli Piceno",12,8,4,66.67,33.33
"Marche","Ascoli Piceno",339,219,120,64.6,35.4
"Marche","Ascoli Piceno",203,99,104,48.77,51.23
"Marche","Ascoli Piceno",494,176,318,35.63,64.37
"Marche","Ascoli Piceno",845,368,477,43.55,56.45
"Marche","Ascoli Piceno",975,436,539,44.72,55.28
"Marche","Ascoli Piceno",1146,659,487,57.5,42.5
"Marche","Ascoli Piceno",29,3,26,10.34,89.66
"Marche","Ascoli Piceno",296,186,110,62.84,37.16
"Marche","Ascoli Piceno",42,25,17,59.52,40.48
"Marche","Ascoli Piceno",161,92,69,57.14,42.86
"Marche","Ascoli Piceno",228,86,142,37.72,62.28
"Marche","Ascoli Piceno",242,93,149,38.43,61.57
"Marche","Ascoli Piceno",5,2,3,40,60
"Marche","Ascoli Piceno",553,215,338,38.88,61.12
"Marche","Ascoli Piceno",44,24,20,54.55,45.45
"Marche","Ascoli Piceno",317,102,215,32.18,67.82
"Marche","Ascoli Piceno",26,23,3,88.46,11.54
"Marche","Ascoli Piceno",622,306,316,49.2,50.8
"Marche","Ascoli Piceno",31,10,21,32.26,67.74
"Marche","Ascoli Piceno",624,270,354,43.27,56.73
"Marche","Ascoli Piceno",436,318,118,72.94,27.06
"Marche","Ascoli Piceno",395,291,104,73.67,26.33
"Marche","Ascoli Piceno",156,97,59,62.18,37.82
"Marche","Ascoli Piceno",352,90,262,25.57,74.43
"Marche","Ascoli Piceno",172,61,111,35.47,64.53
"Marche","Ascoli Piceno",103,44,59,42.72,57.28
"Marche","Ascoli Piceno",120,43,77,35.83,64.17
"Marche","Ascoli Piceno",374,133,241,35.56,64.44
"Marche","Ascoli Piceno",308,93,215,30.19,69.81
"Marche","Ascoli Piceno",720,328,392,45.56,54.44
"Marche","Ascoli Piceno",43,32,11,74.42,25.58
"Marche","Ascoli Piceno",556,339,217,60.97,39.03
"Marche","Ascoli Piceno",16,4,12,25,75
"Marche","Ascoli Piceno",1075,160,915,14.88,85.12
"Marche","Ascoli Piceno",79,15,64,18.99,81.01
"Marche","Ascoli Piceno",746,48,698,6.43,93.57
"Marche","Ascoli Piceno",41,15,26,36.59,63.41
"Marche","Ascoli Piceno",872,268,604,30.73,69.27
"Abruzzo","L'Aquila",303,210,93,69.31,30.69
"Abruzzo","L'Aquila",240,165,75,68.75,31.25
"Abruzzo","L'Aquila",405,270,135,66.67,33.33
"Abruzzo","L'Aquila",880,745,135,84.66,15.34
"Abruzzo","L'Aquila",582,383,199,65.81,34.19
"Abruzzo","L'Aquila",662,479,183,72.36,27.64
"Abruzzo","L'Aquila",201,90,111,44.78,55.22
"Abruzzo","L'Aquila",210,87,123,41.43,58.57
"Abruzzo","L'Aquila",1002,457,545,45.61,54.39
"Abruzzo","L'Aquila",507,266,241,52.47,47.53
"Abruzzo","L'Aquila",1305,658,647,50.42,49.58
"Abruzzo","L'Aquila",89,44,45,49.44,50.56
"Abruzzo","L'Aquila",77,9,68,11.69,88.31
"Abruzzo","L'Aquila",129,0,129,0,100
"Abruzzo","L'Aquila",130,20,110,15.38,84.62
"Abruzzo","L'Aquila",84,14,70,16.67,83.33
"Abruzzo","L'Aquila",56,8,48,14.29,85.71
"Abruzzo","L'Aquila",91,23,68,25.27,74.73
"Abruzzo","L'Aquila",78,0,78,0,100
"Abruzzo","L'Aquila",392,136,256,34.69,65.31
"Abruzzo","L'Aquila",95,1,94,1.05,98.95
"Abruzzo","L'Aquila",228,181,47,79.39,20.61
"Abruzzo","L'Aquila",221,173,48,78.28,21.72
"Abruzzo","L'Aquila",182,146,36,80.22,19.78
"Abruzzo","L'Aquila",100,47,53,47,53
"Abruzzo","L'Aquila",92,6,86,6.52,93.48
"Abruzzo","L'Aquila",187,108,79,57.75,42.25
"Abruzzo","L'Aquila",416,215,201,51.68,48.32
"Abruzzo","L'Aquila",71,40,31,56.34,43.66
"Abruzzo","L'Aquila",294,175,119,59.52,40.48
"Abruzzo","L'Aquila",109,50,59,45.87,54.13
"Abruzzo","L'Aquila",232,137,95,59.05,40.95
"Abruzzo","L'Aquila",933,115,818,12.33,87.67
"Abruzzo","L'Aquila",11,7,4,63.64,36.36
"Abruzzo","L'Aquila",712,139,573,19.52,80.48
"Abruzzo","L'Aquila",400,50,350,12.5,87.5
"Abruzzo","L'Aquila",137,28,109,20.44,79.56
"Abruzzo","L'Aquila",200,60,140,30,70
"Abruzzo","L'Aquila",14,3,11,21.43,78.57
"Toscana","Arezzo",264,175,89,66.29,33.71
"Toscana","Arezzo",635,399,236,62.83,37.17
"Toscana","Arezzo",1407,1033,374,73.42,26.58
"Toscana","Arezzo",1087,848,239,78.01,21.99
"Toscana","Arezzo",497,285,212,57.34,42.66
"Toscana","Arezzo",723,430,293,59.47,40.53
"Toscana","Arezzo",997,545,452,54.66,45.34
"Toscana","Arezzo",1379,711,668,51.56,48.44
"Toscana","Arezzo",372,228,144,61.29,38.71
"Toscana","Arezzo",50,10,40,20,80
"Toscana","Arezzo",87,28,59,32.18,67.82
"Toscana","Arezzo",529,305,224,57.66,42.34
"Toscana","Arezzo",151,93,58,61.59,38.41
"Toscana","Arezzo",162,131,31,80.86,19.14
"Toscana","Arezzo",123,46,77,37.4,62.6
"Toscana","Arezzo",116,40,76,34.48,65.52
"Toscana","Arezzo",82,27,55,32.93,67.07
"Toscana","Arezzo",113,2,111,1.77,98.23
"Toscana","Arezzo",282,32,250,11.35,88.65
"Toscana","Arezzo",29,4,25,13.79,86.21
"Toscana","Arezzo",404,215,189,53.22,46.78
"Toscana","Arezzo",172,59,113,34.3,65.7
"Toscana","Arezzo",182,5,177,2.75,97.25
"Toscana","Arezzo",235,125,110,53.19,46.81
"Toscana","Arezzo",1483,1047,436,70.6,29.4
"Toscana","Arezzo",222,39,183,17.57,82.43
"Toscana","Arezzo",66,12,54,18.18,81.82
"Toscana","Arezzo",187,70,117,37.43,62.57
"Toscana","Arezzo",270,128,142,47.41,52.59
"Toscana","Arezzo",58,28,30,48.28,51.72
"Toscana","Arezzo",255,88,167,34.51,65.49
"Toscana","Arezzo",715,241,474,33.71,66.29
"Toscana","Arezzo",49,26,23,53.06,46.94
"Toscana","Arezzo",113,69,44,61.06,38.94
"Toscana","Arezzo",83,36,47,43.37,56.63
"Toscana","Arezzo",833,143,690,17.17,82.83
"Toscana","Arezzo",386,52,334,13.47,86.53
"Toscana","Arezzo",1349,343,1006,25.43,74.57
"Toscana","Arezzo",127,31,96,24.41,75.59
"Piemonte","Asti",288,202,86,70.14,29.86
"Piemonte","Asti",991,731,260,73.76,26.24
"Piemonte","Asti",479,299,180,62.42,37.58
"Piemonte","Asti",924,418,506,45.24,54.76
"Piemonte","Asti",247,168,79,68.02,31.98
"Piemonte","Asti",123,60,63,48.78,51.22
"Piemonte","Asti",37,22,15,59.46,40.54
"Piemonte","Asti",707,260,447,36.78,63.22
"Piemonte","Asti",271,76,195,28.04,71.96
"Piemonte","Asti",72,27,45,37.5,62.5
"Piemonte","Asti",586,432,154,73.72,26.28
"Piemonte","Asti",226,69,157,30.53,69.47
"Piemonte","Asti",27,0,27,0,100
"Piemonte","Asti",11,7,4,63.64,36.36
"Piemonte","Asti",261,120,141,45.98,54.02
"Piemonte","Asti",123,91,32,73.98,26.02
"Piemonte","Asti",701,306,395,43.65,56.35
"Piemonte","Asti",122,6,116,4.92,95.08
"Piemonte","Asti",765,50,715,6.54,93.46
"Piemonte","Asti",263,5,258,1.9,98.1
"Piemonte","Asti",36,12,24,33.33,66.67
"Piemonte","Asti",9,0,9,0,100
"Piemonte","Asti",72,52,20,72.22,27.78
"Campania","Avellino",203,80,123,39.41,60.59
"Campania","Avellino",166,101,65,60.84,39.16
"Campania","Avellino",538,324,214,60.22,39.78
"Campania","Avellino",573,275,298,47.99,52.01
"Campania","Avellino",571,388,183,67.95,32.05
"Campania","Avellino",63,48,15,76.19,23.81
"Campania","Avellino",280,181,99,64.64,35.36
"Campania","Avellino",8,0,8,0,100
"Campania","Avellino",417,365,52,87.53,12.47
"Campania","Avellino",224,184,40,82.14,17.86
"Campania","Avellino",1024,639,385,62.4,37.6
"Campania","Avellino",782,670,112,85.68,14.32
"Campania","Avellino",56,45,11,80.36,19.64
"Campania","Avellino",119,56,63,47.06,52.94
"Campania","Avellino",186,99,87,53.23,46.77
"Campania","Avellino",83,22,61,26.51,73.49
"Campania","Avellino",44,17,27,38.64,61.36
"Campania","Avellino",302,183,119,60.6,39.4
"Campania","Avellino",51,24,27,47.06,52.94
"Campania","Avellino",260,55,205,21.15,78.85
"Campania","Avellino",510,236,274,46.27,53.73
"Campania","Avellino",36,18,18,50,50
"Campania","Avellino",699,331,368,47.35,52.65
"Campania","Avellino",201,110,91,54.73,45.27
"Campania","Avellino",167,72,95,43.11,56.89
"Campania","Avellino",1498,640,858,42.72,57.28
"Campania","Avellino",57,8,49,14.04,85.96
"Campania","Avellino",61,25,36,40.98,59.02
"Campania","Avellino",46,16,30,34.78,65.22
"Campania","Avellino",81,22,59,27.16,72.84
"Campania","Avellino",180,83,97,46.11,53.89
"Campania","Avellino",58,0,58,0,100
"Campania","Avellino",41,21,20,51.22,48.78
"Campania","Avellino",145,73,72,50.34,49.66
"Campania","Avellino",16,8,8,50,50
"Campania","Avellino",24,0,24,0,100
"Campania","Avellino",59,38,21,64.41,35.59
"Campania","Avellino",160,74,86,46.25,53.75
"Campania","Avellino",46,26,20,56.52,43.48
"Campania","Avellino",515,246,269,47.77,52.23
"Campania","Avellino",103,45,58,43.69,56.31
"Campania","Avellino",138,57,81,41.3,58.7
"Campania","Avellino",51,25,26,49.02,50.98
"Campania","Avellino",21,12,9,57.14,42.86
"Campania","Avellino",46,29,17,63.04,36.96
"Campania","Avellino",79,24,55,30.38,69.62
"Campania","Avellino",45,15,30,33.33,66.67
"Campania","Avellino",104,25,79,24.04,75.96
"Campania","Avellino",15,4,11,26.67,73.33
"Campania","Avellino",204,27,177,13.24,86.76
"Campania","Avellino",80,16,64,20,80
"Campania","Avellino",204,59,145,28.92,71.08
"Campania","Avellino",361,147,214,40.72,59.28
"Campania","Avellino",81,58,23,71.6,28.4
"Campania","Avellino",7,3,4,42.86,57.14
"Campania","Avellino",79,55,24,69.62,30.38
"Campania","Avellino",5,0,5,0,100
"Campania","Avellino",366,269,97,73.5,26.5
"Campania","Avellino",21,11,10,52.38,47.62
"Campania","Avellino",27,3,24,11.11,88.89
"Campania","Avellino",268,41,227,15.3,84.7
"Campania","Avellino",97,14,83,14.43,85.57
"Campania","Avellino",52,17,35,32.69,67.31
"Campania","Avellino",99,39,60,39.39,60.61
"Campania","Avellino",13,5,8,38.46,61.54
"Campania","Avellino",115,50,65,43.48,56.52
"Campania","Avellino",106,27,79,25.47,74.53
"Campania","Avellino",106,27,79,25.47,74.53
"Campania","Avellino",51,0,51,0,100
"Campania","Avellino",282,95,187,33.69,66.31
"Campania","Avellino",38,18,20,47.37,52.63
"Campania","Avellino",893,438,455,49.05,50.95
"Campania","Avellino",35,22,13,62.86,37.14
"Campania","Avellino",130,55,75,42.31,57.69
"Campania","Avellino",7,2,5,28.57,71.43
"Campania","Avellino",15,7,8,46.67,53.33
"Campania","Avellino",57,3,54,5.26,94.74
"Campania","Avellino",231,22,209,9.52,90.48
"Campania","Avellino",53,5,48,9.43,90.57
"Campania","Avellino",26,10,16,38.46,61.54
"Campania","Avellino",101,35,66,34.65,65.35
"Campania","Avellino",901,103,798,11.43,88.57
"Campania","Avellino",105,25,80,23.81,76.19
"Campania","Avellino",4,0,4,0,100
"Campania","Avellino",46,10,36,21.74,78.26
"Puglia","Bari",898,758,140,84.41,15.59
"Puglia","Bari",215,98,117,45.58,54.42
"Puglia","Bari",474,362,112,76.37,23.63
"Puglia","Bari",892,590,302,66.14,33.86
"Puglia","Bari",767,556,211,72.49,27.51
"Puglia","Bari",872,686,186,78.67,21.33
"Puglia","Bari",947,639,308,67.48,32.52
"Puglia","Bari",1205,767,438,63.65,36.35
"Puglia","Bari",784,678,106,86.48,13.52
"Puglia","Bari",769,686,83,89.21,10.79
"Puglia","Bari",846,710,136,83.92,16.08
"Puglia","Bari",851,684,167,80.38,19.62
"Puglia","Bari",395,180,215,45.57,54.43
"Puglia","Bari",642,338,304,52.65,47.35
"Puglia","Bari",1150,495,655,43.04,56.96
"Puglia","Bari",343,169,174,49.27,50.73
"Puglia","Bari",554,335,219,60.47,39.53
"Puglia","Bari",457,266,191,58.21,41.79
"Puglia","Bari",143,51,92,35.66,64.34
"Puglia","Bari",1583,750,833,47.38,52.62
"Puglia","Bari",409,263,146,64.3,35.7
"Puglia","Bari",917,689,228,75.14,24.86
"Puglia","Bari",1121,488,633,43.53,56.47
"Puglia","Bari",425,323,102,76,24
"Puglia","Bari",80,50,30,62.5,37.5
"Puglia","Bari",780,215,565,27.56,72.44
"Puglia","Bari",500,183,317,36.6,63.4
"Puglia","Bari",507,333,174,65.68,34.32
"Puglia","Bari",852,471,381,55.28,44.72
"Puglia","Bari",115,65,50,56.52,43.48
"Puglia","Bari",981,502,479,51.17,48.83
"Puglia","Bari",827,389,438,47.04,52.96
"Puglia","Bari",1147,608,539,53.01,46.99
"Puglia","Bari",1149,706,443,61.44,38.56
"Puglia","Bari",1215,652,563,53.66,46.34
"Puglia","Bari",1128,688,440,60.99,39.01
"Puglia","Bari",878,484,394,55.13,44.87
"Puglia","Bari",758,456,302,60.16,39.84
"Puglia","Bari",61,1,60,1.64,98.36
"Puglia","Bari",60,18,42,30,70
"Puglia","Bari",243,89,154,36.63,63.37
"Puglia","Bari",275,181,94,65.82,34.18
"Puglia","Bari",84,58,26,69.05,30.95
"Puglia","Bari",473,227,246,47.99,52.01
"Puglia","Bari",170,131,39,77.06,22.94
"Puglia","Bari",39,33,6,84.62,15.38
"Puglia","Bari",185,159,26,85.95,14.05
"Puglia","Bari",22,18,4,81.82,18.18
"Puglia","Bari",421,165,256,39.19,60.81
"Puglia","Bari",111,68,43,61.26,38.74
"Puglia","Bari",66,38,28,57.58,42.42
"Puglia","Bari",200,73,127,36.5,63.5
"Puglia","Bari",35,25,10,71.43,28.57
"Puglia","Bari",337,172,165,51.04,48.96
"Puglia","Bari",66,34,32,51.52,48.48
"Puglia","Bari",269,119,150,44.24,55.76
"Puglia","Bari",17,9,8,52.94,47.06
"Puglia","Bari",830,289,541,34.82,65.18
"Puglia","Bari",274,110,164,40.15,59.85
"Puglia","Bari",37,30,7,81.08,18.92
"Puglia","Bari",466,209,257,44.85,55.15
"Puglia","Bari",71,36,35,50.7,49.3
"Puglia","Bari",614,272,342,44.3,55.7
"Puglia","Bari",173,88,85,50.87,49.13
"Puglia","Bari",310,115,195,37.1,62.9
"Puglia","Bari",154,53,101,34.42,65.58
"Puglia","Bari",360,274,86,76.11,23.89
"Puglia","Bari",37,12,25,32.43,67.57
"Puglia","Bari",44,35,9,79.55,20.45
"Puglia","Bari",212,89,123,41.98,58.02
"Puglia","Bari",35,35,0,100,0
"Puglia","Bari",204,67,137,32.84,67.16
"Puglia","Bari",73,10,63,13.7,86.3
"Puglia","Bari",203,86,117,42.36,57.64
"Puglia","Bari",54,6,48,11.11,88.89
"Puglia","Bari",46,28,18,60.87,39.13
"Puglia","Bari",59,0,59,0,100
"Puglia","Bari",175,35,140,20,80
"Puglia","Bari",105,47,58,44.76,55.24
"Puglia","Bari",24,4,20,16.67,83.33
"Puglia","Bari",880,612,268,69.55,30.45
"Puglia","Bari",96,39,57,40.62,59.38
"Puglia","Bari",263,176,87,66.92,33.08
"Puglia","Bari",546,235,311,43.04,56.96
"Puglia","Bari",60,29,31,48.33,51.67
"Puglia","Bari",238,104,134,43.7,56.3
"Puglia","Bari",166,78,88,46.99,53.01
"Puglia","Bari",212,82,130,38.68,61.32
"Puglia","Bari",90,54,36,60,40
"Puglia","Bari",612,454,158,74.18,25.82
"Puglia","Bari",65,41,24,63.08,36.92
"Puglia","Bari",440,307,133,69.77,30.23
"Puglia","Bari",280,202,78,72.14,27.86
"Puglia","Bari",76,56,20,73.68,26.32
"Puglia","Bari",1169,908,261,77.67,22.33
"Puglia","Bari",161,34,127,21.12,78.88
"Puglia","Bari",426,73,353,17.14,82.86
"Puglia","Bari",44,21,23,47.73,52.27
"Puglia","Bari",652,259,393,39.72,60.28
"Puglia","Bari",74,34,40,45.95,54.05
"Puglia","Bari",228,102,126,44.74,55.26
"Puglia","Bari",57,32,25,56.14,43.86
"Puglia","Bari",645,305,340,47.29,52.71
"Puglia","Bari",116,68,48,58.62,41.38
"Puglia","Bari",677,164,513,24.22,75.78
"Puglia","Bari",9,3,6,33.33,66.67
"Puglia","Bari",77,31,46,40.26,59.74
"Puglia","Bari",369,155,214,42.01,57.99
"Puglia","Bari",67,25,42,37.31,62.69
"Puglia","Bari",94,38,56,40.43,59.57
"Puglia","Bari",450,237,213,52.67,47.33
"Puglia","Bari",66,36,30,54.55,45.45
"Puglia","Bari",436,151,285,34.63,65.37
"Puglia","Bari",66,19,47,28.79,71.21
"Puglia","Bari",605,228,377,37.69,62.31
"Puglia","Bari",420,134,286,31.9,68.1
"Puglia","Bari",347,158,189,45.53,54.47
"Puglia","Bari",22,6,16,27.27,72.73
"Puglia","Bari",292,99,193,33.9,66.1
"Puglia","Bari",37,23,14,62.16,37.84
"Puglia","Bari",302,122,180,40.4,59.6
"Puglia","Bari",31,0,31,0,100
"Puglia","Bari",562,140,422,24.91,75.09
"Puglia","Bari",185,70,115,37.84,62.16
"Puglia","Bari",672,265,407,39.43,60.57
"Puglia","Bari",67,24,43,35.82,64.18
"Puglia","Bari",639,249,390,38.97,61.03
"Puglia","Bari",192,77,115,40.1,59.9
"Puglia","Bari",59,29,30,49.15,50.85
"Puglia","Bari",618,254,364,41.1,58.9
"Puglia","Bari",93,52,41,55.91,44.09
"Puglia","Bari",517,341,176,65.96,34.04
"Puglia","Bari",16,10,6,62.5,37.5
"Puglia","Bari",334,13,321,3.89,96.11
"Puglia","Bari",94,24,70,25.53,74.47
"Puglia","Bari",267,71,196,26.59,73.41
"Puglia","Bari",127,41,86,32.28,67.72
"Puglia","Bari",1051,45,1006,4.28,95.72
"Puglia","Bari",121,15,106,12.4,87.6
"Puglia","Bari",795,48,747,6.04,93.96
"Puglia","Bari",447,3,444,0.67,99.33
"Puglia","Bari",100,4,96,4,96
"Puglia","Bari",1014,233,781,22.98,77.02
"Puglia","Bari",873,81,792,9.28,90.72
"Puglia","Bari",35,2,33,5.71,94.29
"Puglia","Bari",764,166,598,21.73,78.27
"Puglia","Bari",13,0,13,0,100
"Puglia","Bari",703,100,603,14.22,85.78
"Puglia","Bari",101,10,91,9.9,90.1
"Puglia","Bari",21,3,18,14.29,85.71
"Puglia","Bari",851,273,578,32.08,67.92
"Puglia","Bari",95,19,76,20,80
"Puglia","Bari",194,52,142,26.8,73.2
"Puglia","Bari",45,20,25,44.44,55.56
"Lombardia","Bergamo",112,83,29,74.11,25.89
"Lombardia","Bergamo",433,329,104,75.98,24.02
"Lombardia","Bergamo",623,460,163,73.84,26.16
"Lombardia","Bergamo",184,144,40,78.26,21.74
"Lombardia","Bergamo",561,483,78,86.1,13.9
"Lombardia","Bergamo",662,584,78,88.22,11.78
"Lombardia","Bergamo",1118,907,211,81.13,18.87
"Lombardia","Bergamo",230,209,21,90.87,9.13
"Lombardia","Bergamo",1245,1023,222,82.17,17.83
"Lombardia","Bergamo",794,669,125,84.26,15.74
"Lombardia","Bergamo",442,352,90,79.64,20.36
"Lombardia","Bergamo",57,39,18,68.42,31.58
"Lombardia","Bergamo",885,687,198,77.63,22.37
"Lombardia","Bergamo",848,691,157,81.49,18.51
"Lombardia","Bergamo",352,270,82,76.7,23.3
"Lombardia","Bergamo",388,182,206,46.91,53.09
"Lombardia","Bergamo",422,181,241,42.89,57.11
"Lombardia","Bergamo",745,465,280,62.42,37.58
"Lombardia","Bergamo",366,251,115,68.58,31.42
"Lombardia","Bergamo",449,264,185,58.8,41.2
"Lombardia","Bergamo",248,95,153,38.31,61.69
"Lombardia","Bergamo",192,72,120,37.5,62.5
"Lombardia","Bergamo",1593,770,823,48.34,51.66
"Lombardia","Bergamo",501,234,267,46.71,53.29
"Lombardia","Bergamo",684,268,416,39.18,60.82
"Lombardia","Bergamo",629,286,343,45.47,54.53
"Lombardia","Bergamo",924,520,404,56.28,43.72
"Lombardia","Bergamo",1155,531,624,45.97,54.03
"Lombardia","Bergamo",726,318,408,43.8,56.2
"Lombardia","Bergamo",198,57,141,28.79,71.21
"Lombardia","Bergamo",362,99,263,27.35,72.65
"Lombardia","Bergamo",149,101,48,67.79,32.21
"Lombardia","Bergamo",297,172,125,57.91,42.09
"Lombardia","Bergamo",417,323,94,77.46,22.54
"Lombardia","Bergamo",696,494,202,70.98,29.02
"Lombardia","Bergamo",618,480,138,77.67,22.33
"Lombardia","Bergamo",147,62,85,42.18,57.82
"Lombardia","Bergamo",184,113,71,61.41,38.59
"Lombardia","Bergamo",304,279,25,91.78,8.22
"Lombardia","Bergamo",214,198,16,92.52,7.48
"Lombardia","Bergamo",254,236,18,92.91,7.09
"Lombardia","Bergamo",503,445,58,88.47,11.53
"Lombardia","Bergamo",149,111,38,74.5,25.5
"Lombardia","Bergamo",199,92,107,46.23,53.77
"Lombardia","Bergamo",447,238,209,53.24,46.76
"Lombardia","Bergamo",25,0,25,0,100
"Lombardia","Bergamo",150,75,75,50,50
"Lombardia","Bergamo",174,90,84,51.72,48.28
"Lombardia","Bergamo",20,12,8,60,40
"Lombardia","Bergamo",681,339,342,49.78,50.22
"Lombardia","Bergamo",532,250,282,46.99,53.01
"Lombardia","Bergamo",165,0,165,0,100
"Lombardia","Bergamo",48,2,46,4.17,95.83
"Lombardia","Bergamo",197,1,196,0.51,99.49
"Lombardia","Bergamo",71,0,71,0,100
"Lombardia","Bergamo",765,4,761,0.52,99.48
"Lombardia","Bergamo",21,0,21,0,100
"Lombardia","Bergamo",188,142,46,75.53,24.47
"Lombardia","Bergamo",347,274,73,78.96,21.04
"Lombardia","Bergamo",1459,1152,307,78.96,21.04
"Lombardia","Bergamo",406,146,260,35.96,64.04
"Lombardia","Bergamo",486,177,309,36.42,63.58
"Lombardia","Bergamo",242,104,138,42.98,57.02
"Lombardia","Bergamo",185,85,100,45.95,54.05
"Lombardia","Bergamo",545,290,255,53.21,46.79
"Lombardia","Bergamo",70,47,23,67.14,32.86
"Lombardia","Bergamo",390,203,187,52.05,47.95
"Lombardia","Bergamo",259,121,138,46.72,53.28
"Lombardia","Bergamo",260,167,93,64.23,35.77
"Lombardia","Bergamo",190,100,90,52.63,47.37
"Lombardia","Bergamo",728,314,414,43.13,56.87
"Lombardia","Bergamo",119,90,29,75.63,24.37
"Lombardia","Bergamo",1238,792,446,63.97,36.03
"Lombardia","Bergamo",111,71,40,63.96,36.04
"Lombardia","Bergamo",969,622,347,64.19,35.81
"Lombardia","Bergamo",711,314,397,44.16,55.84
"Lombardia","Bergamo",760,325,435,42.76,57.24
"Lombardia","Bergamo",102,81,21,79.41,20.59
"Lombardia","Bergamo",27,10,17,37.04,62.96
"Lombardia","Bergamo",190,1,189,0.53,99.47
"Lombardia","Bergamo",861,81,780,9.41,90.59
"Lombardia","Bergamo",77,9,68,11.69,88.31
"Lombardia","Bergamo",327,6,321,1.83,98.17
"Lombardia","Bergamo",1317,104,1213,7.9,92.1
"Lombardia","Bergamo",177,14,163,7.91,92.09
"Lombardia","Bergamo",156,33,123,21.15,78.85
"Lombardia","Bergamo",349,21,328,6.02,93.98
"Lombardia","Bergamo",585,29,556,4.96,95.04
"Lombardia","Bergamo",1181,262,919,22.18,77.82
"Lombardia","Bergamo",347,19,328,5.48,94.52
"Lombardia","Bergamo",586,308,278,52.56,47.44
"Lombardia","Bergamo",698,289,409,41.4,58.6
"Lombardia","Bergamo",1068,72,996,6.74,93.26
"Lombardia","Bergamo",632,103,529,16.3,83.7
"Lombardia","Bergamo",57,16,41,28.07,71.93
"Piemonte","Biella",529,415,114,78.45,21.55
"Piemonte","Biella",542,385,157,71.03,28.97
"Piemonte","Biella",1108,699,409,63.09,36.91
"Piemonte","Biella",93,78,15,83.87,16.13
"Piemonte","Biella",122,94,28,77.05,22.95
"Piemonte","Biella",351,147,204,41.88,58.12
"Piemonte","Biella",118,32,86,27.12,72.88
"Piemonte","Biella",87,41,46,47.13,52.87
"Piemonte","Biella",147,4,143,2.72,97.28
"Piemonte","Biella",336,261,75,77.68,22.32
"Piemonte","Biella",2,0,2,0,100
"Piemonte","Biella",163,43,120,26.38,73.62
"Piemonte","Biella",657,332,325,50.53,49.47
"Piemonte","Biella",30,17,13,56.67,43.33
"Piemonte","Biella",95,26,69,27.37,72.63
"Piemonte","Biella",1571,510,1061,32.46,67.54
"Piemonte","Biella",94,29,65,30.85,69.15
"Piemonte","Biella",90,15,75,16.67,83.33
"Veneto","Belluno",98,69,29,70.41,29.59
"Veneto","Belluno",825,651,174,78.91,21.09
"Veneto","Belluno",123,71,52,57.72,42.28
"Veneto","Belluno",81,35,46,43.21,56.79
"Veneto","Belluno",78,56,22,71.79,28.21
"Veneto","Belluno",184,100,84,54.35,45.65
"Veneto","Belluno",560,274,286,48.93,51.07
"Veneto","Belluno",590,362,228,61.36,38.64
"Veneto","Belluno",440,110,330,25,75
"Veneto","Belluno",368,270,98,73.37,26.63
"Veneto","Belluno",51,34,17,66.67,33.33
"Veneto","Belluno",70,21,49,30,70
"Veneto","Belluno",54,23,31,42.59,57.41
"Veneto","Belluno",222,91,131,40.99,59.01
"Veneto","Belluno",67,29,38,43.28,56.72
"Veneto","Belluno",62,6,56,9.68,90.32
"Veneto","Belluno",59,1,58,1.69,98.31
"Veneto","Belluno",169,70,99,41.42,58.58
"Veneto","Belluno",251,81,170,32.27,67.73
"Veneto","Belluno",82,39,43,47.56,52.44
"Veneto","Belluno",426,320,106,75.12,24.88
"Veneto","Belluno",101,37,64,36.63,63.37
"Veneto","Belluno",162,115,47,70.99,29.01
"Veneto","Belluno",85,38,47,44.71,55.29
"Veneto","Belluno",26,15,11,57.69,42.31
"Veneto","Belluno",159,102,57,64.15,35.85
"Veneto","Belluno",510,289,221,56.67,43.33
"Veneto","Belluno",119,3,116,2.52,97.48
"Veneto","Belluno",189,58,131,30.69,69.31
"Veneto","Belluno",493,108,385,21.91,78.09
"Veneto","Belluno",659,46,613,6.98,93.02
"Veneto","Belluno",58,17,41,29.31,70.69
"Campania","Benevento",98,82,16,83.67,16.33
"Campania","Benevento",155,117,38,75.48,24.52
"Campania","Benevento",91,64,27,70.33,29.67
"Campania","Benevento",98,75,23,76.53,23.47
"Campania","Benevento",79,61,18,77.22,22.78
"Campania","Benevento",64,38,26,59.38,40.62
"Campania","Benevento",755,513,242,67.95,32.05
"Campania","Benevento",524,435,89,83.02,16.98
"Campania","Benevento",1207,952,255,78.87,21.13
"Campania","Benevento",575,315,260,54.78,45.22
"Campania","Benevento",509,192,317,37.72,62.28
"Campania","Benevento",287,115,172,40.07,59.93
"Campania","Benevento",1067,446,621,41.8,58.2
"Campania","Benevento",64,34,30,53.12,46.88
"Campania","Benevento",58,36,22,62.07,37.93
"Campania","Benevento",266,146,120,54.89,45.11
"Campania","Benevento",332,158,174,47.59,52.41
"Campania","Benevento",60,23,37,38.33,61.67
"Campania","Benevento",338,120,218,35.5,64.5
"Campania","Benevento",5,1,4,20,80
"Campania","Benevento",88,56,32,63.64,36.36
"Campania","Benevento",47,11,36,23.4,76.6
"Campania","Benevento",14,2,12,14.29,85.71
"Campania","Benevento",71,26,45,36.62,63.38
"Campania","Benevento",399,167,232,41.85,58.15
"Campania","Benevento",98,58,40,59.18,40.82
"Campania","Benevento",50,20,30,40,60
"Campania","Benevento",68,27,41,39.71,60.29
"Campania","Benevento",9,4,5,44.44,55.56
"Campania","Benevento",212,101,111,47.64,52.36
"Campania","Benevento",156,106,50,67.95,32.05
"Campania","Benevento",468,248,220,52.99,47.01
"Campania","Benevento",30,0,30,0,100
"Campania","Benevento",49,29,20,59.18,40.82
"Campania","Benevento",75,0,75,0,100
"Campania","Benevento",190,105,85,55.26,44.74
"Campania","Benevento",41,18,23,43.9,56.1
"Campania","Benevento",42,34,8,80.95,19.05
"Campania","Benevento",231,84,147,36.36,63.64
"Campania","Benevento",50,23,27,46,54
"Campania","Benevento",248,190,58,76.61,23.39
"Campania","Benevento",87,57,30,65.52,34.48
"Campania","Benevento",117,9,108,7.69,92.31
"Campania","Benevento",36,2,34,5.56,94.44
"Campania","Benevento",37,17,20,45.95,54.05
"Campania","Benevento",198,58,140,29.29,70.71
"Campania","Benevento",59,40,19,67.8,32.2
"Campania","Benevento",400,158,242,39.5,60.5
"Campania","Benevento",22,6,16,27.27,72.73
"Campania","Benevento",225,130,95,57.78,42.22
"Campania","Benevento",38,28,10,73.68,26.32
"Campania","Benevento",155,75,80,48.39,51.61
"Campania","Benevento",44,23,21,52.27,47.73
"Campania","Benevento",60,41,19,68.33,31.67
"Campania","Benevento",1114,54,1060,4.85,95.15
"Campania","Benevento",16,5,11,31.25,68.75
"Campania","Benevento",38,29,9,76.32,23.68
"Campania","Benevento",131,48,83,36.64,63.36
"Campania","Benevento",182,14,168,7.69,92.31
"Campania","Benevento",299,113,186,37.79,62.21
"Campania","Benevento",57,6,51,10.53,89.47
"Campania","Benevento",42,16,26,38.1,61.9
"Campania","Benevento",62,49,13,79.03,20.97
"Emilia-Romagna","Bologna",1395,864,531,61.94,38.06
"Emilia-Romagna","Bologna",1143,816,327,71.39,28.61
"Emilia-Romagna","Bologna",441,328,113,74.38,25.62
"Emilia-Romagna","Bologna",293,234,59,79.86,20.14
"Emilia-Romagna","Bologna",1612,1149,463,71.28,28.72
"Emilia-Romagna","Bologna",520,372,148,71.54,28.46
"Emilia-Romagna","Bologna",192,45,147,23.44,76.56
"Emilia-Romagna","Bologna",589,374,215,63.5,36.5
"Emilia-Romagna","Bologna",515,281,234,54.56,45.44
"Emilia-Romagna","Bologna",64,29,35,45.31,54.69
"Emilia-Romagna","Bologna",1432,614,818,42.88,57.12
"Emilia-Romagna","Bologna",803,580,223,72.23,27.77
"Emilia-Romagna","Bologna",1185,479,706,40.42,59.58
"Emilia-Romagna","Bologna",149,47,102,31.54,68.46
"Emilia-Romagna","Bologna",152,106,46,69.74,30.26
"Emilia-Romagna","Bologna",1578,853,725,54.06,45.94
"Emilia-Romagna","Bologna",1682,969,713,57.61,42.39
"Emilia-Romagna","Bologna",1603,1074,529,67,33
"Emilia-Romagna","Bologna",1488,1092,396,73.39,26.61
"Emilia-Romagna","Bologna",80,26,54,32.5,67.5
"Emilia-Romagna","Bologna",103,23,80,22.33,77.67
"Emilia-Romagna","Bologna",17,6,11,35.29,64.71
"Emilia-Romagna","Bologna",24,5,19,20.83,79.17
"Emilia-Romagna","Bologna",157,66,91,42.04,57.96
"Emilia-Romagna","Bologna",97,54,43,55.67,44.33
"Emilia-Romagna","Bologna",454,319,135,70.26,29.74
"Emilia-Romagna","Bologna",38,28,10,73.68,26.32
"Emilia-Romagna","Bologna",393,174,219,44.27,55.73
"Emilia-Romagna","Bologna",50,34,16,68,32
"Emilia-Romagna","Bologna",180,104,76,57.78,42.22
"Emilia-Romagna","Bologna",917,688,229,75.03,24.97
"Emilia-Romagna","Bologna",64,34,30,53.12,46.88
"Emilia-Romagna","Bologna",382,333,49,87.17,12.83
"Emilia-Romagna","Bologna",66,56,10,84.85,15.15
"Emilia-Romagna","Bologna",671,283,388,42.18,57.82
"Emilia-Romagna","Bologna",3,0,3,0,100
"Emilia-Romagna","Bologna",33,11,22,33.33,66.67
"Emilia-Romagna","Bologna",556,266,290,47.84,52.16
"Emilia-Romagna","Bologna",217,90,127,41.47,58.53
"Emilia-Romagna","Bologna",39,25,14,64.1,35.9
"Emilia-Romagna","Bologna",108,0,108,0,100
"Emilia-Romagna","Bologna",93,21,72,22.58,77.42
"Emilia-Romagna","Bologna",208,59,149,28.37,71.63
"Emilia-Romagna","Bologna",45,29,16,64.44,35.56
"Emilia-Romagna","Bologna",240,3,237,1.25,98.75
"Emilia-Romagna","Bologna",412,46,366,11.17,88.83
"Emilia-Romagna","Bologna",377,8,369,2.12,97.88
"Emilia-Romagna","Bologna",45,3,42,6.67,93.33
"Emilia-Romagna","Bologna",200,116,84,58,42
"Emilia-Romagna","Bologna",117,1,116,0.85,99.15
"Emilia-Romagna","Bologna",178,100,78,56.18,43.82
"Emilia-Romagna","Bologna",36,27,9,75,25
"Emilia-Romagna","Bologna",1615,1215,400,75.23,24.77
"Emilia-Romagna","Bologna",501,146,355,29.14,70.86
"Emilia-Romagna","Bologna",749,348,401,46.46,53.54
"Emilia-Romagna","Bologna",99,51,48,51.52,48.48
"Emilia-Romagna","Bologna",864,338,526,39.12,60.88
"Emilia-Romagna","Bologna",485,203,282,41.86,58.14
"Emilia-Romagna","Bologna",57,10,47,17.54,82.46
"Emilia-Romagna","Bologna",35,15,20,42.86,57.14
"Emilia-Romagna","Bologna",74,43,31,58.11,41.89
"Emilia-Romagna","Bologna",734,344,390,46.87,53.13
"Emilia-Romagna","Bologna",464,239,225,51.51,48.49
"Emilia-Romagna","Bologna",87,55,32,63.22,36.78
"Emilia-Romagna","Bologna",649,271,378,41.76,58.24
"Emilia-Romagna","Bologna",367,180,187,49.05,50.95
"Emilia-Romagna","Bologna",54,34,20,62.96,37.04
"Emilia-Romagna","Bologna",555,198,357,35.68,64.32
"Emilia-Romagna","Bologna",710,437,273,61.55,38.45
"Emilia-Romagna","Bologna",1400,681,719,48.64,51.36
"Emilia-Romagna","Bologna",137,75,62,54.74,45.26
"Emilia-Romagna","Bologna",334,37,297,11.08,88.92
"Emilia-Romagna","Bologna",25,1,24,4,96
"Emilia-Romagna","Bologna",202,2,200,0.99,99.01
"Emilia-Romagna","Bologna",1199,220,979,18.35,81.65
"Emilia-Romagna","Bologna",53,7,46,13.21,86.79
"Emilia-Romagna","Bologna",1795,305,1490,16.99,83.01
"Emilia-Romagna","Bologna",140,14,126,10,90
"Emilia-Romagna","Bologna",1123,134,989,11.93,88.07
"Emilia-Romagna","Bologna",177,85,92,48.02,51.98
"Emilia-Romagna","Bologna",1087,276,811,25.39,74.61
"Emilia-Romagna","Bologna",24,6,18,25,75
"Emilia-Romagna","Bologna",21,1,20,4.76,95.24
"Emilia-Romagna","Bologna",97,72,25,74.23,25.77
"Puglia","Brindisi",164,94,70,57.32,42.68
"Puglia","Brindisi",208,152,56,73.08,26.92
"Puglia","Brindisi",849,564,285,66.43,33.57
"Puglia","Brindisi",332,139,193,41.87,58.13
"Puglia","Brindisi",980,871,109,88.88,11.12
"Puglia","Brindisi",1013,721,292,71.17,28.83
"Puglia","Brindisi",634,355,279,55.99,44.01
"Puglia","Brindisi",187,93,94,49.73,50.27
"Puglia","Brindisi",483,263,220,54.45,45.55
"Puglia","Brindisi",406,164,242,40.39,59.61
"Puglia","Brindisi",789,413,376,52.34,47.66
"Puglia","Brindisi",278,251,27,90.29,9.71
"Puglia","Brindisi",615,356,259,57.89,42.11
"Puglia","Brindisi",872,449,423,51.49,48.51
"Puglia","Brindisi",86,40,46,46.51,53.49
"Puglia","Brindisi",84,81,3,96.43,3.57
"Puglia","Brindisi",402,152,250,37.81,62.19
"Puglia","Brindisi",764,624,140,81.68,18.32
"Puglia","Brindisi",144,101,43,70.14,29.86
"Puglia","Brindisi",159,122,37,76.73,23.27
"Puglia","Brindisi",376,135,241,35.9,64.1
"Puglia","Brindisi",82,38,44,46.34,53.66
"Puglia","Brindisi",643,281,362,43.7,56.3
"Puglia","Brindisi",105,33,72,31.43,68.57
"Puglia","Brindisi",436,58,378,13.3,86.7
"Puglia","Brindisi",21,0,21,0,100
"Puglia","Brindisi",73,14,59,19.18,80.82
"Puglia","Brindisi",85,31,54,36.47,63.53
"Puglia","Brindisi",371,123,248,33.15,66.85
"Puglia","Brindisi",577,312,265,54.07,45.93
"Puglia","Brindisi",16,7,9,43.75,56.25
"Puglia","Brindisi",59,31,28,52.54,47.46
"Puglia","Brindisi",121,46,75,38.02,61.98
"Puglia","Brindisi",64,31,33,48.44,51.56
"Puglia","Brindisi",164,62,102,37.8,62.2
"Puglia","Brindisi",41,20,21,48.78,51.22
"Puglia","Brindisi",801,231,570,28.84,71.16
"Puglia","Brindisi",1065,68,997,6.38,93.62
"Puglia","Brindisi",117,11,106,9.4,90.6
"Puglia","Brindisi",67,17,50,25.37,74.63
"Puglia","Brindisi",920,497,423,54.02,45.98
"Puglia","Brindisi",994,64,930,6.44,93.56
"Puglia","Brindisi",55,8,47,14.55,85.45
"Puglia","Brindisi",688,148,540,21.51,78.49
"Lombardia","Brescia",669,496,173,74.14,25.86
"Lombardia","Brescia",851,540,311,63.45,36.55
"Lombardia","Brescia",1032,815,217,78.97,21.03
"Lombardia","Brescia",72,50,22,69.44,30.56
"Lombardia","Brescia",201,87,114,43.28,56.72
"Lombardia","Brescia",1151,909,242,78.97,21.03
"Lombardia","Brescia",112,78,34,69.64,30.36
"Lombardia","Brescia",649,427,222,65.79,34.21
"Lombardia","Brescia",155,71,84,45.81,54.19
"Lombardia","Brescia",545,219,326,40.18,59.82
"Lombardia","Brescia",498,309,189,62.05,37.95
"Lombardia","Brescia",345,245,100,71.01,28.99
"Lombardia","Brescia",1118,578,540,51.7,48.3
"Lombardia","Brescia",317,141,176,44.48,55.52
"Lombardia","Brescia",215,185,30,86.05,13.95
"Lombardia","Brescia",1007,782,225,77.66,22.34
"Lombardia","Brescia",448,324,124,72.32,27.68
"Lombardia","Brescia",92,26,66,28.26,71.74
"Lombardia","Brescia",106,90,16,84.91,15.09
"Lombardia","Brescia",815,576,239,70.67,29.33
"Lombardia","Brescia",730,492,238,67.4,32.6
"Lombardia","Brescia",578,481,97,83.22,16.78
"Lombardia","Brescia",1232,867,365,70.37,29.63
"Lombardia","Brescia",930,622,308,66.88,33.12
"Lombardia","Brescia",1351,727,624,53.81,46.19
"Lombardia","Brescia",1800,994,806,55.22,44.78
"Lombardia","Brescia",196,35,161,17.86,82.14
"Lombardia","Brescia",216,48,168,22.22,77.78
"Lombardia","Brescia",299,69,230,23.08,76.92
"Lombardia","Brescia",70,13,57,18.57,81.43
"Lombardia","Brescia",321,226,95,70.4,29.6
"Lombardia","Brescia",46,43,3,93.48,6.52
"Lombardia","Brescia",400,303,97,75.75,24.25
"Lombardia","Brescia",180,128,52,71.11,28.89
"Lombardia","Brescia",298,262,36,87.92,12.08
"Lombardia","Brescia",206,120,86,58.25,41.75
"Lombardia","Brescia",22,19,3,86.36,13.64
"Lombardia","Brescia",195,164,31,84.1,15.9
"Lombardia","Brescia",197,100,97,50.76,49.24
"Lombardia","Brescia",409,321,88,78.48,21.52
"Lombardia","Brescia",934,715,219,76.55,23.45
"Lombardia","Brescia",71,60,11,84.51,15.49
"Lombardia","Brescia",200,86,114,43,57
"Lombardia","Brescia",686,452,234,65.89,34.11
"Lombardia","Brescia",85,51,34,60,40
"Lombardia","Brescia",145,80,65,55.17,44.83
"Lombardia","Brescia",300,142,158,47.33,52.67
"Lombardia","Brescia",462,216,246,46.75,53.25
"Lombardia","Brescia",23,16,7,69.57,30.43
"Lombardia","Brescia",159,78,81,49.06,50.94
"Lombardia","Brescia",310,131,179,42.26,57.74
"Lombardia","Brescia",11,8,3,72.73,27.27
"Lombardia","Brescia",800,360,440,45,55
"Lombardia","Brescia",38,21,17,55.26,44.74
"Lombardia","Brescia",471,262,209,55.63,44.37
"Lombardia","Brescia",14,0,14,0,100
"Lombardia","Brescia",282,0,282,0,100
"Lombardia","Brescia",444,198,246,44.59,55.41
"Lombardia","Brescia",191,1,190,0.52,99.48
"Lombardia","Brescia",27,1,26,3.7,96.3
"Lombardia","Brescia",324,4,320,1.23,98.77
"Lombardia","Brescia",23,0,23,0,100
"Lombardia","Brescia",367,2,365,0.54,99.46
"Lombardia","Brescia",1289,775,514,60.12,39.88
"Lombardia","Brescia",4,0,4,0,100
"Lombardia","Brescia",67,19,48,28.36,71.64
"Lombardia","Brescia",141,1,140,0.71,99.29
"Lombardia","Brescia",916,704,212,76.86,23.14
"Lombardia","Brescia",58,33,25,56.9,43.1
"Lombardia","Brescia",843,381,462,45.2,54.8
"Lombardia","Brescia",53,17,36,32.08,67.92
"Lombardia","Brescia",192,67,125,34.9,65.1
"Lombardia","Brescia",134,108,26,80.6,19.4
"Lombardia","Brescia",978,517,461,52.86,47.14
"Lombardia","Brescia",136,86,50,63.24,36.76
"Lombardia","Brescia",280,156,124,55.71,44.29
"Lombardia","Brescia",462,203,259,43.94,56.06
"Lombardia","Brescia",824,455,369,55.22,44.78
"Lombardia","Brescia",28,15,13,53.57,46.43
"Lombardia","Brescia",235,127,108,54.04,45.96
"Lombardia","Brescia",353,161,192,45.61,54.39
"Lombardia","Brescia",51,29,22,56.86,43.14
"Lombardia","Brescia",322,159,163,49.38,50.62
"Lombardia","Brescia",298,156,142,52.35,47.65
"Lombardia","Brescia",931,513,418,55.1,44.9
"Lombardia","Brescia",68,36,32,52.94,47.06
"Lombardia","Brescia",207,116,91,56.04,43.96
"Lombardia","Brescia",986,605,381,61.36,38.64
"Lombardia","Brescia",759,254,505,33.47,66.53
"Lombardia","Brescia",149,73,76,48.99,51.01
"Lombardia","Brescia",940,575,365,61.17,38.83
"Lombardia","Brescia",172,124,48,72.09,27.91
"Lombardia","Brescia",484,286,198,59.09,40.91
"Lombardia","Brescia",1253,611,642,48.76,51.24
"Lombardia","Brescia",121,59,62,48.76,51.24
"Lombardia","Brescia",1038,514,524,49.52,50.48
"Lombardia","Brescia",159,92,67,57.86,42.14
"Lombardia","Brescia",435,181,254,41.61,58.39
"Lombardia","Brescia",687,125,562,18.2,81.8
"Lombardia","Brescia",705,112,593,15.89,84.11
"Lombardia","Brescia",563,22,541,3.91,96.09
"Lombardia","Brescia",9,0,9,0,100
"Lombardia","Brescia",250,18,232,7.2,92.8
"Lombardia","Brescia",76,1,75,1.32,98.68
"Lombardia","Brescia",658,75,583,11.4,88.6
"Lombardia","Brescia",386,98,288,25.39,74.61
"Lombardia","Brescia",79,67,12,84.81,15.19
"Lombardia","Brescia",1084,106,978,9.78,90.22
"Lombardia","Brescia",1729,140,1589,8.1,91.9
"Lombardia","Brescia",148,21,127,14.19,85.81
"Lombardia","Brescia",35,1,34,2.86,97.14
"Lombardia","Brescia",386,109,277,28.24,71.76
"Lombardia","Brescia",40,14,26,35,65
"Puglia","Barletta-Andria-Trani",971,743,228,76.52,23.48
"Puglia","Barletta-Andria-Trani",368,292,76,79.35,20.65
"Puglia","Barletta-Andria-Trani",821,694,127,84.53,15.47
"Puglia","Barletta-Andria-Trani",825,604,221,73.21,26.79
"Puglia","Barletta-Andria-Trani",207,175,32,84.54,15.46
"Puglia","Barletta-Andria-Trani",251,231,20,92.03,7.97
"Puglia","Barletta-Andria-Trani",738,408,330,55.28,44.72
"Puglia","Barletta-Andria-Trani",499,300,199,60.12,39.88
"Puglia","Barletta-Andria-Trani",213,126,87,59.15,40.85
"Puglia","Barletta-Andria-Trani",400,187,213,46.75,53.25
"Puglia","Barletta-Andria-Trani",776,421,355,54.25,45.75
"Puglia","Barletta-Andria-Trani",724,250,474,34.53,65.47
"Puglia","Barletta-Andria-Trani",1371,605,766,44.13,55.87
"Puglia","Barletta-Andria-Trani",77,45,32,58.44,41.56
"Puglia","Barletta-Andria-Trani",232,83,149,35.78,64.22
"Puglia","Barletta-Andria-Trani",54,28,26,51.85,48.15
"Puglia","Barletta-Andria-Trani",358,148,210,41.34,58.66
"Puglia","Barletta-Andria-Trani",90,61,29,67.78,32.22
"Puglia","Barletta-Andria-Trani",179,47,132,26.26,73.74
"Puglia","Barletta-Andria-Trani",495,315,180,63.64,36.36
"Puglia","Barletta-Andria-Trani",112,62,50,55.36,44.64
"Puglia","Barletta-Andria-Trani",39,30,9,76.92,23.08
"Puglia","Barletta-Andria-Trani",472,339,133,71.82,28.18
"Puglia","Barletta-Andria-Trani",34,30,4,88.24,11.76
"Puglia","Barletta-Andria-Trani",29,14,15,48.28,51.72
"Puglia","Barletta-Andria-Trani",358,138,220,38.55,61.45
"Puglia","Barletta-Andria-Trani",25,15,10,60,40
"Puglia","Barletta-Andria-Trani",363,140,223,38.57,61.43
"Puglia","Barletta-Andria-Trani",30,21,9,70,30
"Puglia","Barletta-Andria-Trani",56,55,1,98.21,1.79
"Puglia","Barletta-Andria-Trani",139,61,78,43.88,56.12
"Puglia","Barletta-Andria-Trani",181,103,78,56.91,43.09
"Puglia","Barletta-Andria-Trani",442,93,349,21.04,78.96
"Puglia","Barletta-Andria-Trani",167,70,97,41.92,58.08
"Puglia","Barletta-Andria-Trani",46,19,27,41.3,58.7
"Puglia","Barletta-Andria-Trani",174,116,58,66.67,33.33
"Puglia","Barletta-Andria-Trani",261,185,76,70.88,29.12
"Puglia","Barletta-Andria-Trani",260,92,168,35.38,64.62
"Puglia","Barletta-Andria-Trani",306,97,209,31.7,68.3
"Puglia","Barletta-Andria-Trani",67,22,45,32.84,67.16
"Puglia","Barletta-Andria-Trani",636,225,411,35.38,64.62
"Puglia","Barletta-Andria-Trani",647,229,418,35.39,64.61
"Puglia","Barletta-Andria-Trani",66,31,35,46.97,53.03
"Puglia","Barletta-Andria-Trani",329,104,225,31.61,68.39
"Puglia","Barletta-Andria-Trani",380,153,227,40.26,59.74
"Puglia","Barletta-Andria-Trani",1267,373,894,29.44,70.56
"Puglia","Barletta-Andria-Trani",84,33,51,39.29,60.71
"Puglia","Barletta-Andria-Trani",1026,37,989,3.61,96.39
"Sardegna","Cagliari",301,243,58,80.73,19.27
"Sardegna","Cagliari",734,510,224,69.48,30.52
"Sardegna","Cagliari",595,418,177,70.25,29.75
"Sardegna","Cagliari",384,266,118,69.27,30.73
"Sardegna","Cagliari",506,292,214,57.71,42.29
"Sardegna","Cagliari",927,689,238,74.33,25.67
"Sardegna","Cagliari",60,47,13,78.33,21.67
"Sardegna","Cagliari",1384,1120,264,80.92,19.08
"Sardegna","Cagliari",595,491,104,82.52,17.48
"Sardegna","Cagliari",482,406,76,84.23,15.77
"Sardegna","Cagliari",413,328,85,79.42,20.58
"Sardegna","Cagliari",526,240,286,45.63,54.37
"Sardegna","Cagliari",260,175,85,67.31,32.69
"Sardegna","Cagliari",427,195,232,45.67,54.33
"Sardegna","Cagliari",565,212,353,37.52,62.48
"Sardegna","Cagliari",1071,516,555,48.18,51.82
"Sardegna","Cagliari",605,278,327,45.95,54.05
"Sardegna","Cagliari",256,139,117,54.3,45.7
"Sardegna","Cagliari",333,222,111,66.67,33.33
"Sardegna","Cagliari",43,22,21,51.16,48.84
"Sardegna","Cagliari",1144,447,697,39.07,60.93
"Sardegna","Cagliari",1104,502,602,45.47,54.53
"Sardegna","Cagliari",308,189,119,61.36,38.64
"Sardegna","Cagliari",706,388,318,54.96,45.04
"Sardegna","Cagliari",995,545,450,54.77,45.23
"Sardegna","Cagliari",229,89,140,38.86,61.14
"Sardegna","Cagliari",76,46,30,60.53,39.47
"Sardegna","Cagliari",40,9,31,22.5,77.5
"Sardegna","Cagliari",22,10,12,45.45,54.55
"Sardegna","Cagliari",87,19,68,21.84,78.16
"Sardegna","Cagliari",72,17,55,23.61,76.39
"Sardegna","Cagliari",51,28,23,54.9,45.1
"Sardegna","Cagliari",61,29,32,47.54,52.46
"Sardegna","Cagliari",56,19,37,33.93,66.07
"Sardegna","Cagliari",90,13,77,14.44,85.56
"Sardegna","Cagliari",36,12,24,33.33,66.67
"Sardegna","Cagliari",548,222,326,40.51,59.49
"Sardegna","Cagliari",550,466,84,84.73,15.27
"Sardegna","Cagliari",167,131,36,78.44,21.56
"Sardegna","Cagliari",222,93,129,41.89,58.11
"Sardegna","Cagliari",34,0,34,0,100
"Sardegna","Cagliari",151,62,89,41.06,58.94
"Sardegna","Cagliari",44,22,22,50,50
"Sardegna","Cagliari",481,220,261,45.74,54.26
"Sardegna","Cagliari",73,48,25,65.75,34.25
"Sardegna","Cagliari",68,0,68,0,100
"Sardegna","Cagliari",86,5,81,5.81,94.19
"Sardegna","Cagliari",122,51,71,41.8,58.2
"Sardegna","Cagliari",12,8,4,66.67,33.33
"Sardegna","Cagliari",6,2,4,33.33,66.67
"Sardegna","Cagliari",229,70,159,30.57,69.43
"Sardegna","Cagliari",112,25,87,22.32,77.68
"Sardegna","Cagliari",48,33,15,68.75,31.25
"Sardegna","Cagliari",318,106,212,33.33,66.67
"Sardegna","Cagliari",78,36,42,46.15,53.85
"Sardegna","Cagliari",20,0,20,0,100
"Sardegna","Cagliari",288,15,273,5.21,94.79
"Sardegna","Cagliari",72,10,62,13.89,86.11
"Sardegna","Cagliari",969,667,302,68.83,31.17
"Sardegna","Cagliari",142,100,42,70.42,29.58
"Sardegna","Cagliari",296,202,94,68.24,31.76
"Sardegna","Cagliari",85,56,29,65.88,34.12
"Sardegna","Cagliari",484,97,387,20.04,79.96
"Sardegna","Cagliari",57,16,41,28.07,71.93
"Sardegna","Cagliari",194,78,116,40.21,59.79
"Sardegna","Cagliari",39,19,20,48.72,51.28
"Sardegna","Cagliari",384,82,302,21.35,78.65
"Sardegna","Cagliari",118,66,52,55.93,44.07
"Sardegna","Cagliari",56,35,21,62.5,37.5
"Sardegna","Cagliari",421,201,220,47.74,52.26
"Sardegna","Cagliari",77,36,41,46.75,53.25
"Sardegna","Cagliari",736,314,422,42.66,57.34
"Sardegna","Cagliari",372,144,228,38.71,61.29
"Sardegna","Cagliari",97,51,46,52.58,47.42
"Sardegna","Cagliari",464,220,244,47.41,52.59
"Sardegna","Cagliari",15,12,3,80,20
"Sardegna","Cagliari",134,52,82,38.81,61.19
"Sardegna","Cagliari",90,53,37,58.89,41.11
"Sardegna","Cagliari",183,103,80,56.28,43.72
"Sardegna","Cagliari",41,25,16,60.98,39.02
"Sardegna","Cagliari",301,182,119,60.47,39.53
"Sardegna","Cagliari",103,63,40,61.17,38.83
"Sardegna","Cagliari",1140,510,630,44.74,55.26
"Sardegna","Cagliari",472,325,147,68.86,31.14
"Sardegna","Cagliari",166,16,150,9.64,90.36
"Sardegna","Cagliari",50,18,32,36,64
"Sardegna","Cagliari",326,50,276,15.34,84.66
"Sardegna","Cagliari",11,2,9,18.18,81.82
"Sardegna","Cagliari",333,18,315,5.41,94.59
"Sardegna","Cagliari",67,7,60,10.45,89.55
"Sardegna","Cagliari",401,105,296,26.18,73.82
"Sardegna","Cagliari",667,39,628,5.85,94.15
"Sardegna","Cagliari",904,109,795,12.06,87.94
"Sardegna","Cagliari",326,38,288,11.66,88.34
"Sardegna","Cagliari",166,35,131,21.08,78.92
"Sardegna","Cagliari",291,41,250,14.09,85.91
"Sardegna","Cagliari",40,10,30,25,75
"Sardegna","Cagliari",203,52,151,25.62,74.38
"Sardegna","Cagliari",22,5,17,22.73,77.27
"Sardegna","Cagliari",7,2,5,28.57,71.43
"Molise","Campobasso",328,245,83,74.7,25.3
"Molise","Campobasso",151,113,38,74.83,25.17
"Molise","Campobasso",172,96,76,55.81,44.19
"Molise","Campobasso",162,135,27,83.33,16.67
"Molise","Campobasso",142,113,29,79.58,20.42
"Molise","Campobasso",175,102,73,58.29,41.71
"Molise","Campobasso",424,343,81,80.9,19.1
"Molise","Campobasso",818,655,163,80.07,19.93
"Molise","Campobasso",73,36,37,49.32,50.68
"Molise","Campobasso",57,29,28,50.88,49.12
"Molise","Campobasso",907,408,499,44.98,55.02
"Molise","Campobasso",724,330,394,45.58,54.42
"Molise","Campobasso",96,51,45,53.12,46.88
"Molise","Campobasso",330,149,181,45.15,54.85
"Molise","Campobasso",123,58,65,47.15,52.85
"Molise","Campobasso",123,14,109,11.38,88.62
"Molise","Campobasso",84,27,57,32.14,67.86
"Molise","Campobasso",149,87,62,58.39,41.61
"Molise","Campobasso",23,4,19,17.39,82.61
"Molise","Campobasso",153,62,91,40.52,59.48
"Molise","Campobasso",13,10,3,76.92,23.08
"Molise","Campobasso",575,251,324,43.65,56.35
"Molise","Campobasso",47,0,47,0,100
"Molise","Campobasso",49,23,26,46.94,53.06
"Molise","Campobasso",89,6,83,6.74,93.26
"Molise","Campobasso",35,18,17,51.43,48.57
"Molise","Campobasso",165,0,165,0,100
"Molise","Campobasso",74,14,60,18.92,81.08
"Molise","Campobasso",218,165,53,75.69,24.31
"Molise","Campobasso",189,137,52,72.49,27.51
"Molise","Campobasso",157,26,131,16.56,83.44
"Molise","Campobasso",21,8,13,38.1,61.9
"Molise","Campobasso",65,25,40,38.46,61.54
"Molise","Campobasso",77,29,48,37.66,62.34
"Molise","Campobasso",372,222,150,59.68,40.32
"Molise","Campobasso",342,135,207,39.47,60.53
"Molise","Campobasso",264,178,86,67.42,32.58
"Molise","Campobasso",596,64,532,10.74,89.26
"Molise","Campobasso",18,0,18,0,100
"Molise","Campobasso",787,77,710,9.78,90.22
"Molise","Campobasso",99,14,85,14.14,85.86
"Molise","Campobasso",4,0,4,0,100
"Campania","Caserta",148,96,52,64.86,35.14
"Campania","Caserta",22,15,7,68.18,31.82
"Campania","Caserta",988,702,286,71.05,28.95
"Campania","Caserta",324,218,106,67.28,32.72
"Campania","Caserta",291,220,71,75.6,24.4
"Campania","Caserta",865,523,342,60.46,39.54
"Campania","Caserta",82,31,51,37.8,62.2
"Campania","Caserta",1956,1387,569,70.91,29.09
"Campania","Caserta",342,300,42,87.72,12.28
"Campania","Caserta",1501,1170,331,77.95,22.05
"Campania","Caserta",1348,924,424,68.55,31.45
"Campania","Caserta",763,605,158,79.29,20.71
"Campania","Caserta",121,79,42,65.29,34.71
"Campania","Caserta",444,401,43,90.32,9.68
"Campania","Caserta",490,202,288,41.22,58.78
"Campania","Caserta",75,37,38,49.33,50.67
"Campania","Caserta",291,147,144,50.52,49.48
"Campania","Caserta",96,60,36,62.5,37.5
"Campania","Caserta",1190,509,681,42.77,57.23
"Campania","Caserta",387,147,240,37.98,62.02
"Campania","Caserta",103,41,62,39.81,60.19
"Campania","Caserta",2096,942,1154,44.94,55.06
"Campania","Caserta",384,161,223,41.93,58.07
"Campania","Caserta",215,84,131,39.07,60.93
"Campania","Caserta",99,90,9,90.91,9.09
"Campania","Caserta",1394,680,714,48.78,51.22
"Campania","Caserta",494,278,216,56.28,43.72
"Campania","Caserta",41,17,24,41.46,58.54
"Campania","Caserta",1141,696,445,61,39
"Campania","Caserta",124,52,72,41.94,58.06
"Campania","Caserta",898,585,313,65.14,34.86
"Campania","Caserta",117,28,89,23.93,76.07
"Campania","Caserta",844,530,314,62.8,37.2
"Campania","Caserta",961,570,391,59.31,40.69
"Campania","Caserta",1139,506,633,44.42,55.58
"Campania","Caserta",1135,515,620,45.37,54.63
"Campania","Caserta",899,606,293,67.41,32.59
"Campania","Caserta",1071,491,580,45.85,54.15
"Campania","Caserta",203,63,140,31.03,68.97
"Campania","Caserta",653,422,231,64.62,35.38
"Campania","Caserta",78,53,25,67.95,32.05
"Campania","Caserta",306,269,37,87.91,12.09
"Campania","Caserta",277,156,121,56.32,43.68
"Campania","Caserta",107,60,47,56.07,43.93
"Campania","Caserta",16,0,16,0,100
"Campania","Caserta",203,78,125,38.42,61.58
"Campania","Caserta",11,8,3,72.73,27.27
"Campania","Caserta",238,122,116,51.26,48.74
"Campania","Caserta",747,338,409,45.25,54.75
"Campania","Caserta",226,124,102,54.87,45.13
"Campania","Caserta",734,273,461,37.19,62.81
"Campania","Caserta",90,24,66,26.67,73.33
"Campania","Caserta",70,50,20,71.43,28.57
"Campania","Caserta",525,166,359,31.62,68.38
"Campania","Caserta",94,38,56,40.43,59.57
"Campania","Caserta",76,26,50,34.21,65.79
"Campania","Caserta",67,7,60,10.45,89.55
"Campania","Caserta",485,308,177,63.51,36.49
"Campania","Caserta",69,52,17,75.36,24.64
"Campania","Caserta",221,90,131,40.72,59.28
"Campania","Caserta",92,3,89,3.26,96.74
"Campania","Caserta",73,25,48,34.25,65.75
"Campania","Caserta",98,66,32,67.35,32.65
"Campania","Caserta",485,293,192,60.41,39.59
"Campania","Caserta",32,13,19,40.62,59.38
"Campania","Caserta",87,6,81,6.9,93.1
"Campania","Caserta",141,55,86,39.01,60.99
"Campania","Caserta",47,0,47,0,100
"Campania","Caserta",176,84,92,47.73,52.27
"Campania","Caserta",438,244,194,55.71,44.29
"Campania","Caserta",326,136,190,41.72,58.28
"Campania","Caserta",142,107,35,75.35,24.65
"Campania","Caserta",129,98,31,75.97,24.03
"Campania","Caserta",379,269,110,70.98,29.02
"Campania","Caserta",624,499,125,79.97,20.03
"Campania","Caserta",56,41,15,73.21,26.79
"Campania","Caserta",62,44,18,70.97,29.03
"Campania","Caserta",770,577,193,74.94,25.06
"Campania","Caserta",21,14,7,66.67,33.33
"Campania","Caserta",141,93,48,65.96,34.04
"Campania","Caserta",135,18,117,13.33,86.67
"Campania","Caserta",52,16,36,30.77,69.23
"Campania","Caserta",7,0,7,0,100
"Campania","Caserta",30,11,19,36.67,63.33
"Campania","Caserta",210,97,113,46.19,53.81
"Campania","Caserta",1103,417,686,37.81,62.19
"Campania","Caserta",298,86,212,28.86,71.14
"Campania","Caserta",337,61,276,18.1,81.9
"Campania","Caserta",78,0,78,0,100
"Campania","Caserta",707,232,475,32.81,67.19
"Campania","Caserta",25,0,25,0,100
"Campania","Caserta",29,13,16,44.83,55.17
"Campania","Caserta",365,231,134,63.29,36.71
"Campania","Caserta",133,59,74,44.36,55.64
"Campania","Caserta",730,273,457,37.4,62.6
"Campania","Caserta",46,21,25,45.65,54.35
"Campania","Caserta",309,131,178,42.39,57.61
"Campania","Caserta",71,30,41,42.25,57.75
"Campania","Caserta",441,240,201,54.42,45.58
"Campania","Caserta",82,43,39,52.44,47.56
"Campania","Caserta",564,223,341,39.54,60.46
"Campania","Caserta",180,73,107,40.56,59.44
"Campania","Caserta",771,299,472,38.78,61.22
"Campania","Caserta",169,86,83,50.89,49.11
"Campania","Caserta",751,307,444,40.88,59.12
"Campania","Caserta",241,117,124,48.55,51.45
"Campania","Caserta",381,33,348,8.66,91.34
"Campania","Caserta",312,108,204,34.62,65.38
"Campania","Caserta",153,14,139,9.15,90.85
"Campania","Caserta",786,23,763,2.93,97.07
"Campania","Caserta",96,17,79,17.71,82.29
"Campania","Caserta",659,335,324,50.83,49.17
"Campania","Caserta",284,91,193,32.04,67.96
"Campania","Caserta",853,33,820,3.87,96.13
"Campania","Caserta",141,43,98,30.5,69.5
"Campania","Caserta",1021,69,952,6.76,93.24
"Campania","Caserta",69,9,60,13.04,86.96
"Campania","Caserta",923,154,769,16.68,83.32
"Campania","Caserta",185,35,150,18.92,81.08
"Campania","Caserta",531,198,333,37.29,62.71
"Campania","Caserta",264,93,171,35.23,64.77
"Abruzzo","Chieti",468,347,121,74.15,25.85
"Abruzzo","Chieti",184,133,51,72.28,27.72
"Abruzzo","Chieti",100,70,30,70,30
"Abruzzo","Chieti",378,264,114,69.84,30.16
"Abruzzo","Chieti",680,561,119,82.5,17.5
"Abruzzo","Chieti",1206,951,255,78.86,21.14
"Abruzzo","Chieti",773,651,122,84.22,15.78
"Abruzzo","Chieti",139,64,75,46.04,53.96
"Abruzzo","Chieti",203,98,105,48.28,51.72
"Abruzzo","Chieti",204,96,108,47.06,52.94
"Abruzzo","Chieti",709,348,361,49.08,50.92
"Abruzzo","Chieti",274,121,153,44.16,55.84
"Abruzzo","Chieti",314,134,180,42.68,57.32
"Abruzzo","Chieti",343,138,205,40.23,59.77
"Abruzzo","Chieti",192,81,111,42.19,57.81
"Abruzzo","Chieti",1143,486,657,42.52,57.48
"Abruzzo","Chieti",145,74,71,51.03,48.97
"Abruzzo","Chieti",864,434,430,50.23,49.77
"Abruzzo","Chieti",63,44,19,69.84,30.16
"Abruzzo","Chieti",155,68,87,43.87,56.13
"Abruzzo","Chieti",255,89,166,34.9,65.1
"Abruzzo","Chieti",184,6,178,3.26,96.74
"Abruzzo","Chieti",191,83,108,43.46,56.54
"Abruzzo","Chieti",315,98,217,31.11,68.89
"Abruzzo","Chieti",216,67,149,31.02,68.98
"Abruzzo","Chieti",359,277,82,77.16,22.84
"Abruzzo","Chieti",235,178,57,75.74,24.26
"Abruzzo","Chieti",261,196,65,75.1,24.9
"Abruzzo","Chieti",171,18,153,10.53,89.47
"Abruzzo","Chieti",109,50,59,45.87,54.13
"Abruzzo","Chieti",125,43,82,34.4,65.6
"Abruzzo","Chieti",190,90,100,47.37,52.63
"Abruzzo","Chieti",539,229,310,42.49,57.51
"Abruzzo","Chieti",161,70,91,43.48,56.52
"Abruzzo","Chieti",313,75,238,23.96,76.04
"Abruzzo","Chieti",183,77,106,42.08,57.92
"Abruzzo","Chieti",573,305,268,53.23,46.77
"Abruzzo","Chieti",69,27,42,39.13,60.87
"Abruzzo","Chieti",80,38,42,47.5,52.5
"Abruzzo","Chieti",501,39,462,7.78,92.22
"Abruzzo","Chieti",920,164,756,17.83,82.17
"Abruzzo","Chieti",727,90,637,12.38,87.62
"Abruzzo","Chieti",355,76,279,21.41,78.59
"Sicilia","Caltanissetta",259,222,37,85.71,14.29
"Sicilia","Caltanissetta",367,255,112,69.48,30.52
"Sicilia","Caltanissetta",218,178,40,81.65,18.35
"Sicilia","Caltanissetta",438,314,124,71.69,28.31
"Sicilia","Caltanissetta",676,516,160,76.33,23.67
"Sicilia","Caltanissetta",513,430,83,83.82,16.18
"Sicilia","Caltanissetta",566,415,151,73.32,26.68
"Sicilia","Caltanissetta",677,458,219,67.65,32.35
"Sicilia","Caltanissetta",157,86,71,54.78,45.22
"Sicilia","Caltanissetta",162,38,124,23.46,76.54
"Sicilia","Caltanissetta",933,370,563,39.66,60.34
"Sicilia","Caltanissetta",974,531,443,54.52,45.48
"Sicilia","Caltanissetta",113,5,108,4.42,95.58
"Sicilia","Caltanissetta",112,28,84,25,75
"Sicilia","Caltanissetta",68,34,34,50,50
"Sicilia","Caltanissetta",204,77,127,37.75,62.25
"Sicilia","Caltanissetta",79,32,47,40.51,59.49
"Sicilia","Caltanissetta",29,5,24,17.24,82.76
"Sicilia","Caltanissetta",160,67,93,41.88,58.12
"Sicilia","Caltanissetta",53,37,16,69.81,30.19
"Sicilia","Caltanissetta",277,120,157,43.32,56.68
"Sicilia","Caltanissetta",53,30,23,56.6,43.4
"Sicilia","Caltanissetta",194,78,116,40.21,59.79
"Sicilia","Caltanissetta",29,1,28,3.45,96.55
"Sicilia","Caltanissetta",138,60,78,43.48,56.52
"Sicilia","Caltanissetta",51,37,14,72.55,27.45
"Sicilia","Caltanissetta",509,170,339,33.4,66.6
"Sicilia","Caltanissetta",79,29,50,36.71,63.29
"Sicilia","Caltanissetta",55,12,43,21.82,78.18
"Sicilia","Caltanissetta",53,5,48,9.43,90.57
"Sicilia","Caltanissetta",169,126,43,74.56,25.44
"Sicilia","Caltanissetta",27,25,2,92.59,7.41
"Sicilia","Caltanissetta",135,114,21,84.44,15.56
"Sicilia","Caltanissetta",126,9,117,7.14,92.86
"Sicilia","Caltanissetta",112,30,82,26.79,73.21
"Sicilia","Caltanissetta",233,123,110,52.79,47.21
"Sicilia","Caltanissetta",29,22,7,75.86,24.14
"Sicilia","Caltanissetta",188,50,138,26.6,73.4
"Sicilia","Caltanissetta",318,156,162,49.06,50.94
"Sicilia","Caltanissetta",324,133,191,41.05,58.95
"Sicilia","Caltanissetta",614,144,470,23.45,76.55
"Sicilia","Caltanissetta",13,0,13,0,100
"Sicilia","Caltanissetta",46,0,46,0,100
"Sicilia","Caltanissetta",48,27,21,56.25,43.75
"Sicilia","Caltanissetta",561,344,217,61.32,38.68
"Sicilia","Caltanissetta",37,30,7,81.08,18.92
"Sicilia","Caltanissetta",474,4,470,0.84,99.16
"Sicilia","Caltanissetta",29,2,27,6.9,93.1
"Sicilia","Caltanissetta",68,6,62,8.82,91.18
"Sicilia","Caltanissetta",526,25,501,4.75,95.25
"Sicilia","Caltanissetta",51,4,47,7.84,92.16
"Sicilia","Caltanissetta",314,60,254,19.11,80.89
"Sicilia","Caltanissetta",124,64,60,51.61,48.39
"Piemonte","Cuneo",303,212,91,69.97,30.03
"Piemonte","Cuneo",351,176,175,50.14,49.86
"Piemonte","Cuneo",824,389,435,47.21,52.79
"Piemonte","Cuneo",1248,979,269,78.45,21.55
"Piemonte","Cuneo",69,28,41,40.58,59.42
"Piemonte","Cuneo",764,675,89,88.35,11.65
"Piemonte","Cuneo",950,768,182,80.84,19.16
"Piemonte","Cuneo",590,462,128,78.31,21.69
"Piemonte","Cuneo",109,71,38,65.14,34.86
"Piemonte","Cuneo",1273,675,598,53.02,46.98
"Piemonte","Cuneo",81,41,40,50.62,49.38
"Piemonte","Cuneo",699,339,360,48.5,51.5
"Piemonte","Cuneo",815,552,263,67.73,32.27
"Piemonte","Cuneo",835,592,243,70.9,29.1
"Piemonte","Cuneo",151,39,112,25.83,74.17
"Piemonte","Cuneo",84,16,68,19.05,80.95
"Piemonte","Cuneo",103,6,97,5.83,94.17
"Piemonte","Cuneo",221,48,173,21.72,78.28
"Piemonte","Cuneo",7,2,5,28.57,71.43
"Piemonte","Cuneo",440,325,115,73.86,26.14
"Piemonte","Cuneo",40,26,14,65,35
"Piemonte","Cuneo",935,709,226,75.83,24.17
"Piemonte","Cuneo",59,51,8,86.44,13.56
"Piemonte","Cuneo",483,354,129,73.29,26.71
"Piemonte","Cuneo",71,31,40,43.66,56.34
"Piemonte","Cuneo",114,81,33,71.05,28.95
"Piemonte","Cuneo",379,259,120,68.34,31.66
"Piemonte","Cuneo",130,85,45,65.38,34.62
"Piemonte","Cuneo",675,409,266,60.59,39.41
"Piemonte","Cuneo",252,120,132,47.62,52.38
"Piemonte","Cuneo",439,226,213,51.48,48.52
"Piemonte","Cuneo",346,175,171,50.58,49.42
"Piemonte","Cuneo",97,2,95,2.06,97.94
"Piemonte","Cuneo",300,2,298,0.67,99.33
"Piemonte","Cuneo",32,0,32,0,100
"Piemonte","Cuneo",327,182,145,55.66,44.34
"Piemonte","Cuneo",158,2,156,1.27,98.73
"Piemonte","Cuneo",304,73,231,24.01,75.99
"Piemonte","Cuneo",166,121,45,72.89,27.11
"Piemonte","Cuneo",491,385,106,78.41,21.59
"Piemonte","Cuneo",42,0,42,0,100
"Piemonte","Cuneo",662,501,161,75.68,24.32
"Piemonte","Cuneo",341,78,263,22.87,77.13
"Piemonte","Cuneo",106,24,82,22.64,77.36
"Piemonte","Cuneo",260,62,198,23.85,76.15
"Piemonte","Cuneo",198,94,104,47.47,52.53
"Piemonte","Cuneo",460,219,241,47.61,52.39
"Piemonte","Cuneo",31,0,31,0,100
"Piemonte","Cuneo",677,337,340,49.78,50.22
"Piemonte","Cuneo",22,14,8,63.64,36.36
"Piemonte","Cuneo",287,176,111,61.32,38.68
"Piemonte","Cuneo",33,19,14,57.58,42.42
"Piemonte","Cuneo",459,224,235,48.8,51.2
"Piemonte","Cuneo",25,5,20,20,80
"Piemonte","Cuneo",263,115,148,43.73,56.27
"Piemonte","Cuneo",9,5,4,55.56,44.44
"Piemonte","Cuneo",623,369,254,59.23,40.77
"Piemonte","Cuneo",47,24,23,51.06,48.94
"Piemonte","Cuneo",1135,217,918,19.12,80.88
"Piemonte","Cuneo",21,6,15,28.57,71.43
"Piemonte","Cuneo",327,12,315,3.67,96.33
"Piemonte","Cuneo",1501,170,1331,11.33,88.67
"Piemonte","Cuneo",17,0,17,0,100
"Piemonte","Cuneo",430,29,401,6.74,93.26
"Piemonte","Cuneo",126,3,123,2.38,97.62
"Piemonte","Cuneo",571,155,416,27.15,72.85
"Piemonte","Cuneo",72,19,53,26.39,73.61
"Piemonte","Cuneo",231,114,117,49.35,50.65
"Piemonte","Cuneo",216,73,143,33.8,66.2
"Lombardia","Como",938,523,415,55.76,44.24
"Lombardia","Como",1166,941,225,80.7,19.3
"Lombardia","Como",576,472,104,81.94,18.06
"Lombardia","Como",189,91,98,48.15,51.85
"Lombardia","Como",454,122,332,26.87,73.13
"Lombardia","Como",398,159,239,39.95,60.05
"Lombardia","Como",823,495,328,60.15,39.85
"Lombardia","Como",615,260,355,42.28,57.72
"Lombardia","Como",1299,761,538,58.58,41.42
"Lombardia","Como",1046,576,470,55.07,44.93
"Lombardia","Como",620,485,135,78.23,21.77
"Lombardia","Como",281,205,76,72.95,27.05
"Lombardia","Como",101,44,57,43.56,56.44
"Lombardia","Como",248,135,113,54.44,45.56
"Lombardia","Como",122,0,122,0,100
"Lombardia","Como",894,305,589,34.12,65.88
"Lombardia","Como",784,651,133,83.04,16.96
"Lombardia","Como",151,118,33,78.15,21.85
"Lombardia","Como",174,136,38,78.16,21.84
"Lombardia","Como",380,181,199,47.63,52.37
"Lombardia","Como",904,501,403,55.42,44.58
"Lombardia","Como",613,286,327,46.66,53.34
"Lombardia","Como",1198,604,594,50.42,49.58
"Lombardia","Como",187,107,80,57.22,42.78
"Lombardia","Como",160,58,102,36.25,63.75
"Lombardia","Como",748,100,648,13.37,86.63
"Lombardia","Como",82,1,81,1.22,98.78
"Lombardia","Como",1024,586,438,57.23,42.77
"Lombardia","Como",36,28,8,77.78,22.22
"Lombardia","Como",224,62,162,27.68,72.32
"Lombardia","Como",1234,81,1153,6.56,93.44
"Lombardia","Como",200,23,177,11.5,88.5
"Lombardia","Cremona",206,152,54,73.79,26.21
"Lombardia","Cremona",568,442,126,77.82,22.18
"Lombardia","Cremona",693,545,148,78.64,21.36
"Lombardia","Cremona",1048,868,180,82.82,17.18
"Lombardia","Cremona",178,85,93,47.75,52.25
"Lombardia","Cremona",457,184,273,40.26,59.74
"Lombardia","Cremona",534,188,346,35.21,64.79
"Lombardia","Cremona",1034,468,566,45.26,54.74
"Lombardia","Cremona",531,282,249,53.11,46.89
"Lombardia","Cremona",128,46,82,35.94,64.06
"Lombardia","Cremona",141,20,121,14.18,85.82
"Lombardia","Cremona",87,12,75,13.79,86.21
"Lombardia","Cremona",79,10,69,12.66,87.34
"Lombardia","Cremona",298,186,112,62.42,37.58
"Lombardia","Cremona",604,382,222,63.25,36.75
"Lombardia","Cremona",39,30,9,76.92,23.08
"Lombardia","Cremona",738,430,308,58.27,41.73
"Lombardia","Cremona",121,70,51,57.85,42.15
"Lombardia","Cremona",317,3,314,0.95,99.05
"Lombardia","Cremona",36,1,35,2.78,97.22
"Lombardia","Cremona",348,234,114,67.24,32.76
"Lombardia","Cremona",307,96,211,31.27,68.73
"Lombardia","Cremona",19,1,18,5.26,94.74
"Lombardia","Cremona",359,273,86,76.04,23.96
"Lombardia","Cremona",985,807,178,81.93,18.07
"Lombardia","Cremona",351,100,251,28.49,71.51
"Lombardia","Cremona",215,54,161,25.12,74.88
"Lombardia","Cremona",644,350,294,54.35,45.65
"Lombardia","Cremona",10,5,5,50,50
"Lombardia","Cremona",1236,590,646,47.73,52.27
"Lombardia","Cremona",242,25,217,10.33,89.67
"Lombardia","Cremona",1080,173,907,16.02,83.98
"Lombardia","Cremona",307,171,136,55.7,44.3
"Lombardia","Cremona",114,51,63,44.74,55.26
"Lombardia","Cremona",1212,262,950,21.62,78.38
"Lombardia","Cremona",115,80,35,69.57,30.43
"Lombardia","Cremona",147,61,86,41.5,58.5
"Lombardia","Cremona",40,10,30,25,75
"Lombardia","Cremona",129,33,96,25.58,74.42
"Calabria","Cosenza",109,81,28,74.31,25.69
"Calabria","Cosenza",926,677,249,73.11,26.89
"Calabria","Cosenza",50,27,23,54,46
"Calabria","Cosenza",149,118,31,79.19,20.81
"Calabria","Cosenza",170,94,76,55.29,44.71
"Calabria","Cosenza",432,216,216,50,50
"Calabria","Cosenza",60,36,24,60,40
"Calabria","Cosenza",53,30,23,56.6,43.4
"Calabria","Cosenza",151,95,56,62.91,37.09
"Calabria","Cosenza",206,134,72,65.05,34.95
"Calabria","Cosenza",222,166,56,74.77,25.23
"Calabria","Cosenza",129,88,41,68.22,31.78
"Calabria","Cosenza",618,433,185,70.06,29.94
"Calabria","Cosenza",39,28,11,71.79,28.21
"Calabria","Cosenza",509,312,197,61.3,38.7
"Calabria","Cosenza",136,121,15,88.97,11.03
"Calabria","Cosenza",1015,762,253,75.07,24.93
"Calabria","Cosenza",766,420,346,54.83,45.17
"Calabria","Cosenza",344,217,127,63.08,36.92
"Calabria","Cosenza",170,102,68,60,40
"Calabria","Cosenza",300,132,168,44,56
"Calabria","Cosenza",185,103,82,55.68,44.32
"Calabria","Cosenza",1153,572,581,49.61,50.39
"Calabria","Cosenza",627,210,417,33.49,66.51
"Calabria","Cosenza",63,38,25,60.32,39.68
"Calabria","Cosenza",172,88,84,51.16,48.84
"Calabria","Cosenza",216,133,83,61.57,38.43
"Calabria","Cosenza",40,15,25,37.5,62.5
"Calabria","Cosenza",659,362,297,54.93,45.07
"Calabria","Cosenza",439,236,203,53.76,46.24
"Calabria","Cosenza",161,76,85,47.2,52.8
"Calabria","Cosenza",439,265,174,60.36,39.64
"Calabria","Cosenza",610,348,262,57.05,42.95
"Calabria","Cosenza",30,12,18,40,60
"Calabria","Cosenza",656,331,325,50.46,49.54
"Calabria","Cosenza",995,448,547,45.03,54.97
"Calabria","Cosenza",1478,728,750,49.26,50.74
"Calabria","Cosenza",661,413,248,62.48,37.52
"Calabria","Cosenza",15,8,7,53.33,46.67
"Calabria","Cosenza",235,69,166,29.36,70.64
"Calabria","Cosenza",22,12,10,54.55,45.45
"Calabria","Cosenza",71,25,46,35.21,64.79
"Calabria","Cosenza",275,144,131,52.36,47.64
"Calabria","Cosenza",26,0,26,0,100
"Calabria","Cosenza",207,89,118,43,57
"Calabria","Cosenza",8,3,5,37.5,62.5
"Calabria","Cosenza",36,8,28,22.22,77.78
"Calabria","Cosenza",40,20,20,50,50
"Calabria","Cosenza",180,51,129,28.33,71.67
"Calabria","Cosenza",27,10,17,37.04,62.96
"Calabria","Cosenza",184,71,113,38.59,61.41
"Calabria","Cosenza",26,12,14,46.15,53.85
"Calabria","Cosenza",8,3,5,37.5,62.5
"Calabria","Cosenza",661,531,130,80.33,19.67
"Calabria","Cosenza",389,144,245,37.02,62.98
"Calabria","Cosenza",78,0,78,0,100
"Calabria","Cosenza",47,23,24,48.94,51.06
"Calabria","Cosenza",129,49,80,37.98,62.02
"Calabria","Cosenza",76,0,76,0,100
"Calabria","Cosenza",195,85,110,43.59,56.41
"Calabria","Cosenza",14,8,6,57.14,42.86
"Calabria","Cosenza",210,78,132,37.14,62.86
"Calabria","Cosenza",69,17,52,24.64,75.36
"Calabria","Cosenza",34,19,15,55.88,44.12
"Calabria","Cosenza",196,120,76,61.22,38.78
"Calabria","Cosenza",167,64,103,38.32,61.68
"Calabria","Cosenza",12,8,4,66.67,33.33
"Calabria","Cosenza",37,15,22,40.54,59.46
"Calabria","Cosenza",70,14,56,20,80
"Calabria","Cosenza",36,10,26,27.78,72.22
"Calabria","Cosenza",204,59,145,28.92,71.08
"Calabria","Cosenza",28,7,21,25,75
"Calabria","Cosenza",272,103,169,37.87,62.13
"Calabria","Cosenza",100,45,55,45,55
"Calabria","Cosenza",54,26,28,48.15,51.85
"Calabria","Cosenza",110,2,108,1.82,98.18
"Calabria","Cosenza",206,23,183,11.17,88.83
"Calabria","Cosenza",86,28,58,32.56,67.44
"Calabria","Cosenza",138,46,92,33.33,66.67
"Calabria","Cosenza",36,28,8,77.78,22.22
"Calabria","Cosenza",236,152,84,64.41,35.59
"Calabria","Cosenza",70,18,52,25.71,74.29
"Calabria","Cosenza",10,1,9,10,90
"Calabria","Cosenza",101,59,42,58.42,41.58
"Calabria","Cosenza",92,66,26,71.74,28.26
"Calabria","Cosenza",62,37,25,59.68,40.32
"Calabria","Cosenza",163,111,52,68.1,31.9
"Calabria","Cosenza",147,106,41,72.11,27.89
"Calabria","Cosenza",202,155,47,76.73,23.27
"Calabria","Cosenza",159,13,146,8.18,91.82
"Calabria","Cosenza",36,8,28,22.22,77.78
"Calabria","Cosenza",47,0,47,0,100
"Calabria","Cosenza",91,13,78,14.29,85.71
"Calabria","Cosenza",47,23,24,48.94,51.06
"Calabria","Cosenza",71,27,44,38.03,61.97
"Calabria","Cosenza",158,35,123,22.15,77.85
"Calabria","Cosenza",193,111,82,57.51,42.49
"Calabria","Cosenza",27,13,14,48.15,51.85
"Calabria","Cosenza",73,39,34,53.42,46.58
"Calabria","Cosenza",26,13,13,50,50
"Calabria","Cosenza",211,94,117,44.55,55.45
"Calabria","Cosenza",176,76,100,43.18,56.82
"Calabria","Cosenza",296,108,188,36.49,63.51
"Calabria","Cosenza",41,12,29,29.27,70.73
"Calabria","Cosenza",272,144,128,52.94,47.06
"Calabria","Cosenza",22,10,12,45.45,54.55
"Calabria","Cosenza",349,182,167,52.15,47.85
"Calabria","Cosenza",60,19,41,31.67,68.33
"Calabria","Cosenza",67,12,55,17.91,82.09
"Calabria","Cosenza",351,128,223,36.47,63.53
"Calabria","Cosenza",697,335,362,48.06,51.94
"Calabria","Cosenza",67,41,26,61.19,38.81
"Calabria","Cosenza",165,92,73,55.76,44.24
"Calabria","Cosenza",479,356,123,74.32,25.68
"Calabria","Cosenza",41,27,14,65.85,34.15
"Calabria","Cosenza",414,241,173,58.21,41.79
"Calabria","Cosenza",97,73,24,75.26,24.74
"Calabria","Cosenza",1027,87,940,8.47,91.53
"Calabria","Cosenza",121,17,104,14.05,85.95
"Calabria","Cosenza",115,0,115,0,100
"Calabria","Cosenza",163,32,131,19.63,80.37
"Calabria","Cosenza",71,22,49,30.99,69.01
"Calabria","Cosenza",183,35,148,19.13,80.87
"Calabria","Cosenza",17,8,9,47.06,52.94
"Calabria","Cosenza",248,26,222,10.48,89.52
"Calabria","Cosenza",246,127,119,51.63,48.37
"Calabria","Cosenza",70,37,33,52.86,47.14
"Calabria","Cosenza",62,0,62,0,100
"Calabria","Cosenza",496,77,419,15.52,84.48
"Calabria","Cosenza",205,71,134,34.63,65.37
"Calabria","Cosenza",180,62,118,34.44,65.56
"Calabria","Cosenza",331,110,221,33.23,66.77
"Calabria","Cosenza",12,3,9,25,75
"Calabria","Cosenza",553,100,453,18.08,81.92
"Calabria","Cosenza",44,0,44,0,100
"Calabria","Cosenza",171,38,133,22.22,77.78
"Calabria","Cosenza",87,22,65,25.29,74.71
"Calabria","Cosenza",144,57,87,39.58,60.42
"Sicilia","Catania",335,232,103,69.25,30.75
"Sicilia","Catania",185,110,75,59.46,40.54
"Sicilia","Catania",147,109,38,74.15,25.85
"Sicilia","Catania",292,229,63,78.42,21.58
"Sicilia","Catania",895,546,349,61.01,38.99
"Sicilia","Catania",267,189,78,70.79,29.21
"Sicilia","Catania",452,278,174,61.5,38.5
"Sicilia","Catania",1031,678,353,65.76,34.24
"Sicilia","Catania",485,339,146,69.9,30.1
"Sicilia","Catania",613,475,138,77.49,22.51
"Sicilia","Catania",95,48,47,50.53,49.47
"Sicilia","Catania",862,574,288,66.59,33.41
"Sicilia","Catania",394,359,35,91.12,8.88
"Sicilia","Catania",948,739,209,77.95,22.05
"Sicilia","Catania",212,178,34,83.96,16.04
"Sicilia","Catania",1209,948,261,78.41,21.59
"Sicilia","Catania",1476,1134,342,76.83,23.17
"Sicilia","Catania",308,231,77,75,25
"Sicilia","Catania",974,789,185,81.01,18.99
"Sicilia","Catania",369,183,186,49.59,50.41
"Sicilia","Catania",1414,697,717,49.29,50.71
"Sicilia","Catania",178,79,99,44.38,55.62
"Sicilia","Catania",735,228,507,31.02,68.98
"Sicilia","Catania",1260,654,606,51.9,48.1
"Sicilia","Catania",1301,676,625,51.96,48.04
"Sicilia","Catania",853,361,492,42.32,57.68
"Sicilia","Catania",1828,789,1039,43.16,56.84
"Sicilia","Catania",134,75,59,55.97,44.03
"Sicilia","Catania",115,100,15,86.96,13.04
"Sicilia","Catania",206,96,110,46.6,53.4
"Sicilia","Catania",998,509,489,51,49
"Sicilia","Catania",1299,741,558,57.04,42.96
"Sicilia","Catania",1591,891,700,56,44
"Sicilia","Catania",1260,901,359,71.51,28.49
"Sicilia","Catania",876,493,383,56.28,43.72
"Sicilia","Catania",78,13,65,16.67,83.33
"Sicilia","Catania",31,5,26,16.13,83.87
"Sicilia","Catania",42,0,42,0,100
"Sicilia","Catania",184,81,103,44.02,55.98
"Sicilia","Catania",70,42,28,60,40
"Sicilia","Catania",222,64,158,28.83,71.17
"Sicilia","Catania",183,24,159,13.11,86.89
"Sicilia","Catania",34,14,20,41.18,58.82
"Sicilia","Catania",12,10,2,83.33,16.67
"Sicilia","Catania",8,8,0,100,0
"Sicilia","Catania",373,277,96,74.26,25.74
"Sicilia","Catania",542,393,149,72.51,27.49
"Sicilia","Catania",144,116,28,80.56,19.44
"Sicilia","Catania",240,118,122,49.17,50.83
"Sicilia","Catania",90,0,90,0,100
"Sicilia","Catania",186,86,100,46.24,53.76
"Sicilia","Catania",24,20,4,83.33,16.67
"Sicilia","Catania",658,301,357,45.74,54.26
"Sicilia","Catania",81,29,52,35.8,64.2
"Sicilia","Catania",51,11,40,21.57,78.43
"Sicilia","Catania",149,92,57,61.74,38.26
"Sicilia","Catania",47,33,14,70.21,29.79
"Sicilia","Catania",88,36,52,40.91,59.09
"Sicilia","Catania",991,366,625,36.93,63.07
"Sicilia","Catania",30,0,30,0,100
"Sicilia","Catania",163,74,89,45.4,54.6
"Sicilia","Catania",588,193,395,32.82,67.18
"Sicilia","Catania",386,122,264,31.61,68.39
"Sicilia","Catania",87,48,39,55.17,44.83
"Sicilia","Catania",223,76,147,34.08,65.92
"Sicilia","Catania",86,0,86,0,100
"Sicilia","Catania",103,0,103,0,100
"Sicilia","Catania",187,21,166,11.23,88.77
"Sicilia","Catania",3,0,3,0,100
"Sicilia","Catania",108,47,61,43.52,56.48
"Sicilia","Catania",131,0,131,0,100
"Sicilia","Catania",317,53,264,16.72,83.28
"Sicilia","Catania",150,15,135,10,90
"Sicilia","Catania",693,519,174,74.89,25.11
"Sicilia","Catania",408,307,101,75.25,24.75
"Sicilia","Catania",91,59,32,64.84,35.16
"Sicilia","Catania",69,51,18,73.91,26.09
"Sicilia","Catania",309,199,110,64.4,35.6
"Sicilia","Catania",358,257,101,71.79,28.21
"Sicilia","Catania",108,78,30,72.22,27.78
"Sicilia","Catania",31,24,7,77.42,22.58
"Sicilia","Catania",214,163,51,76.17,23.83
"Sicilia","Catania",134,98,36,73.13,26.87
"Sicilia","Catania",98,63,35,64.29,35.71
"Sicilia","Catania",359,233,126,64.9,35.1
"Sicilia","Catania",127,15,112,11.81,88.19
"Sicilia","Catania",78,41,37,52.56,47.44
"Sicilia","Catania",78,8,70,10.26,89.74
"Sicilia","Catania",37,15,22,40.54,59.46
"Sicilia","Catania",500,83,417,16.6,83.4
"Sicilia","Catania",111,61,50,54.95,45.05
"Sicilia","Catania",609,230,379,37.77,62.23
"Sicilia","Catania",35,21,14,60,40
"Sicilia","Catania",89,55,34,61.8,38.2
"Sicilia","Catania",9,5,4,55.56,44.44
"Sicilia","Catania",122,55,67,45.08,54.92
"Sicilia","Catania",376,223,153,59.31,40.69
"Sicilia","Catania",76,27,49,35.53,64.47
"Sicilia","Catania",135,92,43,68.15,31.85
"Sicilia","Catania",102,73,29,71.57,28.43
"Sicilia","Catania",96,71,25,73.96,26.04
"Sicilia","Catania",90,31,59,34.44,65.56
"Sicilia","Catania",120,42,78,35,65
"Sicilia","Catania",64,41,23,64.06,35.94
"Sicilia","Catania",65,37,28,56.92,43.08
"Sicilia","Catania",30,19,11,63.33,36.67
"Sicilia","Catania",526,223,303,42.4,57.6
"Sicilia","Catania",99,59,40,59.6,40.4
"Sicilia","Catania",888,336,552,37.84,62.16
"Sicilia","Catania",105,60,45,57.14,42.86
"Sicilia","Catania",490,270,220,55.1,44.9
"Sicilia","Catania",265,132,133,49.81,50.19
"Sicilia","Catania",364,18,346,4.95,95.05
"Sicilia","Catania",1234,53,1181,4.29,95.71
"Sicilia","Catania",300,64,236,21.33,78.67
"Sicilia","Catania",30,6,24,20,80
"Sicilia","Catania",465,30,435,6.45,93.55
"Sicilia","Catania",153,5,148,3.27,96.73
"Sicilia","Catania",192,30,162,15.62,84.38
"Sicilia","Catania",317,90,227,28.39,71.61
"Sicilia","Catania",623,87,536,13.96,86.04
"Sicilia","Catania",266,67,199,25.19,74.81
"Sicilia","Catania",982,149,833,15.17,84.83
"Sicilia","Catania",725,30,695,4.14,95.86
"Sicilia","Catania",47,4,43,8.51,91.49
"Sicilia","Catania",172,1,171,0.58,99.42
"Sicilia","Catania",770,69,701,8.96,91.04
"Sicilia","Catania",162,71,91,43.83,56.17
"Sicilia","Catania",509,61,448,11.98,88.02
"Sicilia","Catania",717,136,581,18.97,81.03
"Sicilia","Catania",234,27,207,11.54,88.46
"Sicilia","Catania",8,1,7,12.5,87.5
"Sicilia","Catania",189,72,117,38.1,61.9
"Sicilia","Catania",287,174,113,60.63,39.37
"Sicilia","Catania",74,52,22,70.27,29.73
"Sicilia","Catania",534,415,119,77.72,22.28
"Calabria","Catanzaro",489,338,151,69.12,30.88
"Calabria","Catanzaro",560,389,171,69.46,30.54
"Calabria","Catanzaro",534,472,62,88.39,11.61
"Calabria","Catanzaro",641,567,74,88.46,11.54
"Calabria","Catanzaro",1115,907,208,81.35,18.65
"Calabria","Catanzaro",933,402,531,43.09,56.91
"Calabria","Catanzaro",157,101,56,64.33,35.67
"Calabria","Catanzaro",64,45,19,70.31,29.69
"Calabria","Catanzaro",148,85,63,57.43,42.57
"Calabria","Catanzaro",120,65,55,54.17,45.83
"Calabria","Catanzaro",461,213,248,46.2,53.8
"Calabria","Catanzaro",995,448,547,45.03,54.97
"Calabria","Catanzaro",787,358,429,45.49,54.51
"Calabria","Catanzaro",72,39,33,54.17,45.83
"Calabria","Catanzaro",122,27,95,22.13,77.87
"Calabria","Catanzaro",67,12,55,17.91,82.09
"Calabria","Catanzaro",77,30,47,38.96,61.04
"Calabria","Catanzaro",70,10,60,14.29,85.71
"Calabria","Catanzaro",218,95,123,43.58,56.42
"Calabria","Catanzaro",52,32,20,61.54,38.46
"Calabria","Catanzaro",172,74,98,43.02,56.98
"Calabria","Catanzaro",5,1,4,20,80
"Calabria","Catanzaro",427,193,234,45.2,54.8
"Calabria","Catanzaro",62,30,32,48.39,51.61
"Calabria","Catanzaro",425,180,245,42.35,57.65
"Calabria","Catanzaro",41,22,19,53.66,46.34
"Calabria","Catanzaro",122,53,69,43.44,56.56
"Calabria","Catanzaro",58,0,58,0,100
"Calabria","Catanzaro",152,0,152,0,100
"Calabria","Catanzaro",48,9,39,18.75,81.25
"Calabria","Catanzaro",83,68,15,81.93,18.07
"Calabria","Catanzaro",32,0,32,0,100
"Calabria","Catanzaro",180,141,39,78.33,21.67
"Calabria","Catanzaro",41,0,41,0,100
"Calabria","Catanzaro",278,48,230,17.27,82.73
"Calabria","Catanzaro",36,20,16,55.56,44.44
"Calabria","Catanzaro",47,7,40,14.89,85.11
"Calabria","Catanzaro",25,6,19,24,76
"Calabria","Catanzaro",139,36,103,25.9,74.1
"Calabria","Catanzaro",63,23,40,36.51,63.49
"Calabria","Catanzaro",430,268,162,62.33,37.67
"Calabria","Catanzaro",27,18,9,66.67,33.33
"Calabria","Catanzaro",720,280,440,38.89,61.11
"Calabria","Catanzaro",57,24,33,42.11,57.89
"Calabria","Catanzaro",543,258,285,47.51,52.49
"Calabria","Catanzaro",525,401,124,76.38,23.62
"Calabria","Catanzaro",25,15,10,60,40
"Calabria","Catanzaro",96,14,82,14.58,85.42
"Calabria","Catanzaro",210,71,139,33.81,66.19
"Calabria","Catanzaro",1327,195,1132,14.69,85.31
"Calabria","Catanzaro",566,66,500,11.66,88.34
"Calabria","Catanzaro",252,85,167,33.73,66.27
"Calabria","Catanzaro",131,19,112,14.5,85.5
"Calabria","Catanzaro",35,13,22,37.14,62.86
"Calabria","Catanzaro",541,138,403,25.51,74.49
"Calabria","Catanzaro",52,16,36,30.77,69.23
"Sicilia","Enna",379,217,162,57.26,42.74
"Sicilia","Enna",152,104,48,68.42,31.58
"Sicilia","Enna",340,206,134,60.59,39.41
"Sicilia","Enna",466,341,125,73.18,26.82
"Sicilia","Enna",271,209,62,77.12,22.88
"Sicilia","Enna",322,220,102,68.32,31.68
"Sicilia","Enna",264,237,27,89.77,10.23
"Sicilia","Enna",232,179,53,77.16,22.84
"Sicilia","Enna",282,184,98,65.25,34.75
"Sicilia","Enna",455,192,263,42.2,57.8
"Sicilia","Enna",167,87,80,52.1,47.9
"Sicilia","Enna",358,194,164,54.19,45.81
"Sicilia","Enna",172,83,89,48.26,51.74
"Sicilia","Enna",66,14,52,21.21,78.79
"Sicilia","Enna",77,11,66,14.29,85.71
"Sicilia","Enna",16,13,3,81.25,18.75
"Sicilia","Enna",38,15,23,39.47,60.53
"Sicilia","Enna",14,12,2,85.71,14.29
"Sicilia","Enna",89,47,42,52.81,47.19
"Sicilia","Enna",55,37,18,67.27,32.73
"Sicilia","Enna",132,35,97,26.52,73.48
"Sicilia","Enna",7,2,5,28.57,71.43
"Sicilia","Enna",257,102,155,39.69,60.31
"Sicilia","Enna",38,0,38,0,100
"Sicilia","Enna",15,0,15,0,100
"Sicilia","Enna",69,22,47,31.88,68.12
"Sicilia","Enna",141,41,100,29.08,70.92
"Sicilia","Enna",31,17,14,54.84,45.16
"Sicilia","Enna",99,42,57,42.42,57.58
"Sicilia","Enna",122,30,92,24.59,75.41
"Sicilia","Enna",223,35,188,15.7,84.3
"Sicilia","Enna",61,13,48,21.31,78.69
"Sicilia","Enna",219,111,108,50.68,49.32
"Sicilia","Enna",94,14,80,14.89,85.11
"Sicilia","Enna",416,38,378,9.13,90.87
"Sicilia","Enna",89,41,48,46.07,53.93
"Sicilia","Enna",588,151,437,25.68,74.32
"Emilia-Romagna","Ferrara",754,609,145,80.77,19.23
"Emilia-Romagna","Ferrara",1321,847,474,64.12,35.88
"Emilia-Romagna","Ferrara",1408,1003,405,71.24,28.76
"Emilia-Romagna","Ferrara",260,136,124,52.31,47.69
"Emilia-Romagna","Ferrara",368,253,115,68.75,31.25
"Emilia-Romagna","Ferrara",156,64,92,41.03,58.97
"Emilia-Romagna","Ferrara",1475,652,823,44.2,55.8
"Emilia-Romagna","Ferrara",117,66,51,56.41,43.59
"Emilia-Romagna","Ferrara",1219,731,488,59.97,40.03
"Emilia-Romagna","Ferrara",312,153,159,49.04,50.96
"Emilia-Romagna","Ferrara",23,20,3,86.96,13.04
"Emilia-Romagna","Ferrara",651,311,340,47.77,52.23
"Emilia-Romagna","Ferrara",9,0,9,0,100
"Emilia-Romagna","Ferrara",30,19,11,63.33,36.67
"Emilia-Romagna","Ferrara",239,99,140,41.42,58.58
"Emilia-Romagna","Ferrara",185,0,185,0,100
"Emilia-Romagna","Ferrara",12,1,11,8.33,91.67
"Emilia-Romagna","Ferrara",218,38,180,17.43,82.57
"Emilia-Romagna","Ferrara",711,310,401,43.6,56.4
"Emilia-Romagna","Ferrara",38,27,11,71.05,28.95
"Emilia-Romagna","Ferrara",667,527,140,79.01,20.99
"Emilia-Romagna","Ferrara",317,38,279,11.99,88.01
"Emilia-Romagna","Ferrara",136,36,100,26.47,73.53
"Emilia-Romagna","Ferrara",14,8,6,57.14,42.86
"Emilia-Romagna","Ferrara",188,79,109,42.02,57.98
"Emilia-Romagna","Ferrara",35,15,20,42.86,57.14
"Emilia-Romagna","Ferrara",406,99,307,24.38,75.62
"Emilia-Romagna","Ferrara",447,267,180,59.73,40.27
"Emilia-Romagna","Ferrara",141,106,35,75.18,24.82
"Emilia-Romagna","Ferrara",881,480,401,54.48,45.52
"Emilia-Romagna","Ferrara",1125,276,849,24.53,75.47
"Emilia-Romagna","Ferrara",1568,226,1342,14.41,85.59
"Emilia-Romagna","Ferrara",66,15,51,22.73,77.27
"Emilia-Romagna","Ferrara",232,119,113,51.29,48.71
"Emilia-Romagna","Ferrara",251,149,102,59.36,40.64
"Emilia-Romagna","Ferrara",150,42,108,28,72
"Puglia","Foggia",255,152,103,59.61,40.39
"Puglia","Foggia",422,283,139,67.06,32.94
"Puglia","Foggia",315,184,131,58.41,41.59
"Puglia","Foggia",761,468,293,61.5,38.5
"Puglia","Foggia",213,137,76,64.32,35.68
"Puglia","Foggia",76,44,32,57.89,42.11
"Puglia","Foggia",239,140,99,58.58,41.42
"Puglia","Foggia",39,24,15,61.54,38.46
"Puglia","Foggia",93,54,39,58.06,41.94
"Puglia","Foggia",985,625,360,63.45,36.55
"Puglia","Foggia",887,681,206,76.78,23.22
"Puglia","Foggia",64,34,30,53.12,46.88
"Puglia","Foggia",468,357,111,76.28,23.72
"Puglia","Foggia",71,27,44,38.03,61.97
"Puglia","Foggia",160,126,34,78.75,21.25
"Puglia","Foggia",1106,928,178,83.91,16.09
"Puglia","Foggia",521,359,162,68.91,31.09
"Puglia","Foggia",718,601,117,83.7,16.3
"Puglia","Foggia",890,631,259,70.9,29.1
"Puglia","Foggia",260,147,113,56.54,43.46
"Puglia","Foggia",330,192,138,58.18,41.82
"Puglia","Foggia",1092,509,583,46.61,53.39
"Puglia","Foggia",1030,483,547,46.89,53.11
"Puglia","Foggia",173,56,117,32.37,67.63
"Puglia","Foggia",58,29,29,50,50
"Puglia","Foggia",101,53,48,52.48,47.52
"Puglia","Foggia",1148,747,401,65.07,34.93
"Puglia","Foggia",801,408,393,50.94,49.06
"Puglia","Foggia",685,390,295,56.93,43.07
"Puglia","Foggia",41,3,38,7.32,92.68
"Puglia","Foggia",172,71,101,41.28,58.72
"Puglia","Foggia",34,22,12,64.71,35.29
"Puglia","Foggia",95,52,43,54.74,45.26
"Puglia","Foggia",783,495,288,63.22,36.78
"Puglia","Foggia",31,24,7,77.42,22.58
"Puglia","Foggia",45,15,30,33.33,66.67
"Puglia","Foggia",211,87,124,41.23,58.77
"Puglia","Foggia",82,36,46,43.9,56.1
"Puglia","Foggia",11,7,4,63.64,36.36
"Puglia","Foggia",15,8,7,53.33,46.67
"Puglia","Foggia",188,143,45,76.06,23.94
"Puglia","Foggia",372,148,224,39.78,60.22
"Puglia","Foggia",74,41,33,55.41,44.59
"Puglia","Foggia",235,83,152,35.32,64.68
"Puglia","Foggia",326,121,205,37.12,62.88
"Puglia","Foggia",83,40,43,48.19,51.81
"Puglia","Foggia",123,60,63,48.78,51.22
"Puglia","Foggia",539,197,342,36.55,63.45
"Puglia","Foggia",14,0,14,0,100
"Puglia","Foggia",60,30,30,50,50
"Puglia","Foggia",471,228,243,48.41,51.59
"Puglia","Foggia",36,26,10,72.22,27.78
"Puglia","Foggia",536,203,333,37.87,62.13
"Puglia","Foggia",92,36,56,39.13,60.87
"Puglia","Foggia",126,82,44,65.08,34.92
"Puglia","Foggia",85,83,2,97.65,2.35
"Puglia","Foggia",74,11,63,14.86,85.14
"Puglia","Foggia",65,9,56,13.85,86.15
"Puglia","Foggia",69,10,59,14.49,85.51
"Puglia","Foggia",39,21,18,53.85,46.15
"Puglia","Foggia",166,5,161,3.01,96.99
"Puglia","Foggia",76,19,57,25,75
"Puglia","Foggia",562,58,504,10.32,89.68
"Puglia","Foggia",91,25,66,27.47,72.53
"Puglia","Foggia",186,41,145,22.04,77.96
"Puglia","Foggia",57,33,24,57.89,42.11
"Puglia","Foggia",77,30,47,38.96,61.04
"Puglia","Foggia",526,185,341,35.17,64.83
"Puglia","Foggia",40,0,40,0,100
"Puglia","Foggia",130,87,43,66.92,33.08
"Puglia","Foggia",582,334,248,57.39,42.61
"Puglia","Foggia",136,74,62,54.41,45.59
"Puglia","Foggia",92,27,65,29.35,70.65
"Puglia","Foggia",34,6,28,17.65,82.35
"Puglia","Foggia",129,37,92,28.68,71.32
"Puglia","Foggia",537,168,369,31.28,68.72
"Puglia","Foggia",69,35,34,50.72,49.28
"Puglia","Foggia",910,273,637,30,70
"Puglia","Foggia",738,144,594,19.51,80.49
"Puglia","Foggia",266,125,141,46.99,53.01
"Puglia","Foggia",28,19,9,67.86,32.14
"Puglia","Foggia",1218,687,531,56.4,43.6
"Puglia","Foggia",12,5,7,41.67,58.33
"Puglia","Foggia",44,0,44,0,100
"Puglia","Foggia",76,44,32,57.89,42.11
"Puglia","Foggia",104,60,44,57.69,42.31
"Puglia","Foggia",722,199,523,27.56,72.44
"Puglia","Foggia",92,38,54,41.3,58.7
"Puglia","Foggia",106,10,96,9.43,90.57
"Puglia","Foggia",14,8,6,57.14,42.86
"Puglia","Foggia",227,16,211,7.05,92.95
"Puglia","Foggia",103,27,76,26.21,73.79
"Puglia","Foggia",1133,37,1096,3.27,96.73
"Puglia","Foggia",81,3,78,3.7,96.3
"Puglia","Foggia",862,288,574,33.41,66.59
"Puglia","Foggia",61,25,36,40.98,59.02
"Puglia","Foggia",13,8,5,61.54,38.46
"Toscana","Firenze",236,156,80,66.1,33.9
"Toscana","Firenze",758,565,193,74.54,25.46
"Toscana","Firenze",552,359,193,65.04,34.96
"Toscana","Firenze",416,221,195,53.12,46.88
"Toscana","Firenze",622,416,206,66.88,33.12
"Toscana","Firenze",342,208,134,60.82,39.18
"Toscana","Firenze",1209,869,340,71.88,28.12
"Toscana","Firenze",255,183,72,71.76,28.24
"Toscana","Firenze",212,189,23,89.15,10.85
"Toscana","Firenze",262,214,48,81.68,18.32
"Toscana","Firenze",416,349,67,83.89,16.11
"Toscana","Firenze",602,486,116,80.73,19.27
"Toscana","Firenze",928,713,215,76.83,23.17
"Toscana","Firenze",760,605,155,79.61,20.39
"Toscana","Firenze",492,332,160,67.48,32.52
"Toscana","Firenze",137,69,68,50.36,49.64
"Toscana","Firenze",422,186,236,44.08,55.92
"Toscana","Firenze",278,121,157,43.53,56.47
"Toscana","Firenze",891,406,485,45.57,54.43
"Toscana","Firenze",123,57,66,46.34,53.66
"Toscana","Firenze",197,87,110,44.16,55.84
"Toscana","Firenze",813,330,483,40.59,59.41
"Toscana","Firenze",690,460,230,66.67,33.33
"Toscana","Firenze",783,329,454,42.02,57.98
"Toscana","Firenze",740,298,442,40.27,59.73
"Toscana","Firenze",1052,418,634,39.73,60.27
"Toscana","Firenze",275,60,215,21.82,78.18
"Toscana","Firenze",1184,535,649,45.19,54.81
"Toscana","Firenze",769,277,492,36.02,63.98
"Toscana","Firenze",1053,461,592,43.78,56.22
"Toscana","Firenze",174,35,139,20.11,79.89
"Toscana","Firenze",54,0,54,0,100
"Toscana","Firenze",135,71,64,52.59,47.41
"Toscana","Firenze",484,357,127,73.76,26.24
"Toscana","Firenze",279,124,155,44.44,55.56
"Toscana","Firenze",768,376,392,48.96,51.04
"Toscana","Firenze",113,73,40,64.6,35.4
"Toscana","Firenze",442,364,78,82.35,17.65
"Toscana","Firenze",90,60,30,66.67,33.33
"Toscana","Firenze",381,153,228,40.16,59.84
"Toscana","Firenze",28,16,12,57.14,42.86
"Toscana","Firenze",616,251,365,40.75,59.25
"Toscana","Firenze",18,0,18,0,100
"Toscana","Firenze",13,7,6,53.85,46.15
"Toscana","Firenze",417,138,279,33.09,66.91
"Toscana","Firenze",1129,419,710,37.11,62.89
"Toscana","Firenze",269,111,158,41.26,58.74
"Toscana","Firenze",660,361,299,54.7,45.3
"Toscana","Firenze",204,3,201,1.47,98.53
"Toscana","Firenze",982,214,768,21.79,78.21
"Toscana","Firenze",574,230,344,40.07,59.93
"Toscana","Firenze",35,21,14,60,40
"Toscana","Firenze",1321,999,322,75.62,24.38
"Toscana","Firenze",286,204,82,71.33,28.67
"Toscana","Firenze",628,440,188,70.06,29.94
"Toscana","Firenze",551,380,171,68.97,31.03
"Toscana","Firenze",72,40,32,55.56,44.44
"Toscana","Firenze",112,26,86,23.21,76.79
"Toscana","Firenze",499,144,355,28.86,71.14
"Toscana","Firenze",22,5,17,22.73,77.27
"Toscana","Firenze",189,107,82,56.61,43.39
"Toscana","Firenze",207,64,143,30.92,69.08
"Toscana","Firenze",468,76,392,16.24,83.76
"Toscana","Firenze",624,359,265,57.53,42.47
"Toscana","Firenze",4,0,4,0,100
"Toscana","Firenze",59,37,22,62.71,37.29
"Toscana","Firenze",160,21,139,13.12,86.88
"Toscana","Firenze",756,347,409,45.9,54.1
"Toscana","Firenze",702,333,369,47.44,52.56
"Toscana","Firenze",355,142,213,40,60
"Toscana","Firenze",570,201,369,35.26,64.74
"Toscana","Firenze",853,384,469,45.02,54.98
"Toscana","Firenze",974,482,492,49.49,50.51
"Toscana","Firenze",15,5,10,33.33,66.67
"Toscana","Firenze",433,79,354,18.24,81.76
"Toscana","Firenze",18,5,13,27.78,72.22
"Toscana","Firenze",507,256,251,50.49,49.51
"Toscana","Firenze",332,133,199,40.06,59.94
"Toscana","Firenze",71,9,62,12.68,87.32
"Toscana","Firenze",1057,52,1005,4.92,95.08
"Toscana","Firenze",957,110,847,11.49,88.51
"Toscana","Firenze",900,79,821,8.78,91.22
"Toscana","Firenze",298,183,115,61.41,38.59
"Toscana","Firenze",77,23,54,29.87,70.13
"Toscana","Firenze",262,60,202,22.9,77.1
"Toscana","Firenze",1382,998,384,72.21,27.79
"Toscana","Firenze",26,22,4,84.62,15.38
"Toscana","Firenze",121,78,43,64.46,35.54
"Toscana","Firenze",201,142,59,70.65,29.35
"Lazio","Frosinone",469,277,192,59.06,40.94
"Lazio","Frosinone",171,107,64,62.57,37.43
"Lazio","Frosinone",186,128,58,68.82,31.18
"Lazio","Frosinone",688,283,405,41.13,58.87
"Lazio","Frosinone",304,204,100,67.11,32.89
"Lazio","Frosinone",476,327,149,68.7,31.3
"Lazio","Frosinone",487,414,73,85.01,14.99
"Lazio","Frosinone",788,619,169,78.55,21.45
"Lazio","Frosinone",886,738,148,83.3,16.7
"Lazio","Frosinone",747,505,242,67.6,32.4
"Lazio","Frosinone",633,520,113,82.15,17.85
"Lazio","Frosinone",137,56,81,40.88,59.12
"Lazio","Frosinone",619,418,201,67.53,32.47
"Lazio","Frosinone",1008,415,593,41.17,58.83
"Lazio","Frosinone",1109,523,586,47.16,52.84
"Lazio","Frosinone",153,76,77,49.67,50.33
"Lazio","Frosinone",638,406,232,63.64,36.36
"Lazio","Frosinone",769,322,447,41.87,58.13
"Lazio","Frosinone",641,373,268,58.19,41.81
"Lazio","Frosinone",57,9,48,15.79,84.21
"Lazio","Frosinone",121,37,84,30.58,69.42
"Lazio","Frosinone",25,19,6,76,24
"Lazio","Frosinone",249,233,16,93.57,6.43
"Lazio","Frosinone",310,129,181,41.61,58.39
"Lazio","Frosinone",25,0,25,0,100
"Lazio","Frosinone",39,25,14,64.1,35.9
"Lazio","Frosinone",349,146,203,41.83,58.17
"Lazio","Frosinone",244,117,127,47.95,52.05
"Lazio","Frosinone",30,17,13,56.67,43.33
"Lazio","Frosinone",159,64,95,40.25,59.75
"Lazio","Frosinone",362,128,234,35.36,64.64
"Lazio","Frosinone",24,0,24,0,100
"Lazio","Frosinone",22,12,10,54.55,45.45
"Lazio","Frosinone",105,0,105,0,100
"Lazio","Frosinone",45,20,25,44.44,55.56
"Lazio","Frosinone",212,90,122,42.45,57.55
"Lazio","Frosinone",208,39,169,18.75,81.25
"Lazio","Frosinone",58,0,58,0,100
"Lazio","Frosinone",34,0,34,0,100
"Lazio","Frosinone",263,195,68,74.14,25.86
"Lazio","Frosinone",148,115,33,77.7,22.3
"Lazio","Frosinone",499,332,167,66.53,33.47
"Lazio","Frosinone",249,185,64,74.3,25.7
"Lazio","Frosinone",85,17,68,20,80
"Lazio","Frosinone",102,18,84,17.65,82.35
"Lazio","Frosinone",28,6,22,21.43,78.57
"Lazio","Frosinone",129,40,89,31.01,68.99
"Lazio","Frosinone",79,40,39,50.63,49.37
"Lazio","Frosinone",128,53,75,41.41,58.59
"Lazio","Frosinone",121,51,70,42.15,57.85
"Lazio","Frosinone",19,12,7,63.16,36.84
"Lazio","Frosinone",126,44,82,34.92,65.08
"Lazio","Frosinone",207,45,162,21.74,78.26
"Lazio","Frosinone",15,0,15,0,100
"Lazio","Frosinone",55,30,25,54.55,45.45
"Lazio","Frosinone",241,82,159,34.02,65.98
"Lazio","Frosinone",94,34,60,36.17,63.83
"Lazio","Frosinone",148,38,110,25.68,74.32
"Lazio","Frosinone",455,187,268,41.1,58.9
"Lazio","Frosinone",35,21,14,60,40
"Lazio","Frosinone",2,1,1,50,50
"Lazio","Frosinone",243,166,77,68.31,31.69
"Lazio","Frosinone",353,239,114,67.71,32.29
"Lazio","Frosinone",518,169,349,32.63,67.37
"Lazio","Frosinone",355,134,221,37.75,62.25
"Lazio","Frosinone",256,30,226,11.72,88.28
"Lazio","Frosinone",678,114,564,16.81,83.19
"Lazio","Frosinone",34,11,23,32.35,67.65
"Lazio","Frosinone",1159,202,957,17.43,82.57
"Lazio","Frosinone",441,31,410,7.03,92.97
"Lazio","Frosinone",638,25,613,3.92,96.08
"Lazio","Frosinone",51,8,43,15.69,84.31
"Lazio","Frosinone",74,12,62,16.22,83.78
"Lazio","Frosinone",48,26,22,54.17,45.83
"Liguria","Genova",437,322,115,73.68,26.32
"Liguria","Genova",349,229,120,65.62,34.38
"Liguria","Genova",983,688,295,69.99,30.01
"Liguria","Genova",967,685,282,70.84,29.16
"Liguria","Genova",792,569,223,71.84,28.16
"Liguria","Genova",98,66,32,67.35,32.65
"Liguria","Genova",244,163,81,66.8,33.2
"Liguria","Genova",1147,945,202,82.39,17.61
"Liguria","Genova",1842,1284,558,69.71,30.29
"Liguria","Genova",403,194,209,48.14,51.86
"Liguria","Genova",265,119,146,44.91,55.09
"Liguria","Genova",727,340,387,46.77,53.23
"Liguria","Genova",771,309,462,40.08,59.92
"Liguria","Genova",1035,455,580,43.96,56.04
"Liguria","Genova",1109,413,696,37.24,62.76
"Liguria","Genova",864,480,384,55.56,44.44
"Liguria","Genova",1440,941,499,65.35,34.65
"Liguria","Genova",204,40,164,19.61,80.39
"Liguria","Genova",197,40,157,20.3,79.7
"Liguria","Genova",273,135,138,49.45,50.55
"Liguria","Genova",576,275,301,47.74,52.26
"Liguria","Genova",38,9,29,23.68,76.32
"Liguria","Genova",331,236,95,71.3,28.7
"Liguria","Genova",77,1,76,1.3,98.7
"Liguria","Genova",368,238,130,64.67,35.33
"Liguria","Genova",16,0,16,0,100
"Liguria","Genova",252,177,75,70.24,29.76
"Liguria","Genova",107,61,46,57.01,42.99
"Liguria","Genova",649,271,378,41.76,58.24
"Liguria","Genova",146,59,87,40.41,59.59
"Liguria","Genova",136,64,72,47.06,52.94
"Liguria","Genova",94,43,51,45.74,54.26
"Liguria","Genova",745,388,357,52.08,47.92
"Liguria","Genova",310,174,136,56.13,43.87
"Liguria","Genova",84,0,84,0,100
"Liguria","Genova",77,2,75,2.6,97.4
"Liguria","Genova",27,3,24,11.11,88.89
"Liguria","Genova",415,7,408,1.69,98.31
"Liguria","Genova",169,3,166,1.78,98.22
"Liguria","Genova",739,253,486,34.24,65.76
"Liguria","Genova",24,9,15,37.5,62.5
"Liguria","Genova",49,0,49,0,100
"Liguria","Genova",81,48,33,59.26,40.74
"Liguria","Genova",373,275,98,73.73,26.27
"Liguria","Genova",1329,972,357,73.14,26.86
"Liguria","Genova",195,148,47,75.9,24.1
"Liguria","Genova",155,38,117,24.52,75.48
"Liguria","Genova",37,8,29,21.62,78.38
"Liguria","Genova",1011,601,410,59.45,40.55
"Liguria","Genova",390,156,234,40,60
"Liguria","Genova",493,264,229,53.55,46.45
"Liguria","Genova",187,101,86,54.01,45.99
"Liguria","Genova",597,263,334,44.05,55.95
"Liguria","Genova",45,29,16,64.44,35.56
"Liguria","Genova",412,145,267,35.19,64.81
"Liguria","Genova",15,3,12,20,80
"Liguria","Genova",468,272,196,58.12,41.88
"Liguria","Genova",278,11,267,3.96,96.04
"Liguria","Genova",646,149,497,23.07,76.93
"Liguria","Genova",1022,180,842,17.61,82.39
"Liguria","Genova",946,256,690,27.06,72.94
"Liguria","Genova",570,181,389,31.75,68.25
"Liguria","Genova",1047,140,907,13.37,86.63
"Liguria","Genova",36,1,35,2.78,97.22
"Liguria","Genova",191,83,108,43.46,56.54
"Liguria","Genova",985,122,863,12.39,87.61
"Liguria","Genova",371,43,328,11.59,88.41
"Liguria","Genova",169,33,136,19.53,80.47
"Liguria","Genova",33,7,26,21.21,78.79
"Liguria","Genova",396,294,102,74.24,25.76
"Friuli-Venezia Giulia","Gorizia",116,84,32,72.41,27.59
"Friuli-Venezia Giulia","Gorizia",45,30,15,66.67,33.33
"Friuli-Venezia Giulia","Gorizia",257,205,52,79.77,20.23
"Friuli-Venezia Giulia","Gorizia",545,433,112,79.45,20.55
"Friuli-Venezia Giulia","Gorizia",143,85,58,59.44,40.56
"Friuli-Venezia Giulia","Gorizia",373,184,189,49.33,50.67
"Friuli-Venezia Giulia","Gorizia",624,281,343,45.03,54.97
"Friuli-Venezia Giulia","Gorizia",191,126,65,65.97,34.03
"Friuli-Venezia Giulia","Gorizia",71,35,36,49.3,50.7
"Friuli-Venezia Giulia","Gorizia",180,156,24,86.67,13.33
"Friuli-Venezia Giulia","Gorizia",195,96,99,49.23,50.77
"Friuli-Venezia Giulia","Gorizia",175,2,173,1.14,98.86
"Friuli-Venezia Giulia","Gorizia",164,45,119,27.44,72.56
"Friuli-Venezia Giulia","Gorizia",283,209,74,73.85,26.15
"Friuli-Venezia Giulia","Gorizia",195,56,139,28.72,71.28
"Friuli-Venezia Giulia","Gorizia",82,42,40,51.22,48.78
"Friuli-Venezia Giulia","Gorizia",267,152,115,56.93,43.07
"Friuli-Venezia Giulia","Gorizia",54,31,23,57.41,42.59
"Friuli-Venezia Giulia","Gorizia",88,40,48,45.45,54.55
"Friuli-Venezia Giulia","Gorizia",327,196,131,59.94,40.06
"Friuli-Venezia Giulia","Gorizia",25,0,25,0,100
"Friuli-Venezia Giulia","Gorizia",398,19,379,4.77,95.23
"Friuli-Venezia Giulia","Gorizia",567,89,478,15.7,84.3
"Friuli-Venezia Giulia","Gorizia",81,18,63,22.22,77.78
"Friuli-Venezia Giulia","Gorizia",187,134,53,71.66,28.34
"Toscana","Grosseto",200,134,66,67,33
"Toscana","Grosseto",58,45,13,77.59,22.41
"Toscana","Grosseto",218,160,58,73.39,26.61
"Toscana","Grosseto",123,49,74,39.84,60.16
"Toscana","Grosseto",1255,1021,234,81.35,18.65
"Toscana","Grosseto",745,457,288,61.34,38.66
"Toscana","Grosseto",131,103,28,78.63,21.37
"Toscana","Grosseto",147,82,65,55.78,44.22
"Toscana","Grosseto",836,315,521,37.68,62.32
"Toscana","Grosseto",72,42,30,58.33,41.67
"Toscana","Grosseto",56,34,22,60.71,39.29
"Toscana","Grosseto",102,44,58,43.14,56.86
"Toscana","Grosseto",357,150,207,42.02,57.98
"Toscana","Grosseto",112,17,95,15.18,84.82
"Toscana","Grosseto",485,314,171,64.74,35.26
"Toscana","Grosseto",39,20,19,51.28,48.72
"Toscana","Grosseto",179,71,108,39.66,60.34
"Toscana","Grosseto",78,25,53,32.05,67.95
"Toscana","Grosseto",40,23,17,57.5,42.5
"Toscana","Grosseto",94,74,20,78.72,21.28
"Toscana","Grosseto",41,20,21,48.78,51.22
"Toscana","Grosseto",113,19,94,16.81,83.19
"Toscana","Grosseto",258,70,188,27.13,72.87
"Toscana","Grosseto",13,5,8,38.46,61.54
"Toscana","Grosseto",347,258,89,74.35,25.65
"Toscana","Grosseto",70,55,15,78.57,21.43
"Toscana","Grosseto",438,166,272,37.9,62.1
"Toscana","Grosseto",15,4,11,26.67,73.33
"Toscana","Grosseto",319,149,170,46.71,53.29
"Toscana","Grosseto",85,42,43,49.41,50.59
"Toscana","Grosseto",115,53,62,46.09,53.91
"Toscana","Grosseto",21,12,9,57.14,42.86
"Toscana","Grosseto",144,66,78,45.83,54.17
"Toscana","Grosseto",632,225,407,35.6,64.4
"Toscana","Grosseto",68,26,42,38.24,61.76
"Toscana","Grosseto",71,0,71,0,100
"Toscana","Grosseto",56,14,42,25,75
"Toscana","Grosseto",182,58,124,31.87,68.13
"Toscana","Grosseto",649,20,629,3.08,96.92
"Toscana","Grosseto",65,7,58,10.77,89.23
"Toscana","Grosseto",213,110,103,51.64,48.36
"Toscana","Grosseto",167,22,145,13.17,86.83
"Toscana","Grosseto",39,7,32,17.95,82.05
"Toscana","Grosseto",109,30,79,27.52,72.48
"Toscana","Grosseto",39,15,24,38.46,61.54
"Liguria","Imperia",1047,610,437,58.26,41.74
"Liguria","Imperia",512,423,89,82.62,17.38
"Liguria","Imperia",319,274,45,85.89,14.11
"Liguria","Imperia",130,31,99,23.85,76.15
"Liguria","Imperia",139,45,94,32.37,67.63
"Liguria","Imperia",94,28,66,29.79,70.21
"Liguria","Imperia",682,369,313,54.11,45.89
"Liguria","Imperia",756,493,263,65.21,34.79
"Liguria","Imperia",273,124,149,45.42,54.58
"Liguria","Imperia",196,120,76,61.22,38.78
"Liguria","Imperia",293,158,135,53.92,46.08
"Liguria","Imperia",68,41,27,60.29,39.71
"Liguria","Imperia",331,116,215,35.05,64.95
"Liguria","Imperia",8,0,8,0,100
"Liguria","Imperia",11,8,3,72.73,27.27
"Liguria","Imperia",249,4,245,1.61,98.39
"Liguria","Imperia",5,2,3,40,60
"Liguria","Imperia",20,0,20,0,100
"Liguria","Imperia",326,241,85,73.93,26.07
"Liguria","Imperia",67,20,47,29.85,70.15
"Liguria","Imperia",383,168,215,43.86,56.14
"Liguria","Imperia",169,70,99,41.42,58.58
"Liguria","Imperia",295,92,203,31.19,68.81
"Liguria","Imperia",491,149,342,30.35,69.65
"Liguria","Imperia",20,11,9,55,45
"Liguria","Imperia",537,73,464,13.59,86.41
"Liguria","Imperia",78,3,75,3.85,96.15
"Liguria","Imperia",36,2,34,5.56,94.44
"Liguria","Imperia",170,124,46,72.94,27.06
"Liguria","Imperia",146,116,30,79.45,20.55
"Molise","Isernia",327,178,149,54.43,45.57
"Molise","Isernia",118,88,30,74.58,25.42
"Molise","Isernia",581,470,111,80.9,19.1
"Molise","Isernia",655,279,376,42.6,57.4
"Molise","Isernia",74,46,28,62.16,37.84
"Molise","Isernia",125,67,58,53.6,46.4
"Molise","Isernia",47,22,25,46.81,53.19
"Molise","Isernia",12,0,12,0,100
"Molise","Isernia",161,132,29,81.99,18.01
"Molise","Isernia",102,38,64,37.25,62.75
"Molise","Isernia",200,70,130,35,65
"Molise","Isernia",29,1,28,3.45,96.55
"Molise","Isernia",384,13,371,3.39,96.61
"Molise","Isernia",102,28,74,27.45,72.55
"Calabria","Crotone",93,70,23,75.27,24.73
"Calabria","Crotone",198,131,67,66.16,33.84
"Calabria","Crotone",644,461,183,71.58,28.42
"Calabria","Crotone",842,690,152,81.95,18.05
"Calabria","Crotone",1033,465,568,45.01,54.99
"Calabria","Crotone",167,63,104,37.72,62.28
"Calabria","Crotone",281,192,89,68.33,31.67
"Calabria","Crotone",85,57,28,67.06,32.94
"Calabria","Crotone",71,42,29,59.15,40.85
"Calabria","Crotone",322,183,139,56.83,43.17
"Calabria","Crotone",45,4,41,8.89,91.11
"Calabria","Crotone",5,0,5,0,100
"Calabria","Crotone",40,17,23,42.5,57.5
"Calabria","Crotone",148,57,91,38.51,61.49
"Calabria","Crotone",48,28,20,58.33,41.67
"Calabria","Crotone",281,127,154,45.2,54.8
"Calabria","Crotone",77,37,40,48.05,51.95
"Calabria","Crotone",175,73,102,41.71,58.29
"Calabria","Crotone",2,0,2,0,100
"Calabria","Crotone",35,24,11,68.57,31.43
"Calabria","Crotone",759,358,401,47.17,52.83
"Calabria","Crotone",236,172,64,72.88,27.12
"Calabria","Crotone",63,5,58,7.94,92.06
"Calabria","Crotone",214,62,152,28.97,71.03
"Calabria","Crotone",238,97,141,40.76,59.24
"Calabria","Crotone",62,26,36,41.94,58.06
"Calabria","Crotone",17,6,11,35.29,64.71
"Calabria","Crotone",223,119,104,53.36,46.64
"Calabria","Crotone",293,124,169,42.32,57.68
"Calabria","Crotone",22,19,3,86.36,13.64
"Calabria","Crotone",57,34,23,59.65,40.35
"Calabria","Crotone",26,14,12,53.85,46.15
"Calabria","Crotone",827,177,650,21.4,78.6
"Calabria","Crotone",69,13,56,18.84,81.16
"Calabria","Crotone",18,6,12,33.33,66.67
"Calabria","Crotone",278,27,251,9.71,90.29
"Calabria","Crotone",10,2,8,20,80
"Calabria","Crotone",92,7,85,7.61,92.39
"Calabria","Crotone",72,28,44,38.89,61.11
"Lombardia","Lecco",928,755,173,81.36,18.64
"Lombardia","Lecco",732,583,149,79.64,20.36
"Lombardia","Lecco",519,426,93,82.08,17.92
"Lombardia","Lecco",906,460,446,50.77,49.23
"Lombardia","Lecco",446,297,149,66.59,33.41
"Lombardia","Lecco",154,63,91,40.91,59.09
"Lombardia","Lecco",849,405,444,47.7,52.3
"Lombardia","Lecco",1081,563,518,52.08,47.92
"Lombardia","Lecco",75,39,36,52,48
"Lombardia","Lecco",243,135,108,55.56,44.44
"Lombardia","Lecco",621,355,266,57.17,42.83
"Lombardia","Lecco",504,392,112,77.78,22.22
"Lombardia","Lecco",62,45,17,72.58,27.42
"Lombardia","Lecco",148,0,148,0,100
"Lombardia","Lecco",670,10,660,1.49,98.51
"Lombardia","Lecco",51,2,49,3.92,96.08
"Lombardia","Lecco",598,466,132,77.93,22.07
"Lombardia","Lecco",569,300,269,52.72,47.28
"Lombardia","Lecco",199,81,118,40.7,59.3
"Lombardia","Lecco",285,79,206,27.72,72.28
"Lombardia","Lecco",339,51,288,15.04,84.96
"Lombardia","Lecco",293,97,196,33.11,66.89
"Lombardia","Lecco",628,355,273,56.53,43.47
"Lombardia","Lecco",56,19,37,33.93,66.07
"Lombardia","Lecco",592,154,438,26.01,73.99
"Lombardia","Lecco",797,41,756,5.14,94.86
"Lombardia","Lecco",355,124,231,34.93,65.07
"Lombardia","Lecco",196,51,145,26.02,73.98
"Puglia","Lecce",893,631,262,70.66,29.34
"Puglia","Lecce",1439,995,444,69.15,30.85
"Puglia","Lecce",718,444,274,61.84,38.16
"Puglia","Lecce",667,499,168,74.81,25.19
"Puglia","Lecce",187,69,118,36.9,63.1
"Puglia","Lecce",1144,970,174,84.79,15.21
"Puglia","Lecce",511,485,26,94.91,5.09
"Puglia","Lecce",929,589,340,63.4,36.6
"Puglia","Lecce",587,477,110,81.26,18.74
"Puglia","Lecce",469,214,255,45.63,54.37
"Puglia","Lecce",169,78,91,46.15,53.85
"Puglia","Lecce",149,77,72,51.68,48.32
"Puglia","Lecce",1418,630,788,44.43,55.57
"Puglia","Lecce",1196,759,437,63.46,36.54
"Puglia","Lecce",232,61,171,26.29,73.71
"Puglia","Lecce",250,127,123,50.8,49.2
"Puglia","Lecce",103,32,71,31.07,68.93
"Puglia","Lecce",918,488,430,53.16,46.84
"Puglia","Lecce",572,170,402,29.72,70.28
"Puglia","Lecce",907,409,498,45.09,54.91
"Puglia","Lecce",1664,757,907,45.49,54.51
"Puglia","Lecce",825,533,292,64.61,35.39
"Puglia","Lecce",668,360,308,53.89,46.11
"Puglia","Lecce",963,557,406,57.84,42.16
"Puglia","Lecce",81,39,42,48.15,51.85
"Puglia","Lecce",743,466,277,62.72,37.28
"Puglia","Lecce",78,56,22,71.79,28.21
"Puglia","Lecce",73,25,48,34.25,65.75
"Puglia","Lecce",74,40,34,54.05,45.95
"Puglia","Lecce",91,46,45,50.55,49.45
"Puglia","Lecce",70,49,21,70,30
"Puglia","Lecce",110,50,60,45.45,54.55
"Puglia","Lecce",113,42,71,37.17,62.83
"Puglia","Lecce",120,75,45,62.5,37.5
"Puglia","Lecce",23,18,5,78.26,21.74
"Puglia","Lecce",104,46,58,44.23,55.77
"Puglia","Lecce",66,47,19,71.21,28.79
"Puglia","Lecce",220,85,135,38.64,61.36
"Puglia","Lecce",64,34,30,53.12,46.88
"Puglia","Lecce",476,159,317,33.4,66.6
"Puglia","Lecce",55,26,29,47.27,52.73
"Puglia","Lecce",190,64,126,33.68,66.32
"Puglia","Lecce",249,106,143,42.57,57.43
"Puglia","Lecce",57,34,23,59.65,40.35
"Puglia","Lecce",187,67,120,35.83,64.17
"Puglia","Lecce",46,26,20,56.52,43.48
"Puglia","Lecce",535,184,351,34.39,65.61
"Puglia","Lecce",46,28,18,60.87,39.13
"Puglia","Lecce",540,204,336,37.78,62.22
"Puglia","Lecce",145,68,77,46.9,53.1
"Puglia","Lecce",8,0,8,0,100
"Puglia","Lecce",170,128,42,75.29,24.71
"Puglia","Lecce",30,8,22,26.67,73.33
"Puglia","Lecce",193,0,193,0,100
"Puglia","Lecce",324,53,271,16.36,83.64
"Puglia","Lecce",97,18,79,18.56,81.44
"Puglia","Lecce",193,108,85,55.96,44.04
"Puglia","Lecce",222,41,181,18.47,81.53
"Puglia","Lecce",130,85,45,65.38,34.62
"Puglia","Lecce",67,37,30,55.22,44.78
"Puglia","Lecce",143,85,58,59.44,40.56
"Puglia","Lecce",367,249,118,67.85,32.15
"Puglia","Lecce",653,470,183,71.98,28.02
"Puglia","Lecce",927,690,237,74.43,25.57
"Puglia","Lecce",149,74,75,49.66,50.34
"Puglia","Lecce",115,17,98,14.78,85.22
"Puglia","Lecce",18,9,9,50,50
"Puglia","Lecce",188,39,149,20.74,79.26
"Puglia","Lecce",401,113,288,28.18,71.82
"Puglia","Lecce",357,122,235,34.17,65.83
"Puglia","Lecce",73,29,44,39.73,60.27
"Puglia","Lecce",92,50,42,54.35,45.65
"Puglia","Lecce",300,108,192,36,64
"Puglia","Lecce",35,16,19,45.71,54.29
"Puglia","Lecce",198,59,139,29.8,70.2
"Puglia","Lecce",53,15,38,28.3,71.7
"Puglia","Lecce",127,30,97,23.62,76.38
"Puglia","Lecce",545,252,293,46.24,53.76
"Puglia","Lecce",21,11,10,52.38,47.62
"Puglia","Lecce",312,61,251,19.55,80.45
"Puglia","Lecce",859,292,567,33.99,66.01
"Puglia","Lecce",56,5,51,8.93,91.07
"Puglia","Lecce",24,8,16,33.33,66.67
"Puglia","Lecce",1160,549,611,47.33,52.67
"Puglia","Lecce",78,24,54,30.77,69.23
"Puglia","Lecce",1029,609,420,59.18,40.82
"Puglia","Lecce",658,179,479,27.2,72.8
"Puglia","Lecce",130,43,87,33.08,66.92
"Puglia","Lecce",882,67,815,7.6,92.4
"Puglia","Lecce",190,56,134,29.47,70.53
"Puglia","Lecce",67,46,21,68.66,31.34
"Puglia","Lecce",133,53,80,39.85,60.15
"Puglia","Lecce",10,0,10,0,100
"Puglia","Lecce",948,50,898,5.27,94.73
"Puglia","Lecce",253,15,238,5.93,94.07
"Puglia","Lecce",811,112,699,13.81,86.19
"Puglia","Lecce",184,29,155,15.76,84.24
"Puglia","Lecce",29,7,22,24.14,75.86
"Toscana","Livorno",520,318,202,61.15,38.85
"Toscana","Livorno",183,141,42,77.05,22.95
"Toscana","Livorno",138,91,47,65.94,34.06
"Toscana","Livorno",618,376,242,60.84,39.16
"Toscana","Livorno",655,457,198,69.77,30.23
"Toscana","Livorno",24,0,24,0,100
"Toscana","Livorno",1194,552,642,46.23,53.77
"Toscana","Livorno",1548,991,557,64.02,35.98
"Toscana","Livorno",1972,1390,582,70.49,29.51
"Toscana","Livorno",135,52,83,38.52,61.48
"Toscana","Livorno",34,14,20,41.18,58.82
"Toscana","Livorno",258,128,130,49.61,50.39
"Toscana","Livorno",35,28,7,80,20
"Toscana","Livorno",232,77,155,33.19,66.81
"Toscana","Livorno",21,0,21,0,100
"Toscana","Livorno",24,13,11,54.17,45.83
"Toscana","Livorno",617,419,198,67.91,32.09
"Toscana","Livorno",40,35,5,87.5,12.5
"Toscana","Livorno",153,36,117,23.53,76.47
"Toscana","Livorno",93,6,87,6.45,93.55
"Toscana","Livorno",30,0,30,0,100
"Toscana","Livorno",196,5,191,2.55,97.45
"Toscana","Livorno",138,3,135,2.17,97.83
"Toscana","Livorno",243,181,62,74.49,25.51
"Toscana","Livorno",216,57,159,26.39,73.61
"Toscana","Livorno",342,156,186,45.61,54.39
"Toscana","Livorno",197,85,112,43.15,56.85
"Toscana","Livorno",20,0,20,0,100
"Toscana","Livorno",601,278,323,46.26,53.74
"Toscana","Livorno",28,22,6,78.57,21.43
"Toscana","Livorno",495,229,266,46.26,53.74
"Toscana","Livorno",71,0,71,0,100
"Toscana","Livorno",16,9,7,56.25,43.75
"Toscana","Livorno",645,156,489,24.19,75.81
"Toscana","Livorno",226,36,190,15.93,84.07
"Toscana","Livorno",1891,513,1378,27.13,72.87
"Toscana","Livorno",131,26,105,19.85,80.15
"Toscana","Livorno",324,40,284,12.35,87.65
"Toscana","Livorno",171,38,133,22.22,77.78
"Lombardia","Lodi",1037,876,161,84.47,15.53
"Lombardia","Lodi",1004,542,462,53.98,46.02
"Lombardia","Lodi",568,351,217,61.8,38.2
"Lombardia","Lodi",254,75,179,29.53,70.47
"Lombardia","Lodi",51,0,51,0,100
"Lombardia","Lodi",644,436,208,67.7,32.3
"Lombardia","Lodi",353,7,346,1.98,98.02
"Lombardia","Lodi",550,446,104,81.09,18.91
"Lombardia","Lodi",507,179,328,35.31,64.69
"Lombardia","Lodi",370,137,233,37.03,62.97
"Lombardia","Lodi",542,198,344,36.53,63.47
"Lombardia","Lodi",260,187,73,71.92,28.08
"Lombardia","Lodi",1209,594,615,49.13,50.87
"Lombardia","Lodi",67,45,22,67.16,32.84
"Lombardia","Lodi",963,264,699,27.41,72.59
"Lombardia","Lodi",1316,298,1018,22.64,77.36
"Lombardia","Lodi",117,15,102,12.82,87.18
"Lazio","Latina",465,285,180,61.29,38.71
"Lazio","Latina",461,290,171,62.91,37.09
"Lazio","Latina",433,298,135,68.82,31.18
"Lazio","Latina",469,351,118,74.84,25.16
"Lazio","Latina",599,432,167,72.12,27.88
"Lazio","Latina",773,668,105,86.42,13.58
"Lazio","Latina",1302,1093,209,83.95,16.05
"Lazio","Latina",782,477,305,61,39
"Lazio","Latina",1351,596,755,44.12,55.88
"Lazio","Latina",568,243,325,42.78,57.22
"Lazio","Latina",673,290,383,43.09,56.91
"Lazio","Latina",1001,679,322,67.83,32.17
"Lazio","Latina",1420,775,645,54.58,45.42
"Lazio","Latina",1342,911,431,67.88,32.12
"Lazio","Latina",64,6,58,9.38,90.62
"Lazio","Latina",342,103,239,30.12,69.88
"Lazio","Latina",37,21,16,56.76,43.24
"Lazio","Latina",68,7,61,10.29,89.71
"Lazio","Latina",555,275,280,49.55,50.45
"Lazio","Latina",271,182,89,67.16,32.84
"Lazio","Latina",140,48,92,34.29,65.71
"Lazio","Latina",156,87,69,55.77,44.23
"Lazio","Latina",480,221,259,46.04,53.96
"Lazio","Latina",112,61,51,54.46,45.54
"Lazio","Latina",160,73,87,45.62,54.38
"Lazio","Latina",241,2,239,0.83,99.17
"Lazio","Latina",205,56,149,27.32,72.68
"Lazio","Latina",98,31,67,31.63,68.37
"Lazio","Latina",67,35,32,52.24,47.76
"Lazio","Latina",148,122,26,82.43,17.57
"Lazio","Latina",797,569,228,71.39,28.61
"Lazio","Latina",222,110,112,49.55,50.45
"Lazio","Latina",339,167,172,49.26,50.74
"Lazio","Latina",28,20,8,71.43,28.57
"Lazio","Latina",139,42,97,30.22,69.78
"Lazio","Latina",53,26,27,49.06,50.94
"Lazio","Latina",210,82,128,39.05,60.95
"Lazio","Latina",678,271,407,39.97,60.03
"Lazio","Latina",99,63,36,63.64,36.36
"Lazio","Latina",424,220,204,51.89,48.11
"Lazio","Latina",53,36,17,67.92,32.08
"Lazio","Latina",841,424,417,50.42,49.58
"Lazio","Latina",98,55,43,56.12,43.88
"Lazio","Latina",674,314,360,46.59,53.41
"Lazio","Latina",43,23,20,53.49,46.51
"Lazio","Latina",114,41,73,35.96,64.04
"Lazio","Latina",34,20,14,58.82,41.18
"Lazio","Latina",53,18,35,33.96,66.04
"Lazio","Latina",34,19,15,55.88,44.12
"Lazio","Latina",300,11,289,3.67,96.33
"Lazio","Latina",140,3,137,2.14,97.86
"Lazio","Latina",1031,251,780,24.35,75.65
"Lazio","Latina",33,9,24,27.27,72.73
"Lazio","Latina",996,179,817,17.97,82.03
"Lazio","Latina",676,113,563,16.72,83.28
"Lazio","Latina",723,199,524,27.52,72.48
"Lazio","Latina",731,184,547,25.17,74.83
"Lazio","Latina",113,9,104,7.96,92.04
"Lazio","Latina",41,9,32,21.95,78.05
"Lazio","Latina",545,88,457,16.15,83.85
"Lazio","Latina",192,25,167,13.02,86.98
"Toscana","Lucca",248,172,76,69.35,30.65
"Toscana","Lucca",12,12,0,100,0
"Toscana","Lucca",609,484,125,79.47,20.53
"Toscana","Lucca",779,640,139,82.16,17.84
"Toscana","Lucca",368,307,61,83.42,16.58
"Toscana","Lucca",927,724,203,78.1,21.9
"Toscana","Lucca",223,121,102,54.26,45.74
"Toscana","Lucca",613,350,263,57.1,42.9
"Toscana","Lucca",1389,856,533,61.63,38.37
"Toscana","Lucca",760,300,460,39.47,60.53
"Toscana","Lucca",337,131,206,38.87,61.13
"Toscana","Lucca",692,284,408,41.04,58.96
"Toscana","Lucca",502,227,275,45.22,54.78
"Toscana","Lucca",437,273,164,62.47,37.53
"Toscana","Lucca",66,45,21,68.18,31.82
"Toscana","Lucca",458,402,56,87.77,12.23
"Toscana","Lucca",35,31,4,88.57,11.43
"Toscana","Lucca",285,131,154,45.96,54.04
"Toscana","Lucca",18,7,11,38.89,61.11
"Toscana","Lucca",348,174,174,50,50
"Toscana","Lucca",232,84,148,36.21,63.79
"Toscana","Lucca",84,58,26,69.05,30.95
"Toscana","Lucca",180,2,178,1.11,98.89
"Toscana","Lucca",448,45,403,10.04,89.96
"Toscana","Lucca",73,6,67,8.22,91.78
"Toscana","Lucca",96,2,94,2.08,97.92
"Toscana","Lucca",298,191,107,64.09,35.91
"Toscana","Lucca",1007,723,284,71.8,28.2
"Toscana","Lucca",82,61,21,74.39,25.61
"Toscana","Lucca",289,70,219,24.22,75.78
"Toscana","Lucca",298,147,151,49.33,50.67
"Toscana","Lucca",334,112,222,33.53,66.47
"Toscana","Lucca",233,71,162,30.47,69.53
"Toscana","Lucca",376,184,192,48.94,51.06
"Toscana","Lucca",339,194,145,57.23,42.77
"Toscana","Lucca",64,42,22,65.62,34.38
"Toscana","Lucca",185,65,120,35.14,64.86
"Toscana","Lucca",261,74,187,28.35,71.65
"Toscana","Lucca",1110,54,1056,4.86,95.14
"Toscana","Lucca",719,81,638,11.27,88.73
"Toscana","Lucca",30,4,26,13.33,86.67
"Toscana","Lucca",377,51,326,13.53,86.47
"Toscana","Lucca",26,2,24,7.69,92.31
"Toscana","Lucca",109,37,72,33.94,66.06
"Toscana","Lucca",450,238,212,52.89,47.11
"Lombardia","Monza e della Brianza",833,571,262,68.55,31.45
"Lombardia","Monza e della Brianza",133,108,25,81.2,18.8
"Lombardia","Monza e della Brianza",986,783,203,79.41,20.59
"Lombardia","Monza e della Brianza",1239,1004,235,81.03,18.97
"Lombardia","Monza e della Brianza",481,377,104,78.38,21.62
"Lombardia","Monza e della Brianza",639,255,384,39.91,60.09
"Lombardia","Monza e della Brianza",1046,590,456,56.41,43.59
"Lombardia","Monza e della Brianza",1078,492,586,45.64,54.36
"Lombardia","Monza e della Brianza",593,500,93,84.32,15.68
"Lombardia","Monza e della Brianza",395,321,74,81.27,18.73
"Lombardia","Monza e della Brianza",467,365,102,78.16,21.84
"Lombardia","Monza e della Brianza",131,54,77,41.22,58.78
"Lombardia","Monza e della Brianza",1284,612,672,47.66,52.34
"Lombardia","Monza e della Brianza",807,440,367,54.52,45.48
"Lombardia","Monza e della Brianza",989,444,545,44.89,55.11
"Lombardia","Monza e della Brianza",196,45,151,22.96,77.04
"Lombardia","Monza e della Brianza",807,615,192,76.21,23.79
"Lombardia","Monza e della Brianza",241,132,109,54.77,45.23
"Lombardia","Monza e della Brianza",466,356,110,76.39,23.61
"Lombardia","Monza e della Brianza",39,32,7,82.05,17.95
"Lombardia","Monza e della Brianza",901,377,524,41.84,58.16
"Lombardia","Monza e della Brianza",152,78,74,51.32,48.68
"Lombardia","Monza e della Brianza",168,102,66,60.71,39.29
"Lombardia","Monza e della Brianza",233,0,233,0,100
"Lombardia","Monza e della Brianza",345,108,237,31.3,68.7
"Lombardia","Monza e della Brianza",41,0,41,0,100
"Lombardia","Monza e della Brianza",103,58,45,56.31,43.69
"Lombardia","Monza e della Brianza",489,57,432,11.66,88.34
"Lombardia","Monza e della Brianza",46,1,45,2.17,97.83
"Lombardia","Monza e della Brianza",126,86,40,68.25,31.75
"Lombardia","Monza e della Brianza",113,86,27,76.11,23.89
"Lombardia","Monza e della Brianza",218,170,48,77.98,22.02
"Lombardia","Monza e della Brianza",897,726,171,80.94,19.06
"Lombardia","Monza e della Brianza",1052,807,245,76.71,23.29
"Lombardia","Monza e della Brianza",79,58,21,73.42,26.58
"Lombardia","Monza e della Brianza",522,170,352,32.57,67.43
"Lombardia","Monza e della Brianza",341,198,143,58.06,41.94
"Lombardia","Monza e della Brianza",334,184,150,55.09,44.91
"Lombardia","Monza e della Brianza",262,95,167,36.26,63.74
"Lombardia","Monza e della Brianza",549,212,337,38.62,61.38
"Lombardia","Monza e della Brianza",46,24,22,52.17,47.83
"Lombardia","Monza e della Brianza",682,377,305,55.28,44.72
"Lombardia","Monza e della Brianza",777,358,419,46.07,53.93
"Lombardia","Monza e della Brianza",210,112,98,53.33,46.67
"Lombardia","Monza e della Brianza",559,290,269,51.88,48.12
"Lombardia","Monza e della Brianza",1131,453,678,40.05,59.95
"Lombardia","Monza e della Brianza",868,396,472,45.62,54.38
"Lombardia","Monza e della Brianza",818,492,326,60.15,39.85
"Lombardia","Monza e della Brianza",719,112,607,15.58,84.42
"Lombardia","Monza e della Brianza",27,0,27,0,100
"Lombardia","Monza e della Brianza",768,86,682,11.2,88.8
"Lombardia","Monza e della Brianza",489,257,232,52.56,47.44
"Lombardia","Monza e della Brianza",909,146,763,16.06,83.94
"Lombardia","Monza e della Brianza",115,58,57,50.43,49.57
"Lombardia","Monza e della Brianza",1127,273,854,24.22,75.78
"Lombardia","Monza e della Brianza",1318,256,1062,19.42,80.58
"Lombardia","Monza e della Brianza",223,24,199,10.76,89.24
"Lombardia","Monza e della Brianza",308,236,72,76.62,23.38
"Marche","Macerata",425,221,204,52,48
"Marche","Macerata",187,151,36,80.75,19.25
"Marche","Macerata",748,618,130,82.62,17.38
"Marche","Macerata",860,645,215,75,25
"Marche","Macerata",112,86,26,76.79,23.21
"Marche","Macerata",1413,880,533,62.28,37.72
"Marche","Macerata",404,315,89,77.97,22.03
"Marche","Macerata",154,126,28,81.82,18.18
"Marche","Macerata",1376,768,608,55.81,44.19
"Marche","Macerata",474,275,199,58.02,41.98
"Marche","Macerata",104,61,43,58.65,41.35
"Marche","Macerata",933,400,533,42.87,57.13
"Marche","Macerata",197,84,113,42.64,57.36
"Marche","Macerata",174,139,35,79.89,20.11
"Marche","Macerata",243,138,105,56.79,43.21
"Marche","Macerata",498,237,261,47.59,52.41
"Marche","Macerata",30,21,9,70,30
"Marche","Macerata",61,0,61,0,100
"Marche","Macerata",175,29,146,16.57,83.43
"Marche","Macerata",388,156,232,40.21,59.79
"Marche","Macerata",120,1,119,0.83,99.17
"Marche","Macerata",185,5,180,2.7,97.3
"Marche","Macerata",63,4,59,6.35,93.65
"Marche","Macerata",56,41,15,73.21,26.79
"Marche","Macerata",103,96,7,93.2,6.8
"Marche","Macerata",102,9,93,8.82,91.18
"Marche","Macerata",77,33,44,42.86,57.14
"Marche","Macerata",162,76,86,46.91,53.09
"Marche","Macerata",70,5,65,7.14,92.86
"Marche","Macerata",89,16,73,17.98,82.02
"Marche","Macerata",696,520,176,74.71,25.29
"Marche","Macerata",440,115,325,26.14,73.86
"Marche","Macerata",219,71,148,32.42,67.58
"Marche","Macerata",58,17,41,29.31,70.69
"Marche","Macerata",94,35,59,37.23,62.77
"Marche","Macerata",569,163,406,28.65,71.35
"Marche","Macerata",28,17,11,60.71,39.29
"Marche","Macerata",588,246,342,41.84,58.16
"Marche","Macerata",11,6,5,54.55,45.45
"Marche","Macerata",359,234,125,65.18,34.82
"Marche","Macerata",978,125,853,12.78,87.22
"Marche","Macerata",39,4,35,10.26,89.74
"Marche","Macerata",642,117,525,18.22,81.78
"Marche","Macerata",14,8,6,57.14,42.86
"Marche","Macerata",110,23,87,20.91,79.09
"Sicilia","Messina",233,99,134,42.49,57.51
"Sicilia","Messina",321,256,65,79.75,20.25
"Sicilia","Messina",590,490,100,83.05,16.95
"Sicilia","Messina",521,336,185,64.49,35.51
"Sicilia","Messina",666,456,210,68.47,31.53
"Sicilia","Messina",161,120,41,74.53,25.47
"Sicilia","Messina",149,112,37,75.17,24.83
"Sicilia","Messina",697,384,313,55.09,44.91
"Sicilia","Messina",887,718,169,80.95,19.05
"Sicilia","Messina",522,385,137,73.75,26.25
"Sicilia","Messina",14,9,5,64.29,35.71
"Sicilia","Messina",115,103,12,89.57,10.43
"Sicilia","Messina",307,144,163,46.91,53.09
"Sicilia","Messina",461,202,259,43.82,56.18
"Sicilia","Messina",187,104,83,55.61,44.39
"Sicilia","Messina",139,63,76,45.32,54.68
"Sicilia","Messina",1429,659,770,46.12,53.88
"Sicilia","Messina",260,114,146,43.85,56.15
"Sicilia","Messina",417,240,177,57.55,42.45
"Sicilia","Messina",1041,617,424,59.27,40.73
"Sicilia","Messina",336,146,190,43.45,56.55
"Sicilia","Messina",406,235,171,57.88,42.12
"Sicilia","Messina",31,16,15,51.61,48.39
"Sicilia","Messina",400,224,176,56,44
"Sicilia","Messina",964,527,437,54.67,45.33
"Sicilia","Messina",47,4,43,8.51,91.49
"Sicilia","Messina",89,30,59,33.71,66.29
"Sicilia","Messina",73,16,57,21.92,78.08
"Sicilia","Messina",134,79,55,58.96,41.04
"Sicilia","Messina",8,6,2,75,25
"Sicilia","Messina",56,25,31,44.64,55.36
"Sicilia","Messina",195,79,116,40.51,59.49
"Sicilia","Messina",9,5,4,55.56,44.44
"Sicilia","Messina",344,181,163,52.62,47.38
"Sicilia","Messina",18,15,3,83.33,16.67
"Sicilia","Messina",673,329,344,48.89,51.11
"Sicilia","Messina",80,43,37,53.75,46.25
"Sicilia","Messina",35,12,23,34.29,65.71
"Sicilia","Messina",30,8,22,26.67,73.33
"Sicilia","Messina",155,68,87,43.87,56.13
"Sicilia","Messina",27,19,8,70.37,29.63
"Sicilia","Messina",57,20,37,35.09,64.91
"Sicilia","Messina",222,41,181,18.47,81.53
"Sicilia","Messina",37,0,37,0,100
"Sicilia","Messina",56,16,40,28.57,71.43
"Sicilia","Messina",170,2,168,1.18,98.82
"Sicilia","Messina",119,0,119,0,100
"Sicilia","Messina",118,2,116,1.69,98.31
"Sicilia","Messina",26,20,6,76.92,23.08
"Sicilia","Messina",44,33,11,75,25
"Sicilia","Messina",325,256,69,78.77,21.23
"Sicilia","Messina",492,369,123,75,25
"Sicilia","Messina",212,54,158,25.47,74.53
"Sicilia","Messina",105,46,59,43.81,56.19
"Sicilia","Messina",26,22,4,84.62,15.38
"Sicilia","Messina",176,62,114,35.23,64.77
"Sicilia","Messina",328,136,192,41.46,58.54
"Sicilia","Messina",569,304,265,53.43,46.57
"Sicilia","Messina",42,27,15,64.29,35.71
"Sicilia","Messina",149,59,90,39.6,60.4
"Sicilia","Messina",583,245,338,42.02,57.98
"Sicilia","Messina",329,171,158,51.98,48.02
"Sicilia","Messina",32,21,11,65.62,34.38
"Sicilia","Messina",310,193,117,62.26,37.74
"Sicilia","Messina",120,72,48,60,40
"Sicilia","Messina",1040,548,492,52.69,47.31
"Sicilia","Messina",465,280,185,60.22,39.78
"Sicilia","Messina",44,0,44,0,100
"Sicilia","Messina",272,166,106,61.03,38.97
"Sicilia","Messina",254,141,113,55.51,44.49
"Sicilia","Messina",39,16,23,41.03,58.97
"Sicilia","Messina",37,18,19,48.65,51.35
"Sicilia","Messina",1587,548,1039,34.53,65.47
"Sicilia","Messina",1311,152,1159,11.59,88.41
"Sicilia","Messina",119,33,86,27.73,72.27
"Sicilia","Messina",757,256,501,33.82,66.18
"Sicilia","Messina",12,2,10,16.67,83.33
"Sicilia","Messina",743,128,615,17.23,82.77
"Sicilia","Messina",12,5,7,41.67,58.33
"Sicilia","Messina",645,91,554,14.11,85.89
"Sicilia","Messina",25,5,20,20,80
"Sicilia","Messina",471,272,199,57.75,42.25
"Sicilia","Messina",31,7,24,22.58,77.42
"Sicilia","Messina",108,66,42,61.11,38.89
"Lombardia","Milano",158,110,48,69.62,30.38
"Lombardia","Milano",861,616,245,71.54,28.46
"Lombardia","Milano",1248,849,399,68.03,31.97
"Lombardia","Milano",27,20,7,74.07,25.93
"Lombardia","Milano",955,653,302,68.38,31.62
"Lombardia","Milano",646,439,207,67.96,32.04
"Lombardia","Milano",446,387,59,86.77,13.23
"Lombardia","Milano",1046,827,219,79.06,20.94
"Lombardia","Milano",1005,754,251,75.02,24.98
"Lombardia","Milano",947,656,291,69.27,30.73
"Lombardia","Milano",826,629,197,76.15,23.85
"Lombardia","Milano",294,261,33,88.78,11.22
"Lombardia","Milano",1328,1033,295,77.79,22.21
"Lombardia","Milano",1776,1170,606,65.88,34.12
"Lombardia","Milano",710,559,151,78.73,21.27
"Lombardia","Milano",1315,967,348,73.54,26.46
"Lombardia","Milano",1042,602,440,57.77,42.23
"Lombardia","Milano",685,385,300,56.2,43.8
"Lombardia","Milano",1241,592,649,47.7,52.3
"Lombardia","Milano",831,387,444,46.57,53.43
"Lombardia","Milano",663,471,192,71.04,28.96
"Lombardia","Milano",557,399,158,71.63,28.37
"Lombardia","Milano",176,61,115,34.66,65.34
"Lombardia","Milano",515,355,160,68.93,31.07
"Lombardia","Milano",603,277,326,45.94,54.06
"Lombardia","Milano",1047,648,399,61.89,38.11
"Lombardia","Milano",1236,548,688,44.34,55.66
"Lombardia","Milano",597,385,212,64.49,35.51
"Lombardia","Milano",719,290,429,40.33,59.67
"Lombardia","Milano",907,432,475,47.63,52.37
"Lombardia","Milano",276,236,40,85.51,14.49
"Lombardia","Milano",670,465,205,69.4,30.6
"Lombardia","Milano",720,518,202,71.94,28.06
"Lombardia","Milano",510,385,125,75.49,24.51
"Lombardia","Milano",561,453,108,80.75,19.25
"Lombardia","Milano",207,166,41,80.19,19.81
"Lombardia","Milano",680,322,358,47.35,52.65
"Lombardia","Milano",406,303,103,74.63,25.37
"Lombardia","Milano",114,75,39,65.79,34.21
"Lombardia","Milano",46,40,6,86.96,13.04
"Lombardia","Milano",621,421,200,67.79,32.21
"Lombardia","Milano",1413,598,815,42.32,57.68
"Lombardia","Milano",985,513,472,52.08,47.92
"Lombardia","Milano",1177,487,690,41.38,58.62
"Lombardia","Milano",504,386,118,76.59,23.41
"Lombardia","Milano",197,149,48,75.63,24.37
"Lombardia","Milano",124,37,87,29.84,70.16
"Lombardia","Milano",912,444,468,48.68,51.32
"Lombardia","Milano",363,272,91,74.93,25.07
"Lombardia","Milano",733,327,406,44.61,55.39
"Lombardia","Milano",1141,641,500,56.18,43.82
"Lombardia","Milano",804,313,491,38.93,61.07
"Lombardia","Milano",849,515,334,60.66,39.34
"Lombardia","Milano",967,400,567,41.37,58.63
"Lombardia","Milano",556,322,234,57.91,42.09
"Lombardia","Milano",371,205,166,55.26,44.74
"Lombardia","Milano",965,487,478,50.47,49.53
"Lombardia","Milano",1001,697,304,69.63,30.37
"Lombardia","Milano",1221,701,520,57.41,42.59
"Lombardia","Milano",806,497,309,61.66,38.34
"Lombardia","Milano",1093,385,708,35.22,64.78
"Lombardia","Milano",529,402,127,75.99,24.01
"Lombardia","Milano",162,69,93,42.59,57.41
"Lombardia","Milano",142,93,49,65.49,34.51
"Lombardia","Milano",44,0,44,0,100
"Lombardia","Milano",114,24,90,21.05,78.95
"Lombardia","Milano",156,30,126,19.23,80.77
"Lombardia","Milano",28,13,15,46.43,53.57
"Lombardia","Milano",289,177,112,61.25,38.75
"Lombardia","Milano",306,232,74,75.82,24.18
"Lombardia","Milano",3,0,3,0,100
"Lombardia","Milano",406,295,111,72.66,27.34
"Lombardia","Milano",97,45,52,46.39,53.61
"Lombardia","Milano",251,171,80,68.13,31.87
"Lombardia","Milano",66,52,14,78.79,21.21
"Lombardia","Milano",192,118,74,61.46,38.54
"Lombardia","Milano",83,53,30,63.86,36.14
"Lombardia","Milano",491,290,201,59.06,40.94
"Lombardia","Milano",70,0,70,0,100
"Lombardia","Milano",320,190,130,59.38,40.62
"Lombardia","Milano",924,678,246,73.38,26.62
"Lombardia","Milano",347,254,93,73.2,26.8
"Lombardia","Milano",121,98,23,80.99,19.01
"Lombardia","Milano",164,73,91,44.51,55.49
"Lombardia","Milano",322,210,112,65.22,34.78
"Lombardia","Milano",337,186,151,55.19,44.81
"Lombardia","Milano",819,592,227,72.28,27.72
"Lombardia","Milano",628,487,141,77.55,22.45
"Lombardia","Milano",112,49,63,43.75,56.25
"Lombardia","Milano",111,64,47,57.66,42.34
"Lombardia","Milano",1245,827,418,66.43,33.57
"Lombardia","Milano",424,331,93,78.07,21.93
"Lombardia","Milano",179,112,67,62.57,37.43
"Lombardia","Milano",318,250,68,78.62,21.38
"Lombardia","Milano",692,465,227,67.2,32.8
"Lombardia","Milano",198,141,57,71.21,28.79
"Lombardia","Milano",904,371,533,41.04,58.96
"Lombardia","Milano",953,385,568,40.4,59.6
"Lombardia","Milano",423,172,251,40.66,59.34
"Lombardia","Milano",428,178,250,41.59,58.41
"Lombardia","Milano",86,0,86,0,100
"Lombardia","Milano",286,106,180,37.06,62.94
"Lombardia","Milano",355,7,348,1.97,98.03
"Lombardia","Milano",483,257,226,53.21,46.79
"Lombardia","Milano",241,150,91,62.24,37.76
"Lombardia","Milano",443,124,319,27.99,72.01
"Lombardia","Milano",555,188,367,33.87,66.13
"Lombardia","Milano",104,10,94,9.62,90.38
"Lombardia","Milano",361,75,286,20.78,79.22
"Lombardia","Milano",191,142,49,74.35,25.65
"Lombardia","Milano",218,1,217,0.46,99.54
"Lombardia","Milano",683,181,502,26.5,73.5
"Lombardia","Milano",38,0,38,0,100
"Lombardia","Milano",371,160,211,43.13,56.87
"Lombardia","Milano",168,18,150,10.71,89.29
"Lombardia","Milano",1440,1155,285,80.21,19.79
"Lombardia","Milano",573,449,124,78.36,21.64
"Lombardia","Milano",878,671,207,76.42,23.58
"Lombardia","Milano",1114,847,267,76.03,23.97
"Lombardia","Milano",253,198,55,78.26,21.74
"Lombardia","Milano",40,28,12,70,30
"Lombardia","Milano",427,336,91,78.69,21.31
"Lombardia","Milano",358,295,63,82.4,17.6
"Lombardia","Milano",239,69,170,28.87,71.13
"Lombardia","Milano",58,18,40,31.03,68.97
"Lombardia","Milano",388,141,247,36.34,63.66
"Lombardia","Milano",25,10,15,40,60
"Lombardia","Milano",154,50,104,32.47,67.53
"Lombardia","Milano",324,148,176,45.68,54.32
"Lombardia","Milano",435,176,259,40.46,59.54
"Lombardia","Milano",737,311,426,42.2,57.8
"Lombardia","Milano",169,102,67,60.36,39.64
"Lombardia","Milano",399,156,243,39.1,60.9
"Lombardia","Milano",53,24,29,45.28,54.72
"Lombardia","Milano",5,0,5,0,100
"Lombardia","Milano",326,128,198,39.26,60.74
"Lombardia","Milano",323,123,200,38.08,61.92
"Lombardia","Milano",519,182,337,35.07,64.93
"Lombardia","Milano",319,97,222,30.41,69.59
"Lombardia","Milano",424,167,257,39.39,60.61
"Lombardia","Milano",727,378,349,51.99,48.01
"Lombardia","Milano",255,77,178,30.2,69.8
"Lombardia","Milano",340,197,143,57.94,42.06
"Lombardia","Milano",858,420,438,48.95,51.05
"Lombardia","Milano",727,374,353,51.44,48.56
"Lombardia","Milano",507,278,229,54.83,45.17
"Lombardia","Milano",801,391,410,48.81,51.19
"Lombardia","Milano",272,135,137,49.63,50.37
"Lombardia","Milano",454,150,304,33.04,66.96
"Lombardia","Milano",32,19,13,59.38,40.62
"Lombardia","Milano",440,127,313,28.86,71.14
"Lombardia","Milano",519,185,334,35.65,64.35
"Lombardia","Milano",209,103,106,49.28,50.72
"Lombardia","Milano",498,189,309,37.95,62.05
"Lombardia","Milano",346,177,169,51.16,48.84
"Lombardia","Milano",405,156,249,38.52,61.48
"Lombardia","Milano",569,171,398,30.05,69.95
"Lombardia","Milano",648,227,421,35.03,64.97
"Lombardia","Milano",1205,582,623,48.3,51.7
"Lombardia","Milano",2,0,2,0,100
"Lombardia","Milano",1559,752,807,48.24,51.76
"Lombardia","Milano",892,421,471,47.2,52.8
"Lombardia","Milano",1162,528,634,45.44,54.56
"Lombardia","Milano",927,347,580,37.43,62.57
"Lombardia","Milano",114,37,77,32.46,67.54
"Lombardia","Milano",918,434,484,47.28,52.72
"Lombardia","Milano",951,598,353,62.88,37.12
"Lombardia","Milano",832,137,695,16.47,83.53
"Lombardia","Milano",15,1,14,6.67,93.33
"Lombardia","Milano",646,99,547,15.33,84.67
"Lombardia","Milano",190,71,119,37.37,62.63
"Lombardia","Milano",1102,176,926,15.97,84.03
"Lombardia","Milano",951,147,804,15.46,84.54
"Lombardia","Milano",757,109,648,14.4,85.6
"Lombardia","Milano",1117,170,947,15.22,84.78
"Lombardia","Milano",54,4,50,7.41,92.59
"Lombardia","Milano",679,183,496,26.95,73.05
"Lombardia","Milano",239,228,11,95.4,4.6
"Lombardia","Milano",663,37,626,5.58,94.42
"Lombardia","Milano",397,52,345,13.1,86.9
"Lombardia","Milano",751,80,671,10.65,89.35
"Lombardia","Milano",990,274,716,27.68,72.32
"Lombardia","Milano",938,318,620,33.9,66.1
"Lombardia","Milano",898,158,740,17.59,82.41
"Lombardia","Milano",847,187,660,22.08,77.92
"Lombardia","Milano",1049,198,851,18.88,81.12
"Lombardia","Milano",139,23,116,16.55,83.45
"Lombardia","Milano",1134,273,861,24.07,75.93
"Lombardia","Milano",1083,553,530,51.06,48.94
"Lombardia","Milano",1188,212,976,17.85,82.15
"Lombardia","Milano",1018,346,672,33.99,66.01
"Lombardia","Milano",1066,199,867,18.67,81.33
"Lombardia","Milano",928,154,774,16.59,83.41
"Lombardia","Milano",442,110,332,24.89,75.11
"Lombardia","Milano",606,454,152,74.92,25.08
"Lombardia","Milano",1163,869,294,74.72,25.28
"Lombardia","Milano",484,361,123,74.59,25.41
"Lombardia","Milano",550,429,121,78,22
"Lombardia","Milano",83,63,20,75.9,24.1
"Lombardia","Milano",244,174,70,71.31,28.69
"Lombardia","Mantova",771,611,160,79.25,20.75
"Lombardia","Mantova",766,506,260,66.06,33.94
"Lombardia","Mantova",862,678,184,78.65,21.35
"Lombardia","Mantova",626,433,193,69.17,30.83
"Lombardia","Mantova",561,367,194,65.42,34.58
"Lombardia","Mantova",390,260,130,66.67,33.33
"Lombardia","Mantova",453,276,177,60.93,39.07
"Lombardia","Mantova",15,3,12,20,80
"Lombardia","Mantova",614,283,331,46.09,53.91
"Lombardia","Mantova",791,362,429,45.76,54.24
"Lombardia","Mantova",304,97,207,31.91,68.09
"Lombardia","Mantova",24,2,22,8.33,91.67
"Lombardia","Mantova",282,141,141,50,50
"Lombardia","Mantova",335,137,198,40.9,59.1
"Lombardia","Mantova",727,506,221,69.6,30.4
"Lombardia","Mantova",117,111,6,94.87,5.13
"Lombardia","Mantova",183,3,180,1.64,98.36
"Lombardia","Mantova",261,138,123,52.87,47.13
"Lombardia","Mantova",307,3,304,0.98,99.02
"Lombardia","Mantova",137,89,48,64.96,35.04
"Lombardia","Mantova",703,520,183,73.97,26.03
"Lombardia","Mantova",289,223,66,77.16,22.84
"Lombardia","Mantova",57,35,22,61.4,38.6
"Lombardia","Mantova",285,75,210,26.32,73.68
"Lombardia","Mantova",190,48,142,25.26,74.74
"Lombardia","Mantova",249,111,138,44.58,55.42
"Lombardia","Mantova",335,190,145,56.72,43.28
"Lombardia","Mantova",253,129,124,50.99,49.01
"Lombardia","Mantova",278,153,125,55.04,44.96
"Lombardia","Mantova",618,326,292,52.75,47.25
"Lombardia","Mantova",42,29,13,69.05,30.95
"Lombardia","Mantova",723,491,232,67.91,32.09
"Lombardia","Mantova",462,36,426,7.79,92.21
"Lombardia","Mantova",84,1,83,1.19,98.81
"Lombardia","Mantova",1409,194,1215,13.77,86.23
"Lombardia","Mantova",53,7,46,13.21,86.79
"Lombardia","Mantova",631,183,448,29,71
"Emilia-Romagna","Modena",367,274,93,74.66,25.34
"Emilia-Romagna","Modena",946,667,279,70.51,29.49
"Emilia-Romagna","Modena",1309,966,343,73.8,26.2
"Emilia-Romagna","Modena",1053,814,239,77.3,22.7
"Emilia-Romagna","Modena",853,678,175,79.48,20.52
"Emilia-Romagna","Modena",237,77,160,32.49,67.51
"Emilia-Romagna","Modena",502,340,162,67.73,32.27
"Emilia-Romagna","Modena",66,30,36,45.45,54.55
"Emilia-Romagna","Modena",736,236,500,32.07,67.93
"Emilia-Romagna","Modena",318,115,203,36.16,63.84
"Emilia-Romagna","Modena",1045,499,546,47.75,52.25
"Emilia-Romagna","Modena",2113,1415,698,66.97,33.03
"Emilia-Romagna","Modena",914,603,311,65.97,34.03
"Emilia-Romagna","Modena",1058,510,548,48.2,51.8
"Emilia-Romagna","Modena",1442,1073,369,74.41,25.59
"Emilia-Romagna","Modena",28,22,6,78.57,21.43
"Emilia-Romagna","Modena",583,240,343,41.17,58.83
"Emilia-Romagna","Modena",184,56,128,30.43,69.57
"Emilia-Romagna","Modena",179,47,132,26.26,73.74
"Emilia-Romagna","Modena",18,0,18,0,100
"Emilia-Romagna","Modena",36,13,23,36.11,63.89
"Emilia-Romagna","Modena",321,238,83,74.14,25.86
"Emilia-Romagna","Modena",414,202,212,48.79,51.21
"Emilia-Romagna","Modena",163,130,33,79.75,20.25
"Emilia-Romagna","Modena",269,198,71,73.61,26.39
"Emilia-Romagna","Modena",342,233,109,68.13,31.87
"Emilia-Romagna","Modena",90,60,30,66.67,33.33
"Emilia-Romagna","Modena",1342,1130,212,84.2,15.8
"Emilia-Romagna","Modena",16,13,3,81.25,18.75
"Emilia-Romagna","Modena",240,1,239,0.42,99.58
"Emilia-Romagna","Modena",341,144,197,42.23,57.77
"Emilia-Romagna","Modena",113,11,102,9.73,90.27
"Emilia-Romagna","Modena",23,7,16,30.43,69.57
"Emilia-Romagna","Modena",426,14,412,3.29,96.71
"Emilia-Romagna","Modena",34,2,32,5.88,94.12
"Emilia-Romagna","Modena",348,108,240,31.03,68.97
"Emilia-Romagna","Modena",65,6,59,9.23,90.77
"Emilia-Romagna","Modena",659,204,455,30.96,69.04
"Emilia-Romagna","Modena",85,0,85,0,100
"Emilia-Romagna","Modena",59,3,56,5.08,94.92
"Emilia-Romagna","Modena",456,279,177,61.18,38.82
"Emilia-Romagna","Modena",86,11,75,12.79,87.21
"Emilia-Romagna","Modena",713,280,433,39.27,60.73
"Emilia-Romagna","Modena",1141,883,258,77.39,22.61
"Emilia-Romagna","Modena",158,33,125,20.89,79.11
"Emilia-Romagna","Modena",617,195,422,31.6,68.4
"Emilia-Romagna","Modena",780,471,309,60.38,39.62
"Emilia-Romagna","Modena",67,49,18,73.13,26.87
"Emilia-Romagna","Modena",391,253,138,64.71,35.29
"Emilia-Romagna","Modena",69,37,32,53.62,46.38
"Emilia-Romagna","Modena",588,314,274,53.4,46.6
"Emilia-Romagna","Modena",604,366,238,60.6,39.4
"Emilia-Romagna","Modena",921,447,474,48.53,51.47
"Emilia-Romagna","Modena",222,153,69,68.92,31.08
"Emilia-Romagna","Modena",1222,635,587,51.96,48.04
"Emilia-Romagna","Modena",137,88,49,64.23,35.77
"Emilia-Romagna","Modena",838,578,260,68.97,31.03
"Emilia-Romagna","Modena",568,26,542,4.58,95.42
"Emilia-Romagna","Modena",1018,318,700,31.24,68.76
"Emilia-Romagna","Modena",297,20,277,6.73,93.27
"Emilia-Romagna","Modena",355,13,342,3.66,96.34
"Emilia-Romagna","Modena",1194,104,1090,8.71,91.29
"Emilia-Romagna","Modena",131,19,112,14.5,85.5
"Emilia-Romagna","Modena",865,148,717,17.11,82.89
"Emilia-Romagna","Modena",1005,142,863,14.13,85.87
"Emilia-Romagna","Modena",64,8,56,12.5,87.5
"Emilia-Romagna","Modena",1187,214,973,18.03,81.97
"Emilia-Romagna","Modena",538,164,374,30.48,69.52
"Toscana","Massa-Carrara",244,170,74,69.67,30.33
"Toscana","Massa-Carrara",186,135,51,72.58,27.42
"Toscana","Massa-Carrara",80,47,33,58.75,41.25
"Toscana","Massa-Carrara",661,518,143,78.37,21.63
"Toscana","Massa-Carrara",836,634,202,75.84,24.16
"Toscana","Massa-Carrara",219,177,42,80.82,19.18
"Toscana","Massa-Carrara",735,300,435,40.82,59.18
"Toscana","Massa-Carrara",308,138,170,44.81,55.19
"Toscana","Massa-Carrara",526,216,310,41.06,58.94
"Toscana","Massa-Carrara",420,239,181,56.9,43.1
"Toscana","Massa-Carrara",29,0,29,0,100
"Toscana","Massa-Carrara",206,171,35,83.01,16.99
"Toscana","Massa-Carrara",86,60,26,69.77,30.23
"Toscana","Massa-Carrara",126,57,69,45.24,54.76
"Toscana","Massa-Carrara",480,185,295,38.54,61.46
"Toscana","Massa-Carrara",49,0,49,0,100
"Toscana","Massa-Carrara",78,42,36,53.85,46.15
"Toscana","Massa-Carrara",182,3,179,1.65,98.35
"Toscana","Massa-Carrara",82,10,72,12.2,87.8
"Toscana","Massa-Carrara",70,8,62,11.43,88.57
"Toscana","Massa-Carrara",204,57,147,27.94,72.06
"Toscana","Massa-Carrara",76,37,39,48.68,51.32
"Toscana","Massa-Carrara",41,7,34,17.07,82.93
"Toscana","Massa-Carrara",19,12,7,63.16,36.84
"Toscana","Massa-Carrara",333,196,137,58.86,41.14
"Toscana","Massa-Carrara",297,219,78,73.74,26.26
"Toscana","Massa-Carrara",32,24,8,75,25
"Toscana","Massa-Carrara",133,36,97,27.07,72.93
"Toscana","Massa-Carrara",104,42,62,40.38,59.62
"Toscana","Massa-Carrara",275,90,185,32.73,67.27
"Toscana","Massa-Carrara",29,10,19,34.48,65.52
"Toscana","Massa-Carrara",465,46,419,9.89,90.11
"Toscana","Massa-Carrara",61,8,53,13.11,86.89
"Toscana","Massa-Carrara",552,101,451,18.3,81.7
"Basilicata","Matera",84,50,34,59.52,40.48
"Basilicata","Matera",413,295,118,71.43,28.57
"Basilicata","Matera",307,234,73,76.22,23.78
"Basilicata","Matera",52,27,25,51.92,48.08
"Basilicata","Matera",68,54,14,79.41,20.59
"Basilicata","Matera",853,697,156,81.71,18.29
"Basilicata","Matera",370,262,108,70.81,29.19
"Basilicata","Matera",63,31,32,49.21,50.79
"Basilicata","Matera",47,34,13,72.34,27.66
"Basilicata","Matera",861,404,457,46.92,53.08
"Basilicata","Matera",56,18,38,32.14,67.86
"Basilicata","Matera",256,116,140,45.31,54.69
"Basilicata","Matera",263,145,118,55.13,44.87
"Basilicata","Matera",65,27,38,41.54,58.46
"Basilicata","Matera",702,370,332,52.71,47.29
"Basilicata","Matera",96,22,74,22.92,77.08
"Basilicata","Matera",31,8,23,25.81,74.19
"Basilicata","Matera",431,307,124,71.23,28.77
"Basilicata","Matera",7,5,2,71.43,28.57
"Basilicata","Matera",209,88,121,42.11,57.89
"Basilicata","Matera",31,22,9,70.97,29.03
"Basilicata","Matera",359,111,248,30.92,69.08
"Basilicata","Matera",16,6,10,37.5,62.5
"Basilicata","Matera",86,35,51,40.7,59.3
"Basilicata","Matera",50,21,29,42,58
"Basilicata","Matera",83,0,83,0,100
"Basilicata","Matera",63,6,57,9.52,90.48
"Basilicata","Matera",12,3,9,25,75
"Basilicata","Matera",245,157,88,64.08,35.92
"Basilicata","Matera",373,269,104,72.12,27.88
"Basilicata","Matera",129,31,98,24.03,75.97
"Basilicata","Matera",15,4,11,26.67,73.33
"Basilicata","Matera",164,26,138,15.85,84.15
"Basilicata","Matera",43,11,32,25.58,74.42
"Basilicata","Matera",194,107,87,55.15,44.85
"Basilicata","Matera",22,7,15,31.82,68.18
"Basilicata","Matera",217,66,151,30.41,69.59
"Basilicata","Matera",97,43,54,44.33,55.67
"Basilicata","Matera",670,263,407,39.25,60.75
"Basilicata","Matera",14,0,14,0,100
"Basilicata","Matera",70,39,31,55.71,44.29
"Basilicata","Matera",120,13,107,10.83,89.17
"Basilicata","Matera",871,101,770,11.6,88.4
"Basilicata","Matera",150,41,109,27.33,72.67
"Basilicata","Matera",293,48,245,16.38,83.62
"Basilicata","Matera",82,39,43,47.56,52.44
"Basilicata","Matera",218,25,193,11.47,88.53
"Campania","Napoli",13,11,2,84.62,15.38
"Campania","Napoli",714,508,206,71.15,28.85
"Campania","Napoli",112,85,27,75.89,24.11
"Campania","Napoli",490,359,131,73.27,26.73
"Campania","Napoli",140,102,38,72.86,27.14
"Campania","Napoli",708,544,164,76.84,23.16
"Campania","Napoli",1201,707,494,58.87,41.13
"Campania","Napoli",795,511,284,64.28,35.72
"Campania","Napoli",826,546,280,66.1,33.9
"Campania","Napoli",933,707,226,75.78,24.22
"Campania","Napoli",876,567,309,64.73,35.27
"Campania","Napoli",449,208,241,46.33,53.67
"Campania","Napoli",620,427,193,68.87,31.13
"Campania","Napoli",993,575,418,57.91,42.09
"Campania","Napoli",1174,755,419,64.31,35.69
"Campania","Napoli",919,801,118,87.16,12.84
"Campania","Napoli",597,401,196,67.17,32.83
"Campania","Napoli",399,366,33,91.73,8.27
"Campania","Napoli",1150,865,285,75.22,24.78
"Campania","Napoli",1293,846,447,65.43,34.57
"Campania","Napoli",734,510,224,69.48,30.52
"Campania","Napoli",341,291,50,85.34,14.66
"Campania","Napoli",950,535,415,56.32,43.68
"Campania","Napoli",1149,673,476,58.57,41.43
"Campania","Napoli",188,138,50,73.4,26.6
"Campania","Napoli",728,578,150,79.4,20.6
"Campania","Napoli",238,185,53,77.73,22.27
"Campania","Napoli",1136,838,298,73.77,26.23
"Campania","Napoli",760,632,128,83.16,16.84
"Campania","Napoli",803,571,232,71.11,28.89
"Campania","Napoli",483,329,154,68.12,31.88
"Campania","Napoli",304,258,46,84.87,15.13
"Campania","Napoli",435,384,51,88.28,11.72
"Campania","Napoli",717,519,198,72.38,27.62
"Campania","Napoli",39,25,14,64.1,35.9
"Campania","Napoli",472,341,131,72.25,27.75
"Campania","Napoli",89,61,28,68.54,31.46
"Campania","Napoli",794,617,177,77.71,22.29
"Campania","Napoli",958,813,145,84.86,15.14
"Campania","Napoli",735,447,288,60.82,39.18
"Campania","Napoli",36,26,10,72.22,27.78
"Campania","Napoli",1584,1352,232,85.35,14.65
"Campania","Napoli",226,78,148,34.51,65.49
"Campania","Napoli",834,543,291,65.11,34.89
"Campania","Napoli",248,61,187,24.6,75.4
"Campania","Napoli",106,61,45,57.55,42.45
"Campania","Napoli",778,477,301,61.31,38.69
"Campania","Napoli",1027,592,435,57.64,42.36
"Campania","Napoli",615,295,320,47.97,52.03
"Campania","Napoli",974,571,403,58.62,41.38
"Campania","Napoli",149,109,40,73.15,26.85
"Campania","Napoli",343,113,230,32.94,67.06
"Campania","Napoli",346,132,214,38.15,61.85
"Campania","Napoli",1118,601,517,53.76,46.24
"Campania","Napoli",1322,540,782,40.85,59.15
"Campania","Napoli",578,217,361,37.54,62.46
"Campania","Napoli",838,458,380,54.65,45.35
"Campania","Napoli",734,272,462,37.06,62.94
"Campania","Napoli",115,94,21,81.74,18.26
"Campania","Napoli",453,239,214,52.76,47.24
"Campania","Napoli",534,281,253,52.62,47.38
"Campania","Napoli",133,108,25,81.2,18.8
"Campania","Napoli",293,270,23,92.15,7.85
"Campania","Napoli",1132,440,692,38.87,61.13
"Campania","Napoli",81,50,31,61.73,38.27
"Campania","Napoli",414,185,229,44.69,55.31
"Campania","Napoli",773,306,467,39.59,60.41
"Campania","Napoli",246,117,129,47.56,52.44
"Campania","Napoli",166,66,100,39.76,60.24
"Campania","Napoli",1127,401,726,35.58,64.42
"Campania","Napoli",1051,460,591,43.77,56.23
"Campania","Napoli",73,21,52,28.77,71.23
"Campania","Napoli",740,540,200,72.97,27.03
"Campania","Napoli",261,44,217,16.86,83.14
"Campania","Napoli",1799,916,883,50.92,49.08
"Campania","Napoli",145,73,72,50.34,49.66
"Campania","Napoli",1200,828,372,69,31
"Campania","Napoli",248,194,54,78.23,21.77
"Campania","Napoli",1134,538,596,47.44,52.56
"Campania","Napoli",428,296,132,69.16,30.84
"Campania","Napoli",1069,609,460,56.97,43.03
"Campania","Napoli",355,157,198,44.23,55.77
"Campania","Napoli",68,50,18,73.53,26.47
"Campania","Napoli",116,34,82,29.31,70.69
"Campania","Napoli",212,143,69,67.45,32.55
"Campania","Napoli",1632,985,647,60.36,39.64
"Campania","Napoli",1086,512,574,47.15,52.85
"Campania","Napoli",1195,730,465,61.09,38.91
"Campania","Napoli",1289,579,710,44.92,55.08
"Campania","Napoli",1209,647,562,53.52,46.48
"Campania","Napoli",1398,723,675,51.72,48.28
"Campania","Napoli",786,298,488,37.91,62.09
"Campania","Napoli",638,278,360,43.57,56.43
"Campania","Napoli",746,358,388,47.99,52.01
"Campania","Napoli",1017,711,306,69.91,30.09
"Campania","Napoli",485,225,260,46.39,53.61
"Campania","Napoli",1142,523,619,45.8,54.2
"Campania","Napoli",948,545,403,57.49,42.51
"Campania","Napoli",873,581,292,66.55,33.45
"Campania","Napoli",253,135,118,53.36,46.64
"Campania","Napoli",942,511,431,54.25,45.75
"Campania","Napoli",113,58,55,51.33,48.67
"Campania","Napoli",1140,620,520,54.39,45.61
"Campania","Napoli",641,374,267,58.35,41.65
"Campania","Napoli",835,397,438,47.54,52.46
"Campania","Napoli",657,287,370,43.68,56.32
"Campania","Napoli",1256,753,503,59.95,40.05
"Campania","Napoli",704,339,365,48.15,51.85
"Campania","Napoli",1393,682,711,48.96,51.04
"Campania","Napoli",896,425,471,47.43,52.57
"Campania","Napoli",315,176,139,55.87,44.13
"Campania","Napoli",1384,778,606,56.21,43.79
"Campania","Napoli",98,45,53,45.92,54.08
"Campania","Napoli",137,11,126,8.03,91.97
"Campania","Napoli",44,27,17,61.36,38.64
"Campania","Napoli",125,98,27,78.4,21.6
"Campania","Napoli",87,39,48,44.83,55.17
"Campania","Napoli",202,114,88,56.44,43.56
"Campania","Napoli",116,52,64,44.83,55.17
"Campania","Napoli",258,152,106,58.91,41.09
"Campania","Napoli",84,45,39,53.57,46.43
"Campania","Napoli",475,185,290,38.95,61.05
"Campania","Napoli",342,99,243,28.95,71.05
"Campania","Napoli",13,9,4,69.23,30.77
"Campania","Napoli",285,280,5,98.25,1.75
"Campania","Napoli",31,30,1,96.77,3.23
"Campania","Napoli",14,0,14,0,100
"Campania","Napoli",904,385,519,42.59,57.41
"Campania","Napoli",544,252,292,46.32,53.68
"Campania","Napoli",375,207,168,55.2,44.8
"Campania","Napoli",401,342,59,85.29,14.71
"Campania","Napoli",63,48,15,76.19,23.81
"Campania","Napoli",1308,485,823,37.08,62.92
"Campania","Napoli",113,41,72,36.28,63.72
"Campania","Napoli",456,304,152,66.67,33.33
"Campania","Napoli",317,163,154,51.42,48.58
"Campania","Napoli",87,58,29,66.67,33.33
"Campania","Napoli",186,97,89,52.15,47.85
"Campania","Napoli",483,381,102,78.88,21.12
"Campania","Napoli",136,93,43,68.38,31.62
"Campania","Napoli",709,289,420,40.76,59.24
"Campania","Napoli",216,141,75,65.28,34.72
"Campania","Napoli",76,50,26,65.79,34.21
"Campania","Napoli",62,46,16,74.19,25.81
"Campania","Napoli",160,91,69,56.88,43.12
"Campania","Napoli",196,90,106,45.92,54.08
"Campania","Napoli",857,283,574,33.02,66.98
"Campania","Napoli",142,65,77,45.77,54.23
"Campania","Napoli",496,170,326,34.27,65.73
"Campania","Napoli",626,300,326,47.92,52.08
"Campania","Napoli",47,27,20,57.45,42.55
"Campania","Napoli",475,238,237,50.11,49.89
"Campania","Napoli",73,41,32,56.16,43.84
"Campania","Napoli",1046,369,677,35.28,64.72
"Campania","Napoli",358,182,176,50.84,49.16
"Campania","Napoli",940,377,563,40.11,59.89
"Campania","Napoli",821,290,531,35.32,64.68
"Campania","Napoli",25,18,7,72,28
"Campania","Napoli",530,183,347,34.53,65.47
"Campania","Napoli",68,36,32,52.94,47.06
"Campania","Napoli",357,133,224,37.25,62.75
"Campania","Napoli",109,41,68,37.61,62.39
"Campania","Napoli",105,38,67,36.19,63.81
"Campania","Napoli",223,72,151,32.29,67.71
"Campania","Napoli",258,114,144,44.19,55.81
"Campania","Napoli",426,145,281,34.04,65.96
"Campania","Napoli",51,22,29,43.14,56.86
"Campania","Napoli",42,26,16,61.9,38.1
"Campania","Napoli",349,139,210,39.83,60.17
"Campania","Napoli",67,33,34,49.25,50.75
"Campania","Napoli",412,165,247,40.05,59.95
"Campania","Napoli",20,13,7,65,35
"Campania","Napoli",245,92,153,37.55,62.45
"Campania","Napoli",821,302,519,36.78,63.22
"Campania","Napoli",48,14,34,29.17,70.83
"Campania","Napoli",548,215,333,39.23,60.77
"Campania","Napoli",34,5,29,14.71,85.29
"Campania","Napoli",662,235,427,35.5,64.5
"Campania","Napoli",466,172,294,36.91,63.09
"Campania","Napoli",35,21,14,60,40
"Campania","Napoli",102,80,22,78.43,21.57
"Campania","Napoli",19,12,7,63.16,36.84
"Campania","Napoli",42,18,24,42.86,57.14
"Campania","Napoli",477,189,288,39.62,60.38
"Campania","Napoli",358,223,135,62.29,37.71
"Campania","Napoli",139,80,59,57.55,42.45
"Campania","Napoli",23,13,10,56.52,43.48
"Campania","Napoli",599,218,381,36.39,63.61
"Campania","Napoli",40,0,40,0,100
"Campania","Napoli",214,101,113,47.2,52.8
"Campania","Napoli",394,214,180,54.31,45.69
"Campania","Napoli",111,37,74,33.33,66.67
"Campania","Napoli",219,128,91,58.45,41.55
"Campania","Napoli",282,184,98,65.25,34.75
"Campania","Napoli",7,0,7,0,100
"Campania","Napoli",80,77,3,96.25,3.75
"Campania","Napoli",450,239,211,53.11,46.89
"Campania","Napoli",104,49,55,47.12,52.88
"Campania","Napoli",257,186,71,72.37,27.63
"Campania","Napoli",285,78,207,27.37,72.63
"Campania","Napoli",16,15,1,93.75,6.25
"Campania","Napoli",134,64,70,47.76,52.24
"Campania","Napoli",82,45,37,54.88,45.12
"Campania","Napoli",56,35,21,62.5,37.5
"Campania","Napoli",76,24,52,31.58,68.42
"Campania","Napoli",364,205,159,56.32,43.68
"Campania","Napoli",99,56,43,56.57,43.43
"Campania","Napoli",272,56,216,20.59,79.41
"Campania","Napoli",100,37,63,37,63
"Campania","Napoli",694,374,320,53.89,46.11
"Campania","Napoli",87,37,50,42.53,57.47
"Campania","Napoli",740,459,281,62.03,37.97
"Campania","Napoli",273,159,114,58.24,41.76
"Campania","Napoli",154,66,88,42.86,57.14
"Campania","Napoli",200,110,90,55,45
"Campania","Napoli",27,27,0,100,0
"Campania","Napoli",575,311,264,54.09,45.91
"Campania","Napoli",123,64,59,52.03,47.97
"Campania","Napoli",52,46,6,88.46,11.54
"Campania","Napoli",90,49,41,54.44,45.56
"Campania","Napoli",78,58,20,74.36,25.64
"Campania","Napoli",149,0,149,0,100
"Campania","Napoli",782,598,184,76.47,23.53
"Campania","Napoli",219,138,81,63.01,36.99
"Campania","Napoli",478,348,130,72.8,27.2
"Campania","Napoli",481,350,131,72.77,27.23
"Campania","Napoli",63,44,19,69.84,30.16
"Campania","Napoli",356,250,106,70.22,29.78
"Campania","Napoli",602,483,119,80.23,19.77
"Campania","Napoli",752,563,189,74.87,25.13
"Campania","Napoli",25,11,14,44,56
"Campania","Napoli",287,218,69,75.96,24.04
"Campania","Napoli",72,42,30,58.33,41.67
"Campania","Napoli",158,119,39,75.32,24.68
"Campania","Napoli",402,296,106,73.63,26.37
"Campania","Napoli",189,144,45,76.19,23.81
"Campania","Napoli",16,11,5,68.75,31.25
"Campania","Napoli",753,554,199,73.57,26.43
"Campania","Napoli",142,22,120,15.49,84.51
"Campania","Napoli",84,17,67,20.24,79.76
"Campania","Napoli",366,195,171,53.28,46.72
"Campania","Napoli",152,84,68,55.26,44.74
"Campania","Napoli",95,33,62,34.74,65.26
"Campania","Napoli",352,124,228,35.23,64.77
"Campania","Napoli",112,38,74,33.93,66.07
"Campania","Napoli",251,139,112,55.38,44.62
"Campania","Napoli",78,47,31,60.26,39.74
"Campania","Napoli",341,116,225,34.02,65.98
"Campania","Napoli",519,247,272,47.59,52.41
"Campania","Napoli",47,24,23,51.06,48.94
"Campania","Napoli",354,102,252,28.81,71.19
"Campania","Napoli",190,98,92,51.58,48.42
"Campania","Napoli",379,187,192,49.34,50.66
"Campania","Napoli",494,217,277,43.93,56.07
"Campania","Napoli",176,105,71,59.66,40.34
"Campania","Napoli",27,13,14,48.15,51.85
"Campania","Napoli",104,80,24,76.92,23.08
"Campania","Napoli",345,85,260,24.64,75.36
"Campania","Napoli",575,165,410,28.7,71.3
"Campania","Napoli",23,7,16,30.43,69.57
"Campania","Napoli",595,157,438,26.39,73.61
"Campania","Napoli",45,25,20,55.56,44.44
"Campania","Napoli",527,149,378,28.27,71.73
"Campania","Napoli",421,234,187,55.58,44.42
"Campania","Napoli",462,203,259,43.94,56.06
"Campania","Napoli",850,223,627,26.24,73.76
"Campania","Napoli",65,39,26,60,40
"Campania","Napoli",296,155,141,52.36,47.64
"Campania","Napoli",649,424,225,65.33,34.67
"Campania","Napoli",108,79,29,73.15,26.85
"Campania","Napoli",569,140,429,24.6,75.4
"Campania","Napoli",23,19,4,82.61,17.39
"Campania","Napoli",255,88,167,34.51,65.49
"Campania","Napoli",504,196,308,38.89,61.11
"Campania","Napoli",829,451,378,54.4,45.6
"Campania","Napoli",528,219,309,41.48,58.52
"Campania","Napoli",57,26,31,45.61,54.39
"Campania","Napoli",476,192,284,40.34,59.66
"Campania","Napoli",15,1,14,6.67,93.33
"Campania","Napoli",244,94,150,38.52,61.48
"Campania","Napoli",616,292,324,47.4,52.6
"Campania","Napoli",134,66,68,49.25,50.75
"Campania","Napoli",785,207,578,26.37,73.63
"Campania","Napoli",75,32,43,42.67,57.33
"Campania","Napoli",865,284,581,32.83,67.17
"Campania","Napoli",29,19,10,65.52,34.48
"Campania","Napoli",586,214,372,36.52,63.48
"Campania","Napoli",100,41,59,41,59
"Campania","Napoli",966,145,821,15.01,84.99
"Campania","Napoli",127,51,76,40.16,59.84
"Campania","Napoli",308,0,308,0,100
"Campania","Napoli",750,413,337,55.07,44.93
"Campania","Napoli",183,76,107,41.53,58.47
"Campania","Napoli",556,272,284,48.92,51.08
"Campania","Napoli",95,46,49,48.42,51.58
"Campania","Napoli",1043,248,795,23.78,76.22
"Campania","Napoli",383,171,212,44.65,55.35
"Campania","Napoli",269,130,139,48.33,51.67
"Campania","Napoli",450,37,413,8.22,91.78
"Campania","Napoli",518,53,465,10.23,89.77
"Campania","Napoli",33,6,27,18.18,81.82
"Campania","Napoli",909,65,844,7.15,92.85
"Campania","Napoli",64,9,55,14.06,85.94
"Campania","Napoli",1168,37,1131,3.17,96.83
"Campania","Napoli",104,31,73,29.81,70.19
"Campania","Napoli",880,83,797,9.43,90.57
"Campania","Napoli",136,24,112,17.65,82.35
"Campania","Napoli",583,141,442,24.19,75.81
"Campania","Napoli",491,12,479,2.44,97.56
"Campania","Napoli",68,6,62,8.82,91.18
"Campania","Napoli",635,160,475,25.2,74.8
"Campania","Napoli",22,3,19,13.64,86.36
"Campania","Napoli",787,167,620,21.22,78.78
"Campania","Napoli",18,1,17,5.56,94.44
"Campania","Napoli",29,1,28,3.45,96.55
"Campania","Napoli",78,36,42,46.15,53.85
"Campania","Napoli",877,36,841,4.1,95.9
"Campania","Napoli",691,309,382,44.72,55.28
"Campania","Napoli",224,104,120,46.43,53.57
"Campania","Napoli",222,167,55,75.23,24.77
"Campania","Napoli",459,25,434,5.45,94.55
"Campania","Napoli",46,36,10,78.26,21.74
"Campania","Napoli",1159,22,1137,1.9,98.1
"Campania","Napoli",310,76,234,24.52,75.48
"Campania","Napoli",14,4,10,28.57,71.43
"Campania","Napoli",1466,262,1204,17.87,82.13
"Campania","Napoli",238,78,160,32.77,67.23
"Campania","Napoli",482,171,311,35.48,64.52
"Campania","Napoli",158,56,102,35.44,64.56
"Campania","Napoli",598,45,553,7.53,92.47
"Campania","Napoli",1845,89,1756,4.82,95.18
"Campania","Napoli",220,33,187,15,85
"Campania","Napoli",797,99,698,12.42,87.58
"Campania","Napoli",108,39,69,36.11,63.89
"Campania","Napoli",733,36,697,4.91,95.09
"Campania","Napoli",57,0,57,0,100
"Campania","Napoli",86,16,70,18.6,81.4
"Campania","Napoli",593,64,529,10.79,89.21
"Campania","Napoli",22,4,18,18.18,81.82
"Campania","Napoli",203,19,184,9.36,90.64
"Campania","Napoli",273,12,261,4.4,95.6
"Campania","Napoli",17,0,17,0,100
"Campania","Napoli",281,60,221,21.35,78.65
"Campania","Napoli",565,61,504,10.8,89.2
"Campania","Napoli",641,189,452,29.49,70.51
"Campania","Napoli",52,6,46,11.54,88.46
"Campania","Napoli",146,104,42,71.23,28.77
"Campania","Napoli",216,139,77,64.35,35.65
"Campania","Napoli",106,86,20,81.13,18.87
"Campania","Napoli",371,285,86,76.82,23.18
"Campania","Napoli",209,162,47,77.51,22.49
"Campania","Napoli",760,456,304,60,40
"Campania","Napoli",337,178,159,52.82,47.18
"Campania","Napoli",69,54,15,78.26,21.74
"Campania","Napoli",84,63,21,75,25
"Campania","Napoli",166,122,44,73.49,26.51
"Campania","Napoli",93,71,22,76.34,23.66
"Campania","Napoli",115,76,39,66.09,33.91
"Campania","Napoli",58,42,16,72.41,27.59
"Piemonte","Novara",652,514,138,78.83,21.17
"Piemonte","Novara",771,660,111,85.6,14.4
"Piemonte","Novara",41,32,9,78.05,21.95
"Piemonte","Novara",492,262,230,53.25,46.75
"Piemonte","Novara",714,360,354,50.42,49.58
"Piemonte","Novara",918,457,461,49.78,50.22
"Piemonte","Novara",472,235,237,49.79,50.21
"Piemonte","Novara",670,564,106,84.18,15.82
"Piemonte","Novara",518,274,244,52.9,47.1
"Piemonte","Novara",162,26,136,16.05,83.95
"Piemonte","Novara",813,507,306,62.36,37.64
"Piemonte","Novara",44,28,16,63.64,36.36
"Piemonte","Novara",551,179,372,32.49,67.51
"Piemonte","Novara",636,501,135,78.77,21.23
"Piemonte","Novara",228,183,45,80.26,19.74
"Piemonte","Novara",339,125,214,36.87,63.13
"Piemonte","Novara",138,50,88,36.23,63.77
"Piemonte","Novara",24,9,15,37.5,62.5
"Piemonte","Novara",426,248,178,58.22,41.78
"Piemonte","Novara",365,207,158,56.71,43.29
"Piemonte","Novara",977,610,367,62.44,37.56
"Piemonte","Novara",51,35,16,68.63,31.37
"Piemonte","Novara",1225,392,833,32,68
"Piemonte","Novara",1042,172,870,16.51,83.49
"Piemonte","Novara",205,9,196,4.39,95.61
"Piemonte","Novara",84,6,78,7.14,92.86
"Piemonte","Novara",888,100,788,11.26,88.74
"Piemonte","Novara",599,272,327,45.41,54.59
"Sardegna","Nuoro",58,42,16,72.41,27.59
"Sardegna","Nuoro",451,316,135,70.07,29.93
"Sardegna","Nuoro",204,175,29,85.78,14.22
"Sardegna","Nuoro",442,372,70,84.16,15.84
"Sardegna","Nuoro",152,100,52,65.79,34.21
"Sardegna","Nuoro",258,118,140,45.74,54.26
"Sardegna","Nuoro",393,245,148,62.34,37.66
"Sardegna","Nuoro",170,105,65,61.76,38.24
"Sardegna","Nuoro",473,263,210,55.6,44.4
"Sardegna","Nuoro",142,61,81,42.96,57.04
"Sardegna","Nuoro",164,103,61,62.8,37.2
"Sardegna","Nuoro",1164,620,544,53.26,46.74
"Sardegna","Nuoro",145,41,104,28.28,71.72
"Sardegna","Nuoro",38,5,33,13.16,86.84
"Sardegna","Nuoro",251,37,214,14.74,85.26
"Sardegna","Nuoro",26,0,26,0,100
"Sardegna","Nuoro",45,19,26,42.22,57.78
"Sardegna","Nuoro",285,191,94,67.02,32.98
"Sardegna","Nuoro",80,16,64,20,80
"Sardegna","Nuoro",190,8,182,4.21,95.79
"Sardegna","Nuoro",76,37,39,48.68,51.32
"Sardegna","Nuoro",99,10,89,10.1,89.9
"Sardegna","Nuoro",158,39,119,24.68,75.32
"Sardegna","Nuoro",142,32,110,22.54,77.46
"Sardegna","Nuoro",210,158,52,75.24,24.76
"Sardegna","Nuoro",90,63,27,70,30
"Sardegna","Nuoro",251,77,174,30.68,69.32
"Sardegna","Nuoro",30,0,30,0,100
"Sardegna","Nuoro",66,27,39,40.91,59.09
"Sardegna","Nuoro",51,16,35,31.37,68.63
"Sardegna","Nuoro",138,56,82,40.58,59.42
"Sardegna","Nuoro",33,13,20,39.39,60.61
"Sardegna","Nuoro",94,7,87,7.45,92.55
"Sardegna","Nuoro",285,112,173,39.3,60.7
"Sardegna","Nuoro",24,12,12,50,50
"Sardegna","Nuoro",421,211,210,50.12,49.88
"Sardegna","Nuoro",15,12,3,80,20
"Sardegna","Nuoro",726,305,421,42.01,57.99
"Sardegna","Nuoro",100,38,62,38,62
"Sardegna","Nuoro",72,39,33,54.17,45.83
"Sardegna","Nuoro",169,16,153,9.47,90.53
"Sardegna","Nuoro",251,61,190,24.3,75.7
"Sardegna","Nuoro",83,25,58,30.12,69.88
"Sardegna","Nuoro",72,1,71,1.39,98.61
"Sardegna","Nuoro",54,12,42,22.22,77.78
"Sardegna","Oristano",223,137,86,61.43,38.57
"Sardegna","Oristano",289,207,82,71.63,28.37
"Sardegna","Oristano",909,715,194,78.66,21.34
"Sardegna","Oristano",98,47,51,47.96,52.04
"Sardegna","Oristano",854,420,434,49.18,50.82
"Sardegna","Oristano",190,117,73,61.58,38.42
"Sardegna","Oristano",259,100,159,38.61,61.39
"Sardegna","Oristano",562,209,353,37.19,62.81
"Sardegna","Oristano",47,18,29,38.3,61.7
"Sardegna","Oristano",86,51,35,59.3,40.7
"Sardegna","Oristano",41,0,41,0,100
"Sardegna","Oristano",6,1,5,16.67,83.33
"Sardegna","Oristano",287,228,59,79.44,20.56
"Sardegna","Oristano",36,0,36,0,100
"Sardegna","Oristano",857,316,541,36.87,63.13
"Sardegna","Oristano",22,0,22,0,100
"Sardegna","Oristano",52,34,18,65.38,34.62
"Sardegna","Oristano",73,28,45,38.36,61.64
"Sardegna","Oristano",147,63,84,42.86,57.14
"Sardegna","Oristano",807,119,688,14.75,85.25
"Sardegna","Oristano",61,6,55,9.84,90.16
"Sardegna","Oristano",51,3,48,5.88,94.12
"Sardegna","Oristano",107,31,76,28.97,71.03
"Sicilia","Palermo",454,311,143,68.5,31.5
"Sicilia","Palermo",41,26,15,63.41,36.59
"Sicilia","Palermo",225,133,92,59.11,40.89
"Sicilia","Palermo",82,61,21,74.39,25.61
"Sicilia","Palermo",1684,1239,445,73.57,26.43
"Sicilia","Palermo",1354,969,385,71.57,28.43
"Sicilia","Palermo",1032,712,320,68.99,31.01
"Sicilia","Palermo",983,695,288,70.7,29.3
"Sicilia","Palermo",94,45,49,47.87,52.13
"Sicilia","Palermo",904,652,252,72.12,27.88
"Sicilia","Palermo",259,184,75,71.04,28.96
"Sicilia","Palermo",253,198,55,78.26,21.74
"Sicilia","Palermo",1161,1002,159,86.3,13.7
"Sicilia","Palermo",22,12,10,54.55,45.45
"Sicilia","Palermo",48,38,10,79.17,20.83
"Sicilia","Palermo",13,11,2,84.62,15.38
"Sicilia","Palermo",31,24,7,77.42,22.58
"Sicilia","Palermo",1065,834,231,78.31,21.69
"Sicilia","Palermo",263,205,58,77.95,22.05
"Sicilia","Palermo",274,192,82,70.07,29.93
"Sicilia","Palermo",1888,1415,473,74.95,25.05
"Sicilia","Palermo",1439,1160,279,80.61,19.39
"Sicilia","Palermo",1156,808,348,69.9,30.1
"Sicilia","Palermo",378,276,102,73.02,26.98
"Sicilia","Palermo",209,82,127,39.23,60.77
"Sicilia","Palermo",369,183,186,49.59,50.41
"Sicilia","Palermo",225,69,156,30.67,69.33
"Sicilia","Palermo",565,317,248,56.11,43.89
"Sicilia","Palermo",1473,544,929,36.93,63.07
"Sicilia","Palermo",38,24,14,63.16,36.84
"Sicilia","Palermo",528,347,181,65.72,34.28
"Sicilia","Palermo",549,178,371,32.42,67.58
"Sicilia","Palermo",281,160,121,56.94,43.06
"Sicilia","Palermo",1425,586,839,41.12,58.88
"Sicilia","Palermo",135,47,88,34.81,65.19
"Sicilia","Palermo",603,360,243,59.7,40.3
"Sicilia","Palermo",141,24,117,17.02,82.98
"Sicilia","Palermo",308,98,210,31.82,68.18
"Sicilia","Palermo",88,10,78,11.36,88.64
"Sicilia","Palermo",1305,450,855,34.48,65.52
"Sicilia","Palermo",132,66,66,50,50
"Sicilia","Palermo",1207,399,808,33.06,66.94
"Sicilia","Palermo",710,272,438,38.31,61.69
"Sicilia","Palermo",1386,851,535,61.4,38.6
"Sicilia","Palermo",74,40,34,54.05,45.95
"Sicilia","Palermo",1456,554,902,38.05,61.95
"Sicilia","Palermo",837,353,484,42.17,57.83
"Sicilia","Palermo",3,1,2,33.33,66.67
"Sicilia","Palermo",89,9,80,10.11,89.89
"Sicilia","Palermo",24,6,18,25,75
"Sicilia","Palermo",66,21,45,31.82,68.18
"Sicilia","Palermo",139,38,101,27.34,72.66
"Sicilia","Palermo",145,35,110,24.14,75.86
"Sicilia","Palermo",75,29,46,38.67,61.33
"Sicilia","Palermo",324,92,232,28.4,71.6
"Sicilia","Palermo",27,4,23,14.81,85.19
"Sicilia","Palermo",196,125,71,63.78,36.22
"Sicilia","Palermo",44,29,15,65.91,34.09
"Sicilia","Palermo",178,149,29,83.71,16.29
"Sicilia","Palermo",50,32,18,64,36
"Sicilia","Palermo",26,7,19,26.92,73.08
"Sicilia","Palermo",154,62,92,40.26,59.74
"Sicilia","Palermo",35,21,14,60,40
"Sicilia","Palermo",253,103,150,40.71,59.29
"Sicilia","Palermo",50,29,21,58,42
"Sicilia","Palermo",352,117,235,33.24,66.76
"Sicilia","Palermo",79,40,39,50.63,49.37
"Sicilia","Palermo",367,122,245,33.24,66.76
"Sicilia","Palermo",113,0,113,0,100
"Sicilia","Palermo",117,0,117,0,100
"Sicilia","Palermo",76,32,44,42.11,57.89
"Sicilia","Palermo",51,24,27,47.06,52.94
"Sicilia","Palermo",44,25,19,56.82,43.18
"Sicilia","Palermo",101,59,42,58.42,41.58
"Sicilia","Palermo",53,28,25,52.83,47.17
"Sicilia","Palermo",77,39,38,50.65,49.35
"Sicilia","Palermo",15,8,7,53.33,46.67
"Sicilia","Palermo",1653,620,1033,37.51,62.49
"Sicilia","Palermo",121,62,59,51.24,48.76
"Sicilia","Palermo",359,107,252,29.81,70.19
"Sicilia","Palermo",181,84,97,46.41,53.59
"Sicilia","Palermo",501,178,323,35.53,64.47
"Sicilia","Palermo",31,12,19,38.71,61.29
"Sicilia","Palermo",23,2,21,8.7,91.3
"Sicilia","Palermo",107,3,104,2.8,97.2
"Sicilia","Palermo",48,24,24,50,50
"Sicilia","Palermo",73,0,73,0,100
"Sicilia","Palermo",782,305,477,39,61
"Sicilia","Palermo",79,33,46,41.77,58.23
"Sicilia","Palermo",71,0,71,0,100
"Sicilia","Palermo",433,160,273,36.95,63.05
"Sicilia","Palermo",1,0,1,0,100
"Sicilia","Palermo",21,10,11,47.62,52.38
"Sicilia","Palermo",418,169,249,40.43,59.57
"Sicilia","Palermo",231,67,164,29,71
"Sicilia","Palermo",707,278,429,39.32,60.68
"Sicilia","Palermo",202,78,124,38.61,61.39
"Sicilia","Palermo",153,89,64,58.17,41.83
"Sicilia","Palermo",45,32,13,71.11,28.89
"Sicilia","Palermo",226,171,55,75.66,24.34
"Sicilia","Palermo",522,361,161,69.16,30.84
"Sicilia","Palermo",93,52,41,55.91,44.09
"Sicilia","Palermo",857,631,226,73.63,26.37
"Sicilia","Palermo",543,342,201,62.98,37.02
"Sicilia","Palermo",105,54,51,51.43,48.57
"Sicilia","Palermo",40,13,27,32.5,67.5
"Sicilia","Palermo",16,3,13,18.75,81.25
"Sicilia","Palermo",101,58,43,57.43,42.57
"Sicilia","Palermo",240,73,167,30.42,69.58
"Sicilia","Palermo",217,58,159,26.73,73.27
"Sicilia","Palermo",19,7,12,36.84,63.16
"Sicilia","Palermo",239,134,105,56.07,43.93
"Sicilia","Palermo",39,11,28,28.21,71.79
"Sicilia","Palermo",35,16,19,45.71,54.29
"Sicilia","Palermo",187,39,148,20.86,79.14
"Sicilia","Palermo",264,133,131,50.38,49.62
"Sicilia","Palermo",109,54,55,49.54,50.46
"Sicilia","Palermo",216,107,109,49.54,50.46
"Sicilia","Palermo",439,89,350,20.27,79.73
"Sicilia","Palermo",72,32,40,44.44,55.56
"Sicilia","Palermo",595,153,442,25.71,74.29
"Sicilia","Palermo",65,24,41,36.92,63.08
"Sicilia","Palermo",654,249,405,38.07,61.93
"Sicilia","Palermo",100,65,35,65,35
"Sicilia","Palermo",812,303,509,37.32,62.68
"Sicilia","Palermo",604,218,386,36.09,63.91
"Sicilia","Palermo",46,22,24,47.83,52.17
"Sicilia","Palermo",155,24,131,15.48,84.52
"Sicilia","Palermo",18,12,6,66.67,33.33
"Sicilia","Palermo",502,58,444,11.55,88.45
"Sicilia","Palermo",127,4,123,3.15,96.85
"Sicilia","Palermo",24,3,21,12.5,87.5
"Sicilia","Palermo",135,0,135,0,100
"Sicilia","Palermo",1144,102,1042,8.92,91.08
"Sicilia","Palermo",217,94,123,43.32,56.68
"Sicilia","Palermo",1278,34,1244,2.66,97.34
"Sicilia","Palermo",104,8,96,7.69,92.31
"Sicilia","Palermo",78,0,78,0,100
"Sicilia","Palermo",61,4,57,6.56,93.44
"Sicilia","Palermo",775,80,695,10.32,89.68
"Sicilia","Palermo",85,9,76,10.59,89.41
"Sicilia","Palermo",20,0,20,0,100
"Sicilia","Palermo",25,14,11,56,44
"Sicilia","Palermo",515,229,286,44.47,55.53
"Sicilia","Palermo",63,21,42,33.33,66.67
"Sicilia","Palermo",446,89,357,19.96,80.04
"Sicilia","Palermo",800,545,255,68.12,31.88
"Sicilia","Palermo",159,99,60,62.26,37.74
"Sicilia","Palermo",14,8,6,57.14,42.86
"Emilia-Romagna","Piacenza",1306,934,372,71.52,28.48
"Emilia-Romagna","Piacenza",1187,905,282,76.24,23.76
"Emilia-Romagna","Piacenza",735,454,281,61.77,38.23
"Emilia-Romagna","Piacenza",474,342,132,72.15,27.85
"Emilia-Romagna","Piacenza",1214,519,695,42.75,57.25
"Emilia-Romagna","Piacenza",599,281,318,46.91,53.09
"Emilia-Romagna","Piacenza",114,37,77,32.46,67.54
"Emilia-Romagna","Piacenza",70,14,56,20,80
"Emilia-Romagna","Piacenza",35,0,35,0,100
"Emilia-Romagna","Piacenza",200,126,74,63,37
"Emilia-Romagna","Piacenza",769,506,263,65.8,34.2
"Emilia-Romagna","Piacenza",155,2,153,1.29,98.71
"Emilia-Romagna","Piacenza",309,4,305,1.29,98.71
"Emilia-Romagna","Piacenza",695,531,164,76.4,23.6
"Emilia-Romagna","Piacenza",23,17,6,73.91,26.09
"Emilia-Romagna","Piacenza",288,83,205,28.82,71.18
"Emilia-Romagna","Piacenza",132,82,50,62.12,37.88
"Emilia-Romagna","Piacenza",1337,858,479,64.17,35.83
"Emilia-Romagna","Piacenza",69,43,26,62.32,37.68
"Emilia-Romagna","Piacenza",274,174,100,63.5,36.5
"Emilia-Romagna","Piacenza",78,45,33,57.69,42.31
"Emilia-Romagna","Piacenza",156,3,153,1.92,98.08
"Emilia-Romagna","Piacenza",244,5,239,2.05,97.95
"Emilia-Romagna","Piacenza",1457,163,1294,11.19,88.81
"Emilia-Romagna","Piacenza",292,81,211,27.74,72.26
"Emilia-Romagna","Piacenza",29,7,22,24.14,75.86
"Veneto","Padova",216,135,81,62.5,37.5
"Veneto","Padova",161,61,100,37.89,62.11
"Veneto","Padova",159,125,34,78.62,21.38
"Veneto","Padova",963,580,383,60.23,39.77
"Veneto","Padova",762,552,210,72.44,27.56
"Veneto","Padova",939,692,247,73.7,26.3
"Veneto","Padova",306,250,56,81.7,18.3
"Veneto","Padova",1044,887,157,84.96,15.04
"Veneto","Padova",396,346,50,87.37,12.63
"Veneto","Padova",284,240,44,84.51,15.49
"Veneto","Padova",588,433,155,73.64,26.36
"Veneto","Padova",1048,577,471,55.06,44.94
"Veneto","Padova",696,458,238,65.8,34.2
"Veneto","Padova",197,89,108,45.18,54.82
"Veneto","Padova",1042,478,564,45.87,54.13
"Veneto","Padova",781,387,394,49.55,50.45
"Veneto","Padova",502,201,301,40.04,59.96
"Veneto","Padova",290,133,157,45.86,54.14
"Veneto","Padova",293,125,168,42.66,57.34
"Veneto","Padova",793,354,439,44.64,55.36
"Veneto","Padova",832,683,149,82.09,17.91
"Veneto","Padova",758,376,382,49.6,50.4
"Veneto","Padova",1085,563,522,51.89,48.11
"Veneto","Padova",759,338,421,44.53,55.47
"Veneto","Padova",318,60,258,18.87,81.13
"Veneto","Padova",151,23,128,15.23,84.77
"Veneto","Padova",170,117,53,68.82,31.18
"Veneto","Padova",173,150,23,86.71,13.29
"Veneto","Padova",186,159,27,85.48,14.52
"Veneto","Padova",760,506,254,66.58,33.42
"Veneto","Padova",132,85,47,64.39,35.61
"Veneto","Padova",132,65,67,49.24,50.76
"Veneto","Padova",369,174,195,47.15,52.85
"Veneto","Padova",404,171,233,42.33,57.67
"Veneto","Padova",49,0,49,0,100
"Veneto","Padova",106,98,8,92.45,7.55
"Veneto","Padova",192,3,189,1.56,98.44
"Veneto","Padova",735,598,137,81.36,18.64
"Veneto","Padova",42,27,15,64.29,35.71
"Veneto","Padova",265,106,159,40,60
"Veneto","Padova",30,23,7,76.67,23.33
"Veneto","Padova",819,13,806,1.59,98.41
"Veneto","Padova",154,1,153,0.65,99.35
"Veneto","Padova",468,347,121,74.15,25.85
"Veneto","Padova",371,299,72,80.59,19.41
"Veneto","Padova",666,518,148,77.78,22.22
"Veneto","Padova",71,43,28,60.56,39.44
"Veneto","Padova",776,592,184,76.29,23.71
"Veneto","Padova",355,196,159,55.21,44.79
"Veneto","Padova",617,185,432,29.98,70.02
"Veneto","Padova",42,11,31,26.19,73.81
"Veneto","Padova",226,70,156,30.97,69.03
"Veneto","Padova",280,48,232,17.14,82.86
"Veneto","Padova",452,299,153,66.15,33.85
"Veneto","Padova",36,20,16,55.56,44.44
"Veneto","Padova",992,465,527,46.88,53.12
"Veneto","Padova",71,35,36,49.3,50.7
"Veneto","Padova",344,195,149,56.69,43.31
"Veneto","Padova",507,181,326,35.7,64.3
"Veneto","Padova",243,123,120,50.62,49.38
"Veneto","Padova",807,433,374,53.66,46.34
"Veneto","Padova",540,306,234,56.67,43.33
"Veneto","Padova",137,92,45,67.15,32.85
"Veneto","Padova",572,313,259,54.72,45.28
"Veneto","Padova",938,502,436,53.52,46.48
"Veneto","Padova",90,38,52,42.22,57.78
"Veneto","Padova",1304,712,592,54.6,45.4
"Veneto","Padova",3,0,3,0,100
"Veneto","Padova",666,366,300,54.95,45.05
"Veneto","Padova",41,19,22,46.34,53.66
"Veneto","Padova",401,11,390,2.74,97.26
"Veneto","Padova",252,12,240,4.76,95.24
"Veneto","Padova",570,92,478,16.14,83.86
"Veneto","Padova",689,152,537,22.06,77.94
"Veneto","Padova",45,4,41,8.89,91.11
"Veneto","Padova",1029,79,950,7.68,92.32
"Veneto","Padova",80,4,76,5,95
"Veneto","Padova",170,145,25,85.29,14.71
"Veneto","Padova",760,135,625,17.76,82.24
"Veneto","Padova",1019,67,952,6.58,93.42
"Veneto","Padova",578,176,402,30.45,69.55
"Veneto","Padova",36,4,32,11.11,88.89
"Abruzzo","Pescara",1171,861,310,73.53,26.47
"Abruzzo","Pescara",375,310,65,82.67,17.33
"Abruzzo","Pescara",1707,1403,304,82.19,17.81
"Abruzzo","Pescara",86,43,43,50,50
"Abruzzo","Pescara",146,42,104,28.77,71.23
"Abruzzo","Pescara",299,100,199,33.44,66.56
"Abruzzo","Pescara",1319,645,674,48.9,51.1
"Abruzzo","Pescara",312,190,122,60.9,39.1
"Abruzzo","Pescara",1611,729,882,45.25,54.75
"Abruzzo","Pescara",804,294,510,36.57,63.43
"Abruzzo","Pescara",78,13,65,16.67,83.33
"Abruzzo","Pescara",792,303,489,38.26,61.74
"Abruzzo","Pescara",24,8,16,33.33,66.67
"Abruzzo","Pescara",844,476,368,56.4,43.6
"Abruzzo","Pescara",103,59,44,57.28,42.72
"Abruzzo","Pescara",1106,761,345,68.81,31.19
"Abruzzo","Pescara",18,5,13,27.78,72.22
"Abruzzo","Pescara",166,40,126,24.1,75.9
"Abruzzo","Pescara",245,107,138,43.67,56.33
"Abruzzo","Pescara",1165,541,624,46.44,53.56
"Abruzzo","Pescara",461,154,307,33.41,66.59
"Abruzzo","Pescara",25,9,16,36,64
"Abruzzo","Pescara",385,173,212,44.94,55.06
"Abruzzo","Pescara",38,0,38,0,100
"Abruzzo","Pescara",248,114,134,45.97,54.03
"Abruzzo","Pescara",412,98,314,23.79,76.21
"Abruzzo","Pescara",1376,159,1217,11.56,88.44
"Umbria","Perugia",913,623,290,68.24,31.76
"Umbria","Perugia",58,55,3,94.83,5.17
"Umbria","Perugia",940,573,367,60.96,39.04
"Umbria","Perugia",442,361,81,81.67,18.33
"Umbria","Perugia",793,519,274,65.45,34.55
"Umbria","Perugia",527,304,223,57.69,42.31
"Umbria","Perugia",959,725,234,75.6,24.4
"Umbria","Perugia",964,779,185,80.81,19.19
"Umbria","Perugia",1260,1011,249,80.24,19.76
"Umbria","Perugia",113,101,12,89.38,10.62
"Umbria","Perugia",348,187,161,53.74,46.26
"Umbria","Perugia",241,112,129,46.47,53.53
"Umbria","Perugia",526,275,251,52.28,47.72
"Umbria","Perugia",777,304,473,39.12,60.88
"Umbria","Perugia",901,601,300,66.7,33.3
"Umbria","Perugia",1207,519,688,43,57
"Umbria","Perugia",340,141,199,41.47,58.53
"Umbria","Perugia",1445,648,797,44.84,55.16
"Umbria","Perugia",60,36,24,60,40
"Umbria","Perugia",1291,580,711,44.93,55.07
"Umbria","Perugia",76,12,64,15.79,84.21
"Umbria","Perugia",74,45,29,60.81,39.19
"Umbria","Perugia",124,55,69,44.35,55.65
"Umbria","Perugia",101,49,52,48.51,51.49
"Umbria","Perugia",177,98,79,55.37,44.63
"Umbria","Perugia",100,58,42,58,42
"Umbria","Perugia",225,106,119,47.11,52.89
"Umbria","Perugia",28,19,9,67.86,32.14
"Umbria","Perugia",121,43,78,35.54,64.46
"Umbria","Perugia",365,165,200,45.21,54.79
"Umbria","Perugia",59,0,59,0,100
"Umbria","Perugia",43,20,23,46.51,53.49
"Umbria","Perugia",33,15,18,45.45,54.55
"Umbria","Perugia",466,187,279,40.13,59.87
"Umbria","Perugia",390,207,183,53.08,46.92
"Umbria","Perugia",91,4,87,4.4,95.6
"Umbria","Perugia",191,74,117,38.74,61.26
"Umbria","Perugia",177,3,174,1.69,98.31
"Umbria","Perugia",106,1,105,0.94,99.06
"Umbria","Perugia",148,56,92,37.84,62.16
"Umbria","Perugia",464,147,317,31.68,68.32
"Umbria","Perugia",146,63,83,43.15,56.85
"Umbria","Perugia",28,1,27,3.57,96.43
"Umbria","Perugia",663,335,328,50.53,49.47
"Umbria","Perugia",76,38,38,50,50
"Umbria","Perugia",128,95,33,74.22,25.78
"Umbria","Perugia",55,0,55,0,100
"Umbria","Perugia",150,112,38,74.67,25.33
"Umbria","Perugia",510,378,132,74.12,25.88
"Umbria","Perugia",163,114,49,69.94,30.06
"Umbria","Perugia",395,72,323,18.23,81.77
"Umbria","Perugia",81,20,61,24.69,75.31
"Umbria","Perugia",705,363,342,51.49,48.51
"Umbria","Perugia",39,18,21,46.15,53.85
"Umbria","Perugia",269,125,144,46.47,53.53
"Umbria","Perugia",8,4,4,50,50
"Umbria","Perugia",89,59,30,66.29,33.71
"Umbria","Perugia",129,42,87,32.56,67.44
"Umbria","Perugia",160,64,96,40,60
"Umbria","Perugia",232,106,126,45.69,54.31
"Umbria","Perugia",174,80,94,45.98,54.02
"Umbria","Perugia",31,16,15,51.61,48.39
"Umbria","Perugia",1077,395,682,36.68,63.32
"Umbria","Perugia",28,19,9,67.86,32.14
"Umbria","Perugia",101,40,61,39.6,60.4
"Umbria","Perugia",1306,787,519,60.26,39.74
"Umbria","Perugia",95,1,94,1.05,98.95
"Umbria","Perugia",1738,262,1476,15.07,84.93
"Umbria","Perugia",258,17,241,6.59,93.41
"Umbria","Perugia",123,4,119,3.25,96.75
"Umbria","Perugia",153,33,120,21.57,78.43
"Umbria","Perugia",135,1,134,0.74,99.26
"Umbria","Perugia",247,22,225,8.91,91.09
"Umbria","Perugia",623,186,437,29.86,70.14
"Umbria","Perugia",116,5,111,4.31,95.69
"Umbria","Perugia",841,171,670,20.33,79.67
"Umbria","Perugia",836,247,589,29.55,70.45
"Umbria","Perugia",144,41,103,28.47,71.53
"Toscana","Pisa",330,219,111,66.36,33.64
"Toscana","Pisa",204,152,52,74.51,25.49
"Toscana","Pisa",461,316,145,68.55,31.45
"Toscana","Pisa",1165,877,288,75.28,24.72
"Toscana","Pisa",1335,1118,217,83.75,16.25
"Toscana","Pisa",669,341,328,50.97,49.03
"Toscana","Pisa",1028,465,563,45.23,54.77
"Toscana","Pisa",770,481,289,62.47,37.53
"Toscana","Pisa",1047,504,543,48.14,51.86
"Toscana","Pisa",1378,638,740,46.3,53.7
"Toscana","Pisa",780,309,471,39.62,60.38
"Toscana","Pisa",34,0,34,0,100
"Toscana","Pisa",147,62,85,42.18,57.82
"Toscana","Pisa",322,83,239,25.78,74.22
"Toscana","Pisa",777,258,519,33.2,66.8
"Toscana","Pisa",215,86,129,40,60
"Toscana","Pisa",148,94,54,63.51,36.49
"Toscana","Pisa",26,0,26,0,100
"Toscana","Pisa",514,353,161,68.68,31.32
"Toscana","Pisa",219,139,80,63.47,36.53
"Toscana","Pisa",44,26,18,59.09,40.91
"Toscana","Pisa",572,282,290,49.3,50.7
"Toscana","Pisa",1024,407,617,39.75,60.25
"Toscana","Pisa",400,145,255,36.25,63.75
"Toscana","Pisa",60,0,60,0,100
"Toscana","Pisa",113,11,102,9.73,90.27
"Toscana","Pisa",858,361,497,42.07,57.93
"Toscana","Pisa",23,11,12,47.83,52.17
"Toscana","Pisa",609,481,128,78.98,21.02
"Toscana","Pisa",825,59,766,7.15,92.85
"Toscana","Pisa",1504,349,1155,23.2,76.8
"Toscana","Pisa",190,35,155,18.42,81.58
"Friuli-Venezia Giulia","Pordenone",384,277,107,72.14,27.86
"Friuli-Venezia Giulia","Pordenone",837,511,326,61.05,38.95
"Friuli-Venezia Giulia","Pordenone",351,304,47,86.61,13.39
"Friuli-Venezia Giulia","Pordenone",1146,848,298,74,26
"Friuli-Venezia Giulia","Pordenone",328,158,170,48.17,51.83
"Friuli-Venezia Giulia","Pordenone",1313,781,532,59.48,40.52
"Friuli-Venezia Giulia","Pordenone",889,536,353,60.29,39.71
"Friuli-Venezia Giulia","Pordenone",531,338,193,63.65,36.35
"Friuli-Venezia Giulia","Pordenone",198,22,176,11.11,88.89
"Friuli-Venezia Giulia","Pordenone",331,85,246,25.68,74.32
"Friuli-Venezia Giulia","Pordenone",186,2,184,1.08,98.92
"Friuli-Venezia Giulia","Pordenone",301,87,214,28.9,71.1
"Friuli-Venezia Giulia","Pordenone",437,3,434,0.69,99.31
"Friuli-Venezia Giulia","Pordenone",566,425,141,75.09,24.91
"Friuli-Venezia Giulia","Pordenone",337,96,241,28.49,71.51
"Friuli-Venezia Giulia","Pordenone",260,111,149,42.69,57.31
"Friuli-Venezia Giulia","Pordenone",386,198,188,51.3,48.7
"Friuli-Venezia Giulia","Pordenone",62,38,24,61.29,38.71
"Friuli-Venezia Giulia","Pordenone",918,402,516,43.79,56.21
"Friuli-Venezia Giulia","Pordenone",381,29,352,7.61,92.39
"Friuli-Venezia Giulia","Pordenone",288,145,143,50.35,49.65
"Friuli-Venezia Giulia","Pordenone",57,1,56,1.75,98.25
"Friuli-Venezia Giulia","Pordenone",191,182,9,95.29,4.71
"Friuli-Venezia Giulia","Pordenone",1406,178,1228,12.66,87.34
"Friuli-Venezia Giulia","Pordenone",442,164,278,37.1,62.9
"Friuli-Venezia Giulia","Pordenone",65,36,29,55.38,44.62
"Friuli-Venezia Giulia","Pordenone",247,194,53,78.54,21.46
"Friuli-Venezia Giulia","Pordenone",182,148,34,81.32,18.68
"Friuli-Venezia Giulia","Pordenone",161,119,42,73.91,26.09
"Friuli-Venezia Giulia","Pordenone",207,158,49,76.33,23.67
"Toscana","Prato",281,191,90,67.97,32.03
"Toscana","Prato",105,74,31,70.48,29.52
"Toscana","Prato",1015,792,223,78.03,21.97
"Toscana","Prato",1132,495,637,43.73,56.27
"Toscana","Prato",953,660,293,69.25,30.75
"Toscana","Prato",487,220,267,45.17,54.83
"Toscana","Prato",1194,625,569,52.35,47.65
"Toscana","Prato",55,0,55,0,100
"Toscana","Prato",1073,480,593,44.73,55.27
"Toscana","Prato",38,15,23,39.47,60.53
"Toscana","Prato",193,62,131,32.12,67.88
"Toscana","Prato",285,233,52,81.75,18.25
"Toscana","Prato",1182,201,981,17.01,82.99
"Toscana","Prato",815,638,177,78.28,21.72
"Toscana","Prato",175,44,131,25.14,74.86
"Toscana","Prato",484,324,160,66.94,33.06
"Toscana","Prato",21,0,21,0,100
"Toscana","Prato",811,283,528,34.9,65.1
"Toscana","Prato",101,59,42,58.42,41.58
"Toscana","Prato",1749,368,1381,21.04,78.96
"Toscana","Prato",97,21,76,21.65,78.35
"Toscana","Prato",313,82,231,26.2,73.8
"Emilia-Romagna","Parma",574,385,189,67.07,32.93
"Emilia-Romagna","Parma",1027,762,265,74.2,25.8
"Emilia-Romagna","Parma",217,140,77,64.52,35.48
"Emilia-Romagna","Parma",1618,1367,251,84.49,15.51
"Emilia-Romagna","Parma",308,204,104,66.23,33.77
"Emilia-Romagna","Parma",293,102,191,34.81,65.19
"Emilia-Romagna","Parma",162,75,87,46.3,53.7
"Emilia-Romagna","Parma",16,5,11,31.25,68.75
"Emilia-Romagna","Parma",156,69,87,44.23,55.77
"Emilia-Romagna","Parma",1793,1067,726,59.51,40.49
"Emilia-Romagna","Parma",1453,676,777,46.52,53.48
"Emilia-Romagna","Parma",1088,515,573,47.33,52.67
"Emilia-Romagna","Parma",339,103,236,30.38,69.62
"Emilia-Romagna","Parma",45,28,17,62.22,37.78
"Emilia-Romagna","Parma",836,553,283,66.15,33.85
"Emilia-Romagna","Parma",140,104,36,74.29,25.71
"Emilia-Romagna","Parma",27,0,27,0,100
"Emilia-Romagna","Parma",77,26,51,33.77,66.23
"Emilia-Romagna","Parma",396,188,208,47.47,52.53
"Emilia-Romagna","Parma",27,14,13,51.85,48.15
"Emilia-Romagna","Parma",216,56,160,25.93,74.07
"Emilia-Romagna","Parma",235,10,225,4.26,95.74
"Emilia-Romagna","Parma",93,0,93,0,100
"Emilia-Romagna","Parma",843,224,619,26.57,73.43
"Emilia-Romagna","Parma",57,23,34,40.35,59.65
"Emilia-Romagna","Parma",1040,815,225,78.37,21.63
"Emilia-Romagna","Parma",63,39,24,61.9,38.1
"Emilia-Romagna","Parma",697,239,458,34.29,65.71
"Emilia-Romagna","Parma",71,21,50,29.58,70.42
"Emilia-Romagna","Parma",382,204,178,53.4,46.6
"Emilia-Romagna","Parma",180,143,37,79.44,20.56
"Emilia-Romagna","Parma",75,58,17,77.33,22.67
"Emilia-Romagna","Parma",969,519,450,53.56,46.44
"Emilia-Romagna","Parma",609,373,236,61.25,38.75
"Emilia-Romagna","Parma",50,27,23,54,46
"Emilia-Romagna","Parma",632,206,426,32.59,67.41
"Emilia-Romagna","Parma",852,280,572,32.86,67.14
"Emilia-Romagna","Parma",278,86,192,30.94,69.06
"Emilia-Romagna","Parma",191,71,120,37.17,62.83
"Emilia-Romagna","Parma",1769,218,1551,12.32,87.68
"Emilia-Romagna","Parma",87,6,81,6.9,93.1
"Emilia-Romagna","Parma",835,337,498,40.36,59.64
"Emilia-Romagna","Parma",33,8,25,24.24,75.76
"Toscana","Pistoia",1072,793,279,73.97,26.03
"Toscana","Pistoia",765,519,246,67.84,32.16
"Toscana","Pistoia",48,23,25,47.92,52.08
"Toscana","Pistoia",889,403,486,45.33,54.67
"Toscana","Pistoia",892,475,417,53.25,46.75
"Toscana","Pistoia",897,219,678,24.41,75.59
"Toscana","Pistoia",23,1,22,4.35,95.65
"Toscana","Pistoia",753,593,160,78.75,21.25
"Toscana","Pistoia",22,16,6,72.73,27.27
"Toscana","Pistoia",1057,637,420,60.26,39.74
"Toscana","Pistoia",188,121,67,64.36,35.64
"Toscana","Pistoia",1048,437,611,41.7,58.3
"Toscana","Pistoia",17,10,7,58.82,41.18
"Toscana","Pistoia",395,4,391,1.01,98.99
"Toscana","Pistoia",50,2,48,4,96
"Toscana","Pistoia",675,502,173,74.37,25.63
"Toscana","Pistoia",155,109,46,70.32,29.68
"Toscana","Pistoia",425,142,283,33.41,66.59
"Toscana","Pistoia",86,53,33,61.63,38.37
"Toscana","Pistoia",582,116,466,19.93,80.07
"Toscana","Pistoia",346,164,182,47.4,52.6
"Toscana","Pistoia",22,16,6,72.73,27.27
"Toscana","Pistoia",1153,680,473,58.98,41.02
"Toscana","Pistoia",662,349,313,52.72,47.28
"Toscana","Pistoia",16,8,8,50,50
"Toscana","Pistoia",42,4,38,9.52,90.48
"Toscana","Pistoia",1255,170,1085,13.55,86.45
"Toscana","Pistoia",53,6,47,11.32,88.68
"Lombardia","Pavia",437,239,198,54.69,45.31
"Lombardia","Pavia",1130,767,363,67.88,32.12
"Lombardia","Pavia",287,211,76,73.52,26.48
"Lombardia","Pavia",1703,1306,397,76.69,23.31
"Lombardia","Pavia",541,347,194,64.14,35.86
"Lombardia","Pavia",728,333,395,45.74,54.26
"Lombardia","Pavia",1266,820,446,64.77,35.23
"Lombardia","Pavia",1210,600,610,49.59,50.41
"Lombardia","Pavia",475,255,220,53.68,46.32
"Lombardia","Pavia",117,81,36,69.23,30.77
"Lombardia","Pavia",161,93,68,57.76,42.24
"Lombardia","Pavia",44,26,18,59.09,40.91
"Lombardia","Pavia",350,198,152,56.57,43.43
"Lombardia","Pavia",1211,713,498,58.88,41.12
"Lombardia","Pavia",20,0,20,0,100
"Lombardia","Pavia",162,112,50,69.14,30.86
"Lombardia","Pavia",184,0,184,0,100
"Lombardia","Pavia",165,1,164,0.61,99.39
"Lombardia","Pavia",360,136,224,37.78,62.22
"Lombardia","Pavia",81,0,81,0,100
"Lombardia","Pavia",202,0,202,0,100
"Lombardia","Pavia",31,2,29,6.45,93.55
"Lombardia","Pavia",16,5,11,31.25,68.75
"Lombardia","Pavia",608,483,125,79.44,20.56
"Lombardia","Pavia",561,210,351,37.43,62.57
"Lombardia","Pavia",202,67,135,33.17,66.83
"Lombardia","Pavia",268,152,116,56.72,43.28
"Lombardia","Pavia",58,0,58,0,100
"Lombardia","Pavia",352,204,148,57.95,42.05
"Lombardia","Pavia",47,26,21,55.32,44.68
"Lombardia","Pavia",1092,577,515,52.84,47.16
"Lombardia","Pavia",835,458,377,54.85,45.15
"Lombardia","Pavia",12,0,12,0,100
"Lombardia","Pavia",827,177,650,21.4,78.6
"Lombardia","Pavia",70,1,69,1.43,98.57
"Lombardia","Pavia",184,12,172,6.52,93.48
"Lombardia","Pavia",697,148,549,21.23,78.77
"Lombardia","Pavia",1793,355,1438,19.8,80.2
"Lombardia","Pavia",66,3,63,4.55,95.45
"Lombardia","Pavia",339,164,175,48.38,51.62
"Lombardia","Pavia",423,124,299,29.31,70.69
"Lombardia","Pavia",161,66,95,40.99,59.01
"Basilicata","Potenza",89,64,25,71.91,28.09
"Basilicata","Potenza",155,103,52,66.45,33.55
"Basilicata","Potenza",234,134,100,57.26,42.74
"Basilicata","Potenza",210,171,39,81.43,18.57
"Basilicata","Potenza",156,127,29,81.41,18.59
"Basilicata","Potenza",359,188,171,52.37,47.63
"Basilicata","Potenza",707,480,227,67.89,32.11
"Basilicata","Potenza",239,216,23,90.38,9.62
"Basilicata","Potenza",291,239,52,82.13,17.87
"Basilicata","Potenza",69,48,21,69.57,30.43
"Basilicata","Potenza",118,61,57,51.69,48.31
"Basilicata","Potenza",278,119,159,42.81,57.19
"Basilicata","Potenza",71,39,32,54.93,45.07
"Basilicata","Potenza",327,122,205,37.31,62.69
"Basilicata","Potenza",98,52,46,53.06,46.94
"Basilicata","Potenza",378,214,164,56.61,43.39
"Basilicata","Potenza",358,201,157,56.15,43.85
"Basilicata","Potenza",483,369,114,76.4,23.6
"Basilicata","Potenza",466,267,199,57.3,42.7
"Basilicata","Potenza",307,177,130,57.65,42.35
"Basilicata","Potenza",966,469,497,48.55,51.45
"Basilicata","Potenza",867,586,281,67.59,32.41
"Basilicata","Potenza",532,197,335,37.03,62.97
"Basilicata","Potenza",39,18,21,46.15,53.85
"Basilicata","Potenza",85,36,49,42.35,57.65
"Basilicata","Potenza",70,23,47,32.86,67.14
"Basilicata","Potenza",23,16,7,69.57,30.43
"Basilicata","Potenza",148,39,109,26.35,73.65
"Basilicata","Potenza",37,20,17,54.05,45.95
"Basilicata","Potenza",72,11,61,15.28,84.72
"Basilicata","Potenza",66,13,53,19.7,80.3
"Basilicata","Potenza",138,18,120,13.04,86.96
"Basilicata","Potenza",10,5,5,50,50
"Basilicata","Potenza",9,2,7,22.22,77.78
"Basilicata","Potenza",72,57,15,79.17,20.83
"Basilicata","Potenza",71,28,43,39.44,60.56
"Basilicata","Potenza",52,26,26,50,50
"Basilicata","Potenza",122,38,84,31.15,68.85
"Basilicata","Potenza",45,28,17,62.22,37.78
"Basilicata","Potenza",5,0,5,0,100
"Basilicata","Potenza",335,190,145,56.72,43.28
"Basilicata","Potenza",28,19,9,67.86,32.14
"Basilicata","Potenza",15,0,15,0,100
"Basilicata","Potenza",316,150,166,47.47,52.53
"Basilicata","Potenza",40,15,25,37.5,62.5
"Basilicata","Potenza",37,0,37,0,100
"Basilicata","Potenza",52,3,49,5.77,94.23
"Basilicata","Potenza",62,1,61,1.61,98.39
"Basilicata","Potenza",10,7,3,70,30
"Basilicata","Potenza",98,35,63,35.71,64.29
"Basilicata","Potenza",168,27,141,16.07,83.93
"Basilicata","Potenza",615,283,332,46.02,53.98
"Basilicata","Potenza",33,19,14,57.58,42.42
"Basilicata","Potenza",652,443,209,67.94,32.06
"Basilicata","Potenza",163,121,42,74.23,25.77
"Basilicata","Potenza",104,84,20,80.77,19.23
"Basilicata","Potenza",134,47,87,35.07,64.93
"Basilicata","Potenza",172,84,88,48.84,51.16
"Basilicata","Potenza",144,52,92,36.11,63.89
"Basilicata","Potenza",57,26,31,45.61,54.39
"Basilicata","Potenza",25,14,11,56,44
"Basilicata","Potenza",167,55,112,32.93,67.07
"Basilicata","Potenza",198,66,132,33.33,66.67
"Basilicata","Potenza",39,16,23,41.03,58.97
"Basilicata","Potenza",11,6,5,54.55,45.45
"Basilicata","Potenza",84,44,40,52.38,47.62
"Basilicata","Potenza",296,135,161,45.61,54.39
"Basilicata","Potenza",220,94,126,42.73,57.27
"Basilicata","Potenza",69,27,42,39.13,60.87
"Basilicata","Potenza",248,70,178,28.23,71.77
"Basilicata","Potenza",217,93,124,42.86,57.14
"Basilicata","Potenza",7,1,6,14.29,85.71
"Basilicata","Potenza",163,71,92,43.56,56.44
"Basilicata","Potenza",6,1,5,16.67,83.33
"Basilicata","Potenza",12,2,10,16.67,83.33
"Basilicata","Potenza",420,33,387,7.86,92.14
"Basilicata","Potenza",685,35,650,5.11,94.89
"Basilicata","Potenza",124,9,115,7.26,92.74
"Basilicata","Potenza",386,67,319,17.36,82.64
"Basilicata","Potenza",82,34,48,41.46,58.54
"Basilicata","Potenza",167,29,138,17.37,82.63
"Basilicata","Potenza",91,10,81,10.99,89.01
"Emilia-Romagna","Ravenna",1181,974,207,82.47,17.53
"Emilia-Romagna","Ravenna",86,55,31,63.95,36.05
"Emilia-Romagna","Ravenna",1768,1159,609,65.55,34.45
"Emilia-Romagna","Ravenna",1186,568,618,47.89,52.11
"Emilia-Romagna","Ravenna",1297,822,475,63.38,36.62
"Emilia-Romagna","Ravenna",706,310,396,43.91,56.09
"Emilia-Romagna","Ravenna",62,36,26,58.06,41.94
"Emilia-Romagna","Ravenna",923,380,543,41.17,58.83
"Emilia-Romagna","Ravenna",30,19,11,63.33,36.67
"Emilia-Romagna","Ravenna",829,285,544,34.38,65.62
"Emilia-Romagna","Ravenna",48,1,47,2.08,97.92
"Emilia-Romagna","Ravenna",655,257,398,39.24,60.76
"Emilia-Romagna","Ravenna",55,24,31,43.64,56.36
"Emilia-Romagna","Ravenna",594,281,313,47.31,52.69
"Emilia-Romagna","Ravenna",242,6,236,2.48,97.52
"Emilia-Romagna","Ravenna",855,637,218,74.5,25.5
"Emilia-Romagna","Ravenna",1032,433,599,41.96,58.04
"Emilia-Romagna","Ravenna",1350,749,601,55.48,44.52
"Emilia-Romagna","Ravenna",46,19,27,41.3,58.7
"Emilia-Romagna","Ravenna",850,472,378,55.53,44.47
"Emilia-Romagna","Ravenna",102,68,34,66.67,33.33
"Emilia-Romagna","Ravenna",670,41,629,6.12,93.88
"Emilia-Romagna","Ravenna",1131,170,961,15.03,84.97
"Emilia-Romagna","Ravenna",938,349,589,37.21,62.79
"Calabria","Reggio Calabria",251,191,60,76.1,23.9
"Calabria","Reggio Calabria",83,65,18,78.31,21.69
"Calabria","Reggio Calabria",242,170,72,70.25,29.75
"Calabria","Reggio Calabria",204,149,55,73.04,26.96
"Calabria","Reggio Calabria",195,143,52,73.33,26.67
"Calabria","Reggio Calabria",441,321,120,72.79,27.21
"Calabria","Reggio Calabria",577,400,177,69.32,30.68
"Calabria","Reggio Calabria",905,725,180,80.11,19.89
"Calabria","Reggio Calabria",372,325,47,87.37,12.63
"Calabria","Reggio Calabria",617,364,253,59,41
"Calabria","Reggio Calabria",1288,1125,163,87.34,12.66
"Calabria","Reggio Calabria",577,515,62,89.25,10.75
"Calabria","Reggio Calabria",56,28,28,50,50
"Calabria","Reggio Calabria",331,165,166,49.85,50.15
"Calabria","Reggio Calabria",1774,829,945,46.73,53.27
"Calabria","Reggio Calabria",409,236,173,57.7,42.3
"Calabria","Reggio Calabria",266,143,123,53.76,46.24
"Calabria","Reggio Calabria",190,138,52,72.63,27.37
"Calabria","Reggio Calabria",128,86,42,67.19,32.81
"Calabria","Reggio Calabria",709,278,431,39.21,60.79
"Calabria","Reggio Calabria",124,70,54,56.45,43.55
"Calabria","Reggio Calabria",1388,550,838,39.63,60.37
"Calabria","Reggio Calabria",349,202,147,57.88,42.12
"Calabria","Reggio Calabria",786,382,404,48.6,51.4
"Calabria","Reggio Calabria",746,285,461,38.2,61.8
"Calabria","Reggio Calabria",188,66,122,35.11,64.89
"Calabria","Reggio Calabria",49,8,41,16.33,83.67
"Calabria","Reggio Calabria",230,82,148,35.65,64.35
"Calabria","Reggio Calabria",87,36,51,41.38,58.62
"Calabria","Reggio Calabria",223,21,202,9.42,90.58
"Calabria","Reggio Calabria",85,22,63,25.88,74.12
"Calabria","Reggio Calabria",17,8,9,47.06,52.94
"Calabria","Reggio Calabria",169,108,61,63.91,36.09
"Calabria","Reggio Calabria",35,20,15,57.14,42.86
"Calabria","Reggio Calabria",28,1,27,3.57,96.43
"Calabria","Reggio Calabria",515,234,281,45.44,54.56
"Calabria","Reggio Calabria",163,48,115,29.45,70.55
"Calabria","Reggio Calabria",40,25,15,62.5,37.5
"Calabria","Reggio Calabria",443,137,306,30.93,69.07
"Calabria","Reggio Calabria",67,29,38,43.28,56.72
"Calabria","Reggio Calabria",432,220,212,50.93,49.07
"Calabria","Reggio Calabria",36,0,36,0,100
"Calabria","Reggio Calabria",177,104,73,58.76,41.24
"Calabria","Reggio Calabria",212,15,197,7.08,92.92
"Calabria","Reggio Calabria",154,33,121,21.43,78.57
"Calabria","Reggio Calabria",173,59,114,34.1,65.9
"Calabria","Reggio Calabria",84,34,50,40.48,59.52
"Calabria","Reggio Calabria",215,45,170,20.93,79.07
"Calabria","Reggio Calabria",43,0,43,0,100
"Calabria","Reggio Calabria",161,79,82,49.07,50.93
"Calabria","Reggio Calabria",250,109,141,43.6,56.4
"Calabria","Reggio Calabria",77,37,40,48.05,51.95
"Calabria","Reggio Calabria",181,142,39,78.45,21.55
"Calabria","Reggio Calabria",375,273,102,72.8,27.2
"Calabria","Reggio Calabria",26,0,26,0,100
"Calabria","Reggio Calabria",36,22,14,61.11,38.89
"Calabria","Reggio Calabria",136,87,49,63.97,36.03
"Calabria","Reggio Calabria",19,13,6,68.42,31.58
"Calabria","Reggio Calabria",216,157,59,72.69,27.31
"Calabria","Reggio Calabria",15,11,4,73.33,26.67
"Calabria","Reggio Calabria",93,7,86,7.53,92.47
"Calabria","Reggio Calabria",131,19,112,14.5,85.5
"Calabria","Reggio Calabria",62,31,31,50,50
"Calabria","Reggio Calabria",117,30,87,25.64,74.36
"Calabria","Reggio Calabria",98,43,55,43.88,56.12
"Calabria","Reggio Calabria",337,172,165,51.04,48.96
"Calabria","Reggio Calabria",74,34,40,45.95,54.05
"Calabria","Reggio Calabria",56,36,20,64.29,35.71
"Calabria","Reggio Calabria",160,32,128,20,80
"Calabria","Reggio Calabria",111,51,60,45.95,54.05
"Calabria","Reggio Calabria",71,38,33,53.52,46.48
"Calabria","Reggio Calabria",471,222,249,47.13,52.87
"Calabria","Reggio Calabria",59,25,34,42.37,57.63
"Calabria","Reggio Calabria",37,13,24,35.14,64.86
"Calabria","Reggio Calabria",68,19,49,27.94,72.06
"Calabria","Reggio Calabria",15,7,8,46.67,53.33
"Calabria","Reggio Calabria",811,398,413,49.08,50.92
"Calabria","Reggio Calabria",132,82,50,62.12,37.88
"Calabria","Reggio Calabria",177,103,74,58.19,41.81
"Calabria","Reggio Calabria",738,262,476,35.5,64.5
"Calabria","Reggio Calabria",185,38,147,20.54,79.46
"Calabria","Reggio Calabria",44,26,18,59.09,40.91
"Calabria","Reggio Calabria",180,64,116,35.56,64.44
"Calabria","Reggio Calabria",39,20,19,51.28,48.72
"Calabria","Reggio Calabria",1057,381,676,36.05,63.95
"Calabria","Reggio Calabria",73,27,46,36.99,63.01
"Calabria","Reggio Calabria",642,121,521,18.85,81.15
"Calabria","Reggio Calabria",101,44,57,43.56,56.44
"Calabria","Reggio Calabria",1470,292,1178,19.86,80.14
"Calabria","Reggio Calabria",107,21,86,19.63,80.37
"Calabria","Reggio Calabria",97,23,74,23.71,76.29
"Calabria","Reggio Calabria",345,42,303,12.17,87.83
"Calabria","Reggio Calabria",56,11,45,19.64,80.36
"Calabria","Reggio Calabria",81,53,28,65.43,34.57
"Emilia-Romagna","Reggio Emilia",769,462,307,60.08,39.92
"Emilia-Romagna","Reggio Emilia",1196,690,506,57.69,42.31
"Emilia-Romagna","Reggio Emilia",471,322,149,68.37,31.63
"Emilia-Romagna","Reggio Emilia",22,9,13,40.91,59.09
"Emilia-Romagna","Reggio Emilia",1475,1225,250,83.05,16.95
"Emilia-Romagna","Reggio Emilia",297,197,100,66.33,33.67
"Emilia-Romagna","Reggio Emilia",187,79,108,42.25,57.75
"Emilia-Romagna","Reggio Emilia",529,394,135,74.48,25.52
"Emilia-Romagna","Reggio Emilia",674,383,291,56.82,43.18
"Emilia-Romagna","Reggio Emilia",1397,772,625,55.26,44.74
"Emilia-Romagna","Reggio Emilia",215,27,188,12.56,87.44
"Emilia-Romagna","Reggio Emilia",570,200,370,35.09,64.91
"Emilia-Romagna","Reggio Emilia",22,12,10,54.55,45.45
"Emilia-Romagna","Reggio Emilia",474,194,280,40.93,59.07
"Emilia-Romagna","Reggio Emilia",19,9,10,47.37,52.63
"Emilia-Romagna","Reggio Emilia",718,322,396,44.85,55.15
"Emilia-Romagna","Reggio Emilia",81,43,38,53.09,46.91
"Emilia-Romagna","Reggio Emilia",771,354,417,45.91,54.09
"Emilia-Romagna","Reggio Emilia",167,92,75,55.09,44.91
"Emilia-Romagna","Reggio Emilia",46,38,8,82.61,17.39
"Emilia-Romagna","Reggio Emilia",654,311,343,47.55,52.45
"Emilia-Romagna","Reggio Emilia",553,178,375,32.19,67.81
"Emilia-Romagna","Reggio Emilia",262,1,261,0.38,99.62
"Emilia-Romagna","Reggio Emilia",181,68,113,37.57,62.43
"Emilia-Romagna","Reggio Emilia",771,370,401,47.99,52.01
"Emilia-Romagna","Reggio Emilia",53,1,52,1.89,98.11
"Emilia-Romagna","Reggio Emilia",222,0,222,0,100
"Emilia-Romagna","Reggio Emilia",790,596,194,75.44,24.56
"Emilia-Romagna","Reggio Emilia",34,0,34,0,100
"Emilia-Romagna","Reggio Emilia",68,55,13,80.88,19.12
"Emilia-Romagna","Reggio Emilia",1075,828,247,77.02,22.98
"Emilia-Romagna","Reggio Emilia",1018,372,646,36.54,63.46
"Emilia-Romagna","Reggio Emilia",465,116,349,24.95,75.05
"Emilia-Romagna","Reggio Emilia",522,139,383,26.63,73.37
"Emilia-Romagna","Reggio Emilia",735,203,532,27.62,72.38
"Emilia-Romagna","Reggio Emilia",564,160,404,28.37,71.63
"Emilia-Romagna","Reggio Emilia",775,271,504,34.97,65.03
"Emilia-Romagna","Reggio Emilia",1113,494,619,44.38,55.62
"Emilia-Romagna","Reggio Emilia",185,76,109,41.08,58.92
"Emilia-Romagna","Reggio Emilia",929,173,756,18.62,81.38
"Emilia-Romagna","Reggio Emilia",55,3,52,5.45,94.55
"Emilia-Romagna","Reggio Emilia",341,85,256,24.93,75.07
"Emilia-Romagna","Reggio Emilia",761,273,488,35.87,64.13
"Emilia-Romagna","Reggio Emilia",247,175,72,70.85,29.15
"Emilia-Romagna","Reggio Emilia",105,78,27,74.29,25.71
"Sicilia","Ragusa",575,330,245,57.39,42.61
"Sicilia","Ragusa",479,251,228,52.4,47.6
"Sicilia","Ragusa",217,167,50,76.96,23.04
"Sicilia","Ragusa",307,215,92,70.03,29.97
"Sicilia","Ragusa",998,771,227,77.25,22.75
"Sicilia","Ragusa",733,614,119,83.77,16.23
"Sicilia","Ragusa",767,658,109,85.79,14.21
"Sicilia","Ragusa",200,84,116,42,58
"Sicilia","Ragusa",380,218,162,57.37,42.63
"Sicilia","Ragusa",1090,505,585,46.33,53.67
"Sicilia","Ragusa",671,366,305,54.55,45.45
"Sicilia","Ragusa",542,225,317,41.51,58.49
"Sicilia","Ragusa",209,106,103,50.72,49.28
"Sicilia","Ragusa",25,13,12,52,48
"Sicilia","Ragusa",39,30,9,76.92,23.08
"Sicilia","Ragusa",357,138,219,38.66,61.34
"Sicilia","Ragusa",256,106,150,41.41,58.59
"Sicilia","Ragusa",42,0,42,0,100
"Sicilia","Ragusa",31,15,16,48.39,51.61
"Sicilia","Ragusa",129,49,80,37.98,62.02
"Sicilia","Ragusa",380,157,223,41.32,58.68
"Sicilia","Ragusa",118,4,114,3.39,96.61
"Sicilia","Ragusa",108,34,74,31.48,68.52
"Sicilia","Ragusa",98,46,52,46.94,53.06
"Sicilia","Ragusa",38,22,16,57.89,42.11
"Sicilia","Ragusa",164,50,114,30.49,69.51
"Sicilia","Ragusa",49,9,40,18.37,81.63
"Sicilia","Ragusa",51,24,27,47.06,52.94
"Sicilia","Ragusa",350,147,203,42,58
"Sicilia","Ragusa",169,37,132,21.89,78.11
"Sicilia","Ragusa",377,280,97,74.27,25.73
"Sicilia","Ragusa",20,10,10,50,50
"Sicilia","Ragusa",160,107,53,66.88,33.12
"Sicilia","Ragusa",294,227,67,77.21,22.79
"Sicilia","Ragusa",91,5,86,5.49,94.51
"Sicilia","Ragusa",455,42,413,9.23,90.77
"Sicilia","Ragusa",52,13,39,25,75
"Sicilia","Ragusa",344,156,188,45.35,54.65
"Sicilia","Ragusa",40,24,16,60,40
"Sicilia","Ragusa",278,148,130,53.24,46.76
"Sicilia","Ragusa",48,27,21,56.25,43.75
"Sicilia","Ragusa",418,203,215,48.56,51.44
"Sicilia","Ragusa",76,46,30,60.53,39.47
"Sicilia","Ragusa",734,263,471,35.83,64.17
"Sicilia","Ragusa",58,24,34,41.38,58.62
"Sicilia","Ragusa",692,204,488,29.48,70.52
"Sicilia","Ragusa",77,38,39,49.35,50.65
"Sicilia","Ragusa",38,17,21,44.74,55.26
"Sicilia","Ragusa",576,24,552,4.17,95.83
"Sicilia","Ragusa",312,24,288,7.69,92.31
"Sicilia","Ragusa",61,20,41,32.79,67.21
"Sicilia","Ragusa",138,75,63,54.35,45.65
"Sicilia","Ragusa",92,12,80,13.04,86.96
"Sicilia","Ragusa",53,10,43,18.87,81.13
"Lazio","Rieti",332,228,104,68.67,31.33
"Lazio","Rieti",681,520,161,76.36,23.64
"Lazio","Rieti",662,409,253,61.78,38.22
"Lazio","Rieti",719,301,418,41.86,58.14
"Lazio","Rieti",69,26,43,37.68,62.32
"Lazio","Rieti",753,437,316,58.03,41.97
"Lazio","Rieti",93,36,57,38.71,61.29
"Lazio","Rieti",184,43,141,23.37,76.63
"Lazio","Rieti",64,11,53,17.19,82.81
"Lazio","Rieti",21,14,7,66.67,33.33
"Lazio","Rieti",167,107,60,64.07,35.93
"Lazio","Rieti",418,157,261,37.56,62.44
"Lazio","Rieti",213,70,143,32.86,67.14
"Lazio","Rieti",45,6,39,13.33,86.67
"Lazio","Rieti",29,0,29,0,100
"Lazio","Rieti",39,20,19,51.28,48.72
"Lazio","Rieti",129,50,79,38.76,61.24
"Lazio","Rieti",263,190,73,72.24,27.76
"Lazio","Rieti",148,32,116,21.62,78.38
"Lazio","Rieti",196,90,106,45.92,54.08
"Lazio","Rieti",34,17,17,50,50
"Lazio","Rieti",192,78,114,40.62,59.38
"Lazio","Rieti",37,3,34,8.11,91.89
"Lazio","Rieti",172,69,103,40.12,59.88
"Lazio","Rieti",23,4,19,17.39,82.61
"Lazio","Rieti",4,3,1,75,25
"Lazio","Rieti",377,30,347,7.96,92.04
"Lazio","Rieti",712,168,544,23.6,76.4
"Lazio","Roma",307,226,81,73.62,26.38
"Lazio","Roma",117,92,25,78.63,21.37
"Lazio","Roma",1352,1008,344,74.56,25.44
"Lazio","Roma",305,197,108,64.59,35.41
"Lazio","Roma",682,463,219,67.89,32.11
"Lazio","Roma",1339,1092,247,81.55,18.45
"Lazio","Roma",47,32,15,68.09,31.91
"Lazio","Roma",1134,771,363,67.99,32.01
"Lazio","Roma",1090,771,319,70.73,29.27
"Lazio","Roma",183,133,50,72.68,27.32
"Lazio","Roma",189,139,50,73.54,26.46
"Lazio","Roma",602,365,237,60.63,39.37
"Lazio","Roma",122,79,43,64.75,35.25
"Lazio","Roma",687,454,233,66.08,33.92
"Lazio","Roma",1034,731,303,70.7,29.3
"Lazio","Roma",134,104,30,77.61,22.39
"Lazio","Roma",746,601,145,80.56,19.44
"Lazio","Roma",473,333,140,70.4,29.6
"Lazio","Roma",1038,806,232,77.65,22.35
"Lazio","Roma",1013,733,280,72.36,27.64
"Lazio","Roma",839,579,260,69.01,30.99
"Lazio","Roma",1094,764,330,69.84,30.16
"Lazio","Roma",607,401,206,66.06,33.94
"Lazio","Roma",1156,594,562,51.38,48.62
"Lazio","Roma",1253,900,353,71.83,28.17
"Lazio","Roma",1025,781,244,76.2,23.8
"Lazio","Roma",876,616,260,70.32,29.68
"Lazio","Roma",1076,599,477,55.67,44.33
"Lazio","Roma",835,540,295,64.67,35.33
"Lazio","Roma",713,504,209,70.69,29.31
"Lazio","Roma",1060,652,408,61.51,38.49
"Lazio","Roma",302,215,87,71.19,28.81
"Lazio","Roma",1191,902,289,75.73,24.27
"Lazio","Roma",998,726,272,72.75,27.25
"Lazio","Roma",1594,1167,427,73.21,26.79
"Lazio","Roma",1143,876,267,76.64,23.36
"Lazio","Roma",1305,999,306,76.55,23.45
"Lazio","Roma",1054,781,273,74.1,25.9
"Lazio","Roma",1217,840,377,69.02,30.98
"Lazio","Roma",1320,756,564,57.27,42.73
"Lazio","Roma",566,460,106,81.27,18.73
"Lazio","Roma",427,313,114,73.3,26.7
"Lazio","Roma",1032,795,237,77.03,22.97
"Lazio","Roma",1194,920,274,77.05,22.95
"Lazio","Roma",753,539,214,71.58,28.42
"Lazio","Roma",360,272,88,75.56,24.44
"Lazio","Roma",991,745,246,75.18,24.82
"Lazio","Roma",223,190,33,85.2,14.8
"Lazio","Roma",989,810,179,81.9,18.1
"Lazio","Roma",866,708,158,81.76,18.24
"Lazio","Roma",380,301,79,79.21,20.79
"Lazio","Roma",1413,945,468,66.88,33.12
"Lazio","Roma",236,183,53,77.54,22.46
"Lazio","Roma",1435,930,505,64.81,35.19
"Lazio","Roma",818,520,298,63.57,36.43
"Lazio","Roma",961,404,557,42.04,57.96
"Lazio","Roma",1252,452,800,36.1,63.9
"Lazio","Roma",824,501,323,60.8,39.2
"Lazio","Roma",479,286,193,59.71,40.29
"Lazio","Roma",1290,538,752,41.71,58.29
"Lazio","Roma",58,20,38,34.48,65.52
"Lazio","Roma",1186,567,619,47.81,52.19
"Lazio","Roma",286,68,218,23.78,76.22
"Lazio","Roma",1198,530,668,44.24,55.76
"Lazio","Roma",88,36,52,40.91,59.09
"Lazio","Roma",455,260,195,57.14,42.86
"Lazio","Roma",1147,506,641,44.12,55.88
"Lazio","Roma",743,280,463,37.69,62.31
"Lazio","Roma",388,160,228,41.24,58.76
"Lazio","Roma",1081,492,589,45.51,54.49
"Lazio","Roma",1785,1030,755,57.7,42.3
"Lazio","Roma",976,584,392,59.84,40.16
"Lazio","Roma",462,196,266,42.42,57.58
"Lazio","Roma",686,283,403,41.25,58.75
"Lazio","Roma",1873,1126,747,60.12,39.88
"Lazio","Roma",1106,552,554,49.91,50.09
"Lazio","Roma",216,70,146,32.41,67.59
"Lazio","Roma",890,533,357,59.89,40.11
"Lazio","Roma",521,232,289,44.53,55.47
"Lazio","Roma",641,188,453,29.33,70.67
"Lazio","Roma",1027,480,547,46.74,53.26
"Lazio","Roma",285,98,187,34.39,65.61
"Lazio","Roma",1390,772,618,55.54,44.46
"Lazio","Roma",927,421,506,45.42,54.58
"Lazio","Roma",1209,507,702,41.94,58.06
"Lazio","Roma",542,252,290,46.49,53.51
"Lazio","Roma",1192,579,613,48.57,51.43
"Lazio","Roma",542,241,301,44.46,55.54
"Lazio","Roma",776,364,412,46.91,53.09
"Lazio","Roma",49,33,16,67.35,32.65
"Lazio","Roma",191,34,157,17.8,82.2
"Lazio","Roma",712,409,303,57.44,42.56
"Lazio","Roma",203,92,111,45.32,54.68
"Lazio","Roma",1008,549,459,54.46,45.54
"Lazio","Roma",1099,427,672,38.85,61.15
"Lazio","Roma",743,309,434,41.59,58.41
"Lazio","Roma",907,349,558,38.48,61.52
"Lazio","Roma",1142,513,629,44.92,55.08
"Lazio","Roma",1168,450,718,38.53,61.47
"Lazio","Roma",1027,433,594,42.16,57.84
"Lazio","Roma",1488,558,930,37.5,62.5
"Lazio","Roma",1261,491,770,38.94,61.06
"Lazio","Roma",1417,645,772,45.52,54.48
"Lazio","Roma",1183,504,679,42.6,57.4
"Lazio","Roma",802,458,344,57.11,42.89
"Lazio","Roma",834,474,360,56.83,43.17
"Lazio","Roma",386,185,201,47.93,52.07
"Lazio","Roma",1005,537,468,53.43,46.57
"Lazio","Roma",922,326,596,35.36,64.64
"Lazio","Roma",759,381,378,50.2,49.8
"Lazio","Roma",1583,588,995,37.14,62.86
"Lazio","Roma",730,268,462,36.71,63.29
"Lazio","Roma",1415,876,539,61.91,38.09
"Lazio","Roma",973,340,633,34.94,65.06
"Lazio","Roma",1093,424,669,38.79,61.21
"Lazio","Roma",1198,486,712,40.57,59.43
"Lazio","Roma",1060,439,621,41.42,58.58
"Lazio","Roma",902,499,403,55.32,44.68
"Lazio","Roma",1154,557,597,48.27,51.73
"Lazio","Roma",149,47,102,31.54,68.46
"Lazio","Roma",351,221,130,62.96,37.04
"Lazio","Roma",46,38,8,82.61,17.39
"Lazio","Roma",11,0,11,0,100
"Lazio","Roma",789,389,400,49.3,50.7
"Lazio","Roma",174,88,86,50.57,49.43
"Lazio","Roma",108,53,55,49.07,50.93
"Lazio","Roma",141,44,97,31.21,68.79
"Lazio","Roma",96,69,27,71.88,28.12
"Lazio","Roma",121,78,43,64.46,35.54
"Lazio","Roma",101,50,51,49.5,50.5
"Lazio","Roma",71,41,30,57.75,42.25
"Lazio","Roma",90,52,38,57.78,42.22
"Lazio","Roma",161,75,86,46.58,53.42
"Lazio","Roma",142,83,59,58.45,41.55
"Lazio","Roma",55,25,30,45.45,54.55
"Lazio","Roma",264,156,108,59.09,40.91
"Lazio","Roma",510,336,174,65.88,34.12
"Lazio","Roma",235,132,103,56.17,43.83
"Lazio","Roma",57,38,19,66.67,33.33
"Lazio","Roma",267,212,55,79.4,20.6
"Lazio","Roma",263,176,87,66.92,33.08
"Lazio","Roma",237,164,73,69.2,30.8
"Lazio","Roma",126,121,5,96.03,3.97
"Lazio","Roma",48,37,11,77.08,22.92
"Lazio","Roma",443,386,57,87.13,12.87
"Lazio","Roma",108,84,24,77.78,22.22
"Lazio","Roma",95,78,17,82.11,17.89
"Lazio","Roma",32,22,10,68.75,31.25
"Lazio","Roma",219,92,127,42.01,57.99
"Lazio","Roma",25,17,8,68,32
"Lazio","Roma",849,290,559,34.16,65.84
"Lazio","Roma",54,20,34,37.04,62.96
"Lazio","Roma",846,293,553,34.63,65.37
"Lazio","Roma",324,129,195,39.81,60.19
"Lazio","Roma",675,255,420,37.78,62.22
"Lazio","Roma",67,33,34,49.25,50.75
"Lazio","Roma",107,43,64,40.19,59.81
"Lazio","Roma",227,94,133,41.41,58.59
"Lazio","Roma",32,0,32,0,100
"Lazio","Roma",39,23,16,58.97,41.03
"Lazio","Roma",472,174,298,36.86,63.14
"Lazio","Roma",817,345,472,42.23,57.77
"Lazio","Roma",18,0,18,0,100
"Lazio","Roma",5,4,1,80,20
"Lazio","Roma",561,201,360,35.83,64.17
"Lazio","Roma",11,1,10,9.09,90.91
"Lazio","Roma",39,13,26,33.33,66.67
"Lazio","Roma",1046,323,723,30.88,69.12
"Lazio","Roma",768,278,490,36.2,63.8
"Lazio","Roma",40,15,25,37.5,62.5
"Lazio","Roma",121,40,81,33.06,66.94
"Lazio","Roma",636,218,418,34.28,65.72
"Lazio","Roma",79,33,46,41.77,58.23
"Lazio","Roma",45,1,44,2.22,97.78
"Lazio","Roma",312,100,212,32.05,67.95
"Lazio","Roma",346,171,175,49.42,50.58
"Lazio","Roma",58,34,24,58.62,41.38
"Lazio","Roma",144,139,5,96.53,3.47
"Lazio","Roma",21,0,21,0,100
"Lazio","Roma",57,0,57,0,100
"Lazio","Roma",255,78,177,30.59,69.41
"Lazio","Roma",55,10,45,18.18,81.82
"Lazio","Roma",178,2,176,1.12,98.88
"Lazio","Roma",168,80,88,47.62,52.38
"Lazio","Roma",46,19,27,41.3,58.7
"Lazio","Roma",162,70,92,43.21,56.79
"Lazio","Roma",97,0,97,0,100
"Lazio","Roma",23,2,21,8.7,91.3
"Lazio","Roma",655,192,463,29.31,70.69
"Lazio","Roma",292,109,183,37.33,62.67
"Lazio","Roma",177,47,130,26.55,73.45
"Lazio","Roma",818,358,460,43.77,56.23
"Lazio","Roma",90,42,48,46.67,53.33
"Lazio","Roma",404,285,119,70.54,29.46
"Lazio","Roma",860,636,224,73.95,26.05
"Lazio","Roma",1,1,0,100,0
"Lazio","Roma",177,113,64,63.84,36.16
"Lazio","Roma",105,64,41,60.95,39.05
"Lazio","Roma",190,132,58,69.47,30.53
"Lazio","Roma",524,403,121,76.91,23.09
"Lazio","Roma",916,656,260,71.62,28.38
"Lazio","Roma",206,153,53,74.27,25.73
"Lazio","Roma",451,322,129,71.4,28.6
"Lazio","Roma",1070,818,252,76.45,23.55
"Lazio","Roma",335,243,92,72.54,27.46
"Lazio","Roma",891,617,274,69.25,30.75
"Lazio","Roma",588,435,153,73.98,26.02
"Lazio","Roma",308,199,109,64.61,35.39
"Lazio","Roma",1151,829,322,72.02,27.98
"Lazio","Roma",1162,838,324,72.12,27.88
"Lazio","Roma",517,349,168,67.5,32.5
"Lazio","Roma",334,180,154,53.89,46.11
"Lazio","Roma",718,537,181,74.79,25.21
"Lazio","Roma",143,17,126,11.89,88.11
"Lazio","Roma",70,0,70,0,100
"Lazio","Roma",39,25,14,64.1,35.9
"Lazio","Roma",617,171,446,27.71,72.29
"Lazio","Roma",14,0,14,0,100
"Lazio","Roma",53,20,33,37.74,62.26
"Lazio","Roma",678,173,505,25.52,74.48
"Lazio","Roma",139,27,112,19.42,80.58
"Lazio","Roma",855,139,716,16.26,83.74
"Lazio","Roma",935,416,519,44.49,55.51
"Lazio","Roma",56,27,29,48.21,51.79
"Lazio","Roma",273,102,171,37.36,62.64
"Lazio","Roma",236,84,152,35.59,64.41
"Lazio","Roma",122,53,69,43.44,56.56
"Lazio","Roma",241,0,241,0,100
"Lazio","Roma",706,295,411,41.78,58.22
"Lazio","Roma",462,156,306,33.77,66.23
"Lazio","Roma",74,36,38,48.65,51.35
"Lazio","Roma",403,67,336,16.63,83.37
"Lazio","Roma",452,186,266,41.15,58.85
"Lazio","Roma",61,22,39,36.07,63.93
"Lazio","Roma",489,124,365,25.36,74.64
"Lazio","Roma",247,105,142,42.51,57.49
"Lazio","Roma",371,145,226,39.08,60.92
"Lazio","Roma",49,26,23,53.06,46.94
"Lazio","Roma",408,105,303,25.74,74.26
"Lazio","Roma",39,23,16,58.97,41.03
"Lazio","Roma",175,82,93,46.86,53.14
"Lazio","Roma",146,51,95,34.93,65.07
"Lazio","Roma",265,77,188,29.06,70.94
"Lazio","Roma",357,126,231,35.29,64.71
"Lazio","Roma",70,38,32,54.29,45.71
"Lazio","Roma",863,301,562,34.88,65.12
"Lazio","Roma",264,124,140,46.97,53.03
"Lazio","Roma",384,80,304,20.83,79.17
"Lazio","Roma",60,28,32,46.67,53.33
"Lazio","Roma",429,154,275,35.9,64.1
"Lazio","Roma",62,33,29,53.23,46.77
"Lazio","Roma",174,75,99,43.1,56.9
"Lazio","Roma",116,87,29,75,25
"Lazio","Roma",126,32,94,25.4,74.6
"Lazio","Roma",7,4,3,57.14,42.86
"Lazio","Roma",306,66,240,21.57,78.43
"Lazio","Roma",8,4,4,50,50
"Lazio","Roma",463,209,254,45.14,54.86
"Lazio","Roma",22,13,9,59.09,40.91
"Lazio","Roma",675,318,357,47.11,52.89
"Lazio","Roma",382,93,289,24.35,75.65
"Lazio","Roma",427,221,206,51.76,48.24
"Lazio","Roma",309,102,207,33.01,66.99
"Lazio","Roma",154,62,92,40.26,59.74
"Lazio","Roma",435,107,328,24.6,75.4
"Lazio","Roma",48,18,30,37.5,62.5
"Lazio","Roma",132,33,99,25,75
"Lazio","Roma",336,87,249,25.89,74.11
"Lazio","Roma",838,412,426,49.16,50.84
"Lazio","Roma",711,219,492,30.8,69.2
"Lazio","Roma",54,22,32,40.74,59.26
"Lazio","Roma",648,268,380,41.36,58.64
"Lazio","Roma",962,580,382,60.29,39.71
"Lazio","Roma",883,370,513,41.9,58.1
"Lazio","Roma",72,41,31,56.94,43.06
"Lazio","Roma",617,270,347,43.76,56.24
"Lazio","Roma",147,85,62,57.82,42.18
"Lazio","Roma",202,66,136,32.67,67.33
"Lazio","Roma",1231,200,1031,16.25,83.75
"Lazio","Roma",413,26,387,6.3,93.7
"Lazio","Roma",500,30,470,6,94
"Lazio","Roma",12,1,11,8.33,91.67
"Lazio","Roma",737,39,698,5.29,94.71
"Lazio","Roma",192,32,160,16.67,83.33
"Lazio","Roma",241,46,195,19.09,80.91
"Lazio","Roma",666,84,582,12.61,87.39
"Lazio","Roma",17,1,16,5.88,94.12
"Lazio","Roma",185,8,177,4.32,95.68
"Lazio","Roma",161,43,118,26.71,73.29
"Lazio","Roma",912,58,854,6.36,93.64
"Lazio","Roma",305,50,255,16.39,83.61
"Lazio","Roma",803,93,710,11.58,88.42
"Lazio","Roma",223,17,206,7.62,92.38
"Lazio","Roma",241,14,227,5.81,94.19
"Lazio","Roma",774,150,624,19.38,80.62
"Lazio","Roma",77,38,39,49.35,50.65
"Lazio","Roma",1019,161,858,15.8,84.2
"Lazio","Roma",23,0,23,0,100
"Lazio","Roma",649,108,541,16.64,83.36
"Lazio","Roma",711,289,422,40.65,59.35
"Lazio","Roma",89,30,59,33.71,66.29
"Lazio","Roma",1357,143,1214,10.54,89.46
"Lazio","Roma",76,6,70,7.89,92.11
"Lazio","Roma",407,28,379,6.88,93.12
"Lazio","Roma",151,55,96,36.42,63.58
"Lazio","Roma",287,49,238,17.07,82.93
"Lazio","Roma",788,125,663,15.86,84.14
"Lazio","Roma",16,2,14,12.5,87.5
"Lazio","Roma",1016,378,638,37.2,62.8
"Lazio","Roma",29,15,14,51.72,48.28
"Lazio","Roma",556,36,520,6.47,93.53
"Lazio","Roma",343,95,248,27.7,72.3
"Lazio","Roma",44,0,44,0,100
"Lazio","Roma",1270,149,1121,11.73,88.27
"Lazio","Roma",797,187,610,23.46,76.54
"Lazio","Roma",1000,219,781,21.9,78.1
"Lazio","Roma",51,27,24,52.94,47.06
"Lazio","Roma",1123,132,991,11.75,88.25
"Lazio","Roma",50,6,44,12,88
"Lazio","Roma",1033,172,861,16.65,83.35
"Lazio","Roma",40,2,38,5,95
"Lazio","Roma",835,89,746,10.66,89.34
"Lazio","Roma",516,50,466,9.69,90.31
"Lazio","Roma",85,21,64,24.71,75.29
"Lazio","Roma",314,43,271,13.69,86.31
"Lazio","Roma",110,20,90,18.18,81.82
"Lazio","Roma",290,65,225,22.41,77.59
"Lazio","Roma",156,28,128,17.95,82.05
"Lazio","Roma",113,24,89,21.24,78.76
"Lazio","Roma",212,43,169,20.28,79.72
"Lazio","Roma",46,10,36,21.74,78.26
"Lazio","Roma",326,213,113,65.34,34.66
"Lazio","Roma",69,29,40,42.03,57.97
"Lazio","Roma",61,13,48,21.31,78.69
"Lazio","Roma",662,421,241,63.6,36.4
"Lazio","Roma",75,42,33,56,44
"Lazio","Roma",174,122,52,70.11,29.89
"Lazio","Roma",230,156,74,67.83,32.17
"Lazio","Roma",433,291,142,67.21,32.79
"Lazio","Roma",231,136,95,58.87,41.13
"Lazio","Roma",610,356,254,58.36,41.64
"Lazio","Roma",111,66,45,59.46,40.54
"Emilia-Romagna","Rimini",1237,1013,224,81.89,18.11
"Emilia-Romagna","Rimini",540,456,84,84.44,15.56
"Emilia-Romagna","Rimini",1224,926,298,75.65,24.35
"Emilia-Romagna","Rimini",200,149,51,74.5,25.5
"Emilia-Romagna","Rimini",1178,510,668,43.29,56.71
"Emilia-Romagna","Rimini",1176,619,557,52.64,47.36
"Emilia-Romagna","Rimini",1570,878,692,55.92,44.08
"Emilia-Romagna","Rimini",233,68,165,29.18,70.82
"Emilia-Romagna","Rimini",600,286,314,47.67,52.33
"Emilia-Romagna","Rimini",49,35,14,71.43,28.57
"Emilia-Romagna","Rimini",571,257,314,45.01,54.99
"Emilia-Romagna","Rimini",77,40,37,51.95,48.05
"Emilia-Romagna","Rimini",576,245,331,42.53,57.47
"Emilia-Romagna","Rimini",76,29,47,38.16,61.84
"Emilia-Romagna","Rimini",91,51,40,56.04,43.96
"Emilia-Romagna","Rimini",312,94,218,30.13,69.87
"Emilia-Romagna","Rimini",13,9,4,69.23,30.77
"Emilia-Romagna","Rimini",745,208,537,27.92,72.08
"Emilia-Romagna","Rimini",117,60,57,51.28,48.72
"Emilia-Romagna","Rimini",770,162,608,21.04,78.96
"Emilia-Romagna","Rimini",364,176,188,48.35,51.65
"Emilia-Romagna","Rimini",568,262,306,46.13,53.87
"Emilia-Romagna","Rimini",56,31,25,55.36,44.64
"Emilia-Romagna","Rimini",760,281,479,36.97,63.03
"Emilia-Romagna","Rimini",1345,145,1200,10.78,89.22
"Emilia-Romagna","Rimini",551,414,137,75.14,24.86
"Veneto","Rovigo",603,506,97,83.91,16.09
"Veneto","Rovigo",1098,865,233,78.78,21.22
"Veneto","Rovigo",397,196,201,49.37,50.63
"Veneto","Rovigo",403,285,118,70.72,29.28
"Veneto","Rovigo",729,357,372,48.97,51.03
"Veneto","Rovigo",188,71,117,37.77,62.23
"Veneto","Rovigo",251,163,88,64.94,35.06
"Veneto","Rovigo",248,161,87,64.92,35.08
"Veneto","Rovigo",19,14,5,73.68,26.32
"Veneto","Rovigo",560,279,281,49.82,50.18
"Veneto","Rovigo",37,26,11,70.27,29.73
"Veneto","Rovigo",164,0,164,0,100
"Veneto","Rovigo",238,3,235,1.26,98.74
"Veneto","Rovigo",126,91,35,72.22,27.78
"Veneto","Rovigo",32,23,9,71.88,28.12
"Veneto","Rovigo",341,83,258,24.34,75.66
"Veneto","Rovigo",708,404,304,57.06,42.94
"Veneto","Rovigo",70,33,37,47.14,52.86
"Veneto","Rovigo",572,196,376,34.27,65.73
"Veneto","Rovigo",182,68,114,37.36,62.64
"Veneto","Rovigo",293,155,138,52.9,47.1
"Veneto","Rovigo",161,12,149,7.45,92.55
"Veneto","Rovigo",229,4,225,1.75,98.25
"Veneto","Rovigo",11,1,10,9.09,90.91
"Veneto","Rovigo",740,150,590,20.27,79.73
"Veneto","Rovigo",62,15,47,24.19,75.81
"Campania","Salerno",1225,789,436,64.41,35.59
"Campania","Salerno",208,142,66,68.27,31.73
"Campania","Salerno",247,137,110,55.47,44.53
"Campania","Salerno",149,101,48,67.79,32.21
"Campania","Salerno",98,68,30,69.39,30.61
"Campania","Salerno",848,485,363,57.19,42.81
"Campania","Salerno",439,305,134,69.48,30.52
"Campania","Salerno",498,347,151,69.68,30.32
"Campania","Salerno",720,529,191,73.47,26.53
"Campania","Salerno",963,607,356,63.03,36.97
"Campania","Salerno",94,62,32,65.96,34.04
"Campania","Salerno",940,640,300,68.09,31.91
"Campania","Salerno",62,29,33,46.77,53.23
"Campania","Salerno",602,501,101,83.22,16.78
"Campania","Salerno",1368,976,392,71.35,28.65
"Campania","Salerno",764,486,278,63.61,36.39
"Campania","Salerno",950,783,167,82.42,17.58
"Campania","Salerno",382,284,98,74.35,25.65
"Campania","Salerno",595,504,91,84.71,15.29
"Campania","Salerno",896,745,151,83.15,16.85
"Campania","Salerno",92,67,25,72.83,27.17
"Campania","Salerno",102,82,20,80.39,19.61
"Campania","Salerno",748,322,426,43.05,56.95
"Campania","Salerno",162,79,83,48.77,51.23
"Campania","Salerno",750,325,425,43.33,56.67
"Campania","Salerno",657,418,239,63.62,36.38
"Campania","Salerno",282,160,122,56.74,43.26
"Campania","Salerno",310,174,136,56.13,43.87
"Campania","Salerno",956,367,589,38.39,61.61
"Campania","Salerno",362,160,202,44.2,55.8
"Campania","Salerno",485,273,212,56.29,43.71
"Campania","Salerno",824,500,324,60.68,39.32
"Campania","Salerno",1364,580,784,42.52,57.48
"Campania","Salerno",727,280,447,38.51,61.49
"Campania","Salerno",475,230,245,48.42,51.58
"Campania","Salerno",817,400,417,48.96,51.04
"Campania","Salerno",963,355,608,36.86,63.14
"Campania","Salerno",807,332,475,41.14,58.86
"Campania","Salerno",1201,685,516,57.04,42.96
"Campania","Salerno",1258,684,574,54.37,45.63
"Campania","Salerno",1116,629,487,56.36,43.64
"Campania","Salerno",1276,688,588,53.92,46.08
"Campania","Salerno",975,511,464,52.41,47.59
"Campania","Salerno",118,29,89,24.58,75.42
"Campania","Salerno",159,49,110,30.82,69.18
"Campania","Salerno",162,25,137,15.43,84.57
"Campania","Salerno",117,17,100,14.53,85.47
"Campania","Salerno",102,19,83,18.63,81.37
"Campania","Salerno",82,13,69,15.85,84.15
"Campania","Salerno",143,40,103,27.97,72.03
"Campania","Salerno",58,25,33,43.1,56.9
"Campania","Salerno",96,23,73,23.96,76.04
"Campania","Salerno",72,40,32,55.56,44.44
"Campania","Salerno",13,8,5,61.54,38.46
"Campania","Salerno",77,47,30,61.04,38.96
"Campania","Salerno",150,86,64,57.33,42.67
"Campania","Salerno",272,212,60,77.94,22.06
"Campania","Salerno",651,249,402,38.25,61.75
"Campania","Salerno",84,11,73,13.1,86.9
"Campania","Salerno",42,25,17,59.52,40.48
"Campania","Salerno",138,52,86,37.68,62.32
"Campania","Salerno",34,28,6,82.35,17.65
"Campania","Salerno",227,108,119,47.58,52.42
"Campania","Salerno",34,24,10,70.59,29.41
"Campania","Salerno",247,132,115,53.44,46.56
"Campania","Salerno",41,20,21,48.78,51.22
"Campania","Salerno",393,205,188,52.16,47.84
"Campania","Salerno",54,31,23,57.41,42.59
"Campania","Salerno",400,178,222,44.5,55.5
"Campania","Salerno",25,0,25,0,100
"Campania","Salerno",45,25,20,55.56,44.44
"Campania","Salerno",159,85,74,53.46,46.54
"Campania","Salerno",25,13,12,52,48
"Campania","Salerno",308,136,172,44.16,55.84
"Campania","Salerno",162,55,107,33.95,66.05
"Campania","Salerno",13,6,7,46.15,53.85
"Campania","Salerno",61,20,41,32.79,67.21
"Campania","Salerno",245,100,145,40.82,59.18
"Campania","Salerno",159,64,95,40.25,59.75
"Campania","Salerno",96,32,64,33.33,66.67
"Campania","Salerno",242,113,129,46.69,53.31
"Campania","Salerno",463,189,274,40.82,59.18
"Campania","Salerno",457,215,242,47.05,52.95
"Campania","Salerno",87,55,32,63.22,36.78
"Campania","Salerno",95,1,94,1.05,98.95
"Campania","Salerno",86,33,53,38.37,61.63
"Campania","Salerno",306,126,180,41.18,58.82
"Campania","Salerno",173,61,112,35.26,64.74
"Campania","Salerno",45,21,24,46.67,53.33
"Campania","Salerno",60,60,0,100,0
"Campania","Salerno",252,142,110,56.35,43.65
"Campania","Salerno",120,60,60,50,50
"Campania","Salerno",76,0,76,0,100
"Campania","Salerno",75,0,75,0,100
"Campania","Salerno",509,266,243,52.26,47.74
"Campania","Salerno",135,38,97,28.15,71.85
"Campania","Salerno",114,80,34,70.18,29.82
"Campania","Salerno",1100,863,237,78.45,21.55
"Campania","Salerno",145,112,33,77.24,22.76
"Campania","Salerno",199,49,150,24.62,75.38
"Campania","Salerno",150,55,95,36.67,63.33
"Campania","Salerno",227,92,135,40.53,59.47
"Campania","Salerno",334,182,152,54.49,45.51
"Campania","Salerno",6,1,5,16.67,83.33
"Campania","Salerno",28,17,11,60.71,39.29
"Campania","Salerno",705,289,416,40.99,59.01
"Campania","Salerno",466,175,291,37.55,62.45
"Campania","Salerno",269,134,135,49.81,50.19
"Campania","Salerno",343,205,138,59.77,40.23
"Campania","Salerno",142,15,127,10.56,89.44
"Campania","Salerno",122,39,83,31.97,68.03
"Campania","Salerno",374,128,246,34.22,65.78
"Campania","Salerno",275,124,151,45.09,54.91
"Campania","Salerno",127,65,62,51.18,48.82
"Campania","Salerno",51,34,17,66.67,33.33
"Campania","Salerno",363,129,234,35.54,64.46
"Campania","Salerno",27,16,11,59.26,40.74
"Campania","Salerno",145,50,95,34.48,65.52
"Campania","Salerno",71,33,38,46.48,53.52
"Campania","Salerno",277,70,207,25.27,74.73
"Campania","Salerno",24,19,5,79.17,20.83
"Campania","Salerno",121,25,96,20.66,79.34
"Campania","Salerno",147,9,138,6.12,93.88
"Campania","Salerno",268,48,220,17.91,82.09
"Campania","Salerno",698,46,652,6.59,93.41
"Campania","Salerno",321,16,305,4.98,95.02
"Campania","Salerno",657,33,624,5.02,94.98
"Campania","Salerno",705,99,606,14.04,85.96
"Campania","Salerno",120,0,120,0,100
"Campania","Salerno",729,175,554,24.01,75.99
"Campania","Salerno",335,25,310,7.46,92.54
"Campania","Salerno",100,17,83,17,83
"Campania","Salerno",833,83,750,9.96,90.04
"Campania","Salerno",23,3,20,13.04,86.96
"Campania","Salerno",1341,133,1208,9.92,90.08
"Campania","Salerno",468,63,405,13.46,86.54
"Campania","Salerno",17,1,16,5.88,94.12
"Campania","Salerno",86,18,68,20.93,79.07
"Campania","Salerno",78,8,70,10.26,89.74
"Campania","Salerno",42,10,32,23.81,76.19
"Campania","Salerno",157,39,118,24.84,75.16
"Campania","Salerno",50,20,30,40,60
"Campania","Salerno",212,135,77,63.68,36.32
"Campania","Salerno",132,33,99,25,75
"Campania","Salerno",82,8,74,9.76,90.24
"Campania","Salerno",82,49,33,59.76,40.24
"Campania","Salerno",42,28,14,66.67,33.33
"Campania","Salerno",137,80,57,58.39,41.61
"Campania","Salerno",74,48,26,64.86,35.14
"Campania","Salerno",9,3,6,33.33,66.67
"Toscana","Siena",592,291,301,49.16,50.84
"Toscana","Siena",390,228,162,58.46,41.54
"Toscana","Siena",442,360,82,81.45,18.55
"Toscana","Siena",470,392,78,83.4,16.6
"Toscana","Siena",637,508,129,79.75,20.25
"Toscana","Siena",70,46,24,65.71,34.29
"Toscana","Siena",729,378,351,51.85,48.15
"Toscana","Siena",998,517,481,51.8,48.2
"Toscana","Siena",109,20,89,18.35,81.65
"Toscana","Siena",672,393,279,58.48,41.52
"Toscana","Siena",16,0,16,0,100
"Toscana","Siena",51,26,25,50.98,49.02
"Toscana","Siena",213,185,28,86.85,13.15
"Toscana","Siena",264,108,156,40.91,59.09
"Toscana","Siena",102,0,102,0,100
"Toscana","Siena",295,116,179,39.32,60.68
"Toscana","Siena",31,14,17,45.16,54.84
"Toscana","Siena",215,75,140,34.88,65.12
"Toscana","Siena",29,20,9,68.97,31.03
"Toscana","Siena",229,2,227,0.87,99.13
"Toscana","Siena",30,1,29,3.33,96.67
"Toscana","Siena",89,2,87,2.25,97.75
"Toscana","Siena",19,3,16,15.79,84.21
"Toscana","Siena",433,321,112,74.13,25.87
"Toscana","Siena",317,62,255,19.56,80.44
"Toscana","Siena",165,51,114,30.91,69.09
"Toscana","Siena",278,103,175,37.05,62.95
"Toscana","Siena",701,323,378,46.08,53.92
"Toscana","Siena",60,0,60,0,100
"Toscana","Siena",839,431,408,51.37,48.63
"Toscana","Siena",33,9,24,27.27,72.73
"Toscana","Siena",346,262,84,75.72,24.28
"Toscana","Siena",672,128,544,19.05,80.95
"Toscana","Siena",39,2,37,5.13,94.87
"Toscana","Siena",1542,386,1156,25.03,74.97
"Toscana","Siena",328,128,200,39.02,60.98
"Toscana","Siena",6,6,0,100,0
"Lombardia","Sondrio",554,446,108,80.51,19.49
"Lombardia","Sondrio",300,212,88,70.67,29.33
"Lombardia","Sondrio",513,354,159,69.01,30.99
"Lombardia","Sondrio",281,167,114,59.43,40.57
"Lombardia","Sondrio",549,258,291,46.99,53.01
"Lombardia","Sondrio",857,620,237,72.35,27.65
"Lombardia","Sondrio",280,81,199,28.93,71.07
"Lombardia","Sondrio",240,107,133,44.58,55.42
"Lombardia","Sondrio",544,254,290,46.69,53.31
"Lombardia","Sondrio",322,84,238,26.09,73.91
"Lombardia","Sondrio",381,187,194,49.08,50.92
"Lombardia","Sondrio",276,86,190,31.16,68.84
"Lombardia","Sondrio",188,98,90,52.13,47.87
"Lombardia","Sondrio",232,85,147,36.64,63.36
"Lombardia","Sondrio",194,53,141,27.32,72.68
"Lombardia","Sondrio",584,252,332,43.15,56.85
"Lombardia","Sondrio",654,324,330,49.54,50.46
"Lombardia","Sondrio",765,181,584,23.66,76.34
"Liguria","La Spezia",681,500,181,73.42,26.58
"Liguria","La Spezia",591,305,286,51.61,48.39
"Liguria","La Spezia",1018,822,196,80.75,19.25
"Liguria","La Spezia",804,383,421,47.64,52.36
"Liguria","La Spezia",77,22,55,28.57,71.43
"Liguria","La Spezia",207,39,168,18.84,81.16
"Liguria","La Spezia",23,6,17,26.09,73.91
"Liguria","La Spezia",11,0,11,0,100
"Liguria","La Spezia",80,51,29,63.75,36.25
"Liguria","La Spezia",61,38,23,62.3,37.7
"Liguria","La Spezia",426,194,232,45.54,54.46
"Liguria","La Spezia",8,0,8,0,100
"Liguria","La Spezia",54,27,27,50,50
"Liguria","La Spezia",417,149,268,35.73,64.27
"Liguria","La Spezia",788,598,190,75.89,24.11
"Liguria","La Spezia",33,23,10,69.7,30.3
"Liguria","La Spezia",405,212,193,52.35,47.65
"Liguria","La Spezia",826,421,405,50.97,49.03
"Liguria","La Spezia",1505,324,1181,21.53,78.47
"Liguria","La Spezia",92,11,81,11.96,88.04
"Liguria","La Spezia",346,40,306,11.56,88.44
"Liguria","La Spezia",185,58,127,31.35,68.65
"Liguria","La Spezia",15,6,9,40,60
"Sicilia","Siracusa",230,157,73,68.26,31.74
"Sicilia","Siracusa",316,158,158,50,50
"Sicilia","Siracusa",125,92,33,73.6,26.4
"Sicilia","Siracusa",657,428,229,65.14,34.86
"Sicilia","Siracusa",24,21,3,87.5,12.5
"Sicilia","Siracusa",937,646,291,68.94,31.06
"Sicilia","Siracusa",792,600,192,75.76,24.24
"Sicilia","Siracusa",210,147,63,70,30
"Sicilia","Siracusa",13,6,7,46.15,53.85
"Sicilia","Siracusa",429,264,165,61.54,38.46
"Sicilia","Siracusa",331,228,103,68.88,31.12
"Sicilia","Siracusa",760,426,334,56.05,43.95
"Sicilia","Siracusa",753,491,262,65.21,34.79
"Sicilia","Siracusa",119,55,64,46.22,53.78
"Sicilia","Siracusa",1065,435,630,40.85,59.15
"Sicilia","Siracusa",1302,738,564,56.68,43.32
"Sicilia","Siracusa",726,418,308,57.58,42.42
"Sicilia","Siracusa",172,81,91,47.09,52.91
"Sicilia","Siracusa",149,54,95,36.24,63.76
"Sicilia","Siracusa",10,7,3,70,30
"Sicilia","Siracusa",6,3,3,50,50
"Sicilia","Siracusa",70,2,68,2.86,97.14
"Sicilia","Siracusa",7,3,4,42.86,57.14
"Sicilia","Siracusa",364,159,205,43.68,56.32
"Sicilia","Siracusa",156,48,108,30.77,69.23
"Sicilia","Siracusa",111,72,39,64.86,35.14
"Sicilia","Siracusa",88,48,40,54.55,45.45
"Sicilia","Siracusa",209,73,136,34.93,65.07
"Sicilia","Siracusa",34,20,14,58.82,41.18
"Sicilia","Siracusa",114,56,58,49.12,50.88
"Sicilia","Siracusa",99,52,47,52.53,47.47
"Sicilia","Siracusa",286,125,161,43.71,56.29
"Sicilia","Siracusa",148,105,43,70.95,29.05
"Sicilia","Siracusa",256,121,135,47.27,52.73
"Sicilia","Siracusa",100,0,100,0,100
"Sicilia","Siracusa",27,0,27,0,100
"Sicilia","Siracusa",438,170,268,38.81,61.19
"Sicilia","Siracusa",15,0,15,0,100
"Sicilia","Siracusa",106,63,43,59.43,40.57
"Sicilia","Siracusa",105,0,105,0,100
"Sicilia","Siracusa",211,2,209,0.95,99.05
"Sicilia","Siracusa",89,0,89,0,100
"Sicilia","Siracusa",20,0,20,0,100
"Sicilia","Siracusa",113,46,67,40.71,59.29
"Sicilia","Siracusa",149,109,40,73.15,26.85
"Sicilia","Siracusa",19,16,3,84.21,15.79
"Sicilia","Siracusa",432,323,109,74.77,25.23
"Sicilia","Siracusa",6,2,4,33.33,66.67
"Sicilia","Siracusa",211,157,54,74.41,25.59
"Sicilia","Siracusa",160,82,78,51.25,48.75
"Sicilia","Siracusa",258,150,108,58.14,41.86
"Sicilia","Siracusa",188,88,100,46.81,53.19
"Sicilia","Siracusa",133,68,65,51.13,48.87
"Sicilia","Siracusa",90,69,21,76.67,23.33
"Sicilia","Siracusa",65,45,20,69.23,30.77
"Sicilia","Siracusa",154,67,87,43.51,56.49
"Sicilia","Siracusa",21,13,8,61.9,38.1
"Sicilia","Siracusa",363,182,181,50.14,49.86
"Sicilia","Siracusa",76,64,12,84.21,15.79
"Sicilia","Siracusa",82,1,81,1.22,98.78
"Sicilia","Siracusa",551,122,429,22.14,77.86
"Sicilia","Siracusa",56,1,55,1.79,98.21
"Sicilia","Siracusa",65,16,49,24.62,75.38
"Sicilia","Siracusa",949,125,824,13.17,86.83
"Sicilia","Siracusa",87,41,46,47.13,52.87
"Sicilia","Siracusa",332,6,326,1.81,98.19
"Sicilia","Siracusa",69,15,54,21.74,78.26
"Sicilia","Siracusa",178,11,167,6.18,93.82
"Sicilia","Siracusa",65,18,47,27.69,72.31
"Sicilia","Siracusa",89,2,87,2.25,97.75
"Sicilia","Siracusa",347,40,307,11.53,88.47
"Sicilia","Siracusa",91,10,81,10.99,89.01
"Sicilia","Siracusa",46,1,45,2.17,97.83
"Sicilia","Siracusa",45,7,38,15.56,84.44
"Sicilia","Siracusa",9,0,9,0,100
"Sicilia","Siracusa",13,0,13,0,100
"Sicilia","Siracusa",23,6,17,26.09,73.91
"Sardegna","Sassari",568,284,284,50,50
"Sardegna","Sassari",822,507,315,61.68,38.32
"Sardegna","Sassari",300,202,98,67.33,32.67
"Sardegna","Sassari",213,187,26,87.79,12.21
"Sardegna","Sassari",242,171,71,70.66,29.34
"Sardegna","Sassari",639,407,232,63.69,36.31
"Sardegna","Sassari",717,538,179,75.03,24.97
"Sardegna","Sassari",1467,1208,259,82.34,17.66
"Sardegna","Sassari",74,29,45,39.19,60.81
"Sardegna","Sassari",514,267,247,51.95,48.05
"Sardegna","Sassari",187,98,89,52.41,47.59
"Sardegna","Sassari",96,56,40,58.33,41.67
"Sardegna","Sassari",190,102,88,53.68,46.32
"Sardegna","Sassari",113,64,49,56.64,43.36
"Sardegna","Sassari",544,327,217,60.11,39.89
"Sardegna","Sassari",1069,452,617,42.28,57.72
"Sardegna","Sassari",1001,530,471,52.95,47.05
"Sardegna","Sassari",722,372,350,51.52,48.48
"Sardegna","Sassari",102,22,80,21.57,78.43
"Sardegna","Sassari",106,31,75,29.25,70.75
"Sardegna","Sassari",112,27,85,24.11,75.89
"Sardegna","Sassari",62,23,39,37.1,62.9
"Sardegna","Sassari",208,98,110,47.12,52.88
"Sardegna","Sassari",29,0,29,0,100
"Sardegna","Sassari",121,62,59,51.24,48.76
"Sardegna","Sassari",639,309,330,48.36,51.64
"Sardegna","Sassari",52,29,23,55.77,44.23
"Sardegna","Sassari",357,157,200,43.98,56.02
"Sardegna","Sassari",154,69,85,44.81,55.19
"Sardegna","Sassari",51,28,23,54.9,45.1
"Sardegna","Sassari",32,19,13,59.38,40.62
"Sardegna","Sassari",318,69,249,21.7,78.3
"Sardegna","Sassari",16,16,0,100,0
"Sardegna","Sassari",75,4,71,5.33,94.67
"Sardegna","Sassari",430,79,351,18.37,81.63
"Sardegna","Sassari",156,8,148,5.13,94.87
"Sardegna","Sassari",77,5,72,6.49,93.51
"Sardegna","Sassari",18,16,2,88.89,11.11
"Sardegna","Sassari",81,1,80,1.23,98.77
"Sardegna","Sassari",17,7,10,41.18,58.82
"Sardegna","Sassari",587,417,170,71.04,28.96
"Sardegna","Sassari",66,38,28,57.58,42.42
"Sardegna","Sassari",231,145,86,62.77,37.23
"Sardegna","Sassari",45,0,45,0,100
"Sardegna","Sassari",399,273,126,68.42,31.58
"Sardegna","Sassari",114,74,40,64.91,35.09
"Sardegna","Sassari",48,35,13,72.92,27.08
"Sardegna","Sassari",235,54,181,22.98,77.02
"Sardegna","Sassari",251,65,186,25.9,74.1
"Sardegna","Sassari",941,274,667,29.12,70.88
"Sardegna","Sassari",33,8,25,24.24,75.76
"Sardegna","Sassari",72,44,28,61.11,38.89
"Sardegna","Sassari",80,32,48,40,60
"Sardegna","Sassari",36,9,27,25,75
"Sardegna","Sassari",285,83,202,29.12,70.88
"Sardegna","Sassari",294,137,157,46.6,53.4
"Sardegna","Sassari",41,19,22,46.34,53.66
"Sardegna","Sassari",151,56,95,37.09,62.91
"Sardegna","Sassari",32,23,9,71.88,28.12
"Sardegna","Sassari",688,335,353,48.69,51.31
"Sardegna","Sassari",11,7,4,63.64,36.36
"Sardegna","Sassari",485,283,202,58.35,41.65
"Sardegna","Sassari",24,0,24,0,100
"Sardegna","Sassari",86,59,27,68.6,31.4
"Sardegna","Sassari",469,371,98,79.1,20.9
"Sardegna","Sassari",185,138,47,74.59,25.41
"Sardegna","Sassari",1025,106,919,10.34,89.66
"Sardegna","Sassari",156,27,129,17.31,82.69
"Sardegna","Sassari",215,8,207,3.72,96.28
"Sardegna","Sassari",128,13,115,10.16,89.84
"Sardegna","Sassari",279,49,230,17.56,82.44
"Sardegna","Sassari",60,20,40,33.33,66.67
"Sardegna","Sassari",215,36,179,16.74,83.26
"Sardegna","Sassari",27,13,14,48.15,51.85
"Sardegna","Sassari",528,106,422,20.08,79.92
"Sardegna","Sassari",41,9,32,21.95,78.05
"Liguria","Savona",727,521,206,71.66,28.34
"Liguria","Savona",447,287,160,64.21,35.79
"Liguria","Savona",952,724,228,76.05,23.95
"Liguria","Savona",161,54,107,33.54,66.46
"Liguria","Savona",594,403,191,67.85,32.15
"Liguria","Savona",846,352,494,41.61,58.39
"Liguria","Savona",1246,753,493,60.43,39.57
"Liguria","Savona",142,31,111,21.83,78.17
"Liguria","Savona",32,18,14,56.25,43.75
"Liguria","Savona",514,326,188,63.42,36.58
"Liguria","Savona",314,117,197,37.26,62.74
"Liguria","Savona",277,120,157,43.32,56.68
"Liguria","Savona",123,36,87,29.27,70.73
"Liguria","Savona",239,84,155,35.15,64.85
"Liguria","Savona",161,2,159,1.24,98.76
"Liguria","Savona",355,284,71,80,20
"Liguria","Savona",562,259,303,46.09,53.91
"Liguria","Savona",265,141,124,53.21,46.79
"Liguria","Savona",291,135,156,46.39,53.61
"Liguria","Savona",140,90,50,64.29,35.71
"Liguria","Savona",175,5,170,2.86,97.14
"Liguria","Savona",191,13,178,6.81,93.19
"Liguria","Savona",1107,259,848,23.4,76.6
"Liguria","Savona",46,3,43,6.52,93.48
"Liguria","Savona",186,18,168,9.68,90.32
"Liguria","Savona",470,245,225,52.13,47.87
"Liguria","Savona",143,40,103,27.97,72.03
"Liguria","Savona",43,12,31,27.91,72.09
"Puglia","Taranto",218,169,49,77.52,22.48
"Puglia","Taranto",1176,783,393,66.58,33.42
"Puglia","Taranto",1168,798,370,68.32,31.68
"Puglia","Taranto",1060,740,320,69.81,30.19
"Puglia","Taranto",1023,712,311,69.6,30.4
"Puglia","Taranto",814,707,107,86.86,13.14
"Puglia","Taranto",443,255,188,57.56,42.44
"Puglia","Taranto",187,51,136,27.27,72.73
"Puglia","Taranto",1051,433,618,41.2,58.8
"Puglia","Taranto",314,105,209,33.44,66.56
"Puglia","Taranto",276,77,199,27.9,72.1
"Puglia","Taranto",150,59,91,39.33,60.67
"Puglia","Taranto",295,75,220,25.42,74.58
"Puglia","Taranto",1206,734,472,60.86,39.14
"Puglia","Taranto",990,641,349,64.75,35.25
"Puglia","Taranto",1285,680,605,52.92,47.08
"Puglia","Taranto",696,445,251,63.94,36.06
"Puglia","Taranto",80,14,66,17.5,82.5
"Puglia","Taranto",68,28,40,41.18,58.82
"Puglia","Taranto",12,0,12,0,100
"Puglia","Taranto",234,190,44,81.2,18.8
"Puglia","Taranto",424,189,235,44.58,55.42
"Puglia","Taranto",141,92,49,65.25,34.75
"Puglia","Taranto",18,11,7,61.11,38.89
"Puglia","Taranto",30,20,10,66.67,33.33
"Puglia","Taranto",196,178,18,90.82,9.18
"Puglia","Taranto",18,17,1,94.44,5.56
"Puglia","Taranto",268,160,108,59.7,40.3
"Puglia","Taranto",320,250,70,78.12,21.88
"Puglia","Taranto",1027,682,345,66.41,33.59
"Puglia","Taranto",323,134,189,41.49,58.51
"Puglia","Taranto",279,119,160,42.65,57.35
"Puglia","Taranto",33,0,33,0,100
"Puglia","Taranto",112,64,48,57.14,42.86
"Puglia","Taranto",120,65,55,54.17,45.83
"Puglia","Taranto",398,195,203,48.99,51.01
"Puglia","Taranto",166,82,84,49.4,50.6
"Puglia","Taranto",13,0,13,0,100
"Puglia","Taranto",467,261,206,55.89,44.11
"Puglia","Taranto",33,0,33,0,100
"Puglia","Taranto",164,61,103,37.2,62.8
"Puglia","Taranto",187,110,77,58.82,41.18
"Puglia","Taranto",74,1,73,1.35,98.65
"Puglia","Taranto",368,260,108,70.65,29.35
"Puglia","Taranto",88,64,24,72.73,27.27
"Puglia","Taranto",441,341,100,77.32,22.68
"Puglia","Taranto",20,0,20,0,100
"Puglia","Taranto",95,69,26,72.63,27.37
"Puglia","Taranto",163,46,117,28.22,71.78
"Puglia","Taranto",24,8,16,33.33,66.67
"Puglia","Taranto",238,74,164,31.09,68.91
"Puglia","Taranto",24,14,10,58.33,41.67
"Puglia","Taranto",93,38,55,40.86,59.14
"Puglia","Taranto",76,38,38,50,50
"Puglia","Taranto",501,188,313,37.52,62.48
"Puglia","Taranto",72,47,25,65.28,34.72
"Puglia","Taranto",427,167,260,39.11,60.89
"Puglia","Taranto",44,19,25,43.18,56.82
"Puglia","Taranto",71,57,14,80.28,19.72
"Puglia","Taranto",127,29,98,22.83,77.17
"Puglia","Taranto",638,303,335,47.49,52.51
"Puglia","Taranto",30,12,18,40,60
"Puglia","Taranto",563,324,239,57.55,42.45
"Puglia","Taranto",269,132,137,49.07,50.93
"Puglia","Taranto",327,8,319,2.45,97.55
"Puglia","Taranto",251,27,224,10.76,89.24
"Puglia","Taranto",370,27,343,7.3,92.7
"Puglia","Taranto",174,44,130,25.29,74.71
"Puglia","Taranto",25,9,16,36,64
"Puglia","Taranto",9,2,7,22.22,77.78
"Puglia","Taranto",618,85,533,13.75,86.25
"Puglia","Taranto",49,12,37,24.49,75.51
"Puglia","Taranto",941,92,849,9.78,90.22
"Puglia","Taranto",56,8,48,14.29,85.71
"Puglia","Taranto",505,67,438,13.27,86.73
"Puglia","Taranto",80,36,44,45,55
"Puglia","Taranto",92,70,22,76.09,23.91
"Puglia","Taranto",1064,112,952,10.53,89.47
"Puglia","Taranto",22,8,14,36.36,63.64
"Abruzzo","Teramo",455,280,175,61.54,38.46
"Abruzzo","Teramo",1043,701,342,67.21,32.79
"Abruzzo","Teramo",931,643,288,69.07,30.93
"Abruzzo","Teramo",754,623,131,82.63,17.37
"Abruzzo","Teramo",826,505,321,61.14,38.86
"Abruzzo","Teramo",1027,459,568,44.69,55.31
"Abruzzo","Teramo",215,71,144,33.02,66.98
"Abruzzo","Teramo",855,446,409,52.16,47.84
"Abruzzo","Teramo",496,225,271,45.36,54.64
"Abruzzo","Teramo",128,24,104,18.75,81.25
"Abruzzo","Teramo",10,1,9,10,90
"Abruzzo","Teramo",458,195,263,42.58,57.42
"Abruzzo","Teramo",76,41,35,53.95,46.05
"Abruzzo","Teramo",265,96,169,36.23,63.77
"Abruzzo","Teramo",158,52,106,32.91,67.09
"Abruzzo","Teramo",158,61,97,38.61,61.39
"Abruzzo","Teramo",137,45,92,32.85,67.15
"Abruzzo","Teramo",265,212,53,80,20
"Abruzzo","Teramo",165,71,94,43.03,56.97
"Abruzzo","Teramo",46,34,12,73.91,26.09
"Abruzzo","Teramo",234,172,62,73.5,26.5
"Abruzzo","Teramo",127,36,91,28.35,71.65
"Abruzzo","Teramo",275,101,174,36.73,63.27
"Abruzzo","Teramo",70,33,37,47.14,52.86
"Abruzzo","Teramo",732,272,460,37.16,62.84
"Abruzzo","Teramo",312,102,210,32.69,67.31
"Abruzzo","Teramo",320,72,248,22.5,77.5
"Abruzzo","Teramo",538,42,496,7.81,92.19
"Abruzzo","Teramo",228,11,217,4.82,95.18
"Abruzzo","Teramo",133,41,92,30.83,69.17
"Abruzzo","Teramo",137,33,104,24.09,75.91
"Piemonte","Torino",462,222,240,48.05,51.95
"Piemonte","Torino",778,481,297,61.83,38.17
"Piemonte","Torino",840,596,244,70.95,29.05
"Piemonte","Torino",863,518,345,60.02,39.98
"Piemonte","Torino",1549,1194,355,77.08,22.92
"Piemonte","Torino",887,583,304,65.73,34.27
"Piemonte","Torino",307,244,63,79.48,20.52
"Piemonte","Torino",584,287,297,49.14,50.86
"Piemonte","Torino",1197,893,304,74.6,25.4
"Piemonte","Torino",875,614,261,70.17,29.83
"Piemonte","Torino",779,647,132,83.06,16.94
"Piemonte","Torino",35,21,14,60,40
"Piemonte","Torino",648,490,158,75.62,24.38
"Piemonte","Torino",816,617,199,75.61,24.39
"Piemonte","Torino",994,808,186,81.29,18.71
"Piemonte","Torino",85,58,27,68.24,31.76
"Piemonte","Torino",1482,1147,335,77.4,22.6
"Piemonte","Torino",63,45,18,71.43,28.57
"Piemonte","Torino",471,378,93,80.25,19.75
"Piemonte","Torino",1462,1141,321,78.04,21.96
"Piemonte","Torino",999,406,593,40.64,59.36
"Piemonte","Torino",858,441,417,51.4,48.6
"Piemonte","Torino",559,268,291,47.94,52.06
"Piemonte","Torino",1386,746,640,53.82,46.18
"Piemonte","Torino",787,466,321,59.21,40.79
"Piemonte","Torino",112,36,76,32.14,67.86
"Piemonte","Torino",502,240,262,47.81,52.19
"Piemonte","Torino",882,346,536,39.23,60.77
"Piemonte","Torino",125,107,18,85.6,14.4
"Piemonte","Torino",1078,498,580,46.2,53.8
"Piemonte","Torino",563,231,332,41.03,58.97
"Piemonte","Torino",258,185,73,71.71,28.29
"Piemonte","Torino",712,451,261,63.34,36.66
"Piemonte","Torino",1299,606,693,46.65,53.35
"Piemonte","Torino",426,288,138,67.61,32.39
"Piemonte","Torino",752,270,482,35.9,64.1
"Piemonte","Torino",112,41,71,36.61,63.39
"Piemonte","Torino",758,325,433,42.88,57.12
"Piemonte","Torino",297,91,206,30.64,69.36
"Piemonte","Torino",135,104,31,77.04,22.96
"Piemonte","Torino",789,385,404,48.8,51.2
"Piemonte","Torino",723,530,193,73.31,26.69
"Piemonte","Torino",347,109,238,31.41,68.59
"Piemonte","Torino",129,52,77,40.31,59.69
"Piemonte","Torino",155,44,111,28.39,71.61
"Piemonte","Torino",1246,738,508,59.23,40.77
"Piemonte","Torino",145,85,60,58.62,41.38
"Piemonte","Torino",126,32,94,25.4,74.6
"Piemonte","Torino",993,446,547,44.91,55.09
"Piemonte","Torino",604,380,224,62.91,37.09
"Piemonte","Torino",918,589,329,64.16,35.84
"Piemonte","Torino",364,291,73,79.95,20.05
"Piemonte","Torino",1439,603,836,41.9,58.1
"Piemonte","Torino",1448,916,532,63.26,36.74
"Piemonte","Torino",890,429,461,48.2,51.8
"Piemonte","Torino",714,418,296,58.54,41.46
"Piemonte","Torino",1034,592,442,57.25,42.75
"Piemonte","Torino",730,465,265,63.7,36.3
"Piemonte","Torino",953,464,489,48.69,51.31
"Piemonte","Torino",977,363,614,37.15,62.85
"Piemonte","Torino",185,40,145,21.62,78.38
"Piemonte","Torino",172,44,128,25.58,74.42
"Piemonte","Torino",126,18,108,14.29,85.71
"Piemonte","Torino",246,86,160,34.96,65.04
"Piemonte","Torino",296,107,189,36.15,63.85
"Piemonte","Torino",242,126,116,52.07,47.93
"Piemonte","Torino",21,8,13,38.1,61.9
"Piemonte","Torino",507,287,220,56.61,43.39
"Piemonte","Torino",272,209,63,76.84,23.16
"Piemonte","Torino",177,162,15,91.53,8.47
"Piemonte","Torino",131,103,28,78.63,21.37
"Piemonte","Torino",31,20,11,64.52,35.48
"Piemonte","Torino",361,248,113,68.7,31.3
"Piemonte","Torino",315,163,152,51.75,48.25
"Piemonte","Torino",198,154,44,77.78,22.22
"Piemonte","Torino",168,78,90,46.43,53.57
"Piemonte","Torino",48,27,21,56.25,43.75
"Piemonte","Torino",296,210,86,70.95,29.05
"Piemonte","Torino",139,90,49,64.75,35.25
"Piemonte","Torino",528,398,130,75.38,24.62
"Piemonte","Torino",275,201,74,73.09,26.91
"Piemonte","Torino",534,440,94,82.4,17.6
"Piemonte","Torino",444,313,131,70.5,29.5
"Piemonte","Torino",138,9,129,6.52,93.48
"Piemonte","Torino",263,199,64,75.67,24.33
"Piemonte","Torino",300,228,72,76,24
"Piemonte","Torino",100,65,35,65,35
"Piemonte","Torino",631,310,321,49.13,50.87
"Piemonte","Torino",220,103,117,46.82,53.18
"Piemonte","Torino",216,90,126,41.67,58.33
"Piemonte","Torino",1054,473,581,44.88,55.12
"Piemonte","Torino",212,92,120,43.4,56.6
"Piemonte","Torino",23,13,10,56.52,43.48
"Piemonte","Torino",692,350,342,50.58,49.42
"Piemonte","Torino",86,39,47,45.35,54.65
"Piemonte","Torino",458,205,253,44.76,55.24
"Piemonte","Torino",31,15,16,48.39,51.61
"Piemonte","Torino",569,246,323,43.23,56.77
"Piemonte","Torino",713,337,376,47.27,52.73
"Piemonte","Torino",37,22,15,59.46,40.54
"Piemonte","Torino",106,0,106,0,100
"Piemonte","Torino",407,195,212,47.91,52.09
"Piemonte","Torino",305,136,169,44.59,55.41
"Piemonte","Torino",11,0,11,0,100
"Piemonte","Torino",612,11,601,1.8,98.2
"Piemonte","Torino",314,2,312,0.64,99.36
"Piemonte","Torino",59,2,57,3.39,96.61
"Piemonte","Torino",260,5,255,1.92,98.08
"Piemonte","Torino",125,12,113,9.6,90.4
"Piemonte","Torino",133,53,80,39.85,60.15
"Piemonte","Torino",139,0,139,0,100
"Piemonte","Torino",612,290,322,47.39,52.61
"Piemonte","Torino",304,4,300,1.32,98.68
"Piemonte","Torino",69,0,69,0,100
"Piemonte","Torino",194,56,138,28.87,71.13
"Piemonte","Torino",1002,808,194,80.64,19.36
"Piemonte","Torino",66,53,13,80.3,19.7
"Piemonte","Torino",544,406,138,74.63,25.37
"Piemonte","Torino",881,620,261,70.37,29.63
"Piemonte","Torino",3,0,3,0,100
"Piemonte","Torino",1029,804,225,78.13,21.87
"Piemonte","Torino",79,49,30,62.03,37.97
"Piemonte","Torino",481,371,110,77.13,22.87
"Piemonte","Torino",18,6,12,33.33,66.67
"Piemonte","Torino",29,6,23,20.69,79.31
"Piemonte","Torino",92,24,68,26.09,73.91
"Piemonte","Torino",83,26,57,31.33,68.67
"Piemonte","Torino",114,29,85,25.44,74.56
"Piemonte","Torino",195,82,113,42.05,57.95
"Piemonte","Torino",482,187,295,38.8,61.2
"Piemonte","Torino",21,7,14,33.33,66.67
"Piemonte","Torino",108,73,35,67.59,32.41
"Piemonte","Torino",224,78,146,34.82,65.18
"Piemonte","Torino",95,48,47,50.53,49.47
"Piemonte","Torino",333,188,145,56.46,43.54
"Piemonte","Torino",231,168,63,72.73,27.27
"Piemonte","Torino",273,122,151,44.69,55.31
"Piemonte","Torino",54,41,13,75.93,24.07
"Piemonte","Torino",438,235,203,53.65,46.35
"Piemonte","Torino",611,301,310,49.26,50.74
"Piemonte","Torino",362,164,198,45.3,54.7
"Piemonte","Torino",615,290,325,47.15,52.85
"Piemonte","Torino",246,106,140,43.09,56.91
"Piemonte","Torino",334,135,199,40.42,59.58
"Piemonte","Torino",27,15,12,55.56,44.44
"Piemonte","Torino",580,318,262,54.83,45.17
"Piemonte","Torino",409,187,222,45.72,54.28
"Piemonte","Torino",79,46,33,58.23,41.77
"Piemonte","Torino",843,228,615,27.05,72.95
"Piemonte","Torino",39,22,17,56.41,43.59
"Piemonte","Torino",204,150,54,73.53,26.47
"Piemonte","Torino",516,197,319,38.18,61.82
"Piemonte","Torino",823,298,525,36.21,63.79
"Piemonte","Torino",82,44,38,53.66,46.34
"Piemonte","Torino",334,248,86,74.25,25.75
"Piemonte","Torino",83,52,31,62.65,37.35
"Piemonte","Torino",357,257,100,71.99,28.01
"Piemonte","Torino",126,84,42,66.67,33.33
"Piemonte","Torino",55,34,21,61.82,38.18
"Piemonte","Torino",163,72,91,44.17,55.83
"Piemonte","Torino",457,187,270,40.92,59.08
"Piemonte","Torino",238,88,150,36.97,63.03
"Piemonte","Torino",449,160,289,35.63,64.37
"Piemonte","Torino",107,56,51,52.34,47.66
"Piemonte","Torino",863,449,414,52.03,47.97
"Piemonte","Torino",92,64,28,69.57,30.43
"Piemonte","Torino",567,293,274,51.68,48.32
"Piemonte","Torino",601,258,343,42.93,57.07
"Piemonte","Torino",113,48,65,42.48,57.52
"Piemonte","Torino",338,175,163,51.78,48.22
"Piemonte","Torino",380,9,371,2.37,97.63
"Piemonte","Torino",346,131,215,37.86,62.14
"Piemonte","Torino",896,113,783,12.61,87.39
"Piemonte","Torino",101,27,74,26.73,73.27
"Piemonte","Torino",394,185,209,46.95,53.05
"Piemonte","Torino",134,50,84,37.31,62.69
"Piemonte","Torino",321,84,237,26.17,73.83
"Piemonte","Torino",302,21,281,6.95,93.05
"Piemonte","Torino",304,9,295,2.96,97.04
"Piemonte","Torino",15,4,11,26.67,73.33
"Piemonte","Torino",489,36,453,7.36,92.64
"Piemonte","Torino",1606,134,1472,8.34,91.66
"Piemonte","Torino",304,33,271,10.86,89.14
"Piemonte","Torino",496,77,419,15.52,84.48
"Piemonte","Torino",440,48,392,10.91,89.09
"Piemonte","Torino",263,9,254,3.42,96.58
"Piemonte","Torino",279,255,24,91.4,8.6
"Piemonte","Torino",65,56,9,86.15,13.85
"Piemonte","Torino",979,76,903,7.76,92.24
"Piemonte","Torino",233,20,213,8.58,91.42
"Piemonte","Torino",670,151,519,22.54,77.46
"Piemonte","Torino",74,15,59,20.27,79.73
"Piemonte","Torino",754,59,695,7.82,92.18
"Piemonte","Torino",587,318,269,54.17,45.83
"Piemonte","Torino",121,59,62,48.76,51.24
"Piemonte","Torino",1087,171,916,15.73,84.27
"Piemonte","Torino",119,11,108,9.24,90.76
"Piemonte","Torino",1483,83,1400,5.6,94.4
"Piemonte","Torino",166,32,134,19.28,80.72
"Piemonte","Torino",85,24,61,28.24,71.76
"Piemonte","Torino",395,235,160,59.49,40.51
"Piemonte","Torino",273,69,204,25.27,74.73
"Piemonte","Torino",43,10,33,23.26,76.74
"Piemonte","Torino",436,245,191,56.19,43.81
"Piemonte","Torino",55,31,24,56.36,43.64
"Sicilia","Trapani",71,57,14,80.28,19.72
"Sicilia","Trapani",74,50,24,67.57,32.43
"Sicilia","Trapani",333,247,86,74.17,25.83
"Sicilia","Trapani",191,154,37,80.63,19.37
"Sicilia","Trapani",363,259,104,71.35,28.65
"Sicilia","Trapani",379,270,109,71.24,28.76
"Sicilia","Trapani",275,187,88,68,32
"Sicilia","Trapani",323,215,108,66.56,33.44
"Sicilia","Trapani",156,97,59,62.18,37.82
"Sicilia","Trapani",850,742,108,87.29,12.71
"Sicilia","Trapani",1015,854,161,84.14,15.86
"Sicilia","Trapani",488,398,90,81.56,18.44
"Sicilia","Trapani",68,19,49,27.94,72.06
"Sicilia","Trapani",789,630,159,79.85,20.15
"Sicilia","Trapani",629,263,366,41.81,58.19
"Sicilia","Trapani",441,213,228,48.3,51.7
"Sicilia","Trapani",887,408,479,46,54
"Sicilia","Trapani",607,286,321,47.12,52.88
"Sicilia","Trapani",860,352,508,40.93,59.07
"Sicilia","Trapani",196,76,120,38.78,61.22
"Sicilia","Trapani",497,176,321,35.41,64.59
"Sicilia","Trapani",75,33,42,44,56
"Sicilia","Trapani",41,7,34,17.07,82.93
"Sicilia","Trapani",285,181,104,63.51,36.49
"Sicilia","Trapani",39,27,12,69.23,30.77
"Sicilia","Trapani",217,134,83,61.75,38.25
"Sicilia","Trapani",38,0,38,0,100
"Sicilia","Trapani",646,229,417,35.45,64.55
"Sicilia","Trapani",184,102,82,55.43,44.57
"Sicilia","Trapani",459,200,259,43.57,56.43
"Sicilia","Trapani",47,0,47,0,100
"Sicilia","Trapani",85,43,42,50.59,49.41
"Sicilia","Trapani",72,0,72,0,100
"Sicilia","Trapani",100,18,82,18,82
"Sicilia","Trapani",58,12,46,20.69,79.31
"Sicilia","Trapani",384,174,210,45.31,54.69
"Sicilia","Trapani",244,71,173,29.1,70.9
"Sicilia","Trapani",54,21,33,38.89,61.11
"Sicilia","Trapani",45,0,45,0,100
"Sicilia","Trapani",253,189,64,74.7,25.3
"Sicilia","Trapani",195,16,179,8.21,91.79
"Sicilia","Trapani",69,28,41,40.58,59.42
"Sicilia","Trapani",70,27,43,38.57,61.43
"Sicilia","Trapani",95,26,69,27.37,72.63
"Sicilia","Trapani",36,18,18,50,50
"Sicilia","Trapani",80,41,39,51.25,48.75
"Sicilia","Trapani",134,104,30,77.61,22.39
"Sicilia","Trapani",942,186,756,19.75,80.25
"Sicilia","Trapani",58,33,25,56.9,43.1
"Sicilia","Trapani",379,113,266,29.82,70.18
"Sicilia","Trapani",5,0,5,0,100
"Sicilia","Trapani",357,209,148,58.54,41.46
"Sicilia","Trapani",49,25,24,51.02,48.98
"Sicilia","Trapani",477,236,241,49.48,50.52
"Sicilia","Trapani",378,81,297,21.43,78.57
"Sicilia","Trapani",666,290,376,43.54,56.46
"Sicilia","Trapani",140,71,69,50.71,49.29
"Sicilia","Trapani",720,217,503,30.14,69.86
"Sicilia","Trapani",147,72,75,48.98,51.02
"Sicilia","Trapani",549,20,529,3.64,96.36
"Sicilia","Trapani",346,1,345,0.29,99.71
"Sicilia","Trapani",263,27,236,10.27,89.73
"Sicilia","Trapani",72,19,53,26.39,73.61
"Sicilia","Trapani",40,23,17,57.5,42.5
"Sicilia","Trapani",33,4,29,12.12,87.88
"Sicilia","Trapani",69,28,41,40.58,59.42
"Sicilia","Trapani",508,200,308,39.37,60.63
"Umbria","Terni",360,275,85,76.39,23.61
"Umbria","Terni",538,391,147,72.68,27.32
"Umbria","Terni",189,155,34,82.01,17.99
"Umbria","Terni",966,773,193,80.02,19.98
"Umbria","Terni",597,266,331,44.56,55.44
"Umbria","Terni",743,375,368,50.47,49.53
"Umbria","Terni",825,414,411,50.18,49.82
"Umbria","Terni",955,455,500,47.64,52.36
"Umbria","Terni",56,16,40,28.57,71.43
"Umbria","Terni",684,337,347,49.27,50.73
"Umbria","Terni",69,47,22,68.12,31.88
"Umbria","Terni",238,84,154,35.29,64.71
"Umbria","Terni",33,0,33,0,100
"Umbria","Terni",334,76,258,22.75,77.25
"Umbria","Terni",203,0,203,0,100
"Umbria","Terni",63,14,49,22.22,77.78
"Umbria","Terni",240,167,73,69.58,30.42
"Umbria","Terni",446,338,108,75.78,24.22
"Umbria","Terni",50,24,26,48,52
"Umbria","Terni",13,8,5,61.54,38.46
"Umbria","Terni",414,180,234,43.48,56.52
"Umbria","Terni",226,52,174,23.01,76.99
"Umbria","Terni",90,11,79,12.22,87.78
"Umbria","Terni",17,9,8,52.94,47.06
"Umbria","Terni",1171,173,998,14.77,85.23
"Umbria","Terni",62,21,41,33.87,66.13
"Umbria","Terni",55,11,44,20,80
"Friuli-Venezia Giulia","Trieste",378,271,107,71.69,28.31
"Friuli-Venezia Giulia","Trieste",781,562,219,71.96,28.04
"Friuli-Venezia Giulia","Trieste",982,657,325,66.9,33.1
"Friuli-Venezia Giulia","Trieste",105,78,27,74.29,25.71
"Friuli-Venezia Giulia","Trieste",309,175,134,56.63,43.37
"Friuli-Venezia Giulia","Trieste",897,399,498,44.48,55.52
"Friuli-Venezia Giulia","Trieste",1003,492,511,49.05,50.95
"Friuli-Venezia Giulia","Trieste",431,236,195,54.76,45.24
"Friuli-Venezia Giulia","Trieste",100,68,32,68,32
"Friuli-Venezia Giulia","Trieste",311,76,235,24.44,75.56
"Friuli-Venezia Giulia","Trieste",500,388,112,77.6,22.4
"Friuli-Venezia Giulia","Trieste",621,328,293,52.82,47.18
"Friuli-Venezia Giulia","Trieste",145,56,89,38.62,61.38
"Friuli-Venezia Giulia","Trieste",96,40,56,41.67,58.33
"Friuli-Venezia Giulia","Trieste",597,321,276,53.77,46.23
"Friuli-Venezia Giulia","Trieste",9,0,9,0,100
"Friuli-Venezia Giulia","Trieste",34,18,16,52.94,47.06
"Friuli-Venezia Giulia","Trieste",139,35,104,25.18,74.82
"Friuli-Venezia Giulia","Trieste",721,59,662,8.18,91.82
"Friuli-Venezia Giulia","Trieste",35,4,31,11.43,88.57
"Friuli-Venezia Giulia","Trieste",354,41,313,11.58,88.42
"Veneto","Treviso",284,175,109,61.62,38.38
"Veneto","Treviso",148,109,39,73.65,26.35
"Veneto","Treviso",300,179,121,59.67,40.33
"Veneto","Treviso",1118,861,257,77.01,22.99
"Veneto","Treviso",413,349,64,84.5,15.5
"Veneto","Treviso",644,538,106,83.54,16.46
"Veneto","Treviso",1018,609,409,59.82,40.18
"Veneto","Treviso",337,282,55,83.68,16.32
"Veneto","Treviso",815,475,340,58.28,41.72
"Veneto","Treviso",590,403,187,68.31,31.69
"Veneto","Treviso",2027,1418,609,69.96,30.04
"Veneto","Treviso",891,745,146,83.61,16.39
"Veneto","Treviso",794,401,393,50.5,49.5
"Veneto","Treviso",921,417,504,45.28,54.72
"Veneto","Treviso",1252,535,717,42.73,57.27
"Veneto","Treviso",348,146,202,41.95,58.05
"Veneto","Treviso",1128,658,470,58.33,41.67
"Veneto","Treviso",200,22,178,11,89
"Veneto","Treviso",346,38,308,10.98,89.02
"Veneto","Treviso",270,40,230,14.81,85.19
"Veneto","Treviso",110,16,94,14.55,85.45
"Veneto","Treviso",481,333,148,69.23,30.77
"Veneto","Treviso",517,244,273,47.2,52.8
"Veneto","Treviso",429,223,206,51.98,48.02
"Veneto","Treviso",265,208,57,78.49,21.51
"Veneto","Treviso",445,374,71,84.04,15.96
"Veneto","Treviso",65,52,13,80,20
"Veneto","Treviso",321,275,46,85.67,14.33
"Veneto","Treviso",548,273,275,49.82,50.18
"Veneto","Treviso",207,102,105,49.28,50.72
"Veneto","Treviso",127,55,72,43.31,56.69
"Veneto","Treviso",761,343,418,45.07,54.93
"Veneto","Treviso",65,23,42,35.38,64.62
"Veneto","Treviso",781,358,423,45.84,54.16
"Veneto","Treviso",45,27,18,60,40
"Veneto","Treviso",249,1,248,0.4,99.6
"Veneto","Treviso",537,47,490,8.75,91.25
"Veneto","Treviso",93,4,89,4.3,95.7
"Veneto","Treviso",401,169,232,42.14,57.86
"Veneto","Treviso",278,45,233,16.19,83.81
"Veneto","Treviso",50,8,42,16,84
"Veneto","Treviso",434,25,409,5.76,94.24
"Veneto","Treviso",62,5,57,8.06,91.94
"Veneto","Treviso",141,1,140,0.71,99.29
"Veneto","Treviso",634,513,121,80.91,19.09
"Veneto","Treviso",770,600,170,77.92,22.08
"Veneto","Treviso",82,54,28,65.85,34.15
"Veneto","Treviso",429,319,110,74.36,25.64
"Veneto","Treviso",164,125,39,76.22,23.78
"Veneto","Treviso",642,143,499,22.27,77.73
"Veneto","Treviso",255,65,190,25.49,74.51
"Veneto","Treviso",361,213,148,59,41
"Veneto","Treviso",522,248,274,47.51,52.49
"Veneto","Treviso",51,26,25,50.98,49.02
"Veneto","Treviso",1469,549,920,37.37,62.63
"Veneto","Treviso",828,432,396,52.17,47.83
"Veneto","Treviso",1189,659,530,55.42,44.58
"Veneto","Treviso",1325,638,687,48.15,51.85
"Veneto","Treviso",276,21,255,7.61,92.39
"Veneto","Treviso",353,24,329,6.8,93.2
"Veneto","Treviso",41,7,34,17.07,82.93
"Veneto","Treviso",390,20,370,5.13,94.87
"Veneto","Treviso",639,313,326,48.98,51.02
"Veneto","Treviso",641,162,479,25.27,74.73
"Veneto","Treviso",679,66,613,9.72,90.28
"Veneto","Treviso",784,50,734,6.38,93.62
"Veneto","Treviso",1222,135,1087,11.05,88.95
"Veneto","Treviso",110,28,82,25.45,74.55
"Veneto","Treviso",296,89,207,30.07,69.93
"Veneto","Treviso",80,24,56,30,70
"Veneto","Treviso",156,120,36,76.92,23.08
"Veneto","Treviso",1602,1065,537,66.48,33.52
"Veneto","Treviso",124,87,37,70.16,29.84
"Veneto","Treviso",418,332,86,79.43,20.57
"Friuli-Venezia Giulia","Udine",78,51,27,65.38,34.62
"Friuli-Venezia Giulia","Udine",284,231,53,81.34,18.66
"Friuli-Venezia Giulia","Udine",490,341,149,69.59,30.41
"Friuli-Venezia Giulia","Udine",1040,839,201,80.67,19.33
"Friuli-Venezia Giulia","Udine",240,216,24,90,10
"Friuli-Venezia Giulia","Udine",793,644,149,81.21,18.79
"Friuli-Venezia Giulia","Udine",128,47,81,36.72,63.28
"Friuli-Venezia Giulia","Udine",373,241,132,64.61,35.39
"Friuli-Venezia Giulia","Udine",18,8,10,44.44,55.56
"Friuli-Venezia Giulia","Udine",147,69,78,46.94,53.06
"Friuli-Venezia Giulia","Udine",1410,810,600,57.45,42.55
"Friuli-Venezia Giulia","Udine",169,81,88,47.93,52.07
"Friuli-Venezia Giulia","Udine",299,214,85,71.57,28.43
"Friuli-Venezia Giulia","Udine",540,354,186,65.56,34.44
"Friuli-Venezia Giulia","Udine",67,51,16,76.12,23.88
"Friuli-Venezia Giulia","Udine",90,43,47,47.78,52.22
"Friuli-Venezia Giulia","Udine",604,262,342,43.38,56.62
"Friuli-Venezia Giulia","Udine",502,240,262,47.81,52.19
"Friuli-Venezia Giulia","Udine",140,84,56,60,40
"Friuli-Venezia Giulia","Udine",1278,635,643,49.69,50.31
"Friuli-Venezia Giulia","Udine",210,29,181,13.81,86.19
"Friuli-Venezia Giulia","Udine",70,32,38,45.71,54.29
"Friuli-Venezia Giulia","Udine",217,90,127,41.47,58.53
"Friuli-Venezia Giulia","Udine",127,94,33,74.02,25.98
"Friuli-Venezia Giulia","Udine",668,324,344,48.5,51.5
"Friuli-Venezia Giulia","Udine",104,60,44,57.69,42.31
"Friuli-Venezia Giulia","Udine",134,76,58,56.72,43.28
"Friuli-Venezia Giulia","Udine",60,29,31,48.33,51.67
"Friuli-Venezia Giulia","Udine",265,161,104,60.75,39.25
"Friuli-Venezia Giulia","Udine",17,15,2,88.24,11.76
"Friuli-Venezia Giulia","Udine",262,36,226,13.74,86.26
"Friuli-Venezia Giulia","Udine",99,1,98,1.01,98.99
"Friuli-Venezia Giulia","Udine",74,4,70,5.41,94.59
"Friuli-Venezia Giulia","Udine",194,32,162,16.49,83.51
"Friuli-Venezia Giulia","Udine",12,0,12,0,100
"Friuli-Venezia Giulia","Udine",51,19,32,37.25,62.75
"Friuli-Venezia Giulia","Udine",584,338,246,57.88,42.12
"Friuli-Venezia Giulia","Udine",68,49,19,72.06,27.94
"Friuli-Venezia Giulia","Udine",905,734,171,81.1,18.9
"Friuli-Venezia Giulia","Udine",27,17,10,62.96,37.04
"Friuli-Venezia Giulia","Udine",322,103,219,31.99,68.01
"Friuli-Venezia Giulia","Udine",151,80,71,52.98,47.02
"Friuli-Venezia Giulia","Udine",35,24,11,68.57,31.43
"Friuli-Venezia Giulia","Udine",115,59,56,51.3,48.7
"Friuli-Venezia Giulia","Udine",47,32,15,68.09,31.91
"Friuli-Venezia Giulia","Udine",1045,627,418,60,40
"Friuli-Venezia Giulia","Udine",134,78,56,58.21,41.79
"Friuli-Venezia Giulia","Udine",143,53,90,37.06,62.94
"Friuli-Venezia Giulia","Udine",202,104,98,51.49,48.51
"Friuli-Venezia Giulia","Udine",8,0,8,0,100
"Friuli-Venezia Giulia","Udine",360,189,171,52.5,47.5
"Friuli-Venezia Giulia","Udine",91,49,42,53.85,46.15
"Friuli-Venezia Giulia","Udine",497,264,233,53.12,46.88
"Friuli-Venezia Giulia","Udine",32,14,18,43.75,56.25
"Friuli-Venezia Giulia","Udine",88,5,83,5.68,94.32
"Friuli-Venezia Giulia","Udine",244,68,176,27.87,72.13
"Friuli-Venezia Giulia","Udine",423,64,359,15.13,84.87
"Friuli-Venezia Giulia","Udine",79,2,77,2.53,97.47
"Friuli-Venezia Giulia","Udine",307,83,224,27.04,72.96
"Friuli-Venezia Giulia","Udine",1875,301,1574,16.05,83.95
"Friuli-Venezia Giulia","Udine",89,12,77,13.48,86.52
"Friuli-Venezia Giulia","Udine",917,349,568,38.06,61.94
"Friuli-Venezia Giulia","Udine",53,16,37,30.19,69.81
"Friuli-Venezia Giulia","Udine",173,109,64,63.01,36.99
"Friuli-Venezia Giulia","Udine",156,112,44,71.79,28.21
"Lombardia","Varese",474,347,127,73.21,26.79
"Lombardia","Varese",782,570,212,72.89,27.11
"Lombardia","Varese",628,493,135,78.5,21.5
"Lombardia","Varese",1295,979,316,75.6,24.4
"Lombardia","Varese",411,325,86,79.08,20.92
"Lombardia","Varese",1255,914,341,72.83,27.17
"Lombardia","Varese",496,414,82,83.47,16.53
"Lombardia","Varese",1029,418,611,40.62,59.38
"Lombardia","Varese",513,327,186,63.74,36.26
"Lombardia","Varese",440,182,258,41.36,58.64
"Lombardia","Varese",935,415,520,44.39,55.61
"Lombardia","Varese",769,381,388,49.54,50.46
"Lombardia","Varese",880,342,538,38.86,61.14
"Lombardia","Varese",392,108,284,27.55,72.45
"Lombardia","Varese",1277,523,754,40.96,59.04
"Lombardia","Varese",817,553,264,67.69,32.31
"Lombardia","Varese",239,146,93,61.09,38.91
"Lombardia","Varese",1242,859,383,69.16,30.84
"Lombardia","Varese",60,38,22,63.33,36.67
"Lombardia","Varese",299,233,66,77.93,22.07
"Lombardia","Varese",783,518,265,66.16,33.84
"Lombardia","Varese",90,72,18,80,20
"Lombardia","Varese",971,463,508,47.68,52.32
"Lombardia","Varese",47,19,28,40.43,59.57
"Lombardia","Varese",970,662,308,68.25,31.75
"Lombardia","Varese",40,0,40,0,100
"Lombardia","Varese",202,145,57,71.78,28.22
"Lombardia","Varese",299,11,288,3.68,96.32
"Lombardia","Varese",113,1,112,0.88,99.12
"Lombardia","Varese",76,0,76,0,100
"Lombardia","Varese",635,109,526,17.17,82.83
"Lombardia","Varese",103,51,52,49.51,50.49
"Lombardia","Varese",359,5,354,1.39,98.61
"Lombardia","Varese",823,413,410,50.18,49.82
"Lombardia","Varese",1269,976,293,76.91,23.09
"Lombardia","Varese",431,330,101,76.57,23.43
"Lombardia","Varese",825,657,168,79.64,20.36
"Lombardia","Varese",53,39,14,73.58,26.42
"Lombardia","Varese",225,77,148,34.22,65.78
"Lombardia","Varese",318,102,216,32.08,67.92
"Lombardia","Varese",224,81,143,36.16,63.84
"Lombardia","Varese",368,243,125,66.03,33.97
"Lombardia","Varese",420,110,310,26.19,73.81
"Lombardia","Varese",502,246,256,49,51
"Lombardia","Varese",671,388,283,57.82,42.18
"Lombardia","Varese",79,50,29,63.29,36.71
"Lombardia","Varese",164,71,93,43.29,56.71
"Lombardia","Varese",1964,969,995,49.34,50.66
"Lombardia","Varese",120,64,56,53.33,46.67
"Lombardia","Varese",1184,626,558,52.87,47.13
"Lombardia","Varese",1267,889,378,70.17,29.83
"Lombardia","Varese",817,532,285,65.12,34.88
"Lombardia","Varese",267,13,254,4.87,95.13
"Lombardia","Varese",1232,137,1095,11.12,88.88
"Lombardia","Varese",127,4,123,3.15,96.85
"Lombardia","Varese",285,17,268,5.96,94.04
"Lombardia","Varese",345,164,181,47.54,52.46
"Lombardia","Varese",635,230,405,36.22,63.78
"Lombardia","Varese",108,13,95,12.04,87.96
"Lombardia","Varese",672,38,634,5.65,94.35
"Lombardia","Varese",775,97,678,12.52,87.48
"Lombardia","Varese",77,7,70,9.09,90.91
"Lombardia","Varese",1134,88,1046,7.76,92.24
"Lombardia","Varese",147,19,128,12.93,87.07
"Lombardia","Varese",388,224,164,57.73,42.27
"Lombardia","Varese",61,28,33,45.9,54.1
"Lombardia","Varese",609,64,545,10.51,89.49
"Lombardia","Varese",118,41,77,34.75,65.25
"Lombardia","Varese",212,46,166,21.7,78.3
"Lombardia","Varese",76,25,51,32.89,67.11
"Lombardia","Varese",170,122,48,71.76,28.24
"Lombardia","Varese",113,76,37,67.26,32.74
"Piemonte","Verbano-Cusio-Ossola",408,253,155,62.01,37.99
"Piemonte","Verbano-Cusio-Ossola",145,46,99,31.72,68.28
"Piemonte","Verbano-Cusio-Ossola",111,91,20,81.98,18.02
"Piemonte","Verbano-Cusio-Ossola",819,514,305,62.76,37.24
"Piemonte","Verbano-Cusio-Ossola",644,423,221,65.68,34.32
"Piemonte","Verbano-Cusio-Ossola",865,542,323,62.66,37.34
"Piemonte","Verbano-Cusio-Ossola",160,34,126,21.25,78.75
"Piemonte","Verbano-Cusio-Ossola",74,39,35,52.7,47.3
"Piemonte","Verbano-Cusio-Ossola",528,242,286,45.83,54.17
"Piemonte","Verbano-Cusio-Ossola",232,130,102,56.03,43.97
"Piemonte","Verbano-Cusio-Ossola",432,172,260,39.81,60.19
"Piemonte","Verbano-Cusio-Ossola",102,39,63,38.24,61.76
"Piemonte","Verbano-Cusio-Ossola",43,27,16,62.79,37.21
"Piemonte","Verbano-Cusio-Ossola",667,305,362,45.73,54.27
"Piemonte","Verbano-Cusio-Ossola",174,126,48,72.41,27.59
"Piemonte","Verbano-Cusio-Ossola",171,88,83,51.46,48.54
"Piemonte","Verbano-Cusio-Ossola",47,27,20,57.45,42.55
"Piemonte","Verbano-Cusio-Ossola",398,74,324,18.59,81.41
"Piemonte","Verbano-Cusio-Ossola",1044,205,839,19.64,80.36
"Piemonte","Verbano-Cusio-Ossola",60,43,17,71.67,28.33
"Piemonte","Vercelli",906,644,262,71.08,28.92
"Piemonte","Vercelli",168,130,38,77.38,22.62
"Piemonte","Vercelli",422,268,154,63.51,36.49
"Piemonte","Vercelli",204,74,130,36.27,63.73
"Piemonte","Vercelli",665,273,392,41.05,58.95
"Piemonte","Vercelli",287,221,66,77,23
"Piemonte","Vercelli",60,46,14,76.67,23.33
"Piemonte","Vercelli",369,166,203,44.99,55.01
"Piemonte","Vercelli",27,11,16,40.74,59.26
"Piemonte","Vercelli",164,79,85,48.17,51.83
"Piemonte","Vercelli",228,108,120,47.37,52.63
"Piemonte","Vercelli",282,84,198,29.79,70.21
"Piemonte","Vercelli",72,2,70,2.78,97.22
"Piemonte","Vercelli",383,164,219,42.82,57.18
"Piemonte","Vercelli",247,184,63,74.49,25.51
"Piemonte","Vercelli",23,20,3,86.96,13.04
"Piemonte","Vercelli",93,70,23,75.27,24.73
"Piemonte","Vercelli",182,62,120,34.07,65.93
"Piemonte","Vercelli",13,3,10,23.08,76.92
"Piemonte","Vercelli",228,148,80,64.91,35.09
"Piemonte","Vercelli",25,16,9,64,36
"Piemonte","Vercelli",226,91,135,40.27,59.73
"Piemonte","Vercelli",470,252,218,53.62,46.38
"Piemonte","Vercelli",76,37,39,48.68,51.32
"Piemonte","Vercelli",108,35,73,32.41,67.59
"Piemonte","Vercelli",231,19,212,8.23,91.77
"Piemonte","Vercelli",541,96,445,17.74,82.26
"Piemonte","Vercelli",305,37,268,12.13,87.87
"Veneto","Venezia",518,395,123,76.25,23.75
"Veneto","Venezia",462,308,154,66.67,33.33
"Veneto","Venezia",603,459,144,76.12,23.88
"Veneto","Venezia",322,191,131,59.32,40.68
"Veneto","Venezia",1078,557,521,51.67,48.33
"Veneto","Venezia",705,541,164,76.74,23.26
"Veneto","Venezia",250,185,65,74,26
"Veneto","Venezia",1559,1003,556,64.34,35.66
"Veneto","Venezia",547,407,140,74.41,25.59
"Veneto","Venezia",1003,815,188,81.26,18.74
"Veneto","Venezia",632,337,295,53.32,46.68
"Veneto","Venezia",833,365,468,43.82,56.18
"Veneto","Venezia",843,385,458,45.67,54.33
"Veneto","Venezia",626,242,384,38.66,61.34
"Veneto","Venezia",703,318,385,45.23,54.77
"Veneto","Venezia",1004,516,488,51.39,48.61
"Veneto","Venezia",1196,690,506,57.69,42.31
"Veneto","Venezia",208,114,94,54.81,45.19
"Veneto","Venezia",95,68,27,71.58,28.42
"Veneto","Venezia",342,245,97,71.64,28.36
"Veneto","Venezia",56,31,25,55.36,44.64
"Veneto","Venezia",326,273,53,83.74,16.26
"Veneto","Venezia",39,5,34,12.82,87.18
"Veneto","Venezia",517,214,303,41.39,58.61
"Veneto","Venezia",68,33,35,48.53,51.47
"Veneto","Venezia",118,68,50,57.63,42.37
"Veneto","Venezia",676,301,375,44.53,55.47
"Veneto","Venezia",100,60,40,60,40
"Veneto","Venezia",747,299,448,40.03,59.97
"Veneto","Venezia",74,28,46,37.84,62.16
"Veneto","Venezia",286,71,215,24.83,75.17
"Veneto","Venezia",24,10,14,41.67,58.33
"Veneto","Venezia",239,53,186,22.18,77.82
"Veneto","Venezia",384,131,253,34.11,65.89
"Veneto","Venezia",406,98,308,24.14,75.86
"Veneto","Venezia",227,38,189,16.74,83.26
"Veneto","Venezia",324,71,253,21.91,78.09
"Veneto","Venezia",93,41,52,44.09,55.91
"Veneto","Venezia",61,1,60,1.64,98.36
"Veneto","Venezia",25,25,0,100,0
"Veneto","Venezia",786,554,232,70.48,29.52
"Veneto","Venezia",617,501,116,81.2,18.8
"Veneto","Venezia",50,36,14,72,28
"Veneto","Venezia",448,280,168,62.5,37.5
"Veneto","Venezia",481,297,184,61.75,38.25
"Veneto","Venezia",21,2,19,9.52,90.48
"Veneto","Venezia",197,93,104,47.21,52.79
"Veneto","Venezia",330,196,134,59.39,40.61
"Veneto","Venezia",38,19,19,50,50
"Veneto","Venezia",980,514,466,52.45,47.55
"Veneto","Venezia",906,531,375,58.61,41.39
"Veneto","Venezia",130,71,59,54.62,45.38
"Veneto","Venezia",667,388,279,58.17,41.83
"Veneto","Venezia",263,103,160,39.16,60.84
"Veneto","Venezia",283,10,273,3.53,96.47
"Veneto","Venezia",23,1,22,4.35,95.65
"Veneto","Venezia",826,99,727,11.99,88.01
"Veneto","Venezia",528,62,466,11.74,88.26
"Veneto","Venezia",119,32,87,26.89,73.11
"Veneto","Venezia",311,13,298,4.18,95.82
"Veneto","Venezia",35,9,26,25.71,74.29
"Veneto","Venezia",973,130,843,13.36,86.64
"Veneto","Venezia",881,60,821,6.81,93.19
"Veneto","Venezia",95,14,81,14.74,85.26
"Veneto","Venezia",957,129,828,13.48,86.52
"Veneto","Venezia",225,26,199,11.56,88.44
"Veneto","Venezia",135,24,111,17.78,82.22
"Veneto","Venezia",359,197,162,54.87,45.13
"Veneto","Venezia",1033,656,377,63.5,36.5
"Veneto","Venezia",100,70,30,70,30
"Veneto","Venezia",597,369,228,61.81,38.19
"Veneto","Vicenza",476,311,165,65.34,34.66
"Veneto","Vicenza",1110,827,283,74.5,25.5
"Veneto","Vicenza",1116,785,331,70.34,29.66
"Veneto","Vicenza",442,365,77,82.58,17.42
"Veneto","Vicenza",2027,1391,636,68.62,31.38
"Veneto","Vicenza",1497,1133,364,75.68,24.32
"Veneto","Vicenza",391,322,69,82.35,17.65
"Veneto","Vicenza",679,465,214,68.48,31.52
"Veneto","Vicenza",135,69,66,51.11,48.89
"Veneto","Vicenza",761,348,413,45.73,54.27
"Veneto","Vicenza",763,364,399,47.71,52.29
"Veneto","Vicenza",1032,524,508,50.78,49.22
"Veneto","Vicenza",1628,854,774,52.46,47.54
"Veneto","Vicenza",878,583,295,66.4,33.6
"Veneto","Vicenza",364,56,308,15.38,84.62
"Veneto","Vicenza",137,102,35,74.45,25.55
"Veneto","Vicenza",736,394,342,53.53,46.47
"Veneto","Vicenza",100,48,52,48,52
"Veneto","Vicenza",764,550,214,71.99,28.01
"Veneto","Vicenza",112,75,37,66.96,33.04
"Veneto","Vicenza",849,618,231,72.79,27.21
"Veneto","Vicenza",66,51,15,77.27,22.73
"Veneto","Vicenza",431,234,197,54.29,45.71
"Veneto","Vicenza",358,83,275,23.18,76.82
"Veneto","Vicenza",343,127,216,37.03,62.97
"Veneto","Vicenza",205,1,204,0.49,99.51
"Veneto","Vicenza",34,1,33,2.94,97.06
"Veneto","Vicenza",552,304,248,55.07,44.93
"Veneto","Vicenza",332,5,327,1.51,98.49
"Veneto","Vicenza",425,187,238,44,56
"Veneto","Vicenza",267,95,172,35.58,64.42
"Veneto","Vicenza",635,279,356,43.94,56.06
"Veneto","Vicenza",597,300,297,50.25,49.75
"Veneto","Vicenza",824,98,726,11.89,88.11
"Veneto","Vicenza",21,0,21,0,100
"Veneto","Vicenza",715,554,161,77.48,22.52
"Veneto","Vicenza",200,151,49,75.5,24.5
"Veneto","Vicenza",356,239,117,67.13,32.87
"Veneto","Vicenza",11,0,11,0,100
"Veneto","Vicenza",44,28,16,63.64,36.36
"Veneto","Vicenza",604,463,141,76.66,23.34
"Veneto","Vicenza",204,149,55,73.04,26.96
"Veneto","Vicenza",773,352,421,45.54,54.46
"Veneto","Vicenza",320,92,228,28.75,71.25
"Veneto","Vicenza",293,156,137,53.24,46.76
"Veneto","Vicenza",184,109,75,59.24,40.76
"Veneto","Vicenza",620,136,484,21.94,78.06
"Veneto","Vicenza",40,30,10,75,25
"Veneto","Vicenza",557,223,334,40.04,59.96
"Veneto","Vicenza",100,48,52,48,52
"Veneto","Vicenza",526,239,287,45.44,54.56
"Veneto","Vicenza",208,149,59,71.63,28.37
"Veneto","Vicenza",614,410,204,66.78,33.22
"Veneto","Vicenza",1006,514,492,51.09,48.91
"Veneto","Vicenza",322,210,112,65.22,34.78
"Veneto","Vicenza",880,486,394,55.23,44.77
"Veneto","Vicenza",1633,767,866,46.97,53.03
"Veneto","Vicenza",71,34,37,47.89,52.11
"Veneto","Vicenza",850,506,344,59.53,40.47
"Veneto","Vicenza",43,27,16,62.79,37.21
"Veneto","Vicenza",617,391,226,63.37,36.63
"Veneto","Vicenza",206,4,202,1.94,98.06
"Veneto","Vicenza",899,491,408,54.62,45.38
"Veneto","Vicenza",1151,113,1038,9.82,90.18
"Veneto","Vicenza",110,12,98,10.91,89.09
"Veneto","Vicenza",254,63,191,24.8,75.2
"Veneto","Vicenza",660,160,500,24.24,75.76
"Veneto","Vicenza",975,296,679,30.36,69.64
"Veneto","Vicenza",1029,86,943,8.36,91.64
"Veneto","Vicenza",685,51,634,7.45,92.55
"Veneto","Vicenza",308,81,227,26.3,73.7
"Veneto","Vicenza",32,13,19,40.62,59.38
"Veneto","Verona",1272,837,435,65.8,34.2
"Veneto","Verona",1181,872,309,73.84,26.16
"Veneto","Verona",795,533,262,67.04,32.96
"Veneto","Verona",1058,680,378,64.27,35.73
"Veneto","Verona",1445,1171,274,81.04,18.96
"Veneto","Verona",487,254,233,52.16,47.84
"Veneto","Verona",381,223,158,58.53,41.47
"Veneto","Verona",885,528,357,59.66,40.34
"Veneto","Verona",486,324,162,66.67,33.33
"Veneto","Verona",1242,653,589,52.58,47.42
"Veneto","Verona",1207,611,596,50.62,49.38
"Veneto","Verona",1161,661,500,56.93,43.07
"Veneto","Verona",1259,613,646,48.69,51.31
"Veneto","Verona",1178,812,366,68.93,31.07
"Veneto","Verona",183,34,149,18.58,81.42
"Veneto","Verona",313,211,102,67.41,32.59
"Veneto","Verona",137,29,108,21.17,78.83
"Veneto","Verona",176,37,139,21.02,78.98
"Veneto","Verona",52,15,37,28.85,71.15
"Veneto","Verona",824,520,304,63.11,36.89
"Veneto","Verona",43,27,16,62.79,37.21
"Veneto","Verona",377,240,137,63.66,36.34
"Veneto","Verona",526,318,208,60.46,39.54
"Veneto","Verona",627,487,140,77.67,22.33
"Veneto","Verona",103,86,17,83.5,16.5
"Veneto","Verona",240,154,86,64.17,35.83
"Veneto","Verona",435,197,238,45.29,54.71
"Veneto","Verona",134,70,64,52.24,47.76
"Veneto","Verona",37,0,37,0,100
"Veneto","Verona",152,77,75,50.66,49.34
"Veneto","Verona",98,39,59,39.8,60.2
"Veneto","Verona",363,142,221,39.12,60.88
"Veneto","Verona",456,232,224,50.88,49.12
"Veneto","Verona",37,13,24,35.14,64.86
"Veneto","Verona",504,7,497,1.39,98.61
"Veneto","Verona",196,1,195,0.51,99.49
"Veneto","Verona",53,3,50,5.66,94.34
"Veneto","Verona",439,225,214,51.25,48.75
"Veneto","Verona",24,0,24,0,100
"Veneto","Verona",22,9,13,40.91,59.09
"Veneto","Verona",1329,1091,238,82.09,17.91
"Veneto","Verona",29,20,9,68.97,31.03
"Veneto","Verona",355,97,258,27.32,72.68
"Veneto","Verona",116,16,100,13.79,86.21
"Veneto","Verona",177,44,133,24.86,75.14
"Veneto","Verona",55,16,39,29.09,70.91
"Veneto","Verona",298,161,137,54.03,45.97
"Veneto","Verona",439,294,145,66.97,33.03
"Veneto","Verona",46,30,16,65.22,34.78
"Veneto","Verona",466,232,234,49.79,50.21
"Veneto","Verona",477,225,252,47.17,52.83
"Veneto","Verona",564,340,224,60.28,39.72
"Veneto","Verona",50,25,25,50,50
"Veneto","Verona",56,29,27,51.79,48.21
"Veneto","Verona",530,233,297,43.96,56.04
"Veneto","Verona",499,268,231,53.71,46.29
"Veneto","Verona",642,330,312,51.4,48.6
"Veneto","Verona",865,667,198,77.11,22.89
"Veneto","Verona",723,454,269,62.79,37.21
"Veneto","Verona",49,34,15,69.39,30.61
"Veneto","Verona",788,415,373,52.66,47.34
"Veneto","Verona",121,71,50,58.68,41.32
"Veneto","Verona",409,359,50,87.78,12.22
"Veneto","Verona",684,116,568,16.96,83.04
"Veneto","Verona",648,113,535,17.44,82.56
"Veneto","Verona",1037,212,825,20.44,79.56
"Veneto","Verona",736,129,607,17.53,82.47
"Veneto","Verona",1688,97,1591,5.75,94.25
"Veneto","Verona",1205,465,740,38.59,61.41
"Veneto","Verona",42,13,29,30.95,69.05
"Lazio","Viterbo",113,90,23,79.65,20.35
"Lazio","Viterbo",1056,779,277,73.77,26.23
"Lazio","Viterbo",890,731,159,82.13,17.87
"Lazio","Viterbo",434,238,196,54.84,45.16
"Lazio","Viterbo",415,295,120,71.08,28.92
"Lazio","Viterbo",329,125,204,37.99,62.01
"Lazio","Viterbo",714,410,304,57.42,42.58
"Lazio","Viterbo",960,403,557,41.98,58.02
"Lazio","Viterbo",246,148,98,60.16,39.84
"Lazio","Viterbo",423,155,268,36.64,63.36
"Lazio","Viterbo",559,225,334,40.25,59.75
"Lazio","Viterbo",366,260,106,71.04,28.96
"Lazio","Viterbo",124,58,66,46.77,53.23
"Lazio","Viterbo",810,641,169,79.14,20.86
"Lazio","Viterbo",166,84,82,50.6,49.4
"Lazio","Viterbo",50,34,16,68,32
"Lazio","Viterbo",233,119,114,51.07,48.93
"Lazio","Viterbo",178,67,111,37.64,62.36
"Lazio","Viterbo",83,26,57,31.33,68.67
"Lazio","Viterbo",368,104,264,28.26,71.74
"Lazio","Viterbo",254,198,56,77.95,22.05
"Lazio","Viterbo",115,67,48,58.26,41.74
"Lazio","Viterbo",437,311,126,71.17,28.83
"Lazio","Viterbo",191,34,157,17.8,82.2
"Lazio","Viterbo",459,162,297,35.29,64.71
"Lazio","Viterbo",19,9,10,47.37,52.63
"Lazio","Viterbo",288,69,219,23.96,76.04
"Lazio","Viterbo",144,79,65,54.86,45.14
"Lazio","Viterbo",134,33,101,24.63,75.37
"Lazio","Viterbo",118,22,96,18.64,81.36
"Lazio","Viterbo",39,2,37,5.13,94.87
"Lazio","Viterbo",27,0,27,0,100
"Lazio","Viterbo",437,152,285,34.78,65.22
"Lazio","Viterbo",38,24,14,63.16,36.84
"Lazio","Viterbo",500,59,441,11.8,88.2
"Lazio","Viterbo",1015,127,888,12.51,87.49
"Lazio","Viterbo",63,15,48,23.81,76.19
"Lazio","Viterbo",294,14,280,4.76,95.24
"Calabria","Vibo Valentia",82,58,24,70.73,29.27
"Calabria","Vibo Valentia",351,240,111,68.38,31.62
"Calabria","Vibo Valentia",171,106,65,61.99,38.01
"Calabria","Vibo Valentia",1375,1070,305,77.82,22.18
"Calabria","Vibo Valentia",144,76,68,52.78,47.22
"Calabria","Vibo Valentia",270,145,125,53.7,46.3
"Calabria","Vibo Valentia",256,156,100,60.94,39.06
"Calabria","Vibo Valentia",1132,480,652,42.4,57.6
"Calabria","Vibo Valentia",83,40,43,48.19,51.81
"Calabria","Vibo Valentia",110,36,74,32.73,67.27
"Calabria","Vibo Valentia",154,73,81,47.4,52.6
"Calabria","Vibo Valentia",208,149,59,71.63,28.37
"Calabria","Vibo Valentia",32,17,15,53.12,46.88
"Calabria","Vibo Valentia",135,61,74,45.19,54.81
"Calabria","Vibo Valentia",6,1,5,16.67,83.33
"Calabria","Vibo Valentia",44,25,19,56.82,43.18
"Calabria","Vibo Valentia",380,158,222,41.58,58.42
"Calabria","Vibo Valentia",72,0,72,0,100
"Calabria","Vibo Valentia",103,43,60,41.75,58.25
"Calabria","Vibo Valentia",189,63,126,33.33,66.67
"Calabria","Vibo Valentia",54,8,46,14.81,85.19
"Calabria","Vibo Valentia",305,220,85,72.13,27.87
"Calabria","Vibo Valentia",11,7,4,63.64,36.36
"Calabria","Vibo Valentia",150,60,90,40,60
"Calabria","Vibo Valentia",42,16,26,38.1,61.9
"Calabria","Vibo Valentia",76,0,76,0,100
"Calabria","Vibo Valentia",316,142,174,44.94,55.06
"Calabria","Vibo Valentia",79,37,42,46.84,53.16
"Calabria","Vibo Valentia",483,23,460,4.76,95.24
"Calabria","Vibo Valentia",165,32,133,19.39,80.61
"Calabria","Vibo Valentia",81,27,54,33.33,66.67
"Calabria","Vibo Valentia",399,69,330,17.29,82.71
"Calabria","Vibo Valentia",103,2,101,1.94,98.06
"Calabria","Vibo Valentia",117,27,90,23.08,76.92
"Calabria","Vibo Valentia",125,72,53,57.6,42.4
