cod_scuola,nome_scuola,indirizzo_scuola,sito_scuola,scuola_paritaria,id_provincia,id_regione,id_comune,comune_scuola,num_diplomati_x_coorte,indice_fga,fga_forchetta_bassa,fga_forchetta_alta,indice_perc_cfu,indice_media_voti,completamento_pct,tasso_immatricolazione_pct,tasso_non_immatricolazione_pct,abbandono_pct,voto_medio_immatricolati,voto_medio_non_immatricolati,comune_di_ricerca,raggio_km_ricerca,tipologia_ricerca
TOPC01000C,CAMILLO BENSO DI CAVOUR,CSO TASSONI 15,http://www.lcavour.gov.it/,0,1,1,1272,Torino,78,81.46,76.69,86.53,80.91,27.84,5.93,91.49,8.51,8.09,86.04,82.95,Torino,10,Classico
TOPC090009,VINCENZO GIOBERTI,VIA SANT'OTTAVIO 911,http://www.liceogioberti.it/,0,1,1,1272,Torino,99,81.08,76.67,85.84,75.71,28.37,6.57,87.54,12.46,9.43,88.72,84.35,Torino,10,Classico
TOPC10000P,VITTORIO ALFIERI,CSO DANTE 80,http://www.liceoalfieri.it/,0,1,1,1272,Torino,205,77.66,74.3,81.21,75.83,27.54,6.94,90.28,9.72,6.65,84.76,82.63,Torino,10,Classico
TOPC070004,MASSIMO D'AZEGLIO,VIA PARINI 8,http://www.liceomassimodazeglio.it/,0,1,1,1272,Torino,124,76.72,72.72,80.99,74.74,27.44,7.04,90.32,9.68,9.68,86.73,80.43,Torino,10,Classico
TOPC075007,VALSALICE,VLE ENRICO THOVEZ 37,http://www.liceovalsalice.it/,1,1,1,1272,Torino,28,68.76,61.2,76.75,68.09,26.33,7.6,90.48,9.52,9.52,87.29,82.0,Torino,10,Classico
TOPS20000P,UMBERTO I,VIA BLIGNY 1BIS,http://www.cnuto.gov.it:1180/,0,1,1,1272,Torino,42,68.65,62.26,75.74,65.13,26.66,7.67,85.16,14.84,11.72,89.57,91.21,Torino,10,Classico
TOPC06500L,ISTITUTO SOCIALE,CSO SIRACUSA 10,http://www.istitutosociale.it/#sthash.lip1EdSt.dpbs,1,1,1,1272,Torino,16,60.49,51.1,70.64,65.66,24.64,6.56,96.0,4.0,14.0,85.52,99.0,Torino,10,Classico
TOPS034015,CURIE (IS CURIE - VITTORINI),CSO ALLAMANO 120130,http://www.iiscurievittorini.edu.it/,0,1,1,1120,Grugliasco,22,83.89,73.88,94.15,95.1,26.72,6.98,95.45,4.55,4.55,85.69,71.0,Torino,10,Scientifico
TOPS04500E,EDOARDO AGNELLI,CSO UNIONE SOVIETICA 362,http://www.istitutoagnelli.it/index.php,1,1,1,1272,Torino,22,83.73,75.6,92.41,85.94,27.78,8.38,97.01,2.99,11.94,89.62,77.5,Torino,10,Scientifico
TOPS270001,ALTIERO SPINELLI,VIA FIGLIE DEI MILITARI 25,http://www.istitutoaltierospinelli.com/,0,1,1,1272,Torino,19,82.24,73.52,91.57,87.28,27.26,7.47,94.92,5.08,11.86,87.89,82.67,Torino,10,Scientifico
TOPS04000B,GALILEO FERRARIS,CSO MONTEVECCHIO 67,http://www.liceogalfer.it/pvw/app/TOLS0005/pvw_sito.php,0,1,1,1272,Torino,275,81.92,78.9,85.16,85.26,27.43,7.31,94.56,5.44,10.76,85.14,80.31,Torino,10,Scientifico
TOPS120003,CARLO CATTANEO,VIA SOSTEGNO 4110,http://www.liceocattaneotorino.it/home.php?lang=it,0,1,1,1272,Torino,179,81.31,77.85,84.98,87.62,27.0,7.46,93.69,6.31,8.91,85.42,82.18,Torino,10,Scientifico
TOPS064011,IS COPERNICO-LUXEMBURG,CSO CAIO PLINIO 2,http://www.copernicoluxemburg.gov.it,0,1,1,1272,Torino,179,74.06,70.55,77.85,78.52,26.35,6.73,89.59,10.41,11.15,83.27,73.8,Torino,10,Scientifico
TOPS018017,ALBERT EINSTEIN,VIA BOLOGNA 183,http://www.liceoeinsteintorino.it/,0,1,1,1272,Torino,41,72.7,66.52,79.35,75.41,26.4,6.51,95.16,4.84,8.87,80.76,74.67,Torino,10,Scientifico
TOPS340002,GOBETTI,VIA MARIA VITTORIA 39BIS,http://www.lsgobettitorino.gov.it/web/,0,1,1,1272,Torino,124,72.29,68.34,76.63,74.38,26.42,6.56,91.98,8.02,13.9,83.78,78.27,Torino,10,Scientifico
TOPS07500A,SAN GIUSEPPE,VIA SAN FRANCESCO DA PAOLA 23,http://www.collegiosangiuseppe.it/Objects/Home1.asp,1,1,1,1272,Torino,12,72.23,59.84,86.27,68.46,27.12,3.6,75.0,25.0,13.89,84.41,82.78,Torino,10,Scientifico
TOPS020006,ALESSANDRO VOLTA,VIA FILIPPO JUVARRA 14,http://www.liceovoltatorino.it/,0,1,1,1272,Torino,94,71.1,66.74,75.73,77.98,25.71,6.26,94.72,5.28,8.45,83.55,73.53,Torino,10,Scientifico
TOPS00301D,ETTORE MAJORANA,VIA FRATTINI 1115,http://www.majoranatorino.gov.it/wordpress/,0,1,1,1272,Torino,79,68.99,64.33,73.98,74.51,25.61,7.19,95.4,4.6,10.04,84.29,75.36,Torino,10,Scientifico
TOPS105001,VALSALICE,VLE ENRICO THOVEZ 37,http://www.liceovalsalice.it/,1,1,1,1272,Torino,51,68.36,62.65,74.5,72.81,25.67,7.97,91.56,8.44,11.69,85.49,84.85,Torino,10,Scientifico
TOPS30000G,FILIPPO JUVARRA,VIA BUOZZI 16,http://www.liceojuvarra.it/,0,1,1,1292,Venaria Reale,42,64.94,58.67,71.74,67.81,25.45,7.33,89.76,10.24,10.24,85.37,80.69,Torino,10,Scientifico
TOPS22000X,GIORDANO BRUNO,VIA MARINUZZI 1,http://www.gbruno.it/,0,1,1,1272,Torino,35,62.04,55.13,69.8,64.81,25.11,6.64,87.62,12.38,13.33,84.05,74.69,Torino,10,Scientifico
TOPS005004,SACRA FAMIGLIA,VIA ROSALINO PILO 24,http://www.collegiosacrafamiglia.it,1,1,1,1272,Torino,23,60.82,50.7,71.93,66.07,24.67,7.1,89.13,10.87,10.87,81.17,78.8,Torino,10,Scientifico
TOPS09500G,ISTITUTO SOCIALE,CSO SIRACUSA 10,http://www.istitutosociale.it/#sthash.lip1EdSt.dpbs,1,1,1,1272,Torino,25,57.08,49.18,65.85,65.16,23.88,7.67,90.79,9.21,15.79,82.42,82.29,Torino,10,Scientifico
TOPS76500T,SANT'ANNA,VIA MASSENA 36,http://www.istituto-santanna.it/,1,1,1,1272,Torino,28,52.19,44.29,60.61,64.38,22.8,0.0,82.14,17.86,8.33,80.55,82.13,Torino,10,Scientifico
TOPS01500P,CAIROLI,VIA SANTA TERESA 20,http://www.liceocairoli.eu/,1,1,1,1272,Torino,22,38.08,29.29,48.38,39.55,22.39,0.0,80.88,19.12,19.12,78.63,70.0,Torino,10,Scientifico
TOPS05101V,AMEDEO AVOGADRO,CSO SAN MAURIZIO 8,http://www.itisavogadro.it,0,1,1,1272,Torino,49,62.5,56.65,68.91,64.84,25.22,4.78,89.86,10.14,12.84,84.23,72.67,Torino,10,Scientifico - Scienze applicate
TOIS061003,GIUSEPPE PEANO,CSO VENEZIA 29,http://www.peano.it,0,1,1,1272,Torino,24,58.57,50.13,68.1,62.75,24.53,6.25,83.33,16.67,16.67,78.15,69.83,Torino,10,Scientifico - Scienze applicate
TOPS047017,GALILEI - FERRARI,VIA GAIDANO 126,http://www.galileiferrari.it/,0,1,1,1272,Torino,22,50.59,39.53,63.77,50.88,24.04,6.28,77.27,22.73,15.91,84.47,72.3,Torino,10,Scientifico - Scienze applicate
TOTF043012,PRIMO LEVI,CSO UNIONE SOVIETICA 490,http://www.istitutoprimolevi.gov.it/,0,1,1,1272,Torino,86,47.04,42.15,52.79,48.51,23.47,4.74,76.92,23.08,15.77,78.99,72.22,Torino,10,Scientifico - Scienze applicate
TOPS20500T,MADRE MAZZARELLO,VIA CUMIANA 2,http://www.mazzarello.it/,1,1,1,1272,Torino,26,42.5,34.62,52.06,41.2,23.26,8.57,87.34,12.66,24.05,80.3,69.5,Torino,10,Scientifico - Scienze applicate
TOPSQB5003,LICEO JUVENTUS,VIA TRAVES 28,http://www.juventus.com/it/club/j-college/,1,1,1,1272,Torino,10,47.22,33.54,65.01,29.22,25.83,0.0,70.97,29.03,29.03,86.05,79.38,Torino,10,Scientifico - Sportivo
TOPM120004,DOMENICO BERTI,VIA DUCHESSA JOLANDA 27BIS,http://www.liceoberti.gov.it/,0,1,1,1272,Torino,82,61.02,56.17,66.42,62.51,25.14,5.85,83.0,17.0,14.98,84.79,78.14,Torino,10,Scienze Umane
TOPM034016,CURIE (IS CURIE - VITTORINI),CSO ALLAMANO 120130,http://www.liceomcurie.gov.it/pvw/app/TOII0032/pvw_sito.php,0,1,1,1120,Grugliasco,55,60.75,54.85,67.13,64.11,24.89,5.41,78.92,21.08,10.84,83.85,77.03,Torino,10,Scienze Umane
TOPM018018,ALBERT EINSTEIN,VIA BOLOGNA 183,http://www.liceoeinsteintorino.it/,0,1,1,1272,Torino,87,58.12,53.24,63.55,54.6,25.4,5.09,77.1,22.9,13.36,80.27,77.02,Torino,10,Scienze Umane
TOPM050003,REGINA MARGHERITA,VIA VALPERGA CALUSO 12,http://www.istitutoreginamargherita.it/index.php?lang=it,0,1,1,1272,Torino,127,52.17,47.92,56.92,53.99,24.04,6.49,74.15,25.85,12.79,84.37,78.01,Torino,10,Scienze Umane
TOPM035001,MARIA AUSILIATRICE,PZZA MARIA AUSILIATRICE 27,http://www.istitutomariausiliatrice.it/newhome/index.html,1,1,1,1272,Torino,14,49.78,39.02,62.7,49.11,24.06,8.11,83.72,16.28,16.28,84.14,74.14,Torino,10,Scienze Umane
TOTE058011,SANTORRE DI SANTAROSA,CSO PESCHIERA 230,http://www.iissantorre.gov.it/santorre/,0,1,1,1272,Torino,40,57.68,50.61,65.14,63.49,24.22,6.32,73.33,26.67,7.5,82.58,72.34,Torino,10,Scienze Umane - Economico sociale
TOPQ04500Q,MADRE MAZZARELLO,VIA CUMIANA 2,http://www.mazzarello.it/,1,1,1,1272,Torino,29,38.32,29.83,48.63,33.0,23.24,8.13,67.82,32.18,21.84,82.25,77.43,Torino,10,Scienze Umane - Economico sociale
TOPQ475003,ISTITUTO FLORA,VIA SAN FRANCESCO DA PAOLA 42,http://www.istituto-flora.edu.it/,1,1,1,1272,Torino,10,33.62,20.22,48.76,30.96,22.35,6.0,76.67,23.33,13.33,81.87,79.14,Torino,10,Scienze Umane - Economico sociale
TOPMP2500E,SAVOIA,PZZA SOLFERINO 9,,1,1,1,1272,Torino,0,,,,,,0.0,,,,,,Torino,10,Scienze Umane - Economico sociale
TOPL20500L,MADRE MAZZARELLO,VIA CUMIANA 2,http://www.mazzarello.it/,1,1,1,1272,Torino,25,51.75,43.62,60.75,56.44,23.65,8.57,86.67,13.33,14.67,84.34,80.8,Torino,10,Linguistico
TOPL03500P,VITTORIA,VIA DELLE ROSINE 14,http://vittoriaweb.it/,1,1,1,1272,Torino,47,45.25,38.62,53.24,40.13,24.04,0.0,70.92,29.08,21.28,82.55,80.05,Torino,10,Linguistico
TOSL020003,RENATO COTTINI,VIA CASTELGOMBERTO 20,http://www.liceocottini.it/,0,1,1,1272,Torino,150,52.55,47.92,57.99,46.64,25.01,5.42,50.89,49.11,13.33,80.63,78.55,Torino,10,Artistico
TOSL01000C,PRIMO LICEO ARTISTICO,VIA CARCANO 31,http://www.primoart.it/,0,1,1,1272,Torino,147,50.77,45.62,56.89,42.77,25.05,6.29,39.95,60.05,10.38,84.16,80.17,Torino,10,Artistico
TOSD02000L,ALDO PASSONI,VIA DELLA ROCCA 7,http://www.lapassoni.gov.it/,0,1,1,1272,Torino,175,41.71,37.01,47.72,34.43,23.88,6.75,41.44,58.56,13.88,84.14,79.71,Torino,10,Artistico
TOTD090008,GERMANO SOMMEILLER,CSO DUCA DEGLI ABRUZZI 20,http://itcssommeiller.it/,0,1,1,1272,Torino,106,48.45,43.92,53.55,50.72,23.54,5.46,75.86,24.14,15.05,82.32,73.83,Torino,10,Tecnico - Economico
TOTD034022,VITTORINI (IS CURIE - VITTORINI),CSO ALLAMANO 120130,http://www.liceomcurie.gov.it/pvw/app/TOII0032/pvw_sito.php,0,1,1,1120,Grugliasco,50,47.51,40.58,55.91,45.33,23.96,5.73,60.26,39.74,17.88,85.51,73.83,Torino,10,Tecnico - Economico
TOTD067018,LEVI (IS CURIE-LEVI),VIA MADONNA DE LA SALETTE 29,http://www.iiscurielevi.it/,0,1,1,1272,Torino,77,47.0,41.24,53.5,48.68,23.44,4.87,59.23,40.77,12.45,84.88,74.86,Torino,10,Tecnico - Economico
TOTD06401R,IS COPERNICO-LUXEMBURG,CSO CAIO PLINIO 6,http://www.copernicoluxemburg.gov.it,0,1,1,1272,Torino,65,46.05,40.05,53.36,43.64,23.81,4.93,63.45,36.55,18.78,82.53,71.04,Torino,10,Tecnico - Economico
TOTD05301A,BOSSO - MONTI,VIA MEUCCI 9,http://sites.google.com/a/bossomonti.it/home/home,0,1,1,1272,Torino,64,44.74,38.12,52.32,43.78,23.48,4.38,52.6,47.4,11.98,84.86,75.16,Torino,10,Tecnico - Economico
TOTD003019,ETTORE MAJORANA,CSO TAZZOLI 209,http://www.majoranatorino.gov.it/wordpress/,0,1,1,1272,Torino,41,42.64,34.8,51.49,47.58,22.53,5.19,56.45,43.55,12.1,83.1,75.43,Torino,10,Tecnico - Economico
TOTD05201E,PAOLO BOSELLI,VIA MONTECUCCOLI 12,http://www.istitutoboselli.it,0,1,1,1272,Torino,54,41.97,33.61,52.05,38.44,23.46,2.77,37.65,62.35,9.26,81.38,73.9,Torino,10,Tecnico - Economico
TOTD03701C,SELLA - AALTO - LAGRANGE,VIA RAIMONDO MONTECUCCOLI 12,http://www.sellaaaltolagrange.gov.it/,0,1,1,1272,Torino,72,41.86,36.01,48.44,43.48,22.83,4.67,61.57,38.43,12.04,83.41,73.72,Torino,10,Tecnico - Economico
TOTD068014,RUSSELL - MORO - GUARINI,CSO MOLISE 58,http://www.russell-moro-guarini.edu.it/,0,1,1,1272,Torino,146,41.54,36.89,46.99,41.03,23.05,4.26,51.14,48.86,12.27,82.58,76.12,Torino,10,Tecnico - Economico
TOTD06602D,GOBETTI MARCHESINI-CASALE-ARDUINO,VIA FIGLIE DEI MILITARI 25,http://www.gmca.edu.it/,0,1,1,1272,Torino,40,37.94,30.82,46.39,37.93,22.55,4.12,70.49,29.51,20.49,75.19,75.39,Torino,10,Tecnico - Economico
TOTD04201X,GIOVANNI GIOLITTI,VIA ALASSIO 20,http://www.istitutogiolitti.gov.it/,0,1,1,1272,Torino,24,32.9,21.51,46.97,28.26,22.5,3.72,43.84,56.16,15.07,82.47,77.07,Torino,10,Tecnico - Economico
TOTD054016,CARLO IGNAZIO GIULIO,VIA GIORGIO BIDONE 11,http://www.istitutogiulio.it/,0,1,1,1272,Torino,32,31.76,22.99,43.09,29.21,22.12,4.1,56.12,43.88,20.41,80.4,72.98,Torino,10,Tecnico - Economico
TOTF051011,AMEDEO AVOGADRO,CSO SAN MAURIZIO 8,http://www.itisavogadro.it/,0,1,1,1272,Torino,149,56.73,52.24,61.8,60.88,24.31,3.89,55.26,44.74,10.29,81.98,72.94,Torino,10,Tecnico - Tecnologico
TOTL03401B,VITTORINI (IS CURIE - VITTORINI),CSO ALLAMANO 120130,http://www.iiscurievittorini.gov.it,0,1,1,1120,Grugliasco,34,54.89,45.78,65.18,56.65,24.38,5.68,49.51,50.49,10.68,85.31,75.04,Torino,10,Tecnico - Tecnologico
TOTL06801E,RUSSELL - MORO - GUARINI,VIA SALERNO 60,http://www.russell-moro-guarini.edu.it/,0,1,1,1272,Torino,43,52.69,44.26,62.64,42.14,25.59,4.71,46.51,53.49,13.18,81.07,74.13,Torino,10,Tecnico - Tecnologico
TOTF06601P,GOBETTI MARCHESINI-CASALE-ARDUINO,VIA ROVIGO 19,http://www.gmca.edu.it/,0,1,1,1272,Torino,115,51.83,47.22,57.33,51.72,24.23,6.84,66.76,33.24,14.45,80.79,71.63,Torino,10,Tecnico - Tecnologico
TOTL03701V,SELLA - AALTO - LAGRANGE,VIA PAOLO BRACCINI 11,http://www.sellaaaltolagrange.gov.it/,0,1,1,1272,Torino,28,49.06,37.82,61.96,51.02,23.65,5.5,38.37,61.63,9.3,81.0,73.62,Torino,10,Tecnico - Tecnologico
TOTF06101G,GIUSEPPE PEANO,CSO VENEZIA 29,http://www.peano.it/,0,1,1,1272,Torino,97,48.66,42.84,55.71,44.24,24.37,4.07,45.89,54.11,13.36,82.56,72.42,Torino,10,Tecnico - Tecnologico
TOTF10000X,ETTORE MAJORANA,VIA FRANCESCO BARACCA 80,http://www.itismajo.it/SitePages/Homepage.aspx,0,1,1,1120,Grugliasco,200,46.97,42.82,52.05,42.72,24.15,5.33,49.67,50.33,14.5,83.29,73.18,Torino,10,Tecnico - Tecnologico
TOTF01500R,EDOARDO AGNELLI,CSO UNIONE SOVIETICA 362,http://www.istitutoagnelli.it/index.php,1,1,1,1272,Torino,35,44.63,36.08,55.49,40.74,23.82,6.59,54.72,45.28,19.81,88.26,78.0,Torino,10,Tecnico - Tecnologico
TOTF14000A,CARLO GRASSI,VIA PAOLO VERONESE 305,http://www.itisgrassi.it/,0,1,1,1272,Torino,257,40.41,36.39,45.79,34.93,23.51,5.28,41.01,58.99,16.17,87.94,80.4,Torino,10,Tecnico - Tecnologico
TOTF047019,FERRARI (IS GALILEI - FERRARI),VIA GAIDANO 126,http://www.galileiferrari.it/,0,1,1,1272,Torino,45,40.37,31.81,50.81,41.45,22.71,4.85,42.65,57.35,13.24,78.19,72.68,Torino,10,Tecnico - Tecnologico
TOTF013016,BODONI - PARAVIA,VIA PONCHIELLI 56,http://www.bodoniparavia.it/index.php/it/,0,1,1,1272,Torino,69,,,,,,4.36,,,,,,Torino,10,Tecnico - Tecnologico
TOTF048015,ROMOLO ZERBONI,VIA PAOLO DELLA CELLA 3,http://www.iiszerboni.it/,0,1,1,1272,Torino,42,,,,,,3.79,,,,,,Torino,10,Tecnico - Tecnologico
ALPS050005,EDOARDO AMALDI,VIA MAMELI 9,http://www.liceoamaldi.net/,0,6,1,6114,Novi Ligure,27,78.92,71.36,86.97,79.08,27.45,8.26,93.83,6.17,11.11,88.13,76.6,Alessandria,10,Classico
ALPC01601G,UMBERTO ECO,VIA FAA' DI BRUNO 85,http://www.saluzzo-plana.gov.it/itm/,0,6,1,6003,Alessandria,42,77.12,70.96,83.71,73.87,27.64,5.51,92.97,7.03,11.72,87.31,78.78,Alessandria,10,Classico
ALPS020009,GIUSEPPE PEANO,VLE VITTORIO VENETO 3,http://www.liceopeano.it/,0,6,1,6174,Tortona,22,63.19,54.75,72.34,66.0,25.24,8.68,89.55,10.45,13.43,87.2,84.0,Alessandria,10,Classico
ALPS01000P,GALILEO GALILEI,SPALTO BORGOGLIO 49,http://www.scientificogalilei.gov.it/,0,6,1,6003,Alessandria,109,75.68,71.51,80.13,82.02,26.32,7.92,92.05,7.95,10.7,86.83,78.08,Alessandria,10,Scientifico
ALPS005007,ALEXANDRIA,VIA DON LUIGI ORIONE 1,http://www.alexandriainternationalschool.org/,1,6,1,6003,Alessandria,11,52.28,38.89,68.33,52.84,24.2,0.0,67.65,32.35,20.59,79.13,76.27,Alessandria,10,Scientifico
ALTF01000R,ALESSANDRO VOLTA,SPALTO MARENGO 42,http://www.volta-alessandria.it/,0,6,1,6003,Alessandria,55,66.6,60.82,72.86,73.68,25.14,7.01,82.53,17.47,11.45,86.34,75.48,Alessandria,10,Scientifico - Scienze applicate
ALPS00401C,BENVENUTO CELLINI,STRADA PONTECURONE 17,http://www.istitutocellini.it/wordpress/,0,6,1,6177,Valenza,42,58.55,52.04,65.86,63.12,24.48,8.29,82.68,17.32,16.54,87.47,78.64,Alessandria,10,Scientifico - Scienze applicate
ALPM01601Q,UMBERTO ECO,VIA FAA' DI BRUNO 85,http://www.saluzzo-plana.gov.it/itm/,0,6,1,6003,Alessandria,57,53.61,47.68,60.1,55.28,24.23,5.59,75.44,24.56,11.7,84.78,76.07,Alessandria,10,Scienze Umane
ALPMQR5008,ALEXANDRIA,VIA DON LUIGI ORIONE 1,http://www.alexandriainternationalschool.org/,1,6,1,6003,Alessandria,0,,,,,,0.0,,,,,,Alessandria,10,Scienze Umane - Economico sociale
ALSD00101B,JONA OTTOLENGHI (IS PARODI),VIA DE GASPERI 66,http://www.istitutoparodi.gov.it,0,6,1,6001,Acqui Terme,34,55.2,44.7,67.21,53.85,24.79,6.52,36.54,63.46,8.65,86.39,83.26,Alessandria,10,Artistico
ALSL004019,BENVENUTO CELLINI,STRADA PONTECURONE 6,http://www.istitutocellini.it/wordpress/,0,6,1,6177,Valenza,57,48.48,39.98,58.54,41.01,24.71,6.29,34.1,65.9,9.83,88.97,80.48,Alessandria,10,Artistico
PVSLMT5003,BLAISE PASCAL,VIA ISCHIA 1,http://www.istitutobpascal.it/,1,18,3,18182,Voghera,0,,,,,,0.0,,,,,,Alessandria,10,Artistico
ALTD004018,BENVENUTO CELLINI,STRADA PONTECURONE 17,http://www.istitutocellini.it/wordpress/,0,6,1,6177,Valenza,40,48.1,39.09,59.09,41.19,24.6,6.67,43.33,56.67,14.17,85.35,73.03,Alessandria,10,Tecnico - Economico
ALTD00601X,VINCI - NERVI - FERMI - MIGLIARA,VIA TROTTI 1719,http://www.vincialessandria.it/,0,6,1,6003,Alessandria,75,46.71,40.94,53.24,49.43,23.28,5.58,60.89,39.11,12.0,83.23,73.65,Alessandria,10,Tecnico - Economico
ALTL00601A,VINCI - NERVI - FERMI - MIGLIARA,VIA MORBELLI 33,http://www.vincialessandria.it/,0,6,1,6003,Alessandria,17,37.39,24.02,58.76,20.41,24.52,3.38,44.23,55.77,26.92,88.52,78.24,Alessandria,10,Tecnico - Tecnologico
CNPC007015,GIUSEPPE GOVONE,VIA TEOBALDO CALISSANO 8,http://www.classicogovone.it/,0,4,1,4003,Alba,56,78.56,73.17,84.32,80.86,27.15,7.66,95.27,4.73,10.65,86.35,80.63,Asti,10,Classico
ATPC00301E,VITTORIO ALFIERI,CSO ALFIERI 367,http://www.istitutovalfieri.gov.it/,0,5,1,5005,Asti,64,68.75,63.57,74.46,66.6,26.51,7.31,91.67,8.33,14.06,86.18,87.31,Asti,10,Classico
ATPS01000Q,FRANCESCO VERCELLI,VIA DELL'ARAZZERIA 6,http://www.scientifico.asti.it/,0,5,1,5005,Asti,52,86.93,81.38,92.75,91.16,27.92,7.45,96.79,3.21,8.97,83.54,70.2,Asti,10,Scientifico
ATPS00201T,NICOLA PELLATI,VIA IV NOVEMBRE 40,http://www.pellatinizza.edu.it/,0,5,1,5080,Nizza Monferrato,30,76.52,69.3,84.31,81.69,26.56,7.76,91.3,8.7,11.96,83.98,78.5,Asti,10,Scientifico
ATPM01000R,AUGUSTO MONTI,PZZA UMBERTO CAGNI 2,http://www.istitutostatalemonti.com/,0,5,1,5005,Asti,30,73.7,66.45,81.66,77.35,26.41,4.75,92.22,7.78,12.22,82.95,74.86,Asti,10,Scientifico - Scienze applicate
ATPS715002,UGO FOSCOLO,VIA GIOACCHINO TESTA 91,http://www.liceofoscolo.eu/,1,5,1,5005,Asti,11,38.68,26.53,55.28,28.0,23.92,0.0,80.0,20.0,31.43,82.14,84.29,Asti,10,Scientifico - Scienze applicate
CNPM04000X,LEONARDO DA VINCI,PZZA SAN FRANCESCO 1,http://www.davincialba.it/,0,4,1,4003,Alba,56,61.14,55.37,67.56,63.29,25.08,6.43,81.55,18.45,14.29,87.69,86.19,Asti,10,Scienze Umane
ATPL01500N,UGO FOSCOLO,VIA GIOACCHINO TESTA 91,http://www.liceofoscolo.eu/,1,5,1,5005,Asti,0,,,,,,0.0,,,,,,Asti,10,Linguistico
CNSL007015,GIUSEPPE GOVONE,CSO EUROPA 2,http://www.artisticogallizio.it,0,4,1,4003,Alba,55,57.42,49.63,66.2,56.3,25.02,6.0,42.77,57.23,8.43,83.8,79.73,Asti,10,Artistico
ATSD003014,BENEDETTO ALFIERI,VIA GIOBERT 23,http://www.istitutovalfieri.gov.it/,0,5,1,5005,Asti,0,,,,,,0.0,,,,,,Asti,10,Artistico
ATTD01001L,GIOVANNI ANTONIO GIOBERT,VLE DON BOSCO 40,http://www.giobert.gov.it/,0,5,1,5005,Asti,86,67.02,61.8,72.67,72.18,25.42,4.97,66.8,33.2,9.65,83.57,77.4,Asti,10,Tecnico - Economico
ATTD00201N,NICOLA PELLATI,VIA IV NOVEMBRE 40,http://www.pellatinizza.edu.it/,0,5,1,5080,Nizza Monferrato,65,55.58,49.02,62.89,55.31,24.7,6.29,52.28,47.72,9.14,82.56,74.84,Asti,10,Tecnico - Economico
ATTD01000G,GIOVANNI ANTONIO GIOBERT,VIA GANDOLFINO RORETO 36,http://www.giobert.gov.it/,0,5,1,5005,Asti,20,53.65,41.03,68.03,62.09,23.42,5.49,41.94,58.06,9.68,81.35,72.14,Asti,10,Tecnico - Tecnologico
ATTF01001V,ALESSANDRO ARTOM,VIA ROMITA 42,http://www.artomasti.it/,0,5,1,5005,Asti,127,50.35,44.9,56.59,49.42,24.15,4.66,40.84,59.16,8.9,84.77,75.88,Asti,10,Tecnico - Tecnologico
ATTA00401V,GIOVANNI PENNA,LOC VIATOSTO 54,http://www.istitutopennaasti.it/,0,5,1,5005,Asti,54,47.97,39.4,58.28,47.03,23.87,4.46,35.8,64.2,8.02,83.5,76.46,Asti,10,Tecnico - Tecnologico
TOPC020003,CARLO BOTTA,CSO RE UMBERTO 37,http://www.liceobotta.it/,0,1,1,1125,Ivrea,65,84.33,79.25,89.79,82.47,28.34,7.79,93.91,6.09,11.17,88.21,84.92,Biella,10,Classico
BIPC00101R,GIUSEPPE E QUINTINO SELLA,VIA ADDIS ABEBA 20,http://www.liceosella.it/it/,0,96,1,96004,Biella,41,71.92,65.52,79.04,70.6,26.79,8.07,87.9,12.1,16.94,87.77,80.4,Biella,10,Classico
BIPS00401B,COSSATESE E VALLE STRONA,VIA MARTIRI DELLA LIBERTA' 389,http://www.liceocossatese.it/,0,96,1,96020,Cossato,42,81.59,75.36,88.3,85.14,27.36,7.56,91.34,8.66,9.45,85.86,76.09,Biella,10,Scientifico
BIPS01000N,AMEDEO AVOGADRO,VIA GALIMBERTI 5,http://www.liceoavogadrobiella.gov.it,0,96,1,96004,Biella,112,80.9,76.78,85.28,84.84,27.23,7.84,92.31,7.69,9.76,85.49,82.54,Biella,10,Scientifico
BITF01000Q,QUINTINO SELLA,VIA FLLI ROSSELLI 2,http://www.itis.biella.it/,0,96,1,96004,Biella,101,73.63,69.23,78.41,77.97,26.32,6.56,85.57,14.43,11.8,81.74,71.02,Biella,10,Scientifico - Scienze applicate
TOPS01000G,ANTONIO GRAMSCI,VIA ALBERTON 10A,http://www.lsgramsci.it/,0,1,1,1125,Ivrea,40,52.75,45.71,60.95,57.08,23.81,6.88,72.73,27.27,16.53,82.31,75.39,Biella,10,Scientifico - Sportivo
VCSL00101T,AMBROGIO ALCIATI,CORSO ITALIA 44,http://www.istitutosuperiorelagrangiavc.it,0,2,1,2158,Vercelli,39,60.26,50.88,71.24,53.97,25.99,5.88,40.34,59.66,10.08,87.08,79.25,Biella,10,Artistico
TOSD02601L,25 APRILE - FACCIO,VIA AMMIRAGLIO PULLINO24,http://www.25aprilefaccio.edu.it/,0,1,1,1066,Castellamonte,74,43.35,35.85,52.14,44.98,23.0,5.89,34.38,65.62,8.48,86.25,81.35,Biella,10,Artistico
BISL00101R,GIUSEPPE E QUINTINO SELLA,VIA ADDIS ABEBA 20,http://www.liceosella.it,0,96,1,96004,Biella,0,,,,,,0.0,,,,,,Biella,10,Artistico
BITD00601V,EUGENIO BONA,VIA GRAMSCI 22,http://www.itcbona.biella.it/,0,96,1,96004,Biella,125,49.82,44.89,55.35,54.77,23.39,5.71,52.25,47.75,10.34,83.82,75.51,Biella,10,Tecnico - Economico
TOTD02401A,GIOVANNI CENA,VIA DORA BALTEA 3,http://lnx.iiscena.it/,0,1,1,1125,Ivrea,96,46.34,40.33,53.23,45.47,23.66,5.27,43.1,56.9,9.66,81.6,74.15,Biella,10,Tecnico - Economico
BITA007018,GAE AULENTI,VLE MACALLE' 54,http://www.iisgaeaulenti.it/,0,96,1,96004,Biella,54,,,,,,5.08,,,,,,Biella,10,Tecnico - Tecnologico
CNPC060001,PEANO - PELLICO,CSO GIOLITTI 11,http://liceocuneo.it/,0,4,1,4078,Cuneo,60,86.83,81.5,92.39,86.33,28.48,7.72,92.22,7.78,6.67,87.43,81.43,Cuneo,10,Classico
CNPS07000P,VASCO - BECCARIA - GOVONE,PZZA IV NOVEMBRE 5,http://iliceimondovi.edu.it/,0,4,1,4130,Mondovì,14,80.34,69.84,91.61,81.76,27.47,7.92,90.48,9.52,9.52,88.76,85.75,Cuneo,10,Classico
CNPS010003,GIOVENALE ANCINA,PZZA DON MARIO PICCO 6,http://liceoancina.gov.it/,0,4,1,4089,Fossano,24,93.18,85.39,100.0,92.93,29.21,7.4,97.26,2.74,13.7,86.73,79.5,Cuneo,10,Scientifico
CNPS02000N,PEANO - PELLICO,VIA MONTE ZOVETTO 8,http://liceocuneo.it/,0,4,1,4078,Cuneo,105,89.82,85.61,94.25,91.41,28.59,8.36,93.35,6.65,8.23,88.48,80.81,Cuneo,10,Scientifico
CNTF017022,GIANCARLO VALLAURI,VIA SAN MICHELE 68,http://www.vallauri.edu/public/ita/pagina.asp,0,4,1,4089,Fossano,56,88.86,83.38,94.64,93.63,28.09,7.11,91.18,8.82,8.24,85.85,75.6,Cuneo,10,Scientifico - Scienze applicate
CNTF029017,CIGNA - BARUFFI - GARELLI,VIA DI CURAZZA 15,http://www.cigna-baruffi-garelli.gov.it/,0,4,1,4130,Mondovì,43,78.84,72.66,85.52,83.76,26.87,7.44,90.08,9.92,12.98,87.65,73.08,Cuneo,10,Scientifico - Scienze applicate
CNPM010004,EDMONDO DE AMICIS,CSO CARLO BRUNET 12,http://www.magistralecuneo.it/,0,4,1,4078,Cuneo,63,78.68,73.17,84.41,86.28,26.53,6.86,81.48,18.52,5.82,87.79,80.31,Cuneo,10,Scienze Umane
CNSL02401V,BIANCHI - VIRGINIO,CSO ALCIDE DE GASPERI 11,http://www.artisticoegobianchi.it,0,4,1,4078,Cuneo,68,62.71,55.12,71.5,52.12,26.8,6.75,36.59,63.41,8.78,84.53,82.45,Cuneo,10,Artistico
CNSD021011,AMLETO BERTONI,VIA SAN GIOVANNI 1,http://www.istitutosoleri.it,0,4,1,4203,Saluzzo,36,54.47,43.97,66.28,50.18,25.05,6.75,35.19,64.81,7.41,88.45,81.73,Cuneo,10,Artistico
CNTD04000P,FRANCO ANDREA BONELLI,VLE ANGELI 12,http://www.itcbonelli.it/,0,4,1,4078,Cuneo,122,77.56,72.83,82.5,80.5,26.95,6.63,59.95,40.05,4.9,86.51,77.75,Cuneo,10,Tecnico - Economico
CNRC00301D,SEBASTIANO GRANDIS,CSO IV NOVEMBRE 16,http://www.grandiscuneo.it/,0,4,1,4078,Cuneo,20,63.85,50.99,78.23,64.25,25.61,3.78,40.98,59.02,8.2,81.72,76.67,Cuneo,10,Tecnico - Economico
CNTF010005,MARIO DALPOZZO,CSO ALCIDE DE GASPERI 30,http://www.itiscuneo.gov.it/,0,4,1,4078,Cuneo,151,77.94,73.4,82.8,83.02,26.74,6.23,53.41,46.59,6.15,87.53,78.26,Cuneo,10,Tecnico - Tecnologico
CNTL024018,BIANCHI - VIRGINIO,VIA FLLI RAMORINO 3,http://www.artisticoegobianchi.it/,0,4,1,4078,Cuneo,35,77.45,67.08,88.4,84.75,26.42,5.89,36.79,63.21,3.77,87.54,79.24,Cuneo,10,Tecnico - Tecnologico
CNTA02801P,VIRGINIO - DONADIO,VIA SAVIGLIANO 25,http://www.isvirginio.it/,0,4,1,4078,Cuneo,40,,,,,,5.62,,,,,,Cuneo,10,Tecnico - Tecnologico
NOPC07000L,CARLO ALBERTO,BALUARDO LAMARMORA 8C,http://liceoclassiconovara.it/,0,3,1,3106,Novara,42,79.23,73.14,85.79,75.21,27.99,6.48,96.06,3.94,11.81,85.39,77.4,Novara,10,Classico
VCPC00101T,LUIGI LAGRANGIA,VIA DUOMO 4,http://www.iislagrangia.it,0,2,1,2158,Vercelli,36,75.64,68.93,83.03,78.09,26.78,8.0,89.09,10.91,13.64,89.44,84.17,Novara,10,Classico
PVPC010006,BENEDETTO CAIROLI,VIA CAIROLI 27,http://liceoginnasiostatalebcairoli.it/,0,18,3,18177,Vigevano,29,74.64,67.43,82.44,76.45,26.74,7.81,96.55,3.45,11.49,87.15,81.0,Novara,10,Classico
NOPS010004,ALESSANDRO ANTONELLI,VIA TOSCANA 20,http://www.liceoantonelli.novara.it/,0,3,1,3106,Novara,33,78.51,71.64,86.32,75.78,27.75,7.78,93.94,6.06,21.21,83.63,72.33,Novara,10,Scientifico
NOPS002016,BIAGIO PASCAL,STRADA PROVLE PER NOVARA 4,http://www.iisbiagiopascal.it/,0,3,1,3131,Romentino,37,73.49,66.94,80.38,82.2,25.77,7.64,92.04,7.96,8.85,86.79,83.78,Novara,10,Scientifico
NOPS07000Q,CONVITTO CARLO ALBERTO,VIA DELL'ARCHIVIO 6,http://www.convittonovara.gov.it/,0,3,1,3106,Novara,34,68.96,62.0,76.29,78.48,25.13,6.62,88.35,11.65,8.74,85.26,78.83,Novara,10,Scientifico
NOPS03500C,SAN LORENZO,BALUARDO LAMARMORA 14,http://www.salesiani.novara.it/,1,3,1,3106,Novara,22,67.96,59.72,77.13,70.52,25.85,7.07,95.45,4.55,16.67,83.14,71.67,Novara,10,Scientifico
NOPSUI500C,GIACOMO LEOPARDI,VIA COSTANTINO PORTA 25,http://www.scuolenovara.it,1,3,1,3106,Novara,0,,,,,,0.0,,,,,,Novara,10,Scientifico - Scienze applicate
VCPS021016,AMEDEO AVOGADRO,CSO PALESTRO 29,http://iisavogadrovc.gov.it,0,2,1,2158,Vercelli,24,58.5,50.32,67.67,63.09,24.47,6.07,88.89,11.11,16.67,78.31,66.25,Novara,10,Scientifico - Sportivo
PVPSTA500Q,LEONARDO DA VINCI,VIA MONSIGNOR BRRUTI 6,,1,18,3,18177,Vigevano,16,38.45,25.83,52.83,34.58,23.08,0.0,53.06,46.94,12.24,79.38,74.48,Novara,10,Scientifico - Sportivo
NOPM010005,CONTESSA TORNIELLI BELLINI,BALUARDO LAMARMORA 10,http://www.liceobellini.gov.it/,0,3,1,3106,Novara,67,63.22,57.89,69.04,67.25,25.1,4.69,82.09,17.91,13.43,81.21,73.25,Novara,10,Scienze Umane
PVPM025004,SAN GIUSEPPE,VICOLO DEOMINI 10,http://www.sangiuseppevigevano.eu/,1,18,3,18177,Vigevano,15,44.53,33.61,57.44,49.1,22.79,5.43,77.78,22.22,22.22,83.91,82.5,Novara,10,Scienze Umane
NOPL015002,GIACOMO LEOPARDI,VIA COSTANTINO PORTA 25,http://www.scuolenovara.it/scuole_novara/Novara_-_Liceo_Scientifico.html,1,3,1,3106,Novara,16,26.43,15.69,43.07,17.37,22.26,0.0,72.0,28.0,42.0,75.86,69.86,Novara,10,Scienze Umane - Economico sociale
NOSL010001,FELICE CASORATI,VIA GREPPI 18,http://www.liceodellearticasorati.gov.it/,0,3,1,3106,Novara,95,60.3,53.57,68.34,51.33,26.31,5.37,33.8,66.2,9.76,83.45,78.91,Novara,10,Artistico
NOSL015004,AMEDEO MODIGLIANI,VIA COSTANTINO PORTA 25,http://www.scuolenovara.it,1,3,1,3106,Novara,0,,,,,,0.0,,,,,,Novara,10,Artistico
NOTD002012,BIAGIO PASCAL,STRADA PROVLE PER NOVARA 4,http://www.iisbiagiopascal.it/,0,3,1,3131,Romentino,67,48.29,42.37,55.19,48.72,23.74,5.79,64.18,35.82,16.92,82.79,75.35,Novara,10,Tecnico - Economico
NOTD09000R,OTTAVIANO FABRIZIO MOSSOTTI,VLE CURTATONE 5,http://www.mossotti.it/,0,3,1,3106,Novara,104,46.87,41.87,52.53,47.42,23.56,4.3,61.22,38.78,13.46,82.77,75.08,Novara,10,Tecnico - Economico
NOTD035008,QUINTINO SELLA,VIA COSTANTINO PORTA 25,http://www.scuolenovara.it,1,3,1,3106,Novara,0,,,,,,0.0,,,,,,Novara,10,Tecnico - Economico
NOTF040002,GIACOMO FAUSER,VIA RICCI 14,http://www.fauser.edu/,0,3,1,3106,Novara,143,59.48,54.6,65.0,62.53,24.77,3.92,46.87,53.13,9.05,84.94,73.39,Novara,10,Tecnico - Tecnologico
NOTF03000B,GIUSEPPE OMAR,BALUARDO LAMARMORA 12,http://www.itiomar.it/,0,3,1,3106,Novara,150,59.29,54.57,64.99,57.91,25.28,4.35,48.12,51.88,13.75,83.65,72.21,Novara,10,Tecnico - Tecnologico
NOTA00301B,GIUSEPPE BONFANTINI,CSO RISORGIMENTO 405,http://www.bonfantini.it/,0,3,1,3106,Novara,87,53.61,47.33,61.12,64.15,23.17,3.7,42.97,57.03,11.79,84.95,77.03,Novara,10,Tecnico - Tecnologico
NOTB12500G,FRANCESCO BARACCA,VIA COSTANTINO PORTA 25,http://www.scuolenovara.it,1,3,1,3106,Novara,0,,,,,,0.0,,,,,,Novara,10,Tecnico - Tecnologico
NOTL00601Q,PIER LUIGI NERVI,VIA SAN BERNARDINO DA SIENA 10,http://www.iisnervi.it/,0,3,1,3106,Novara,64,,,,,,5.56,,,,,,Novara,10,Tecnico - Tecnologico
VBPS02000P,BONAVENTURA CAVALIERI,VIA MADONNA DI CAMPAGNA 18,http://www.liceocavalieri.gov.it/,0,103,1,103072,Verbania,18,75.16,65.96,85.2,67.51,27.94,6.39,89.29,10.71,14.29,83.64,77.83,Verbania,10,Classico
NOPS00401T,ENRICO FERMI,VIA MONTENERO 15A,http://www.iisenricofermiarona.it/,0,3,1,3008,Arona,30,71.42,63.99,79.42,71.87,26.51,6.72,85.87,14.13,11.96,87.8,83.77,Verbania,10,Classico
VAPC020001,ERNESTO CAIROLI,VIA DANTE 11,http://www.liceoclassicovarese.gov.it/,0,12,3,12133,Varese,145,71.02,67.27,75.14,69.91,26.66,7.42,91.08,8.92,15.33,84.06,81.18,Verbania,10,Classico
VBPS00101A,PIERO GOBETTI,VIA XI SETTEMBRE 11,http://www.liceopierogobetti.gov.it/,0,103,1,103050,Omegna,37,74.89,68.24,82.28,77.65,26.66,7.95,88.5,11.5,15.93,89.42,78.23,Verbania,10,Scientifico
VAPS11000A,VITTORIO SERENI,VIA LUGANO 24,http://liceoluino.gov.it/,0,12,3,12092,Luino,55,67.8,61.9,74.23,75.35,25.23,5.97,79.39,20.61,11.52,80.08,71.88,Verbania,10,Scientifico - Scienze applicate
VBTF00701B,LORENZO COBIANCHI,PZZA MARTIRI DI TRAREGO 8,http://www.cobianchi.it/,0,103,1,103072,Verbania,42,67.67,61.37,74.44,72.25,25.57,8.02,88.98,11.02,11.81,81.87,70.15,Verbania,10,Scientifico - Scienze applicate
VAPS012016,EDITH STEIN,VIA DEI GELSOMINI 14,http://www.steingavirate.gov.it,0,12,3,12072,Gavirate,29,72.36,64.7,80.29,79.52,25.82,8.9,83.15,16.85,5.62,85.05,83.0,Verbania,10,Scientifico - Sportivo
VAPSDE500S,MARIA AUSILIATRICE,PZZALE DELLA LIBERTA' 9,http://www.scuolamariausiliatrice.com/2019/,1,12,3,12133,Varese,23,52.68,43.74,62.98,54.52,24.1,7.5,74.65,25.35,18.31,77.21,72.61,Verbania,10,Scientifico - Sportivo
VAPM01000E,ALESSANDRO MANZONI,VIA MORSELLI 10,http://www.liceimanzoni.it/wp_manzoni/,0,12,3,12133,Varese,32,67.94,60.57,76.18,70.06,25.9,6.11,83.33,16.67,14.58,84.75,80.53,Verbania,10,Scienze Umane - Economico sociale
VAPQ02500C,MARIA AUSILIATRICE,PZZA LIBERTA' 9,http://www.scuolamariausiliatrice.com/,1,12,3,12133,Varese,15,44.43,34.19,56.25,38.73,24.02,7.78,85.11,14.89,21.28,80.57,76.57,Verbania,10,Scienze Umane - Economico sociale
VAPL095008,ROSETUM,VIA MAZZINI 5,http://scuolemanfredini.it/,1,12,3,12013,Besozzo,13,35.24,21.85,52.39,35.22,22.23,6.33,56.1,43.9,17.07,80.91,72.06,Verbania,10,Linguistico
VBIS00100X,PIERO GOBETTI,VIA XI SETTEMBRE 11,http://www.liceopierogobetti.gov.it/,0,103,1,103050,Omegna,38,77.81,68.03,88.48,77.24,27.41,5.81,38.26,61.74,5.22,89.98,83.04,Verbania,10,Artistico
VASL02801L,ANGELO FRATTINI,VIA VALVERDE 2,http://www.artisticovarese.gov.it/,0,12,3,12133,Varese,143,59.78,54.94,65.18,57.44,25.45,5.4,47.8,52.2,9.05,83.88,79.14,Verbania,10,Artistico
VASLQ8500T,MANFREDINI,VIA MERANO 3,,1,12,3,12133,Varese,0,,,,,,0.0,,,,,,Verbania,10,Artistico
VBTD002012,FERRINI - FRANZOSINI,VIA MASSARA 8,http://www.ferrinifranzosini.edu.it/,0,103,1,103072,Verbania,68,64.77,58.08,72.07,69.77,25.17,5.81,48.06,51.94,7.77,85.54,74.94,Verbania,10,Tecnico - Economico
VATD05500V,GALILEO GALILEI,VIA ALLA TORRE 16,http://www.galileilaveno.it,1,12,3,12087,Laveno-Mombello,0,,,,,,0.0,,,,,,Verbania,10,Tecnico - Economico
PVPS00101G,ANGELO OMODEO,STRADA PAVESE 4,http://liceoomodeo.it/,0,18,3,18102,Mortara,38,70.99,64.49,78.26,76.37,25.87,5.8,90.52,9.48,17.24,84.42,64.55,Vercelli,10,Scientifico
PVTD00101B,ANGELO OMODEO,STRADA PAVESE 4,http://liceoomodeo.it/,0,18,3,18102,Mortara,21,56.28,46.04,67.91,58.34,24.51,5.56,61.54,38.46,13.85,83.18,71.04,Vercelli,10,Tecnico - Economico
VCTD013013,CAMILLO CAVOUR,CSO ITALIA 42,http://www.cavourvercelli.it/,0,2,1,2158,Vercelli,66,43.96,37.65,51.37,41.74,23.54,5.25,56.0,44.0,14.5,83.36,77.16,Vercelli,10,Tecnico - Economico
VCTF019018,GIULIO CESARE FACCIO,PZZA CESARE BATTISTI 9,http://nuke.itisvc.it/,0,2,1,2158,Vercelli,81,58.83,52.36,66.37,63.38,24.51,4.64,43.62,56.38,9.88,85.28,73.5,Vercelli,10,Tecnico - Tecnologico
VCTA01201R,GALILEO FERRARIS,PZZA DELLA VITTORIA 3,http://www.iis-galileoferraris.it/wp/,0,2,1,2158,Vercelli,36,43.58,34.22,55.24,41.69,23.46,5.87,44.44,55.56,14.81,86.35,79.53,Vercelli,10,Tecnico - Tecnologico
MIPC05000V,GIOVANNI BERCHET,VIA COMMENDA 26,http://www.liceoberchet.gov.it/,0,15,3,15146,Milano,121,77.86,73.89,82.21,74.49,27.75,7.13,93.68,6.32,15.66,86.58,83.91,Milano,10,Classico
MIPC06500L,SACRO CUORE,VIA ROMBON 78,http://www.sacrocuore.org/,1,15,3,15146,Milano,27,77.2,69.64,85.25,83.12,26.55,8.18,93.83,6.17,11.11,88.86,81.2,Milano,10,Classico
MIPC03000N,GIOSUE' CARDUCCI,VIA BEROLDO 9,http://www.liceoclassicocarducci.gov.it/,0,15,3,15146,Milano,229,75.55,72.33,79.11,71.18,27.59,7.65,90.7,9.3,15.99,84.14,78.31,Milano,10,Classico
MIPC005001,ALEXIS CARREL,VIA INGANNI 12,http://www.fondazionegrossman.org/,1,15,3,15146,Milano,19,73.65,64.78,83.07,77.01,26.44,8.17,91.53,8.47,10.17,84.72,79.8,Milano,10,Classico
MIPC040008,CESARE BECCARIA,VIA CARLO LINNEO 5,http://www.liceobeccaria.gov.it/pvw/app/MILG0001/pvw_sito.php,0,15,3,15146,Milano,195,72.66,69.25,76.4,70.87,26.93,7.7,89.42,10.58,14.51,88.69,85.44,Milano,10,Classico
MIPC01000C,ALESSANDRO MANZONI,VIA ORAZIO 3,http://www.liceoclassicomanzoni.gov.it/,0,15,3,15146,Milano,195,72.38,68.92,76.2,69.17,27.07,7.23,85.49,14.51,15.19,89.8,83.92,Milano,10,Classico
MIPC170001,GIUSEPPE PARINI,VIA GOITO 4,http://liceoparini.gov.it/,0,15,3,15146,Milano,216,72.38,69.06,76.02,70.25,26.94,7.5,87.96,12.04,14.35,85.62,82.77,Milano,10,Classico
MIPC110009,EDUC E SETTI CARRARO DALLA CHIESA,VIA PASSIONE 12,http://setticarraro.gov.it/,0,15,3,15146,Milano,35,71.36,64.58,78.71,70.3,26.69,7.4,90.57,9.43,13.21,87.39,89.9,Milano,10,Classico
MIPC20000G,TITO LIVIO,VIA CIRCO 4,http://www.titolivio.it/,0,15,3,15146,Milano,112,69.37,65.12,74.09,66.42,26.68,5.98,84.02,15.98,14.79,82.11,78.83,Milano,10,Classico
MIPC125003,FAES CITTA' STUDI,VIA ZANOIA,http://www.faesmilano.it/,1,15,3,15146,Milano,12,68.75,57.5,80.35,70.07,26.09,6.67,86.84,13.16,5.26,86.21,71.8,Milano,10,Classico
MIPC15500V,SANT'AMBROGIO,VIA COPERNICO 9,http://www.salesianimilano.it/,1,15,3,15146,Milano,23,68.54,60.03,77.87,65.6,26.58,7.57,85.51,14.49,14.49,83.68,83.9,Milano,10,Classico
MIPC18500P,ZACCARIA,VIA DELLA COMMENDA 5,http://www.istitutozaccaria.it/,1,15,3,15146,Milano,12,64.97,53.39,77.39,69.36,25.27,0.0,86.11,13.89,11.11,85.55,83.6,Milano,10,Classico
MIPS02201V,SALVADOR ALLENDE,VIA ULISSE DINI 7,http://www.allendecustodi.edu.it/,0,15,3,15146,Milano,11,64.48,50.14,80.52,55.66,26.8,5.0,90.91,9.09,18.18,79.8,70.0,Milano,10,Classico
MIPC10500T,LEONE XIII,VIA LEONE XIII 12,http://www.leonexiii.it/,1,15,3,15146,Milano,17,63.06,53.38,73.73,57.01,26.29,6.29,86.54,13.46,15.38,87.51,84.43,Milano,10,Classico
MIPC039015,OMERO,VIA DEL VOLGA 4,http://www.iis-russell.gov.it/,0,15,3,15146,Milano,17,58.14,48.37,69.27,51.56,25.77,7.17,86.27,13.73,19.61,83.05,77.57,Milano,10,Classico
MIPM050003,VIRGILIO,PZZA ASCOLI 2,http://www.liceovirgiliomilano.edu.it/,0,15,3,15146,Milano,20,57.63,46.99,69.43,60.56,24.56,5.85,90.24,9.76,17.07,78.43,80.0,Milano,10,Classico
MIPC16500D,COLLEGIO SAN CARLO,CSO MAGENTA 71,http://www.collegiosancarlo.it,1,15,3,15146,Milano,25,52.09,44.08,60.85,52.16,24.24,6.77,88.16,11.84,13.16,86.4,96.22,Milano,10,Classico
MIPC09500C,GONZAGA,VIA VITRUVIO 41,http://www.gonzaga-milano.it/,1,15,3,15146,Milano,13,49.98,39.35,62.19,51.71,23.79,5.0,90.24,9.76,21.95,88.19,89.0,Milano,10,Classico
MIPC075007,GIOVANNI BATTISTA MONTINI,CSO DI PORTA ROMANA 105,http://www.istitutomontini.it/montini/,1,15,3,15146,Milano,31,48.43,41.27,56.62,45.23,24.2,0.0,90.43,9.57,17.02,80.71,79.78,Milano,10,Classico
MIPC04500B,EDMONDO DE AMICIS,VIA LAMARMORA 34,http://deamicismilano.com/,1,15,3,15146,Milano,29,29.48,21.76,39.59,21.23,22.53,0.0,80.9,19.1,32.58,84.18,81.88,Milano,10,Classico
MIPS08000T,ALESSANDRO VOLTA,VIA BENEDETTO MARCELLO 7,http://www.liceovolta.it/nuovo/,0,15,3,15146,Milano,222,87.26,84.04,90.68,87.92,28.39,7.9,95.2,4.8,11.09,85.57,83.25,Milano,10,Scientifico
MIPS03000R,LEONARDO DA VINCI,VIA RESPIGHI 5,http://www.liceoleonardomi.gov.it/,0,15,3,15146,Milano,164,81.1,77.52,84.94,80.86,27.76,5.55,93.1,6.9,12.17,84.18,84.15,Milano,10,Scientifico
MIPS375001,ALEXIS CARREL,VIA INGANNI 12,http://www.fondazionegrossman.org/,1,15,3,15146,Milano,43,78.04,71.76,84.71,82.84,26.79,8.41,87.02,12.98,9.16,86.68,78.65,Milano,10,Scientifico
MIPS18000P,ELIO VITTORINI,VIA DONATI 5,http://www.eliovittorini.gov.it/wordpress/,0,15,3,15146,Milano,188,76.51,73.1,80.15,82.17,26.5,6.3,93.79,6.21,11.52,83.28,78.46,Milano,10,Scientifico
MIPSR85009,SAN RAFFAELE,VIA OLGETTINA 46,,1,15,3,15146,Milano,19,76.36,60.82,93.48,77.28,27.05,6.21,89.47,10.53,15.79,85.47,95.0,Milano,10,Scientifico
MIPS01000G,ALBERT EINSTEIN,VIA EINSTEIN 3,http://www.liceoeinsteinmilano.gov.it/,0,15,3,15146,Milano,208,75.95,72.67,79.57,76.22,27.08,6.84,93.76,6.24,15.84,83.17,75.03,Milano,10,Scientifico
MIPS070007,VITTORIO VENETO,VIA DE VINCENTI 7,http://www.liceovittorioveneto.it/pvw/app/MILS0005/pvw_sito.php,0,15,3,15146,Milano,247,75.1,71.95,78.5,79.14,26.53,7.69,91.63,8.37,13.09,83.57,78.24,Milano,10,Scientifico
MIPS295009,SACRO CUORE,VIA ROMBON 78,http://www.sacrocuore.org/,1,15,3,15146,Milano,42,72.6,66.44,79.07,80.96,25.71,6.79,94.44,5.56,7.94,85.49,81.0,Milano,10,Scientifico
MIPS026016,LUIGI CREMONA,VLE MARCHE 7173,http://www.iiscremona.gov.it/,0,15,3,15146,Milano,175,72.5,68.97,76.39,73.55,26.57,7.2,89.9,10.1,15.43,81.63,75.72,Milano,10,Scientifico
MIPS16500L,SANT'AMBROGIO,VIA COPERNICO 9,http://www.salesianimilano.it/,1,15,3,15146,Milano,83,72.49,67.88,77.52,74.08,26.51,6.45,93.57,6.43,14.86,79.67,72.13,Milano,10,Scientifico
MIPS43500B,ERNESTO BREDA,VLE MATTEOTTI 425,http://www.salesianisesto.it/,1,15,3,15209,Sesto San Giovanni,30,71.33,64.16,79.4,65.26,27.29,8.74,93.41,6.59,18.68,83.94,71.83,Milano,10,Scientifico
MIPS16000D,GUGLIELMO MARCONI,VIA DEI NARCISI 5,http://www.marconionline.it/pvw/app/MILS0009/pvw_sito.php,0,15,3,15146,Milano,64,71.01,65.76,76.73,76.01,25.92,4.4,88.6,11.4,12.95,79.57,74.5,Milano,10,Scientifico
MIPS07201X,SEVERI - CORRENTI,VIA ALCUINO 4,http://www.severi-correnti.edu.it/,0,15,3,15146,Milano,111,69.94,65.72,74.48,72.59,26.07,5.12,87.46,12.54,11.64,81.83,74.26,Milano,10,Scientifico
MIPS37000T,DONATELLI - PASCAL,VIA CAMPANIA 6,http://www.donatelli-pascal.gov.it/,0,15,3,15146,Milano,169,69.45,65.87,73.36,72.84,25.93,5.42,89.39,10.61,13.75,82.12,76.31,Milano,10,Scientifico
MIPS05701T,NICOLA MORESCHI,VIA SAN MICHELE DEL CARSO 24,http://www.istitutomoreschi.gov.it/,0,15,3,15146,Milano,71,68.61,63.66,73.95,74.01,25.59,4.71,91.59,8.41,12.62,82.82,71.06,Milano,10,Scientifico
MIPS20500T,ZACCARIA,VIA DELLA COMMENDA 5,http://www.istitutozaccaria.it/,1,15,3,15146,Milano,21,68.32,59.52,77.46,72.84,25.66,5.82,87.3,12.7,6.35,86.98,76.38,Milano,10,Scientifico
MIPS09500G,LEONE XIII,VIA LEONE XIII 12,http://www.leonexiii.it/,1,15,3,15146,Milano,44,67.7,61.5,74.51,68.86,25.99,6.08,88.64,11.36,15.15,84.83,87.33,Milano,10,Scientifico
MIPS26000A,GIAN BATTISTA VICO,VLE ITALIA 26,http://www.liceovico.gov.it/,0,15,3,15093,Corsico,61,67.43,62.25,73.09,68.47,25.97,6.67,95.14,4.86,14.59,82.73,77.11,Milano,10,Scientifico
MIPS175007,COLLEGIO SAN CARLO,CSO MAGENTA 71,http://www.collegiosancarlo.it,1,15,3,15146,Milano,67,65.34,59.85,71.32,69.28,25.37,6.18,76.62,23.38,11.44,85.68,84.05,Milano,10,Scientifico
MIPS15000V,PIERO BOTTONI,VIA MAC MAHON 9698,http://www.liceobottoni.gov.it/,0,15,3,15146,Milano,100,64.65,60.29,69.69,62.93,25.96,6.42,88.67,11.33,20.33,83.02,73.44,Milano,10,Scientifico
MIPS039018,BERTRAND RUSSELL,VIA GATTI 16,http://www.iis-russell.gov.it/,0,15,3,15146,Milano,37,60.12,53.56,67.35,68.24,24.24,5.95,91.96,8.04,16.07,77.7,68.89,Milano,10,Scientifico
MITE01000V,GIULIO NATTA,VIA DON CALABRIA 16,http://www.itasnatta.it/,0,15,3,15146,Milano,26,59.75,51.85,68.84,60.36,25.1,5.87,88.46,11.54,19.23,81.38,74.22,Milano,10,Scientifico
MIPS01500P,FAES CITTA' STUDI,VIA ZANOIA,http://www.faesmilano.it/,1,15,3,15146,Milano,26,58.94,50.93,67.78,60.06,24.94,6.62,84.81,15.19,11.39,81.03,74.55,Milano,10,Scientifico
MIPS085001,GONZAGA,VIA VITRUVIO 41,http://www.gonzaga-milano.it/,1,15,3,15146,Milano,45,57.77,51.78,64.53,59.79,24.69,7.01,93.33,6.67,20.0,85.91,84.0,Milano,10,Scientifico
MIPS02301P,GEROLAMO CARDANO,VIA NATTA 11,http://iiscardano.gov.it/,0,15,3,15146,Milano,56,55.24,49.18,62.06,56.55,24.47,5.1,73.21,26.79,14.29,81.64,74.93,Milano,10,Scientifico
MIPS74500L,MARIA CONSOLATRICE,VIA MELCHIORRE GIOIA 15,http://www.consolatricemilano.it/Objects/Home1.asp,1,15,3,15146,Milano,19,54.67,45.65,65.22,52.51,24.82,7.27,88.14,11.86,20.34,80.87,72.57,Milano,10,Scientifico
MIPS735002,GIACOMO LEOPARDI,VIA DEL CARROCCIO 9,http://www.istitutoleopardi.it/Objects/Home1.asp,1,15,3,15146,Milano,23,53.63,45.12,62.7,61.88,23.45,0.0,85.51,14.49,8.7,79.9,72.5,Milano,10,Scientifico
MIPS535008,MARCELLINE TOMMASEO,PZZA TOMMASEO 1,http://www.marcellinetommaseo.it/,1,15,3,15146,Milano,15,48.14,38.36,59.6,53.73,23.11,0.0,95.65,4.35,26.09,81.59,73.5,Milano,10,Scientifico
MIPS415006,GIOSUE' CARDUCCI,VIA FERRANTE APORTI 12,http://www.liceoscientificocarducci.it/,1,15,3,15146,Milano,21,46.11,37.0,56.53,45.83,23.57,0.0,78.46,21.54,18.46,76.22,70.79,Milano,10,Scientifico
MIPSPS500G,ORSOLINE DI SAN CARLO,VIA LANZONE 53,http://www.artisticorsoline.it,1,15,3,15146,Milano,10,40.57,28.62,55.74,40.76,22.85,5.2,93.55,6.45,35.48,84.62,80.5,Milano,10,Scientifico
MIPS06500Q,ENRICO FERMI,VIA ALFIERI 12,http://www.liceofermi.com/,1,15,3,15146,Milano,56,39.95,33.73,47.66,36.71,23.18,0.0,68.05,31.95,22.49,77.76,70.85,Milano,10,Scientifico
MIPS54500V,STEINER RUDOLF,VIA CLERICETTI 45,http://www.scuolasteinermilano.it/,1,15,3,15146,Milano,17,38.45,27.84,52.22,28.94,23.76,6.56,72.55,27.45,29.41,83.41,77.29,Milano,10,Scientifico
MIPS055005,EDMONDO DE AMICIS,VIA LAMARMORA 34,http://deamicismilano.com/,1,15,3,15146,Milano,48,34.95,28.58,42.8,35.61,22.12,0.0,75.17,24.83,25.52,82.98,82.28,Milano,10,Scientifico
MIPS04500E,ISTITUTO COMUNITA' EBRAICA,VIA SALLY MAYER 46,http://www.scuolaebraicamilano.it/,1,15,3,15146,Milano,14,77.63,65.23,90.77,81.52,26.85,7.32,62.79,37.21,6.98,93.11,87.13,Milano,10,Scientifico - Scienze applicate
MIPSEN500E,ERNESTO BREDA,VLE MATTEOTTI 425,http://www.salesianisesto.it/,1,15,3,15209,Sesto San Giovanni,58,66.03,60.6,71.87,71.35,25.29,7.65,90.29,9.71,11.43,80.32,73.81,Milano,10,Scientifico - Scienze applicate
MITF28000N,FALCONE - RIGHI,VLE ITALIA 2224,http://www.iisfalcone-righi.gov.it/,0,15,3,15093,Corsico,50,62.16,56.24,68.93,62.7,25.39,5.27,84.87,15.13,18.42,82.74,69.17,Milano,10,Scientifico - Scienze applicate
MIPS42500R,SANT'AMBROGIO,VIA TONALE 19,http://www.salesianimilano.it/,1,15,3,15146,Milano,46,61.86,56.0,68.24,72.62,24.13,6.46,95.68,4.32,13.67,81.4,75.0,Milano,10,Scientifico - Scienze applicate
MITF070009,GIACOMO FELTRINELLI,PZZA TITO LUCREZIO CARO 8,http://www.itisfeltrinelli.it/,0,15,3,15146,Milano,56,61.46,55.75,67.91,63.92,25.08,5.12,82.35,17.65,17.65,80.34,71.27,Milano,10,Scientifico - Scienze applicate
MITF11000E,ETTORE MOLINARI,VIA CRESCENZAGO 108110,http://www.itt-ettoremolinari.gov.it/pvw/app/MIIT0022/pvw_sito.php,0,15,3,15146,Milano,47,58.65,52.45,65.63,63.93,24.4,6.01,82.39,17.61,14.79,83.56,74.96,Milano,10,Scientifico - Scienze applicate
MITF00801P,ALTIERO SPINELLI,VIA LEOPARDI 132,http://www.iisaltierospinelli.gov.it/,0,15,3,15209,Sesto San Giovanni,42,57.49,50.69,65.25,58.78,24.74,8.2,75.4,24.6,14.29,84.05,69.1,Milano,10,Scientifico - Scienze applicate
MITF01701D,JAMES CLERK MAXWELL,VIA DON CALABRIA 2,http://www.maxwell.mi.it/,0,15,3,15146,Milano,80,55.04,50.16,60.61,58.57,24.18,5.67,83.82,16.18,17.84,79.94,71.49,Milano,10,Scientifico - Scienze applicate
MITF093013,CURIE - SRAFFA,VIA FLLI ZOIA 130,http://www.iiscuriesraffa.it/,0,15,3,15146,Milano,61,54.1,48.54,60.4,60.73,23.7,6.36,80.54,19.46,15.68,80.07,71.97,Milano,10,Scientifico - Scienze applicate
MITF05401C,LUIGI GALVANI,VIA FRANCESCO GATTI 14,http://www.istitutogalvani.gov.it/,0,15,3,15146,Milano,49,53.9,47.84,60.62,65.08,23.13,6.51,83.67,16.33,14.97,79.59,68.29,Milano,10,Scientifico - Scienze applicate
MITF30000N,EVANGELISTA TORRICELLI,VIA ULISSE DINI 7,http://www.torricellimi.gov.it/,0,15,3,15146,Milano,88,52.27,47.63,57.64,56.48,23.77,5.64,85.34,14.66,20.68,79.18,68.47,Milano,10,Scientifico - Scienze applicate
MITF290008,ETTORE CONTI,VIA ANGELO DE VINCENTI 11,http://www.ettoreconti.gov.it/,0,15,3,15146,Milano,112,49.42,45.02,54.47,53.22,23.47,5.97,77.38,22.62,17.26,80.59,72.66,Milano,10,Scientifico - Scienze applicate
MITF03801E,GIUSEPPE LUIGI LAGRANGE,VIA LITTA MODIGNANI 65,http://www.iislagrange.gov.it/pvw/app/MIII0021/pvw_sito.php,0,15,3,15146,Milano,37,48.28,41.0,56.79,55.24,22.96,5.73,72.57,27.43,17.7,81.22,73.94,Milano,10,Scientifico - Scienze applicate
MIPSVC500V,MARIA AUSILIATRICE,VIA BONVESIN DE LA RIVA 12,http://www.scuolabonvesin.it/,1,15,3,15146,Milano,21,45.12,36.61,54.74,49.61,22.87,5.84,90.77,9.23,20.0,79.92,72.83,Milano,10,Scientifico - Scienze applicate
MIPSE7500I,SCUOLA EUROPA,VIALE MAJNO 39,,1,15,3,15146,Milano,39,32.14,19.28,47.72,23.52,22.89,0.0,64.1,35.9,20.51,77.16,75.21,Milano,10,Scientifico - Scienze applicate
MIPSRF5008,LEONARDO DA VINCI,VIA CAGNOLA 17,http://www.scuolemilano.it,1,15,3,15146,Milano,0,,,,,,0.0,,,,,,Milano,10,Scientifico - Scienze applicate
MIPSQ55000,LEONE XIII,VIA LEONE XIII 12,http://www.leonexiii.it/,1,15,3,15146,Milano,17,62.66,52.87,73.19,65.7,25.15,5.73,83.02,16.98,9.43,87.11,73.22,Milano,10,Scientifico - Sportivo
MIPS10101P,EVANGELISTA TORRICELLI,VIA DINI 7,http://torricellimi.edu.it/,0,15,3,15146,Milano,25,57.59,49.4,66.27,68.38,23.62,6.41,83.12,16.88,9.09,75.73,68.46,Milano,10,Scientifico - Sportivo
MIPSQV500F,DON BOSCO VILLAGE SCHOOL,VIA MAC MAHON 92,http://www.donboscovillage.com,1,15,3,15146,Milano,25,49.22,40.86,58.86,52.85,23.47,7.46,80.26,19.74,17.11,75.9,70.53,Milano,10,Scientifico - Sportivo
MIPSO8500I,GIACOMO LEOPARDI,VIA ARENA 13,http://www.istitutoleopardi.it,1,15,3,15146,Milano,18,42.02,31.91,53.65,41.34,23.12,0.0,74.55,25.45,18.18,79.07,72.57,Milano,10,Scientifico - Sportivo
MIPSQB5007,ISTITUTO LABOR,VIA DEGLI ARTIGIANELLI 10,http://www.istitutolabor.it,1,15,3,15146,Milano,27,35.79,24.88,49.86,29.4,23.06,0.0,63.64,36.36,21.82,79.8,76.9,Milano,10,Scientifico - Sportivo
MIPSIG500R,LEOPOLDO MARANGONI,VIA LAMARMORA 34,http://www.deamicismilano.com,1,15,3,15146,Milano,42,24.7,17.08,34.69,21.46,21.35,6.46,58.27,41.73,24.41,83.7,77.13,Milano,10,Scientifico - Sportivo
MIPS79500P,ACADEMY INTERNAZIONALE,VIA TERRUGGIA 8,http://academyinternazionale.it/,1,15,3,15146,Milano,0,,,,,,0.0,,,,,,Milano,10,Scientifico - Sportivo
MIPM1R500Q,MARIA CONSOLATRICE,VIA MELCHIORRE GIOIA 51,http://www.imcmilano.it/,1,15,3,15146,Milano,16,70.9,59.3,82.88,75.98,25.9,6.86,93.94,6.06,6.06,78.16,78.5,Milano,10,Scienze Umane
MIPMEO500H,ERNESTO BREDA,VLE MATTEOTTI 425,http://www.salesianisesto.it/,1,15,3,15209,Sesto San Giovanni,33,61.09,54.04,69.0,55.81,25.97,8.5,87.13,12.87,16.83,83.85,72.15,Milano,10,Scienze Umane
MIPM58500Q,FAES,VIA ZANOIA ANG VIA PONZIO,http://www.faesmilano.it/,1,15,3,15146,Milano,10,60.53,47.91,74.91,61.78,25.11,4.05,83.87,16.13,19.35,85.12,79.8,Milano,10,Scienze Umane
MIPM070008,ERASMO DA ROTTERDAM,VLE ITALIA 409,http://www.erasmosesto.gov.it/,0,15,3,15209,Sesto San Giovanni,49,56.68,50.0,64.25,56.2,24.86,6.35,67.35,32.65,14.29,79.68,67.94,Milano,10,Scienze Umane
MIPM11000D,CARLO TENCA,BASTIONI DI PORTA VOLTA 16,http://www.liceotenca.gov.it/,0,15,3,15146,Milano,73,56.66,51.61,62.29,59.46,24.46,6.27,85.0,15.0,15.91,84.56,84.48,Milano,10,Scienze Umane
MIPM03000T,GAETANA AGNESI,VIA TABACCHI 1719,http://www.liceoagnesimilano.gov.it/new_site/,0,15,3,15146,Milano,81,56.51,51.51,62.13,56.69,24.76,6.04,78.28,21.72,15.16,84.39,76.42,Milano,10,Scienze Umane
MIPS03601R,VILFREDO FEDERICO PARETO,VIA LITTA MODIGNANI 55,http://www.iispareto.it/wp/,0,15,3,15146,Milano,37,54.72,47.55,62.91,56.96,24.3,6.42,75.22,24.78,17.7,81.0,72.32,Milano,10,Scienze Umane
MIPM01500Q,MARIA AUSILIATRICE,VIA BONVESIN DE LA RIVA 12,http://www.scuolabonvesin.it/,1,15,3,15146,Milano,23,50.48,42.05,59.92,49.85,24.13,7.7,85.71,14.29,17.14,81.72,79.8,Milano,10,Scienze Umane
MIPQ01500X,PREZIOSISSIMO SANGUE,VIA RICCARDI 5,http://www.liceoscienzeumane.preziosine.it/,1,15,3,15146,Milano,25,39.77,31.27,49.83,38.23,22.96,7.33,76.62,23.38,18.18,81.17,77.33,Milano,10,Scienze Umane
MIPMZS500F,DON BOSCO VILLAGE SCHOOL,VIA MAC MAHON 92,http://www.donboscovillage.com/,1,15,3,15146,Milano,19,53.67,42.26,66.09,61.43,23.51,6.11,82.05,17.95,12.82,76.81,71.14,Milano,10,Scienze Umane - Economico sociale
MIPS04301X,FABIO BESTA,VIA DON CALABRIA 16,http://www.fbesta.gov.it/,0,15,3,15146,Milano,71,50.52,45.23,56.56,51.12,23.99,5.56,78.04,21.96,16.82,80.06,73.36,Milano,10,Scienze Umane - Economico sociale
MIPM04500G,SACRO CUORE (ISTITUTO LEOPARDI),VIA CRESPI 9,http://www.istitutoleopardi.it,1,15,3,15146,Milano,21,42.82,33.8,52.99,45.93,22.77,4.84,81.25,18.75,14.06,82.96,84.0,Milano,10,Scienze Umane - Economico sociale
MIPMU4500Z,COLLEGIO SAN CARLO,CSO MAGENTA 71,http://www.collegiosancarlo.it,1,15,3,15146,Milano,25,37.25,28.39,47.55,34.39,22.81,7.33,72.0,28.0,18.67,80.09,78.95,Milano,10,Scienze Umane - Economico sociale
MIPMRI500E,SIGMUND FREUD,VIA ACCADEMIA 26,http://www.istitutofreud.it/,1,15,3,15146,Milano,41,30.54,23.0,39.82,24.07,22.44,0.0,60.8,39.2,20.0,82.76,75.33,Milano,10,Scienze Umane - Economico sociale
MIPMGC500D,EDMONDO DE AMICIS,VIA LAMARMORA 34,http://deamicismilano.com/,1,15,3,15146,Milano,29,29.44,20.43,41.3,17.94,22.91,5.71,58.43,41.57,23.6,90.63,86.11,Milano,10,Scienze Umane - Economico sociale
MIPS05801N,PAOLO FRISI,VIA OTRANTO 1,http://www.iisfrisi.gov.it/,0,15,3,15146,Milano,12,28.0,15.61,42.04,36.57,20.33,0.0,75.0,25.0,13.89,80.19,76.0,Milano,10,Scienze Umane - Economico sociale
MIPL125001,CIVICO MANZONI,VIA GRAZIA DELEDDA 11,http://www.lamanzoni.it/,1,15,3,15146,Milano,190,73.76,70.25,77.57,74.27,26.79,8.22,84.09,15.91,12.06,84.98,79.66,Milano,10,Linguistico
MIPS05401A,LUIGI GALVANI,VIA FRANCESCO GATTI 14,http://www.istitutogalvani.gov.it/,0,15,3,15146,Milano,66,66.2,60.7,72.2,73.14,25.11,5.66,77.27,22.73,11.62,79.97,77.49,Milano,10,Linguistico
MIPS08101P,PIETRO VERRI,VIA LATTANZIO 38,http://www.verri.edu.it/,0,15,3,15146,Milano,93,60.91,56.15,66.02,64.66,24.86,6.25,77.78,22.22,10.39,81.33,79.08,Milano,10,Linguistico
MIPS05101V,CLAUDIO VARALLI,VIA ULISSE DINI 7,http://www.ittvaralli.it/,0,15,3,15146,Milano,69,57.45,52.02,63.35,62.21,24.32,6.3,76.33,23.67,10.63,83.71,77.31,Milano,10,Linguistico
MIPL30500D,REGINA MUNDI,VIA BONCOMPAGNI 18,http://www.scuolareginamundi.it/,1,15,3,15146,Milano,16,55.93,46.04,66.89,56.44,24.65,6.12,87.76,12.24,14.29,82.79,85.83,Milano,10,Linguistico
MITN03000E,ARTEMISIA GENTILESCHI,VIA NATTA 11,http://www.gentileschi.it/,0,15,3,15146,Milano,123,54.64,50.35,59.38,58.23,24.12,6.35,74.93,25.07,11.32,83.43,72.32,Milano,10,Linguistico
MIPL08500Q,MARCELLINE TOMMASEO,PZZA TOMMASEO 1,http://www.marcellinetommaseo.it/,1,15,3,15146,Milano,19,54.22,44.92,64.37,54.83,24.43,6.16,83.05,16.95,11.86,84.53,83.1,Milano,10,Linguistico
MIPS09901X,SCHIAPARELLI - GRAMSCI,VIA SETTEMBRINI 4,http://www.schiaparelligramsci.edu.it/,0,15,3,15146,Milano,21,53.17,43.29,65.0,50.06,24.75,5.61,67.19,32.81,20.31,80.53,73.52,Milano,10,Linguistico
MIPL15500R,GIACOMO LEOPARDI,VIA DEL CARROCCIO 9,http://www.istitutoleopardi.it/Objects/Home1.asp,1,15,3,15146,Milano,41,51.05,44.0,58.91,54.8,23.68,6.08,70.4,29.6,12.0,84.65,78.95,Milano,10,Linguistico
MIPL335009,GIOVANNI BATTISTA MONTINI,CSO DI PORTA ROMANA 105,http://www.istitutomontini.it/montini/,1,15,3,15146,Milano,23,50.09,40.89,60.38,52.67,23.7,6.41,71.43,28.57,14.29,79.98,75.0,Milano,10,Linguistico
MITN02000X,PIER PAOLO PASOLINI,VIA BISTOLFI 15,http://www.itspasolini.edu.it,0,15,3,15146,Milano,44,48.0,41.1,56.03,44.67,24.16,6.44,68.66,31.34,16.42,82.88,77.64,Milano,10,Linguistico
MIPLVI500L,SCUOLA EUROPA,VLE MAJNO 39,http://www.scuolaeuropa.it,1,15,3,15146,Milano,29,46.43,38.47,55.2,46.46,23.57,7.67,76.4,23.6,10.11,79.37,74.24,Milano,10,Linguistico
MIPL0Z500D,MARCELLINE QUADRONNO,VIA QUADRONNO 15,http://www.marcellinequadronno.it,1,15,3,15146,Milano,0,,,,,,0.0,,,,,,Milano,10,Linguistico
MISL025006,SACRO CUORE,VIA ROMBON 78,http://www.sacrocuore.org/,1,15,3,15146,Milano,51,73.1,66.77,79.93,77.66,26.22,7.67,73.2,26.8,10.46,82.12,78.83,Milano,10,Artistico
MISL04500B,ORSOLINE DI SAN CARLO,VIA LANZONE 53,http://www.orsolinescuolalanzone.it/,1,15,3,15146,Milano,51,69.34,61.1,78.51,66.6,26.65,6.51,40.91,59.09,7.79,84.62,81.01,Milano,10,Artistico
MISL01000C,BRERA,VIA HAIECH 27,http://www.liceoartisticodibrera.com/,0,15,3,15146,Milano,267,61.89,57.89,66.5,57.4,25.97,6.24,41.32,58.68,9.49,82.42,78.03,Milano,10,Artistico
MISL020003,CARAVAGGIO,VIA PRINETTI 47,http://www.liceocaravaggio.gov.it/,0,15,3,15146,Milano,131,58.85,53.56,64.91,53.71,25.68,6.04,42.28,57.72,9.62,86.36,79.05,Milano,10,Artistico
MISL047014,ENRICO DE NICOLA,VIA SAINT DENIS 200,http://www.iisdenicola.gov.it,0,15,3,15209,Sesto San Giovanni,42,51.98,42.42,63.45,46.96,24.84,5.24,36.51,63.49,9.52,80.37,76.16,Milano,10,Artistico
MISL03000N,BOCCIONI,PLE ARDUINO 4,http://www.liceoartisticoboccioni.gov.it/,0,15,3,15146,Milano,205,50.62,46.05,56.01,44.83,24.77,6.14,38.31,61.69,10.55,82.53,79.1,Milano,10,Artistico
MISL075007,GIOVANNI XXIII,CSO DI PORTA VIGENTINA 14,http://www.liceogiovannixxiii.it/,1,15,3,15146,Milano,56,45.66,37.78,55.42,36.46,24.58,5.42,40.59,59.41,14.12,81.01,76.66,Milano,10,Artistico
MITD5V500H,ALESSANDRO MANZONI,VIA GRAZIA DELEDDA 11,http://lamanzoni.it/,1,15,3,15146,Milano,44,64.94,58.53,71.57,74.08,24.7,7.38,81.34,18.66,3.73,84.83,74.84,Milano,10,Tecnico - Economico
MITD08101E,PIETRO VERRI,VIA LATTANZIO 38,http://www.itcverri.gov.it/,0,15,3,15146,Milano,75,53.35,47.75,59.81,51.52,24.62,3.97,64.32,35.68,14.98,80.29,70.89,Milano,10,Tecnico - Economico
MITD09301R,CURIE - SRAFFA,VIA FLLI ZOIA 130,http://www.iiscuriesraffa.it/,0,15,3,15146,Milano,31,51.89,42.51,62.43,58.88,23.39,3.73,51.61,48.39,10.75,82.1,71.58,Milano,10,Tecnico - Economico
MITD05701N,NICOLA MORESCHI,VIA SAN MICHELE DEL CARSO 24,http://www.istitutomoreschi.gov.it/,0,15,3,15146,Milano,98,49.3,44.46,54.55,54.45,23.3,4.81,70.17,29.83,10.17,82.91,74.45,Milano,10,Tecnico - Economico
MITN05101L,CLAUDIO VARALLI,VIA ULISSE DINI 7,http://www.ittvaralli.it/,0,15,3,15146,Milano,96,48.44,42.74,55.1,47.63,23.91,4.71,48.61,51.39,12.5,81.72,72.87,Milano,10,Tecnico - Economico
MITD13500L,MARIA CONSOLATRICE,VIA MELCHIORRE GIOIA 15,http://www.consolatricemilano.it/Objects/Home1.asp,1,15,3,15146,Milano,14,47.76,36.68,59.75,57.06,22.61,4.63,79.07,20.93,9.3,80.44,74.33,Milano,10,Tecnico - Economico
MITD04301Q,FABIO BESTA,VIA DON CALABRIA 16,http://www.fbesta.gov.it/,0,15,3,15146,Milano,66,47.29,40.92,54.57,48.85,23.49,3.58,55.28,44.72,11.06,79.25,72.07,Milano,10,Tecnico - Economico
MITD260006,FALCONE - RIGHI,VLE ITALIA 2224,http://www.iisfalcone-righi.gov.it/,0,15,3,15093,Corsico,61,46.02,38.38,54.73,46.74,23.44,4.43,40.44,59.56,9.29,81.72,72.46,Milano,10,Tecnico - Economico
MITD03601L,VILFREDO FEDERICO PARETO,VIA LITTA MODIGNANI 55,http://www.iispareto.it/wp/,0,15,3,15146,Milano,51,43.93,34.99,54.35,39.88,23.76,3.77,34.42,65.58,7.79,83.45,76.05,Milano,10,Tecnico - Economico
MITD026012,GINO ZAPPA,VLE MARCHE 7173,http://www.iiscremona.gov.it/,0,15,3,15146,Milano,69,43.59,37.0,51.03,46.02,22.94,4.3,48.8,51.2,8.61,81.64,74.24,Milano,10,Tecnico - Economico
MITD500005,SCHIAPARELLI - GRAMSCI,VIA SETTEMBRINI 4,http://www.schiaparelligramsci.it/,0,15,3,15146,Milano,77,39.17,33.08,46.31,40.2,22.58,3.7,52.38,47.62,12.99,80.48,72.42,Milano,10,Tecnico - Economico
MITD02301E,GEROLAMO CARDANO,VIA NATTA 11,http://iiscardano.gov.it/,0,15,3,15146,Milano,59,38.68,32.12,46.36,36.91,22.85,4.84,57.87,42.13,14.61,81.07,71.43,Milano,10,Tecnico - Economico
MITD02201P,PIETRO CUSTODI,VIA ULISSE DINI 7,http://www.allendecustodi.edu.it/,0,15,3,15146,Milano,39,37.52,29.4,46.96,35.87,22.7,4.11,55.56,44.44,14.53,78.42,68.67,Milano,10,Tecnico - Economico
MITD004015,CARLO CATTANEO,PZZA DELLA VETRA 9,http://www.iiscattaneomilano.gov.it/,0,15,3,15146,Milano,47,34.34,27.15,43.47,30.01,22.64,4.87,59.15,40.85,21.83,82.98,75.71,Milano,10,Tecnico - Economico
MITN09401E,BERTARELLI - FERRARIS,CSO DI PORTA ROMANA 110,http://www.bertarelliferraris.edu.it/,0,15,3,15146,Milano,50,34.2,25.26,44.37,39.17,21.51,3.56,35.1,64.9,7.95,84.72,78.36,Milano,10,Tecnico - Economico
MITD047013,ENRICO DE NICOLA,VIA SAINT DENIS 200,http://www.iisdenicola.gov.it/,0,15,3,15209,Sesto San Giovanni,33,29.7,19.47,42.15,33.68,21.09,5.27,39.6,60.4,9.9,78.65,71.39,Milano,10,Tecnico - Economico
MITN03500N,MARCELLINE TOMMASEO,PZZA TOMMASEO 1,http://www.marcellinetommaseo.it/,1,15,3,15146,Milano,15,25.69,13.08,42.28,24.99,21.17,6.11,57.78,42.22,24.44,81.19,84.89,Milano,10,Tecnico - Economico
MITN102018,MARIGNONI - POLO,VIA MELZI D'ERIL 9,http://www.marignonipolo.gov.it/,0,15,3,15146,Milano,28,25.6,14.71,41.71,8.89,23.08,4.22,40.7,59.3,20.93,82.29,77.14,Milano,10,Tecnico - Economico
MITNUQ500H,SIGMUND FREUD,VIA ACCADEMIA 26,http://www.istitutofreud.it/,1,15,3,15146,Milano,30,23.82,14.05,36.51,12.28,22.24,6.79,47.83,52.17,19.57,84.75,73.51,Milano,10,Tecnico - Economico
MITD125002,GIACOMO LEOPARDI,VIA DEL CARROCCIO 9,http://www.istitutoleopardi.it/,1,15,3,15146,Milano,25,17.98,8.88,29.64,14.63,20.56,0.0,66.23,33.77,22.08,83.31,77.58,Milano,10,Tecnico - Economico
MITD08500R,EDMONDO DE AMICIS,VIA LAMARMORA 34,http://deamicismilano.com/,1,15,3,15146,Milano,24,17.51,6.29,32.7,11.29,20.85,0.0,45.21,54.79,20.55,88.52,77.53,Milano,10,Tecnico - Economico
MITD11500B,LEONARDO DA VINCI,VIA CAGNOLA 17,http://www.scuolemilano.it,1,15,3,15146,Milano,0,,,,,,0.0,,,,,,Milano,10,Tecnico - Economico
MITD25500P,ISTITUTO COMUNITA' EBRAICA,VIA SALLY MAYER 46,http://www.scuolaebraicamilano.it/,1,15,3,15146,Milano,0,,,,,,0.0,,,,,,Milano,10,Tecnico - Economico
MITDGN5002,ISTITUTO LABOR,VIA DEGLI ARTIGIANELLI 10,http://www.istitutolabor.it/,1,15,3,15146,Milano,24,,,,,,0.0,,,,,,Milano,10,Tecnico - Economico
MITL00401G,CARLO CATTANEO,PZZA DELLA VETRA 9,http://www.iiscattaneomilano.gov.it/,0,15,3,15146,Milano,62,60.9,53.12,70.18,57.02,25.77,4.34,37.97,62.03,10.7,84.25,74.97,Milano,10,Tecnico - Tecnologico
MITF24500A,CARLO BAZZI,VIA CAPPUCCIO 2,http://www.iticarlobazzi.it/,1,15,3,15146,Milano,19,51.97,39.58,65.39,52.88,24.13,4.53,45.76,54.24,6.78,80.48,78.72,Milano,10,Tecnico - Tecnologico
MITF035002,SALESIANO SANT'AMBROGIO,VIA TONALE 19,http://www.salesianimilano.it/,1,15,3,15146,Milano,51,50.66,42.6,60.01,55.82,23.46,6.18,43.14,56.86,11.11,82.59,76.48,Milano,10,Tecnico - Tecnologico
MITF11500N,ERNESTO BREDA,VLE MATTEOTTI 425,http://www.salesianisesto.it/,1,15,3,15209,Sesto San Giovanni,159,44.3,39.48,49.98,45.27,23.2,8.47,43.31,56.69,11.51,82.82,75.05,Milano,10,Tecnico - Tecnologico
MITF08201L,GIOVANNI GIORGI,VLE LIGURIA 1921,http://iisgiorgimilano.gov.it/,0,15,3,15146,Milano,107,41.13,34.76,49.2,40.05,23.07,4.03,33.85,66.15,12.11,82.7,71.05,Milano,10,Tecnico - Tecnologico
MITF005006,SIGMUND FREUD,VIA ACCADEMIA 26,http://www.istitutofreud.it/,1,15,3,15146,Milano,61,32.72,25.09,42.09,32.44,21.96,6.53,40.44,59.56,12.57,85.05,72.45,Milano,10,Tecnico - Tecnologico
MITB025006,LINDBERGH FLYING SCHOOL,VIA CURTATONE 12,http://www.lindberghfs.com/,1,15,3,15146,Milano,33,,,,,,5.9,,,,,,Milano,10,Tecnico - Tecnologico
MITF077015,GALILEI - LUXEMBURG,VIA PARAVIA 31,http://www.galileimilano.it/,0,15,3,15146,Milano,68,,,,,,3.59,,,,,,Milano,10,Tecnico - Tecnologico
MITF105003,PAVONIANO ARTIGIANELLI,VIA CRESPI 30,http://www.istitutoart.it/,1,15,3,15146,Milano,23,,,,,,6.0,,,,,,Milano,10,Tecnico - Tecnologico
MITF19000B,ALBE STEINER,VIA SAN DIONIGI 36,http://www.itsosmilano.gov.it/,0,15,3,15146,Milano,176,,,,,,5.35,,,,,,Milano,10,Tecnico - Tecnologico
MITL035006,LEONARDO DA VINCI,VIA CAGNOLA 17,http://www.scuolemilano.it,1,15,3,15146,Milano,0,,,,,,0.0,,,,,,Milano,10,Tecnico - Tecnologico
MITF07901R,CATERINA DA SIENA,VLE LOMBARDIA 89,http://www.iiscaterinadasiena.gov.it,0,15,3,15146,Milano,35,,,,,,5.76,,,,,,Milano,10,Tecnico - Tecnologico
BGPC02000C,PAOLO SARPI,PZZA ROSATE 4,http://www.liceosarpi.bg.it/,0,16,3,16024,Bergamo,136,83.73,79.89,87.83,80.41,28.45,6.97,91.91,8.09,10.54,86.22,83.73,Bergamo,10,Classico
BGPC02500G,SANT'ALESSANDRO,VLE GARIBALDI 3,http://santalex.osabg.it/,1,16,3,16024,Bergamo,16,62.88,50.91,75.77,60.82,25.79,0.0,90.63,9.37,12.5,84.07,95.67,Bergamo,10,Classico
BGPS028017,EDOARDO AMALDI,VIA LOCATELLI 16,http://www.liceoamaldi.gov.it/,0,16,3,16008,Alzano Lombardo,65,85.35,80.29,90.71,87.48,27.99,6.87,95.41,4.59,9.69,85.09,74.44,Bergamo,10,Scientifico
BGPS05000B,LORENZO MASCHERONI,VIA ALBERICO DA ROSCIATE 21A,http://www.liceomascheroni.it/,0,16,3,16024,Bergamo,141,84.05,80.31,88.14,82.07,28.32,7.52,95.27,4.73,15.6,85.27,81.95,Bergamo,10,Scientifico
BGPS02000G,FILIPPO LUSSANA,VIA ANGELO MAJ 1,http://www.liceolussana.com/new/,0,16,3,16024,Bergamo,159,83.42,79.81,87.33,84.31,27.9,7.07,93.08,6.92,12.79,85.77,84.82,Bergamo,10,Scientifico
BGPS135006,IMIBERG,VIA SANTA LUCIA 14,http://www.imiberg.it/,1,16,3,16024,Bergamo,10,72.93,58.91,87.29,79.14,26.01,0.0,95.45,4.55,4.55,81.9,68.0,Bergamo,10,Scientifico
BGPS02500P,SANT'ALESSANDRO,VLE GARIBALDI 3,http://santalex.osabg.it/,1,16,3,16024,Bergamo,27,58.59,50.84,67.07,61.59,24.67,8.81,87.8,12.2,14.63,85.11,84.7,Bergamo,10,Scientifico
BGPS12500G,ANTONIO LOCATELLI,VIA CARDUCCI 1,http://www.istitutoaeronautico.it/,1,16,3,16024,Bergamo,26,53.94,44.83,64.49,57.0,24.1,6.55,65.38,34.62,16.67,84.37,83.26,Bergamo,10,Scientifico
BGPS03201V,GIULIO NATTA,VIA EUROPA 15,http://www.nattabg.gov.it,0,16,3,16024,Bergamo,120,71.15,67.07,75.6,77.26,25.81,6.09,88.06,11.94,12.78,79.16,68.93,Bergamo,10,Scientifico - Scienze applicate
BGPS01702T,ETTORE MAJORANA,VIA PARTIGIANI 1,http://www.ettoremajorana.edu.it/,0,16,3,16198,Seriate,39,59.71,53.0,67.43,62.14,24.87,5.32,82.35,17.65,19.33,81.9,71.76,Bergamo,10,Scientifico - Scienze applicate
BGPSBT5004,ISCHOOL,VIA GHISLANDI 57,http://high.ischool.bg.it/,1,16,3,16024,Bergamo,21,58.2,48.63,68.88,64.98,24.17,0.0,73.02,26.98,12.7,80.28,69.82,Bergamo,10,Scientifico - Scienze applicate
BGPSQZ500T,IMIBERG,VIA SANTA LUCIA 14,http://www.imiberg.it/,1,16,3,16024,Bergamo,14,54.65,43.74,67.09,56.59,24.33,0.0,81.4,18.6,18.6,76.86,71.63,Bergamo,10,Scientifico - Scienze applicate
BGPS0D500U,LEONARDO DA VINCI,VIA GB MORONI 255,http://www.centrostudi.it/,1,16,3,16024,Bergamo,40,40.09,33.33,48.43,36.21,23.28,0.0,78.69,21.31,26.23,77.71,74.81,Bergamo,10,Scientifico - Scienze applicate
BGPSDM500A,MARIA IMMACOLATA - IMIBERG,VIA S LUCIA 14,http://www.imiberg.it,1,16,3,16024,Bergamo,10,60.88,48.25,74.3,71.15,24.07,6.18,83.87,16.13,9.68,73.73,78.2,Bergamo,10,Scientifico - Sportivo
BGPSRR5006,LEONARDO DA VINCI,VIA MORONI 255,http://www.centrostudi.it,1,16,3,16024,Bergamo,24,33.21,23.22,45.44,32.75,22.04,5.38,56.76,43.24,14.86,76.81,73.56,Bergamo,10,Scientifico - Sportivo
BGPM010002,PAOLINA SECCO SUARDO,VIA ANGELO MAJ 8,http://www.suardo.it/,0,16,3,16024,Bergamo,200,70.62,67.21,74.41,70.98,26.43,6.36,86.36,13.64,15.31,82.92,77.89,Bergamo,10,Scienze Umane
BGPM03500A,SUORE SACRAMENTINE,VIA SANT'ANTONINO 8,http://paritariobg.clerici.lombardia.it/scienze-umane/,1,16,3,16024,Bergamo,0,,,,,,0.0,,,,,,Bergamo,10,Scienze Umane
BGPQ235008,ISCHOOL,VIA GHISLANDI 57,http://high.ischool.bg.it/,1,16,3,16024,Bergamo,22,54.35,44.98,65.49,51.59,24.85,7.17,72.73,27.27,18.18,81.81,78.61,Bergamo,10,Scienze Umane - Economico sociale
BGPM02601L,MARIAGRAZIA MAMOLI,VIA BREMBILLA 3,http://www.isismamolibergamo.it/,0,16,3,16024,Bergamo,68,47.96,42.37,54.31,46.96,23.87,5.83,71.36,28.64,14.08,78.52,71.61,Bergamo,10,Scienze Umane - Economico sociale
BGPMVO500T,LEONARDO DA VINCI,VIA MORONI 255,http://www.centrostudi.it/,1,16,3,16024,Bergamo,39,40.22,32.59,49.69,34.51,23.51,0.0,62.71,37.29,21.19,82.01,71.48,Bergamo,10,Scienze Umane - Economico sociale
BGPM02000L,GIOVANNI FALCONE,VIA DUNANT 1,http://liceofalconebg.gov.it/,0,16,3,16024,Bergamo,276,70.63,67.51,74.04,70.83,26.45,6.94,83.45,16.55,10.99,83.6,78.28,Bergamo,10,Linguistico
BGPL04500P,OPERA SANT' ALESSANDRO,VIA SANT'ALESSANDRO 49,http://liceocapitanio.osabg.it/,1,16,3,16024,Bergamo,27,70.06,62.1,78.54,73.51,25.99,8.5,83.95,16.05,9.88,92.56,84.15,Bergamo,10,Linguistico
BGPL055009,LEONARDO DA VINCI,VIA MORONI 255,http://www.centrostudi.it/,1,16,3,16024,Bergamo,16,36.04,24.81,48.95,34.48,22.51,0.0,66.0,34.0,16.0,81.82,74.0,Bergamo,10,Linguistico
BGSD01500E,ANDREA FANTONI,VIA ANGELO MAJ 35,http://www.scuolafantoni.it,1,16,3,16024,Bergamo,28,70.99,60.06,82.6,72.36,26.35,6.56,40.7,59.3,4.65,86.49,80.5,Bergamo,10,Artistico
BGSL01000T,GIACOMO E PIO MANZU',VIA TORQUATO TASSO 18,http://www.liceoartisticobergamo.gov.it/,0,16,3,16024,Bergamo,227,64.72,60.74,69.31,59.25,26.42,5.72,49.12,50.88,10.56,82.51,77.31,Bergamo,10,Artistico
BGTD03901D,BORTOLO BELOTTI,VIA AZZANO 5,http://www.isbelotti.edu.it/,0,16,3,16024,Bergamo,207,70.13,66.44,73.98,76.82,25.61,5.86,68.17,31.83,5.14,81.8,71.94,Bergamo,10,Tecnico - Economico
BGTF01701V,ETTORE MAJORANA,VIA PARTIGIANI 1,http://www.ettoremajorana.gov.it/,0,16,3,16198,Seriate,31,54.92,44.79,65.87,55.69,24.5,4.14,43.16,56.84,6.32,86.78,75.35,Bergamo,10,Tecnico - Economico
BGTD030002,VITTORIO EMANUELE II,VIA FILIPPO LUSSANA 2,http://www.vittorioemanuele.gov.it/,0,16,3,16024,Bergamo,199,54.27,50.41,58.6,56.44,24.25,5.6,61.31,38.69,11.56,82.19,75.41,Bergamo,10,Tecnico - Economico
BGTD085006,LEONARDO DA VINCI,VIA MORONI 255,http://www.centrostudi.it/,1,16,3,16024,Bergamo,33,44.4,34.82,54.8,48.99,22.78,0.0,46.46,53.54,7.07,78.41,70.53,Bergamo,10,Tecnico - Economico
BGTD01500X,IMIBERG,VIA SANTA LUCIA 14,http://www.imiberg.it/,1,16,3,16024,Bergamo,10,,,,,,7.5,,,,,,Bergamo,10,Tecnico - Economico
BGTF032011,GIULIO NATTA,VLE EUROPA 15,http://www.nattabg.gov.it/,0,16,3,16024,Bergamo,158,70.35,66.19,75.05,71.11,26.35,5.24,63.37,36.63,12.63,80.63,72.52,Bergamo,10,Tecnico - Tecnologico
BGTA03101C,MARIO RIGONI STERN,VIA BORGO PALAZZO 128,http://www.iisrigonistern.it/,0,16,3,16024,Bergamo,126,68.31,63.4,73.84,73.66,25.56,5.27,52.65,47.35,10.85,79.24,72.73,Bergamo,10,Tecnico - Tecnologico
BGTL02000T,GIACOMO QUARENGHI,VIA EUROPA 27,http://185.56.11.186/itgsquarenghi/,0,16,3,16024,Bergamo,99,62.28,56.75,68.87,58.07,25.98,6.94,50.17,49.83,14.38,81.74,72.4,Bergamo,10,Tecnico - Tecnologico
BGTF010003,PIETRO PALEOCAPA,VIA GAVAZZENI 29,http://www.itispaleocapa.it/,0,16,3,16024,Bergamo,256,61.02,57.23,65.42,63.58,25.01,4.78,49.41,50.59,12.61,84.06,73.46,Bergamo,10,Tecnico - Tecnologico
BGTL025001,LEONARDO DA VINCI,VIA MORONI 255,http://www.centrostudi.it/,1,16,3,16024,Bergamo,29,18.55,7.35,37.12,14.6,20.7,0.0,37.08,62.92,23.6,81.39,72.32,Bergamo,10,Tecnico - Tecnologico
BGTB015001,ANTONIO LOCATELLI,VIA CARDUCCI 1,http://www.istitutoaeronautico.it/,1,16,3,16024,Bergamo,57,,,,,,6.87,,,,,,Bergamo,10,Tecnico - Tecnologico
BGTF029015,CATERINA CANIANA,VIA DEL POLARESCO 19,http://istitutocaniana.gov.it/,0,16,3,16024,Bergamo,50,,,,,,5.67,,,,,,Bergamo,10,Tecnico - Tecnologico
BGTFE7500I,ISCHOOL,VIA GHISLANDI 57,http://high.ischool.bg.it/,1,16,3,16024,Bergamo,23,,,,,,6.34,,,,,,Bergamo,10,Tecnico - Tecnologico
BSPC01500D,CESARE ARICI,VIA TRIESTE 17,http://www.istitutoarici.it/site/,1,17,3,17029,Brescia,13,85.32,74.69,96.94,85.13,28.26,6.67,94.87,5.13,15.38,84.35,67.5,Brescia,10,Classico
BSPC01000A,ARNALDO,CSO MAGENTA 56,http://www.liceoarnaldo.gov.it/,0,17,3,17029,Brescia,131,79.29,75.42,83.48,74.18,28.13,6.97,93.38,6.62,12.47,88.16,81.62,Brescia,10,Classico
BSPS01000D,ANNIBALE CALINI,VIA MONTE SUELLO 2,http://www.liceocalini.gov.it/calinipress/,0,17,3,17029,Brescia,219,80.01,76.79,83.52,79.68,27.64,6.81,94.98,5.02,14.61,82.81,76.12,Brescia,10,Scientifico
BSPS070005,NICOLO' COPERNICO,VIA DUCA DEGLI ABRUZZI 17,http://www.liceocopernicobrescia.gov.it/,0,17,3,17029,Brescia,285,77.4,74.41,80.65,77.68,27.25,7.27,94.28,5.72,13.77,84.47,77.92,Brescia,10,Scientifico
BSPSTZ5004,GUIDO CARLI,VIA STRETTA 175,http://www.liceoguidocarli.eu/,1,17,3,17029,Brescia,13,67.62,57.11,78.72,76.51,25.05,6.98,92.68,7.32,9.76,90.76,75.33,Brescia,10,Scientifico
BSPS08500V,DON BOSCO,VIA SAN GIOVANNI BOSCO 15,http://www.donboscobrescia.it/pag/home.asp,1,17,3,17029,Brescia,15,62.47,52.8,73.44,62.64,25.48,5.43,97.83,2.17,21.74,82.8,60.0,Brescia,10,Scientifico
BSPS025007,ALESSANDRO LUZZAGO,VIA ALESSANDRO MONTI 14,http://www.luzzago.it/,1,17,3,17029,Brescia,34,55.71,48.77,63.57,58.59,24.34,0.0,88.35,11.65,18.45,81.53,77.5,Brescia,10,Scientifico
BSPS075008,MADDALENA DI CANOSSA,VIA SAN MARTINO DELLA BATTAGLIA 13,http://www.canossacampus.it/,1,17,3,17029,Brescia,31,55.18,47.93,63.31,57.97,24.29,6.41,89.25,10.75,16.13,83.83,85.1,Brescia,10,Scientifico
BSPS01500L,ISAAC NEWTON,VIA BONATELLI 14,http://www.liceinewton.com/,1,17,3,17029,Brescia,18,50.58,40.35,62.81,50.51,24.08,0.0,71.43,28.57,19.64,86.5,79.13,Brescia,10,Scientifico
BSPS11000A,LEONARDO,VIA BALESTRIERI 6,http://www.liceoleonardobs.gov.it/,0,17,3,17029,Brescia,179,74.67,71.19,78.49,75.16,26.9,7.0,91.64,8.36,15.24,82.41,75.38,Brescia,10,Scientifico - Scienze applicate
BSPSS1500O,ALESSANDRO LUZZAGO,VIA ALESSANDRO MONTI 14,http://www.luzzago.it/,1,17,3,17029,Brescia,30,47.38,40.09,55.69,46.64,23.77,0.0,91.11,8.89,21.11,79.65,70.5,Brescia,10,Scientifico - Scienze applicate
BSPSB05000,ISTITUTO EUROSCUOLA,VIA BRONZETTI 9,http://www.euroscuola.eu/,1,17,3,17029,Brescia,15,39.19,27.62,53.59,37.71,22.88,0.0,65.96,34.04,23.4,78.13,74.38,Brescia,10,Scientifico - Scienze applicate
BSPS6Z5004,ANNIBALE MARIA DI FRANCIA,VIALE MOTTA 54,http://www.scuolerogazionistidesenzano.it,1,17,3,17067,Desenzano del Garda,17,49.39,38.63,62.57,43.42,24.64,4.51,67.92,32.08,22.64,76.67,70.59,Brescia,10,Scientifico - Sportivo
BSPSO5500G,GABRIC - CALVESI,VIA MONS FOSSATI 1,,1,17,3,17029,Brescia,11,48.1,26.83,72.23,54.11,23.05,7.0,81.82,18.18,18.18,75.33,62.5,Brescia,10,Scientifico - Sportivo
BSPM020005,VERONICA GAMBARA,VIA VERONICA GAMBARA 3,http://www.liceogambara.gov.it/,0,17,3,17029,Brescia,94,67.99,63.44,72.89,66.5,26.34,6.4,85.16,14.84,11.31,83.34,76.67,Brescia,10,Scienze Umane
BSPM04000A,FABRIZIO DE ANDRE',VIA BONINO BONINI 58,http://www.liceodeandre.gov.it/,0,17,3,17029,Brescia,137,64.92,60.99,69.31,62.43,26.09,6.24,84.67,15.33,14.11,82.55,77.65,Brescia,10,Scienze Umane
BSPM025008,MADDALENA DI CANOSSA,VIA SAN MARTINO DELLA BATTAGLIA 13,http://www.canossacampus.it/,1,17,3,17029,Brescia,25,56.89,48.94,65.73,56.4,24.89,6.91,89.47,10.53,15.79,81.68,76.5,Brescia,10,Scienze Umane
BSPMS9500M,MARCO POLO,VIA FERRANDO 1,http://www.istmarcopolo.it/,1,17,3,17029,Brescia,56,30.96,24.29,39.06,24.45,22.5,0.0,58.93,41.07,19.05,82.31,74.26,Brescia,10,Scienze Umane - Economico sociale
BSPME1500B,ISAAC NEWTON,VIA ORZINUOVI 1012,http://www.liceoisaacnewton.it/,1,17,3,17029,Brescia,25,27.28,16.95,42.09,10.27,23.32,0.0,52.0,48.0,26.67,87.33,80.53,Brescia,10,Scienze Umane - Economico sociale
BSPM57500D,GIANNI BRERA,VIA RANDACCIO 3,http://www.liceogiannibrera.it/,1,17,3,17029,Brescia,30,23.02,14.01,34.51,22.95,20.77,6.16,57.78,42.22,22.22,80.04,76.89,Brescia,10,Scienze Umane - Economico sociale
BSPS02401C,ASTOLFO LUNARDI,VIA RICCOBELLI 47,http://www.lunardi.gov.it/pvw/app/BSII0021/pvw_sito.php,0,17,3,17029,Brescia,120,73.7,69.49,78.29,73.4,26.88,7.71,80.89,19.11,11.36,84.57,79.43,Brescia,10,Linguistico
BSPLMR500P,ALESSANDRO LUZZAGO,VIA ALESSANDRO MONTI 14,http://www.luzzago.it/,1,17,3,17029,Brescia,27,49.92,41.56,59.36,51.07,23.85,6.56,75.31,24.69,14.81,83.07,79.45,Brescia,10,Linguistico
BSSL03601G,MAFFEO OLIVIERI,VIA TIRANDI 3,http://www.tartaglia-olivieri.gov.it/,0,17,3,17029,Brescia,173,58.44,53.42,64.12,54.85,25.44,6.1,36.35,63.65,7.12,85.33,79.03,Brescia,10,Artistico
BSSL01500D,FOPPA,VIA CREMONA 99,http://www.liceoartisticofoppa.it/,1,17,3,17029,Brescia,25,55.45,44.52,67.06,55.92,24.6,5.52,46.67,53.33,5.33,82.86,74.95,Brescia,10,Artistico
BSTD024018,ASTOLFO LUNARDI,VIA RICCOBELLI 47,http://www.lunardi.gov.it/pvw/app/BSII0021/pvw_sito.php,0,17,3,17029,Brescia,195,65.4,61.57,69.51,67.96,25.54,6.34,64.05,35.95,7.67,81.34,75.47,Brescia,10,Tecnico - Economico
BSTD15000L,ABBA - BALLINI,VIA TIRANDI 3,http://www.abba-ballini.gov.it/,0,17,3,17029,Brescia,173,58.16,53.88,62.8,61.71,24.55,5.13,54.04,45.96,7.88,82.99,75.53,Brescia,10,Tecnico - Economico
BSTD03101B,ANDREA MANTEGNA,VIA FURA 96,http://www.istitutomantegna.gov.it/,0,17,3,17029,Brescia,17,47.37,34.25,62.51,44.2,24.06,4.94,45.28,54.72,11.32,80.04,76.03,Brescia,10,Tecnico - Economico
BSTD01500C,PIAMARTA,VIA CREMONA 99,http://www.istitutopiamarta.it/,1,17,3,17029,Brescia,18,35.15,25.37,46.11,36.38,22.07,6.0,80.0,20.0,16.36,82.75,77.27,Brescia,10,Tecnico - Economico
BSTD02901B,CAMILLO GOLGI,VIA RODI 16,http://www.istitutogolgibrescia.gov.it/cms/,0,17,3,17029,Brescia,35,34.58,22.42,49.34,34.55,22.15,4.46,39.44,60.56,11.27,79.21,75.09,Brescia,10,Tecnico - Economico
BSTN01500A,ISTITUTO EUROSCUOLA,VIA BRONZETTI 9,http://www.euroscuola.eu/,1,17,3,17029,Brescia,15,,,,,,0.0,,,,,,Brescia,10,Tecnico - Economico
BSTD02801G,PIERO SRAFFA,VIA DANIELE COMBONI 6,http://www.sraffa.gov.it/,0,17,3,17029,Brescia,13,,,,,,3.08,,,,,,Brescia,10,Tecnico - Economico
BSTD355007,GIOVANNI PAOLO II,VIA ALDO MORO 14,http://www.istitutogiovannipaolosecondo.it/,1,17,3,17029,Brescia,10,,,,,,0.0,,,,,,Brescia,10,Tecnico - Economico
BSTL036022,NICOLO' TARTAGLIA,VIA GUGLIELMO OBERDAN 12E,http://www.tartaglia-olivieri.gov.it/,0,17,3,17029,Brescia,66,67.86,61.33,75.35,58.75,27.24,5.23,52.0,48.0,12.0,80.83,71.31,Brescia,10,Tecnico - Tecnologico
BSTA01000V,GIUSEPPE PASTORI,VLE BORNATA 110,http://www.istitutopastoribrescia.it/,0,17,3,17029,Brescia,175,64.4,60.31,69.0,67.92,25.3,5.4,59.58,40.42,12.52,81.78,77.07,Brescia,10,Tecnico - Tecnologico
BSTF03701L,BENEDETTO CASTELLI,VIA CANTORE 9,http://www.iiscastelli.gov.it/Pager.aspx?Page=mainpage,0,17,3,17029,Brescia,285,62.34,58.85,66.29,63.73,25.31,4.24,56.36,43.64,11.67,81.68,72.16,Brescia,10,Tecnico - Tecnologico
BSTF01500P,DON BOSCO,VIA SAN GIOVANNI BOSCO 15,http://www.donboscobrescia.it/pag/home.asp,1,17,3,17029,Brescia,21,43.16,31.93,56.33,44.72,22.99,4.87,52.38,47.62,14.29,79.24,69.43,Brescia,10,Tecnico - Tecnologico
BSTL01500V,ISTITUTO EUROSCUOLA,VIA BRONZETTI 9,http://www.euroscuola.eu/,1,17,3,17029,Brescia,0,,,,,,0.0,,,,,,Brescia,10,Tecnico - Tecnologico
BSTF4M5001,FRANCESCO BARACCA,VIA MONS FOSSATI 1,http://istitutobaracca.org/,1,17,3,17029,Brescia,0,,,,,,0.0,,,,,,Brescia,10,Tecnico - Tecnologico
COPC020007,ALESSANDRO VOLTA,VIA CESARE CANTU' 57,http://www.liceovoltacomo.gov.it/,0,13,3,13075,Como,96,81.03,76.6,85.78,77.88,28.1,7.94,89.93,10.07,11.81,86.93,77.07,Como,10,Classico
COPS04000G,ENRICO FERMI,VIA GIOVANNI XXIII,http://www.liceofermicantu.gov.it/,0,13,3,13041,Cantù,24,78.59,70.57,87.27,77.07,27.61,8.02,91.78,8.22,13.7,85.12,72.67,Como,10,Classico
COPS030001,PAOLO GIOVIO,VIA PASQUALE PAOLI 28,http://www.liceogiovio.gov.it/sito/it/,0,13,3,13075,Como,78,72.35,67.46,77.54,76.49,26.19,6.97,86.75,13.25,9.4,82.91,74.55,Como,10,Scientifico
COPS055009,ISTITUTO ORSOLINE SAN CARLO,VLE VARESE 30,http://como.orsoline.it/,1,13,3,13075,Como,12,67.91,55.73,81.06,73.51,25.48,7.27,77.78,22.22,11.11,86.43,76.75,Como,10,Scientifico
COPS02500D,COLLEGIO GALLIO,VIA TOLOMEO GALLIO 1,http://www.collegiogallio.it/,1,13,3,13075,Como,16,56.37,45.29,68.79,64.72,23.76,0.0,69.39,30.61,14.29,81.47,83.93,Como,10,Scientifico
COPS007011,PAOLO CARCANO,VIA CASTELNUOVO 5,http://www.setificio.edu.it/,0,13,3,13075,Como,47,70.67,64.62,77.1,75.24,25.93,7.06,86.71,13.29,9.79,81.95,76.68,Como,10,Scientifico - Scienze applicate
COPSZG500O,COLLEGIO GALLIO,VIA TOLOMEO GALLIO 1,http://www.collegiogallio.it/,1,13,3,13075,Como,11,42.87,30.7,56.3,49.3,22.37,6.88,82.35,17.65,14.71,74.86,72.0,Como,10,Scientifico - Scienze applicate
COPSUC5004,MATILDE DI CANOSSA,VIA BALESTRA 10,http://canossianecomo.it/,1,13,3,13075,Como,26,46.13,36.85,57.6,42.13,24.01,7.14,62.03,37.97,20.25,81.02,73.83,Como,10,Scientifico - Sportivo
COPSIS500Q,GIGI MERONI,VIA CARLONI 8,http://www.centrocasnati.it/,1,13,3,13075,Como,18,34.53,23.13,47.7,42.29,21.21,6.49,59.26,40.74,12.96,86.31,72.77,Como,10,Scientifico - Sportivo
COPM02000B,TERESA CICERI,VIA CARDUCCI 9,http://www.teresaciceri.eu/,0,13,3,13075,Como,117,63.54,59.19,68.36,64.26,25.54,6.33,76.35,23.65,12.54,82.01,75.81,Como,10,Scienze Umane
COPM02500E,MATILDE DI CANOSSA,VIA BALESTRA 10,http://canossianecomo.it/,1,13,3,13075,Como,27,54.15,45.91,63.68,55.35,24.35,8.71,77.78,22.22,19.75,82.56,79.06,Como,10,Scienze Umane
COPM030002,CARLO PORTA,PZZA DE LA SALLE 2,http://www.liceoporta.gov.it/,0,13,3,13095,Erba,41,57.75,51.04,65.23,60.04,24.66,6.69,78.4,21.6,14.4,80.9,72.78,Como,10,Scienze Umane - Economico sociale
COPL08500X,ISTITUTO ORSOLINE SAN CARLO,VLE VARESE 30,http://como.orsoline.it/,1,13,3,13075,Como,23,57.64,48.52,67.68,59.57,24.68,8.21,71.83,28.17,12.68,87.78,82.9,Como,10,Linguistico
COPL025008,FRANCESCO CASNATI,VIA CARLONI 8,http://www.centrocasnati.it/,1,13,3,13075,Como,24,55.71,46.24,66.39,47.92,25.62,6.53,64.38,35.62,13.7,85.55,80.04,Como,10,Linguistico
COSD02000R,FAUSTO MELOTTI,VIA FILIPPO ANDINA 8,http://www.liceoartisticomelotti.gov.it,0,13,3,13041,Cantù,120,70.03,64.3,76.45,67.27,26.74,5.72,38.5,61.5,7.48,83.76,77.47,Como,10,Artistico
COSLAN5003,GIUSEPPE TERRAGNI,VIA CARLONI 8,http://www.centrocasnati.it,1,13,3,13075,Como,0,,,,,,0.0,,,,,,Como,10,Artistico
COTD01000G,CAIO PLINIO SECONDO,VIA ITALIA LIBERA 1,http://www.caioplinio.gov.it/,0,13,3,13075,Como,187,53.52,49.45,58.02,57.88,23.9,5.3,56.58,43.42,10.14,82.0,75.3,Como,10,Tecnico - Economico
COTD105001,GIOVANNI PASCOLI,VIA MENTANA 20,http://www.istituto-pascoli.com/contatti.php,1,13,3,13075,Como,38,37.3,27.32,49.76,33.55,22.93,0.0,36.52,63.48,13.04,79.1,73.07,Como,10,Tecnico - Economico
COTF01000T,MAGISTRI CUMACINI,VIA COLOMBO,http://www.magistricumacini.it/,0,13,3,13075,Como,182,60.86,56.66,65.45,67.58,24.5,4.38,53.47,46.53,8.21,83.64,74.25,Como,10,Tecnico - Tecnologico
COTF007013,PAOLO CARCANO,VIA CASTELNUOVO 5,http://www.setificio.edu.it/,0,13,3,13075,Como,214,59.36,54.87,64.43,61.16,24.91,5.72,38.51,61.49,8.07,82.79,77.14,Como,10,Tecnico - Tecnologico
COTB01500Q,CENTRO STUDI CASNATI,VIA CARLONI 8,http://www.centrocasnati.it/,1,13,3,13075,Como,13,32.83,19.15,49.98,31.51,22.1,5.0,55.0,45.0,17.5,81.27,76.28,Como,10,Tecnico - Tecnologico
COTL045001,GIOVANNI PASCOLI,VIA MENTANA 20,http://www.istituto-pascoli.com/,1,13,3,13075,Como,0,,,,,,0.0,,,,,,Como,10,Tecnico - Tecnologico
COTF00901P,DA VINCI - RIPAMONTI,VIA BELVEDERE 18,http://www.davinciripamonti.edu.it/,0,13,3,13075,Como,38,,,,,,4.28,,,,,,Como,10,Tecnico - Tecnologico
CRPC02000A,DANIELE MANIN,VIA FELICE CAVALLOTTI 2,http://www.liceomanin-cr.gov.it/,0,19,3,19036,Cremona,53,78.84,73.27,84.97,77.49,27.62,8.52,92.55,7.45,13.04,87.47,79.58,Cremona,10,Classico
CRPC035004,MARCO GEROLAMO VIDA,VIA MILANO 5,http://liceovida.org/new/,1,19,3,19036,Cremona,12,65.82,54.73,77.43,66.52,25.81,9.62,89.47,10.53,7.89,93.26,84.75,Cremona,10,Classico
CRPS01000V,GASPARE ASELLI,VIA PALESTRO 31,http://www.liceoaselli.gov.it/,0,19,3,19036,Cremona,90,74.32,69.89,79.21,76.92,26.61,8.56,94.81,5.19,13.7,87.59,81.93,Cremona,10,Scientifico
CRPS00500B,MARCO GEROLAMO VIDA,VIA MILANO 5,http://liceovida.org/new/,1,19,3,19036,Cremona,29,48.81,41.45,57.6,49.98,23.72,8.4,90.91,9.09,23.86,85.64,77.25,Cremona,10,Scientifico
CRPS00401L,JANELLO TORRIANI,VIA SEMINARIO 19,http://www.iistorriani.gov.it/,0,19,3,19036,Cremona,39,62.9,56.31,70.34,64.89,25.31,8.53,87.18,12.82,17.95,86.26,76.47,Cremona,10,Scientifico - Scienze applicate
CRPSVN500C,VIDA,VIA MILANO 5,,1,19,3,19036,Cremona,28,40.37,24.35,57.49,53.07,21.32,8.52,57.14,42.86,7.14,87.44,80.5,Cremona,10,Scientifico - Sportivo
BSPS013012,GRAZIO COSSALI,VIA MILANO 83,http://www.cossali.gov.it/,0,17,3,17125,Orzinuovi,22,64.61,54.93,75.14,61.38,26.14,6.9,67.16,32.84,10.45,81.51,77.45,Cremona,10,Scienze Umane
PCPS004011,ENRICO MATTEI,VIA BOIARDI 5,http://www.istitutomattei.com/pvw/app/PCII0004/pvw_sito.php,0,33,8,33021,Fiorenzuola d'Arda,30,59.26,51.84,67.62,54.03,25.74,6.58,86.81,13.19,16.48,85.9,79.67,Cremona,10,Scienze Umane
CRPM02000E,SOFONISBA ANGUISSOLA,VIA PALESTRO 30,http://www.liceoanguissola.gov.it/wordpress/,0,19,3,19036,Cremona,56,58.74,53.16,65.09,58.05,25.13,8.21,88.1,11.9,19.05,85.62,75.15,Cremona,10,Scienze Umane
BSPS01103C,PASCAL - MAZZOLARI,VIA ROVETTA 29,http://www.iis-pascal.it/,0,17,3,17195,Verolanuova,18,55.35,45.88,66.03,55.28,24.65,6.55,87.04,12.96,14.81,87.21,82.29,Cremona,10,Scienze Umane
MNPS008015,GIOVANNI FALCONE,VIA SACCOLE PIGNOLE 3,http://www.iisgiovannifalcone.gov.it/,0,20,3,20002,Asola,18,62.35,52.35,73.02,65.44,25.11,5.24,77.78,22.22,5.56,85.88,77.17,Cremona,10,Scienze Umane - Economico sociale
CRPL01500R,BEATA VERGINE MARIA,VIA FELICE CAVALLOTTI 25,http://www.beatavergine.it/,1,19,3,19036,Cremona,15,48.32,37.83,59.95,48.67,23.76,8.37,80.85,19.15,14.89,85.32,80.67,Cremona,10,Linguistico
CRSL00801R,ANTONIO STRADIVARI,VIA XI FEBBRAIO 80,http://www.istitutostradivari.it/,0,19,3,19036,Cremona,55,65.13,56.83,75.09,58.35,26.63,7.04,37.35,62.65,9.64,85.84,80.7,Cremona,10,Artistico
CRSL01601Q,BRUNO MUNARI,VIA PIACENZA 52A,http://www.iismunari.edu.it/,0,19,3,19035,Crema,87,61.98,55.24,69.75,55.87,26.17,6.38,37.16,62.84,8.81,84.28,78.75,Cremona,10,Artistico
PCSL007019,TRAMELLO - CASSINARI,VIA SCALABRINI 71,http://www.artisticopiacenza.it/,0,33,8,33032,Piacenza,109,58.19,52.28,64.89,55.81,25.27,5.55,39.76,60.24,7.95,84.72,80.28,Cremona,10,Artistico
CRTD00301L,GHISLERI (IS GHISLERI),VIA PALESTRO 35,http://www.iisghisleri-cr.gov.it/,0,19,3,19036,Cremona,103,58.23,52.82,64.28,56.0,25.25,6.06,51.46,48.54,9.06,85.43,73.79,Cremona,10,Tecnico - Economico
CRTF00601A,LUIGI EINAUDI,VIA BISSOLATI 96,http://www.einaudicremona.gov.it/,0,19,3,19036,Cremona,16,,,,,,5.0,,,,,,Cremona,10,Tecnico - Economico
CRTL003013,VACCHELLI (IS GHISLERI),VIA PALESTRO 35,http://www.iisghisleri-cr.gov.it/,0,19,3,19036,Cremona,18,70.91,58.95,84.64,63.7,27.38,6.3,52.73,47.27,12.73,83.69,75.35,Cremona,10,Tecnico - Tecnologico
CRTF00401P,JANELLO TORRIANI,VIA SEMINARIO 19,http://www.iistorriani.gov.it/,0,19,3,19036,Cremona,168,56.87,52.33,62.22,56.66,24.85,5.79,47.42,52.58,12.1,85.55,74.6,Cremona,10,Tecnico - Tecnologico
CRTA00201A,STANGA,VIA MILANO 24,http://www.istitutostanga.gov.it/,0,19,3,19036,Cremona,116,50.06,44.92,56.51,51.0,23.89,7.13,50.86,49.14,17.53,84.4,73.43,Cremona,10,Tecnico - Tecnologico
LCPC01000A,ALESSANDRO MANZONI,VIA GHISLANZONI 7,http://www.liceomanzonilecco.gov.it/,0,97,3,97042,Lecco,48,78.12,72.32,84.45,76.75,27.54,7.72,93.15,6.85,14.38,84.85,78.2,Lecco,10,Classico
LCPC00500V,GIACOMO LEOPARDI,VIA MAZZUCCONI 71,http://www.istitutoleopardi.lecco.it/,1,97,3,97042,Lecco,9,68.4,56.23,81.83,65.43,26.56,6.67,96.55,3.45,13.79,85.64,74.0,Lecco,10,Classico
LCPS01000D,GIOVAN BATTISTA GRASSI,LGO MONTENERO 3,http://www.grassilecco.gov.it/,0,97,3,97042,Lecco,74,80.36,75.55,85.63,81.34,27.53,7.84,94.59,5.41,15.77,83.1,74.0,Lecco,10,Scientifico
LCPS00801E,LORENZO ROTA,VIA LAVELLO 17,http://isrota.edu.it/,0,97,3,97013,Calolziocorte,21,78.48,70.16,87.31,80.49,27.18,7.18,96.88,3.12,10.94,85.47,71.5,Lecco,10,Scientifico
LCPS025007,GIACOMO LEOPARDI,VIA MAZZUCCONI 71,http://www.istitutoleopardi.lecco.it/,1,97,3,97042,Lecco,16,70.46,60.68,80.99,73.89,26.04,7.69,91.67,8.33,12.5,83.8,69.75,Lecco,10,Scientifico
LCPS01500L,ALESSANDRO VOLTA,VIA CAIROLI 77,http://www.collegiovolta.it/,1,97,3,97042,Lecco,8,67.42,54.02,82.56,73.3,25.38,6.79,88.46,11.54,19.23,84.0,73.67,Lecco,10,Scientifico
LCPS00901A,ANTONIO BADONI,VIA RIVOLTA 10,http://www.iisbadoni.gov.it/,0,97,3,97042,Lecco,30,78.86,71.68,86.4,86.17,26.59,6.42,94.44,5.56,8.89,79.08,76.8,Lecco,10,Scientifico - Scienze applicate
LCPSG9500D,GIACOMO LEOPARDI,VIA MAZZUCCONI 71,http://www.istitutoleopardi.lecco.it/,1,97,3,97042,Lecco,24,64.63,54.26,75.74,66.17,25.57,6.8,81.25,18.75,8.33,81.15,73.0,Lecco,10,Scientifico - Scienze applicate
LCPS00201G,VITTORIO BACHELET,VIA VITTORIO BACHELET 2,http://www.istitutobachelet.edu.it/,0,97,3,97057,Oggiono,26,74.28,66.15,83.2,77.39,26.54,7.56,83.33,16.67,14.1,83.28,71.69,Lecco,10,Scientifico - Sportivo
LCPSU45004,MARIA AUSILIATRICE,VIA CALDONE 18,http://www.imalecco.it,1,97,3,97042,Lecco,21,56.6,47.95,66.02,65.19,23.76,7.04,87.69,12.31,13.85,79.93,70.25,Lecco,10,Scientifico - Sportivo
LCPM00601X,GIOVANNI BERTACCHI,VIA XI FEBBRAIO 6,http://www.bertacchi.gov.it/,0,97,3,97042,Lecco,38,64.2,57.32,71.8,66.81,25.39,5.23,81.58,18.42,14.04,80.77,75.29,Lecco,10,Scienze Umane
LCPMEE500S,MARIA AUSILIATRICE,VIA CALDONE 18,http://www.imalecco.it/,1,97,3,97042,Lecco,22,54.27,45.14,63.87,65.06,23.22,8.78,75.0,25.0,7.35,82.88,87.29,Lecco,10,Scienze Umane - Economico sociale
LCPS020004,MARIA GAETANA AGNESI,VIA DEI LODOVICHI 10,http://www.liceoagnesi.gov.it/,0,97,3,97048,Merate,66,73.86,68.48,79.57,76.82,26.51,7.83,81.0,19.0,9.0,84.73,79.84,Lecco,10,Linguistico
MBSL12000R,AMEDEO MODIGLIANI,VIA CAIMI 5,http://www.liceomodiglianigiussano.edu.it/,0,108,3,108024,Giussano,187,67.75,63.41,72.54,65.71,26.37,6.48,48.13,51.87,8.53,82.78,77.01,Lecco,10,Artistico
LCSL01301V,MEDARDO ROSSO,VIA CALATAFIMI 5,http://www.iismedardorosso.gov.it/,0,97,3,97042,Lecco,88,61.59,55.06,68.99,60.29,25.55,6.71,39.1,60.9,8.65,84.38,77.83,Lecco,10,Artistico
MBPS00601T,GANDHI MOHANDAS KARAMCHAND,VIA UGO FOSCOLO 1,http://www.mkgandhi.edu.it/,0,108,3,108008,Besana in Brianza,49,58.98,51.03,68.16,54.8,25.58,6.15,45.95,54.05,10.81,82.38,77.7,Lecco,10,Artistico
LCTD00801A,LORENZO ROTA,VIA LAVELLO 17,http://isrota.edu.it/,0,97,3,97013,Calolziocorte,29,66.29,54.7,78.49,71.65,25.31,4.96,35.23,64.77,3.41,85.0,70.61,Lecco,10,Tecnico - Economico
LCTD011016,GIUSEPPE PARINI,VIA BADONI 2,http://www.isgparinilecco.gov.it/,0,97,3,97042,Lecco,113,59.51,54.22,65.17,66.89,24.26,3.8,49.56,50.44,5.9,79.48,73.47,Lecco,10,Tecnico - Economico
LCTDVP5000,MARIA AUSILIATRICE,VIA CALDONE 18,http://www.imalecco.it/,1,97,3,97042,Lecco,18,44.81,32.64,59.2,56.74,21.95,8.57,51.85,48.15,12.96,87.0,76.46,Lecco,10,Tecnico - Economico
LCTF00901C,ANTONIO BADONI,VIA RIVOLTA 10,http://www.iisbadoni.gov.it/,0,97,3,97042,Lecco,153,65.96,61.65,70.55,73.88,24.96,4.3,60.3,39.7,6.94,80.7,71.76,Lecco,10,Tecnico - Tecnologico
LCTL013018,MEDARDO ROSSO,VIA 11 FEBBRAIO 8,http://www.iismedardorosso.gov.it/,0,97,3,97042,Lecco,33,57.23,47.46,68.52,52.09,25.48,5.77,44.44,55.56,11.11,82.82,74.27,Lecco,10,Tecnico - Tecnologico
LCTB00500V,ALESSANDRO VOLTA,CSO PROMESSI SPOSI 100,http://www.istitutovolta.net,1,97,3,97042,Lecco,0,,,,,,0.0,,,,,,Lecco,10,Tecnico - Tecnologico
LCTL02500D,DANTE ALIGHIERI,VIA CADUTI LECCHESI A FOSSOLI 7,http://www.istitutodantealighierilecco.it/,1,97,3,97042,Lecco,0,,,,,,0.0,,,,,,Lecco,10,Tecnico - Tecnologico
LCTF012018,PIERO ANGELO FIOCCHI,VIA BELFIORE 4,http://www.istitutofiocchi.gov.it/,0,97,3,97042,Lecco,40,,,,,,3.35,,,,,,Lecco,10,Tecnico - Tecnologico
LCTF66500Z,CASA DEGLI ANGELI,VIA BELVEDERE 2931,http://www.casadegliangeli.it/,1,97,3,97042,Lecco,31,,,,,,5.9,,,,,,Lecco,10,Tecnico - Tecnologico
LOPS010007,GIOVANNI GANDINI,VLE GIOVANNI XXIII 1,http://www.liceogandini.gov.it/,0,98,3,98031,Lodi,29,87.53,80.14,95.16,90.75,28.12,7.17,90.91,9.09,5.68,87.16,78.25,Lodi,10,Classico
CRPC01000Q,RACCHETTI - DA VINCI,VIA UGO PALMIERI 4,http://www.racchettidavinci.edu.it/,0,19,3,19035,Crema,27,72.6,64.81,81.23,65.94,27.51,7.89,86.59,13.41,14.63,87.82,81.55,Lodi,10,Classico
LOPS01500A,SAN FRANCESCO,VIA SAN FRANCESCO 21,http://www.sanfrancesco.lodi.it/,1,98,3,98031,Lodi,0,,,,,,0.0,,,,,,Lodi,10,Scientifico
CRPS00901Q,GALILEO GALILEI,VIA MATILDE DI CANOSSA 21,http://www.galileicrema.gov.it/,0,19,3,19035,Crema,94,77.82,73.41,82.59,83.61,26.64,7.23,91.55,8.45,12.68,84.14,71.54,Lodi,10,Scientifico - Scienze applicate
LOTF004013,ALESSANDRO VOLTA,VLE GIOVANNI XXIII 9,http://www.iisvolta.gov.it/home/,0,98,3,98031,Lodi,82,68.72,63.99,73.81,78.38,25.09,6.93,88.66,11.34,10.12,81.26,73.79,Lodi,10,Scientifico - Scienze applicate
LOTD002015,RAIMONDO PANDINI,VLE EUROPA,http://www.iispandini.altervista.org/,0,98,3,98050,Sant'Angelo Lodigiano,49,47.12,40.7,54.48,53.74,22.86,5.69,72.48,27.52,16.78,78.41,70.59,Lodi,10,Scientifico - Scienze applicate
CRPS014017,LUCA PACIOLI,VIA DELLE GRAZIE 6,http://www.pacioli.edu.it/,0,19,3,19035,Crema,28,55.88,47.45,65.95,52.87,25.07,7.33,70.59,29.41,20.0,79.32,69.8,Lodi,10,Scientifico - Sportivo
BGPS1G5008,GIUSEPPE FACCHETTI,VIA SANGALLI 4,http://www.istitutofacchetti.it,1,16,3,16219,Treviglio,12,53.23,37.69,71.71,44.28,25.46,7.37,70.83,29.17,16.67,80.06,70.29,Lodi,10,Scientifico - Sportivo
LOPM010008,MAFFEO VEGIO,VIA CARDUCCI 13,http://www.maffeovegio.gov.it/,0,98,3,98031,Lodi,71,63.28,58.1,69.19,65.34,25.35,6.37,82.16,17.84,16.9,84.37,83.37,Lodi,10,Scienze Umane
MIPS021013,VINCENZO BENINI,VLE PREDABISSI 3,http://www.istitutobenini.gov.it/,0,15,3,15140,Melegnano,45,53.02,46.71,60.27,55.92,24.02,6.83,82.96,17.04,20.0,81.86,80.43,Lodi,10,Scienze Umane
CRPL02500B,WILLIAM SHAKESPEARE,VIA DEL MACELLO 26,http://liceoshakespeare.fondazionefidesetratio.it/,1,19,3,19035,Crema,16,59.86,49.09,72.07,51.71,26.16,5.63,75.0,25.0,16.67,84.92,75.83,Lodi,10,Linguistico
LOSL002016,CALLISTO PIAZZA,VIA FASCETTI 3,http://digilander.libero.it/artisticopiazza/,0,98,3,98031,Lodi,65,59.43,52.14,67.55,56.1,25.53,5.75,41.62,58.38,7.61,89.13,80.7,Lodi,10,Artistico
LOTD010003,AGOSTINO BASSI,VIA PORTA REGALE 2,http://www.bassi.edu.it/,0,98,3,98031,Lodi,189,56.25,52.19,60.68,62.35,24.02,6.23,56.77,43.23,8.79,83.25,75.87,Lodi,10,Tecnico - Economico
CRTD020009,LUCA PACIOLI,VIA DELLE GRAZIE 6,http://www.pacioli.edu.it/,0,19,3,19035,Crema,212,48.17,43.95,52.98,49.12,23.67,5.88,45.05,54.95,9.58,83.29,74.86,Lodi,10,Tecnico - Economico
MITD02102X,VINCENZO BENINI,VLE PREDABISSI 3,http://www.istitutobenini.gov.it/,0,15,3,15140,Melegnano,55,46.12,38.75,54.49,54.14,22.57,5.7,48.19,51.81,10.24,81.55,73.33,Lodi,10,Tecnico - Economico
CRTF01102V,PIERO SRAFFA,VIA PIACENZA 52C,http://www.sraffacrema.gov.it/,0,19,3,19035,Crema,14,,,,,,2.97,,,,,,Lodi,10,Tecnico - Economico
MNPC02000G,VIRGILIO,VIA ARDIGO' 13,http://www.liceovirgiliomantova.gov.it/,0,20,3,20030,Mantova,51,77.54,71.88,83.53,78.66,27.17,7.37,92.9,7.1,8.39,88.12,74.09,Mantova,10,Classico
MNPC015004,REDENTORE,VIA GIULIO ROMANO 15,,1,20,3,20030,Mantova,0,,,,,,0.0,,,,,,Mantova,10,Classico
MNPS010004,BELFIORE,VIA TIONE 2,http://www.liceobelfiore.gov.it/,0,20,3,20030,Mantova,64,77.86,72.79,83.34,80.91,26.98,8.2,95.85,4.15,12.95,84.34,74.5,Mantova,10,Scientifico
MNPS00500L,REDENTORE,VIA GIULIO ROMANO 15,http://www.istitutiredentore.it/index.php/secondaria-ii,1,20,3,20030,Mantova,20,38.64,29.06,49.46,41.67,22.27,0.0,74.19,25.81,12.9,82.76,67.38,Mantova,10,Scientifico
MNPS011011,ENRICO FERMI,STRADA SPOLVERINA 5,http://www.fermimn.gov.it,0,20,3,20030,Mantova,107,76.24,72.1,80.77,80.23,26.67,7.82,94.43,5.57,14.55,86.21,77.28,Mantova,10,Scientifico - Scienze applicate
MNPM00101B,ALESSANDRO MANZONI,VIA MANTOVA 13,http://www.manzoni.gov.it/,0,20,3,20065,Suzzara,24,60.58,44.58,80.82,47.6,26.83,6.45,66.67,33.33,25.0,82.56,73.38,Mantova,10,Scientifico - Sportivo
MNPM009012,ISABELLA D'ESTE,VIA RIPPA 2,http://www.arcoeste.gov.it/,0,20,3,20030,Mantova,66,61.14,55.86,67.04,64.09,24.98,6.6,84.42,15.58,16.08,85.6,77.84,Mantova,10,Scienze Umane
MNPL02500L,REDENTORE,VIA GIULIO ROMANO 15,http://www.istitutiredentore.it/index.php/secondaria-ii,1,20,3,20030,Mantova,17,32.42,20.85,46.83,35.09,21.57,6.28,60.78,39.22,19.61,84.39,75.5,Mantova,10,Linguistico
MNSD012028,GIULIO ROMANO,VIA TRIESTE 48,http://www.isamantova.gov.it/,0,20,3,20030,Mantova,94,67.13,60.89,74.34,61.88,26.69,6.8,40.49,59.51,9.51,90.43,82.7,Mantova,10,Artistico
VRRC00702A,CARLO ANTI,VIA MAGENTA 7,http://www.carloanti.net/,0,23,5,23096,Villafranca di Verona,0,,,,,,0.0,,,,,,Mantova,10,Artistico
MNSL00601A,GIUSEPPE GREGGIATI,VIA ROMA 1,http://www.giuseppegreggiati.gov.it/j/index.php,0,20,3,20038,Ostiglia,0,,,,,,0.0,,,,,,Mantova,10,Artistico
MNSL010012,ALESSANDRO DAL PRATO,VIA ROMA 2,http://www.isamantova.gov.it,0,20,3,20028,Guidizzolo,0,,,,,,0.0,,,,,,Mantova,10,Artistico
MNTD01000X,ALBERTO PITENTINO,VIA TORQUATO TASSO 5,http://www.pitentino.gov.it/,0,20,3,20030,Mantova,88,58.86,53.11,65.07,62.37,24.64,6.15,52.65,47.35,7.2,84.63,75.08,Mantova,10,Tecnico - Economico
MNTE01000B,ANDREA MANTEGNA,VIA GUERRIERI GONZAGA 8,http://itetmantegna.it/,0,20,3,20030,Mantova,48,45.2,37.19,54.12,54.23,22.34,5.23,45.89,54.11,8.9,85.31,78.24,Mantova,10,Tecnico - Economico
MNTF011013,ENRICO FERMI,STRADA SPOLVERINA 5,http://www.fermimn.gov.it/,0,20,3,20030,Mantova,182,63.83,59.85,68.2,67.83,25.18,5.49,62.16,37.84,10.79,84.59,74.86,Mantova,10,Tecnico - Tecnologico
MNTL009017,CARLO D'ARCO,VIA TASSO 1,http://www.arcoeste.gov.it/,0,20,3,20030,Mantova,100,,,,,,6.1,,,,,,Mantova,10,Tecnico - Tecnologico
MBPS240002,ANTONIO BANFI,VIA ADDA 6,http://www.liceobanfi.edu.it/,0,108,3,108050,Vimercate,20,80.24,71.6,89.77,73.97,28.38,6.87,93.44,6.56,16.39,85.07,75.75,Monza,10,Classico
MBPC02000X,BARTOLOMEO ZUCCHI,PZZA TRENTO E TRIESTE 6,http://liceozucchi.edu.it/it/,0,108,3,108033,Monza,116,74.75,70.71,79.11,71.46,27.37,7.57,93.68,6.32,12.36,85.07,81.86,Monza,10,Classico
MIPC00101P,GIULIO CASIRAGHI,VIA GORKI 106,http://www.liceocasiraghi.gov.it/,0,15,3,15077,Cinisello Balsamo,23,73.9,65.65,83.15,68.7,27.49,6.63,88.73,11.27,16.9,90.03,84.13,Monza,10,Classico
MBPC215006,LEONE DEHON,VIA ANDREA APPIANI 1A,http://www.istitutoleonedehon.it/,1,108,3,108033,Monza,18,64.76,55.64,74.58,66.23,25.6,7.14,92.73,7.27,12.73,83.96,77.25,Monza,10,Classico
MBPS05000V,PAOLO FRISI,VIA SEMPIONE 21,http://www.frisimonza.edu.it/,0,108,3,108033,Monza,137,82.82,79.04,86.85,83.41,27.87,7.49,95.38,4.62,11.19,85.93,78.21,Monza,10,Scientifico
MBPS00701N,FEDERIGO ENRIQUES,VLE MARTIRI DELLA LIBERTA' 124,http://www.europaunitaenriques.edu.it/,0,108,3,108028,Lissone,35,77.72,71.08,84.67,83.62,26.62,6.44,94.39,5.61,6.54,84.73,77.17,Monza,10,Scientifico
MIPS36500A,COLLEGIO DELLA GUASTALLA,VLE LOMBARDIA 180,http://www.guastalla.org/,1,108,3,108033,Monza,14,72.07,61.83,83.18,73.53,26.47,8.33,95.24,4.76,14.29,82.93,62.5,Monza,10,Scientifico
MBPSFH500F,COLLEGIO VILLORESI SAN GIUSEPPE,VIA MONTI E TOGNETTI 10,http://www.collegiovilloresi.it/,1,108,3,108033,Monza,20,67.65,59.0,76.89,73.62,25.4,0.0,93.44,6.56,9.84,86.4,88.5,Monza,10,Scientifico
MIPS00101T,GIULIO CASIRAGHI,VIA GORKI 106,http://www.liceocasiraghi.gov.it/,0,15,3,15077,Cinisello Balsamo,132,64.26,60.37,68.53,69.29,25.11,6.79,90.68,9.32,14.86,84.43,75.27,Monza,10,Scientifico
MBTD41000Q,ACHILLE MAPELLI,VIA PARMENIDE 18,http://www.mapelli-monza.edu.it/,0,108,3,108033,Monza,75,65.11,60.2,70.41,74.13,24.73,6.43,88.89,11.11,12.0,78.36,71.64,Monza,10,Scientifico - Scienze applicate
MBTF410002,PINO HENSEMBERGER,VIA BERCHET 2,http://www.hensemberger.edu.it/,0,108,3,108033,Monza,63,63.93,58.66,69.76,69.19,25.04,5.64,89.42,10.58,15.87,82.27,69.6,Monza,10,Scientifico - Scienze applicate
MBPS67500C,MADDALENA DI CANOSSA,VLE PETRARCA 4,http://www.canossianemonza.it/,1,108,3,108033,Monza,16,63.73,52.15,76.89,63.36,25.69,0.0,96.88,3.12,21.88,82.23,64.0,Monza,10,Scientifico - Scienze applicate
MBTF10601R,ALBERT EINSTEIN,VIA ADDA 6,http://www.einsteinvimercate.edu.it/,0,108,3,108050,Vimercate,40,61.92,55.18,69.58,62.98,25.3,6.76,79.51,20.49,17.21,81.91,69.88,Monza,10,Scientifico - Scienze applicate
MBPSUD500O,COLLEGIO VILLORESI SAN GIUSEPPE,VIA MONTI E TOGNETTI 10,http://www.collegiovilloresi.it/,1,108,3,108033,Monza,29,53.16,45.46,61.33,60.41,23.51,7.35,82.95,17.05,7.95,80.23,75.27,Monza,10,Scientifico - Scienze applicate
MITF270003,CARTESIO,VIA GORKI 100,http://www.itiscartesio.gov.it/info/,0,15,3,15077,Cinisello Balsamo,52,53.02,47.06,60.13,54.79,24.15,5.91,81.41,18.59,23.08,80.04,72.97,Monza,10,Scientifico - Scienze applicate
MBPS098011,LEONARDO DA VINCI,VIA DE GASPERI 1,http://www.davincicarate.edu.it/,0,108,3,108015,Carate Brianza,27,69.34,61.44,77.96,72.08,25.99,8.85,83.13,16.87,10.84,82.36,79.79,Monza,10,Scientifico - Sportivo
MBPS8T500R,PACI,VIA PARINI 101,http://www.istitutopaci.it/,1,108,3,108039,Seregno,25,35.3,25.84,46.95,29.61,22.92,0.0,61.84,38.16,21.05,74.51,70.17,Monza,10,Scientifico - Sportivo
MITD330007,PRIMO LEVI,VIA VARALLI 20,http://www.primolevibollate.gov.it/,0,15,3,15027,Bollate,18,26.93,5.67,55.46,34.61,20.31,5.71,50.0,50.0,22.22,73.33,67.67,Monza,10,Scientifico - Sportivo
MBPM145009,MADDALENA DI CANOSSA,VLE PETRARCA 4,http://www.canossianemonza.it/,1,108,3,108033,Monza,19,63.47,54.27,73.52,65.87,25.33,7.55,84.75,15.25,13.56,81.28,75.44,Monza,10,Scienze Umane
MBPM06000E,CARLO PORTA,VIA DELLA GUERRINA 15,http://www.carloportamonza.edu.it/,0,108,3,108033,Monza,60,62.66,57.2,68.68,63.94,25.37,6.17,86.19,13.81,15.47,85.2,74.12,Monza,10,Scienze Umane
MBPM005002,LEONE DEHON,VIA ANDREA APPIANI 1A,http://www.istitutoleonedehon.it/,1,108,3,108033,Monza,30,51.9,44.21,60.61,52.92,24.11,7.21,81.11,18.89,16.67,79.29,77.29,Monza,10,Scienze Umane
MBPQ035002,MADDALENA DI CANOSSA,VLE PETRARCA 4,http://www.canossianemonza.it/,1,108,3,108033,Monza,20,55.68,46.47,65.61,56.73,24.56,7.18,81.97,18.03,9.84,82.08,79.09,Monza,10,Scienze Umane - Economico sociale
MBPM02401C,VIRGILIO FLORIANI,VIA CREMAGNANI 18,http://www.iisfloriani.edu.it/,0,108,3,108050,Vimercate,20,52.48,40.52,65.91,61.3,23.24,6.51,70.73,29.27,14.63,81.34,75.83,Monza,10,Scienze Umane - Economico sociale
MBPS05301B,EZIO VANONI,VIA ADDA 6,http://www.iisvanoni.edu.it/,0,108,3,108050,Vimercate,58,70.41,64.46,76.63,76.04,25.77,7.6,73.71,26.29,6.29,84.73,76.17,Monza,10,Linguistico
MBPS068015,MOSE' BIANCHI,VIA DELLA MINERVA 1,http://www.iisbianchi.edu.it/,0,108,3,108033,Monza,144,67.01,63.16,71.13,69.1,25.79,6.05,85.94,14.06,10.14,86.12,79.87,Monza,10,Linguistico
MBPL20500D,COLLEGIO BIANCONI,VIA TORNEAMENTO 5,http://www.collegio-bianconi.it/,1,108,3,108033,Monza,31,58.35,50.69,66.4,68.6,23.77,7.34,79.57,20.43,6.45,85.53,81.63,Monza,10,Linguistico
MBPS084013,MARTIN LUTHER KING,VIA SALVADOR ALLENDE 3,http://www.mlkmuggio.edu.it/,0,108,3,108034,Muggiò,33,52.49,45.0,61.28,47.33,24.92,7.57,77.0,23.0,20.0,83.45,74.87,Monza,10,Linguistico
MBSL05500V,PREZIOSISSIMO SANGUE,VIA LECCO 6,http://www.liceoartisticomonza.net/,1,108,3,108033,Monza,71,72.61,65.98,79.75,72.74,26.7,7.8,47.2,52.8,6.07,86.01,84.32,Monza,10,Artistico
MBSL06301V,GIUSEPPE MERONI,VIA STOPPANI 38,http://meroni.edu.it/,0,108,3,108028,Lissone,22,72.17,60.77,85.33,62.01,27.88,5.28,48.48,51.52,12.12,86.19,74.85,Monza,10,Artistico
MBSL13000B,NANNI VALENTINI,VIA GIOVANNI BOCCACCIO 1,http://www.isamonza.edu.it/,0,108,3,108033,Monza,191,63.39,58.71,68.69,58.79,26.16,6.67,38.92,61.08,7.85,84.42,77.75,Monza,10,Artistico
MBTD00701D,EUROPA UNITA,VLE MARTIRI DELLA LIBERTA' 124,http://www.europaunitaenriques.edu.it/,0,108,3,108028,Lissone,48,60.98,53.8,68.67,72.45,23.94,6.46,58.62,41.38,6.9,83.68,72.1,Monza,10,Tecnico - Economico
MBTD053017,EZIO VANONI,VIA ADDA 6,http://www.iisvanoni.edu.it/,0,108,3,108050,Vimercate,101,53.76,48.18,60.01,58.1,23.93,5.54,48.52,51.48,9.18,85.11,73.58,Monza,10,Tecnico - Economico
MBTD068011,MOSE' BIANCHI,VIA DELLA MINERVA 1,http://www.iisbianchi.edu.it/,0,108,3,108033,Monza,96,53.31,48.24,58.92,60.16,23.58,5.09,64.24,35.76,11.11,82.18,75.93,Monza,10,Tecnico - Economico
MBTD08401V,MARTIN LUTHER KING,VIA SALVADOR ALLENDE 3,http://www.mlkmuggio.edu.it/,0,108,3,108034,Muggiò,109,46.2,40.63,52.3,51.89,22.86,6.65,45.57,54.43,7.03,84.36,76.06,Monza,10,Tecnico - Economico
MITD02801N,EUGENIO MONTALE,VIA GORKI 100,http://www.iismontale.gov.it/,0,15,3,15077,Cinisello Balsamo,98,42.67,36.89,49.32,37.88,23.7,4.61,46.26,53.74,10.2,81.63,73.38,Monza,10,Tecnico - Economico
MITD35500G,COLLEGIO VILLORESI SAN GIUSEPPE,VIA MONTI E TOGNETTI 10,http://www.collegiovilloresi.it/,1,108,3,108033,Monza,12,39.85,25.51,57.63,25.86,24.46,6.0,83.33,16.67,25.0,85.4,65.5,Monza,10,Tecnico - Economico
MBTF063014,GIUSEPPE MERONI,VIA STOPPANI 38,http://meroni.edu.it/,0,108,3,108028,Lissone,73,,,,,,6.47,,,,,,Monza,10,Tecnico - Tecnologico
MBTF104015,ENZO FERRARI,VIA MONTE GRAPPA 1,http://www.iisenzoferrarimonza.edu.it/,0,108,3,108033,Monza,31,,,,,,0.0,,,,,,Monza,10,Tecnico - Tecnologico
PVPC011013,UGO FOSCOLO,VIA DEFENDENTE SACCHI 15,http://www.isstaramellifoscolo.gov.it/home-foscolo/,0,18,3,18110,Pavia,50,83.25,77.6,89.45,76.48,28.8,7.05,96.0,4.0,14.0,81.99,85.33,Pavia,10,Classico
PVPS02000X,GALILEO GALILEI,VIA DON GIOVANNI MINZONI 63,http://lnx.liceogalilei.org/,0,18,3,18182,Voghera,25,68.18,60.33,76.73,66.49,26.38,7.26,93.33,6.67,12.0,87.33,81.4,Pavia,10,Classico
PVPS011016,TORQUATO TARAMELLI,VIA MASCHERONI 53,http://www.isstaramellifoscolo.gov.it/home/,0,18,3,18110,Pavia,129,85.15,81.27,89.27,90.02,27.63,7.31,94.09,5.91,10.03,84.67,76.17,Pavia,10,Scientifico
PVPS05000Q,NICCOLO' COPERNICO,VIA VERDI 2325,http://www.copernico.pv.it/,0,18,3,18110,Pavia,181,79.43,76.0,83.09,84.75,26.89,6.8,95.77,4.23,11.21,84.46,76.7,Pavia,10,Scientifico
PVPS01500C,TERESIO OLIVELLI,VIA BERNARDINO DA FELTRE 9,http://www.liceoolivelli.pv.it/,1,18,3,18110,Pavia,23,51.26,43.03,61.01,50.48,24.24,0.0,90.0,10.0,21.43,81.6,83.14,Pavia,10,Scientifico
PVTF01000B,GIROLAMO CARDANO,VIA VERDI 19,http://www.cardano.pv.it/,0,18,3,18110,Pavia,78,68.77,64.08,73.86,73.97,25.63,6.36,94.89,5.11,13.62,83.94,74.5,Pavia,10,Scientifico - Scienze applicate
PVPS5H500G,ENRICO FERMI,VIA FRANCHI MAGGI 15,http://www.scuolepavia.it/scuole_pavia/Pavia_-_Complesso_Scolastico_Paritario.html,1,18,3,18110,Pavia,10,29.37,16.53,47.18,22.95,22.29,0.0,78.13,21.87,34.38,71.96,65.29,Pavia,10,Scientifico - Scienze applicate
PVPS775003,SANTACHIARA,VIA SCARABELLI 57,http://www.santachiaraodpf.it,1,18,3,18182,Voghera,0,,,,,,0.0,,,,,,Pavia,10,Scientifico - Sportivo
PVPM01000A,ADELAIDE CAIROLI,CSO MAZZINI 7,http://www.acairoli.it/,0,18,3,18110,Pavia,92,60.23,55.59,65.36,61.66,25.06,6.39,82.97,17.03,11.96,83.88,75.98,Pavia,10,Scienze Umane
PVPMF55003,BLAISE PASCAL,VIA DON MINZONI 57,http://www.istitutobpascal.it/,1,18,3,18182,Voghera,14,25.11,12.27,42.92,26.71,20.82,0.0,58.14,41.86,25.58,76.64,68.56,Pavia,10,Scienze Umane - Economico sociale
PVPL045003,CHILDREN'S SCHOOL,VIA FRANCHI MAGGI 15,http://www.scuolepavia.it,1,18,3,18110,Pavia,0,,,,,,0.0,,,,,,Pavia,10,Linguistico
PVSL00601G,ALESSANDRO VOLTA,VIA RIVIERA 39,http://www.istitutovoltapavia.it/,0,18,3,18110,Pavia,96,51.77,45.79,58.81,47.46,24.73,6.08,43.6,56.4,11.42,82.51,80.13,Pavia,10,Artistico
PVSL015009,RAFFAELLO SANZIO,VIA FRANCHI MAGGI 15,http://www.scuolepavia.it,1,18,3,18110,Pavia,0,,,,,,0.0,,,,,,Pavia,10,Artistico
PVTD010005,ANTONIO BORDONI,VIA SAN CARLO 2,http://www.bordoni.pv.it/,0,18,3,18110,Pavia,131,64.84,60.27,69.81,69.9,25.17,3.98,60.56,39.44,7.12,83.77,76.33,Pavia,10,Tecnico - Economico
PVTD065009,ENRICO FERMI,VIA FRANCHI MAGGI 15,http://www.scuolepavia.it/scuole_pavia/Pavia_-_Complesso_Scolastico_Paritario.html,1,18,3,18110,Pavia,0,,,,,,0.0,,,,,,Pavia,10,Tecnico - Economico
PVTL006022,ALESSANDRO VOLTA,VIA ABBIATEGRASSO 38,http://www.istitutovoltapavia.it/,0,18,3,18110,Pavia,67,60.06,53.93,67.58,56.62,25.62,5.34,59.2,40.8,18.91,86.37,76.24,Pavia,10,Tecnico - Tecnologico
PVTBDH500G,FRANCESCO BARACCA,VIA FRANCHI MAGGI 15,http://www.scuolepavia.it/,1,18,3,18110,Pavia,0,,,,,,0.0,,,,,,Pavia,10,Tecnico - Tecnologico
SOPS01000E,CARLO DONEGANI,VIA CARLO DONEGANI 3,http://www.lsdonegani.gov.it/,0,14,3,14061,Sondrio,44,80.81,74.72,87.52,79.5,27.85,8.3,92.42,7.58,15.91,88.74,85.0,Sondrio,10,Scientifico
SOPS00801G,BALILLA PINCHETTI,VIA MONTE PADRIO 12,http://www.pinchetti.net/blog/,0,14,3,14066,Tirano,28,79.12,71.48,87.61,82.85,27.05,8.15,86.05,13.95,16.28,84.97,78.75,Sondrio,10,Scientifico
SOPS050001,NERVI - FERRARI,PZZA SANT'ANTONIO 9,http://www.nerviferrari.gov.it/j3/,0,14,3,14045,Morbegno,24,76.07,68.12,85.16,72.64,27.54,6.73,93.15,6.85,21.92,87.1,80.0,Sondrio,10,Scientifico
BSPS00701P,MENEGHINI,VIA MORINO 5,http://www.istitutomeneghini.edu.it/,0,17,3,17068,Edolo,27,63.76,55.38,72.83,69.58,24.95,7.83,75.31,24.69,9.88,83.41,78.05,Sondrio,10,Scientifico - Sportivo
SOPM01101C,PIAZZI - LENA PERPENTI,VIA TONALE,http://www.piazzilenaperpenti.it/,0,14,3,14061,Sondrio,51,76.06,70.07,82.35,79.41,26.73,7.45,81.94,18.06,7.74,85.92,81.93,Sondrio,10,Scienze Umane
SOTD01301V,SARACENO - ROMEGIALLI,VIA PER SAN MARCO 3,http://www.saraceno.org,0,14,3,14045,Morbegno,52,69.94,60.98,79.17,78.91,25.32,5.97,33.97,66.03,1.28,85.89,78.29,Sondrio,10,Tecnico - Economico
SOTD004014,DE SIMONI - QUADRIO,VIA TONALE 18,http://www.iisdesimoni.gov.it/pvw/app/SOII0001/pvw_sito.php,0,14,3,14061,Sondrio,60,69.57,61.38,78.57,70.09,26.29,5.63,35.56,64.44,6.11,82.64,74.74,Sondrio,10,Tecnico - Economico
SOTD00801B,BALILLA PINCHETTI,VIA MONTE PADRIO 12,http://www.pinchetti.net/blog/,0,14,3,14066,Tirano,22,,,,,,6.32,,,,,,Sondrio,10,Tecnico - Economico
SOTF01000L,ENEA MATTEI,VIA TIRANO 53,http://www.itisondrio.org/jupgrade/index.php,0,14,3,14061,Sondrio,158,82.6,77.89,87.65,87.95,27.27,6.24,46.74,53.26,5.47,87.51,77.85,Sondrio,10,Tecnico - Tecnologico
SOTA01000X,GIUSEPPE PIAZZI,SALITA SCHENARDI 6,http://www.cnpiazzisondrio.gov.it/,0,14,3,14061,Sondrio,67,,,,,,6.99,,,,,,Sondrio,10,Tecnico - Tecnologico
SOTL00401E,DE SIMONI -QUADRIO,VIA TONALE 18,http://www.iisdesimoni.gov.it/pvw/app/SOII0001/pvw_sito.php,0,14,3,14061,Sondrio,25,,,,,,5.41,,,,,,Sondrio,10,Tecnico - Tecnologico
VAPC02701R,DANIELE CRESPI,VIA CARDUCCI 4,http://www.liceocrespi.gov.it/,0,12,3,12026,Busto Arsizio,34,79.49,72.83,86.71,77.12,27.82,7.23,97.09,2.91,14.56,88.01,85.33,Varese,10,Classico
VAPC00101L,LICEI DI VIALE DEI TIGLI,VLE DEI TIGLI 38,http://www.liceogallarate.gov.it/,0,12,3,12070,Gallarate,23,73.35,65.45,82.12,73.76,26.75,7.85,97.18,2.82,16.9,87.48,90.0,Varese,10,Classico
VAPS004017,IS VALCERESIO,VIA ROMA 57,http://www.isisbisuschio.gov.it/,0,12,3,12015,Bisuschio,39,77.37,70.84,84.69,79.38,27.04,6.71,87.39,12.61,15.97,85.08,74.73,Varese,10,Scientifico
VAPS03000P,GALILEO FERRARIS,VIA SORRISOLE 6,http://www.liceoferrarisvarese.gov.it/,0,12,3,12133,Varese,114,76.6,72.51,81.03,78.67,26.94,7.17,91.86,8.14,13.08,82.69,77.79,Varese,10,Scientifico
VAPS785001,ENRICO MANFREDINI,VIA CRISPI 24,http://www.fondazionesantagostino.it/licei/,1,12,3,12133,Varese,23,66.57,58.19,75.64,69.64,25.62,7.66,85.92,14.08,12.68,83.62,80.6,Varese,10,Scientifico
VAPSQ4500H,ENRICO MANFREDINI,VIA CRISPI 24,http://www.fondazionesantagostino.it/licei/,1,12,3,12133,Varese,19,58.96,47.37,71.15,67.67,24.03,6.86,81.58,18.42,7.89,79.42,76.29,Varese,10,Scientifico - Scienze applicate
VAPLDB5003,GIAN BATTISTA VICO,VIA CANETTA 3,http://www.vicofermi.com/,1,12,3,12133,Varese,15,48.78,34.78,64.83,48.51,23.89,0.0,46.67,53.33,11.11,74.86,70.5,Varese,10,Linguistico
VATD004013,IS VALCERESIO,VIA ROMA 57,http://www.isisbisuschio.gov.it/,0,12,3,12015,Bisuschio,66,54.47,47.09,62.47,63.74,23.42,5.33,39.8,60.2,5.97,83.19,73.16,Varese,10,Tecnico - Economico
VATD018011,JOHN MAYNARD KEYNES,VIA MORAZZONE 37,http://www.isiskeynes.it/,0,12,3,12073,Gazzada Schianno,34,53.09,44.71,62.16,56.21,24.0,5.6,58.65,41.35,8.65,84.66,75.77,Varese,10,Tecnico - Economico
VATD01301T,DAVERIO-CASULA-NERVI,VIA BERTOLONE 13,http://www.isissdaveriocasula.gov.it/startsito/,0,12,3,12133,Varese,117,48.4,43.21,54.33,52.3,23.34,4.56,49.43,50.57,11.08,81.49,71.89,Varese,10,Tecnico - Economico
VATL013018,DAVERIO-CASULA-NERVI,VIA BERTOLONE 13,http://www.isissdaveriocasula.gov.it/startsito/,0,12,3,12133,Varese,33,61.86,51.5,74.08,58.12,25.87,7.16,39.0,61.0,11.0,83.15,76.64,Varese,10,Tecnico - Tecnologico
VATF018017,JOHN MAYNARD KEYNES,VIA MORAZZONE 37,http://www.isiskeynes.it/,0,12,3,12073,Gazzada Schianno,108,61.27,55.81,67.19,74.1,23.81,3.76,47.85,52.15,6.44,83.01,73.05,Varese,10,Tecnico - Tecnologico
VATF01701B,ISAAC NEWTON,VIA ZUCCHI 3,http://www.isisvarese.edu.it/,0,12,3,12133,Varese,109,55.28,49.66,61.88,56.27,24.52,5.11,44.34,55.66,9.17,82.59,76.88,Varese,10,Tecnico - Tecnologico
VATB215007,CITTA' DI VARESE,VIA CAVOUR 30,http://aeronautico-varese.istitutivinci.it/,1,12,3,12133,Varese,16,,,,,,5.6,,,,,,Varese,10,Tecnico - Tecnologico
TNPC04000G,GIOVANNI PRATI,VIA SANTISSIMA TRINITA' 38,http://www.liceoprati.it/,0,22,4,22205,Trento,84,80.75,76.17,85.72,75.49,28.32,6.72,93.68,6.32,14.23,85.62,82.44,Trento,10,Classico
TNPC01500V,COLLEGIO ARCIVESCOVILE,VIA ENDRICI 23,,1,22,4,22205,Trento,19,63.76,48.64,79.32,73.54,24.48,10.0,94.74,5.26,5.26,85.28,100.0,Trento,10,Classico
TNPS01000V,GALILEO GALILEI,VLE BOLOGNINI 88,http://www.lsgalilei.org/,0,22,4,22205,Trento,80,85.99,81.29,91.08,81.81,28.82,7.5,92.53,7.47,13.69,84.35,85.83,Trento,10,Scientifico
TNPS02000D,LEONARDO DA VINCI,VIA CRISTOFORO MADRUZZO 24,http://liceodavincitn.it/,0,22,4,22205,Trento,105,78.25,73.99,82.92,76.42,27.61,7.12,89.56,10.44,14.87,82.61,79.58,Trento,10,Scientifico
TNPS015002,COLLEGIO ARCIVESCOVILE,VIA ENDRICI 23,http://www.arcivescoviletrento.it/,1,22,4,22205,Trento,12,68.42,56.83,80.61,75.0,25.42,5.68,86.11,13.89,8.33,84.13,79.8,Trento,10,Scientifico
TNPC02000A,ANTONIO ROSMINI,CSO BETTINI 86,http://liceorosmini.eu/,0,22,4,22161,Rovereto,46,65.14,59.15,71.77,67.85,25.49,5.85,90.0,10.0,14.29,81.98,68.29,Trento,10,Scientifico - Sportivo
TNPS00301R,MARTINO MARTINI,VIA GIORGIO PERLASCA 4,http://www.martinomartini.eu/,0,22,4,22117,Mezzolombardo,29,64.69,56.44,73.85,74.08,24.64,5.38,70.79,29.21,13.48,79.57,71.65,Trento,10,Scientifico - Sportivo
TNPM01000X,ANTONIO ROSMINI,VIA MALFATTI 2,http://www.rosmini.eu/,0,22,4,22205,Trento,131,59.4,55.25,64.0,61.37,24.89,6.72,76.65,23.35,13.2,83.43,77.77,Trento,10,Scienze Umane
TNPM015003,ISTITUTO SACRO CUORE,PZZA SANTA TERESA VERZERI 4,http://www.istitutosacrocuore.it/,1,22,4,22205,Trento,19,48.7,39.41,58.98,55.04,23.08,8.27,84.48,15.52,15.52,87.39,84.22,Trento,10,Scienze Umane
TNPS00401L,MARIE CURIE,VIA SAN PIETRO 4,http://www.curiepergine.it/,0,22,4,22139,Pergine Valsugana,16,53.4,40.78,67.78,53.96,24.34,4.59,53.06,46.94,10.2,78.54,70.57,Trento,10,Scienze Umane - Economico sociale
TNPS11000Q,SOPHIE SCHOLL,VIA MATTIOLI 8,http://www.linguisticotrento.it/,0,22,4,22205,Trento,157,67.39,63.52,71.51,71.12,25.64,6.93,78.39,21.61,9.32,82.39,78.09,Trento,10,Linguistico
TNSD02000X,VITTORIA (LICEO DELLE ARTI),VIA ZAMBRA 3,http://istitutodellearti.tn.it/,0,22,4,22205,Trento,0,,,,,,0.0,,,,,,Trento,10,Artistico
TNSD020011,DEPERO (LICEO DELLE ARTI),VIA DELLE FOSSE 9,http://istitutodellearti.tn.it/,0,22,4,22161,Rovereto,0,,,,,,0.0,,,,,,Trento,10,Artistico
TNTD18000T,ANTONIO TAMBOSI,VIA BRIGATA ACQUI 19,http://www.tambosi.tn.it/it/,0,22,4,22205,Trento,145,58.95,54.28,63.98,64.3,24.43,5.48,52.06,47.94,7.34,84.5,74.57,Trento,10,Tecnico - Economico
TNTN01500Q,IVO DE CARNERI,VIA MURIALDO 30,http://www.istitutodecarneri.it/,1,22,4,22061,Civezzano,39,45.61,36.98,55.8,50.75,22.86,6.78,47.9,52.1,12.61,86.33,76.5,Trento,10,Tecnico - Economico
TNTD37500F,COLLEGIO ARCIVESCOVILE,VIA ENDRICI 23,http://www.arcivescoviletrento.it/,1,22,4,22205,Trento,12,44.59,32.41,57.23,54.18,22.2,5.53,77.78,22.22,5.56,86.75,76.0,Trento,10,Tecnico - Economico
TNIS013001,MICHELANGELO BUONARROTI,VIA BRIGATA ACQUI 15,http://www.buonarroti.tn.it/,0,22,4,22205,Trento,268,64.69,61.04,68.69,69.86,25.14,6.28,53.47,46.53,8.31,84.04,73.35,Trento,10,Tecnico - Tecnologico
TNTE045005,IVO DE CARNERI,VIA MURIALDO 30,http://www.istitutodecarneri.it/,1,22,4,22061,Civezzano,20,64.26,54.02,75.7,63.49,25.8,6.28,65.57,34.43,13.11,84.18,70.71,Trento,10,Tecnico - Tecnologico
IBPC040008,GIOSUE' CARDUCCI,VIA MANCI 8,http://liceocarducci-bz.edu.it/,0,21,4,21008,Bolzano,28,70.4,62.56,79.33,65.04,27.09,0.0,81.4,18.6,18.6,88.71,90.94,Bolzano,10,Classico
IBPS09000C,GANDHI,VIA WOLF 38,http://www.iiss-gandhi-merano.it/,0,21,4,21051,Merano,0,,,,,,0.0,,,,,,Bolzano,10,Classico
IBPS01000G,EVANGELISTA TORRICELLI,VIA ROVIGO 42,http://www.torricelli.edu.it/,0,21,4,21008,Bolzano,49,78.82,72.92,85.22,78.97,27.44,0.0,89.12,10.88,12.93,85.98,82.44,Bolzano,10,Scientifico
IBPS005004,RAINERUM - SALESIANI,PZZA DOMENICANI 15,http://www.rainerum.it/,1,21,4,21008,Bolzano,18,68.59,58.22,79.86,73.88,25.6,0.0,70.91,29.09,10.91,88.97,83.63,Bolzano,10,Scientifico - Scienze applicate
IBTF020008,GALILEO GALILEI,VIA CADORNA 14,http://www.iisgalilei.eu/,0,21,4,21008,Bolzano,43,55.08,48.51,62.23,60.47,23.96,0.0,79.23,20.77,10.0,82.14,77.74,Bolzano,10,Scientifico - Scienze applicate
IBPQ02500E,GIUSEPPE TONIOLO,VIA FAGO 46,http://liceotoniolo.bz.it/,1,21,4,21008,Bolzano,26,38.59,29.57,49.58,37.57,22.75,0.0,65.0,35.0,21.25,87.54,79.54,Bolzano,10,Scientifico - Scienze applicate
IBPM020007,GIOVANNI PASCOLI,VIA DELEDDA 4,http://www.liceopascolibz.it/,0,21,4,21008,Bolzano,73,61.08,55.3,67.38,65.74,24.77,0.0,62.56,37.44,8.68,81.85,77.37,Bolzano,10,Scienze Umane
IBTE015002,SANDRO PERTINI,VIA MASO DELLA PIEVE 4F,http://www.liceopertinibz.it/,1,21,4,21008,Bolzano,44,33.17,23.62,45.42,30.16,22.34,0.0,34.85,65.15,13.64,82.57,78.4,Bolzano,10,Scienze Umane - Economico sociale
IBPL01500D,MARCELLINE,VIA DELLE MARCELLINE 1,http://www.marcellinebolzano.it/,1,21,4,21008,Bolzano,20,62.14,51.37,74.35,56.94,26.08,0.0,59.02,40.98,13.11,84.78,88.16,Bolzano,10,Linguistico
TNSD010009,SCUOLA LADINA DI FASSA,VIA SORAPERRA 6,http://www.scuoladifassa.it/,0,22,4,22250,San Giovanni di Fassa,0,,,,,,0.0,,,,,,Bolzano,10,Artistico
IBTD040007,CESARE BATTISTI,VIA CADORNA 46,http://www.itebz.it/,0,21,4,21008,Bolzano,64,39.75,32.01,48.61,44.36,22.22,0.0,37.31,62.69,8.81,84.94,75.75,Bolzano,10,Tecnico - Economico
IBTD025005,WALTHER,VIA DEGLI ARTIGIANI 31,http://www.istitutowalther.it/,1,21,4,21008,Bolzano,55,,,,,,0.0,,,,,,Bolzano,10,Tecnico - Economico
IBTL01000T,DELAI,VIA CADORNA 16A,http://www.itcatdelai.it/,0,21,4,21008,Bolzano,26,56.8,45.04,71.2,55.12,25.02,0.0,37.5,62.5,12.5,83.43,75.82,Bolzano,10,Tecnico - Tecnologico
VEPC001013,MARCO POLO,DORSODURO 1073,http://www.iismarcopololiceoartisticovenezia.gov.it/pvw/app/VELA0001/pvw_sito.php,0,27,5,27042,Venezia,40,72.63,66.27,79.42,72.04,26.79,5.61,90.98,9.02,10.66,82.77,86.27,Venezia,10,Classico
VEPC04000L,BRUNO - FRANCHETTI,CSO DEL POPOLO 82,http://istitutobrunofranchetti.gov.it/lbf/,0,27,5,27042,Venezia,58,67.37,61.83,73.3,66.97,26.13,7.89,86.29,13.71,9.71,82.23,80.0,Venezia,10,Classico
VEPC01000R,MARCO FOSCARINI,SESTIERE DI CANNAREGIO 4942,http://www.liceofoscarini.it/,0,27,5,27042,Venezia,113,66.89,62.66,71.53,65.19,26.23,7.39,85.0,15.0,13.82,88.6,86.1,Venezia,10,Classico
VEPC02500E,CAVANIS,DORSODURO 898,http://www.cavanisvenezia.it/,1,27,5,27042,Venezia,12,46.82,34.66,60.87,47.3,23.56,0.0,73.68,26.32,18.42,76.82,81.7,Venezia,10,Classico
VEPS05000A,UGO MORIN,VIA ASSEGGIANO 39,http://www.liceomorin.gov.it/,0,27,5,27042,Venezia,53,80.02,74.47,85.91,82.1,27.35,7.31,94.97,5.03,10.69,86.73,80.88,Venezia,10,Scientifico
VEPS023013,BRUNO - FRANCHETTI,CSO DEL POPOLO 82,http://istitutobrunofranchetti.gov.it/lbf/,0,27,5,27042,Venezia,75,78.89,74.11,83.88,83.61,26.9,7.81,95.56,4.44,7.11,85.48,78.9,Venezia,10,Scientifico
VEPS01000X,BENEDETTI - TOMMASEO,CASTELLO 2835,http://www.liceobenedettitommaseo.gov.it,0,27,5,27042,Venezia,68,73.38,68.41,78.82,76.95,26.38,7.86,94.17,5.83,14.56,85.37,83.33,Venezia,10,Scientifico
VEPS00500C,GIUSEPPE PARINI,VIA TORRE BELFREDO 64,http://www.istitutoparini.it/,1,27,5,27042,Venezia,0,,,,,,0.0,,,,,,Venezia,10,Scientifico
VEPS015003,CAVANIS,DORSODURO 898,http://www.cavanisvenezia.it/,1,27,5,27042,Venezia,0,,,,,,0.0,,,,,,Venezia,10,Scientifico
VEPM02000G,LUIGI STEFANINI,VIA DEL MIGLIO 30,http://www.liceistefanini.gov.it,0,27,5,27042,Venezia,35,52.79,45.56,61.24,55.17,24.05,5.68,78.3,21.7,18.87,79.46,74.74,Venezia,10,Scientifico - Scienze applicate
VEPM001017,BENEDETTI - TOMMASEO,CASTELLO 2835,http://www.liceobenedettitommaseo.gov.it,0,27,5,27042,Venezia,46,49.69,42.75,57.55,48.33,24.13,6.8,65.47,34.53,12.23,84.33,79.0,Venezia,10,Scienze Umane
PDPM002011,ALBERT EINSTEIN,VIA PARINI 10,http://www.istitutoeinstein.net/servizi/notizie/notizie_homepage.aspx,0,28,5,28065,Piove di Sacco,35,62.06,54.41,70.42,63.49,25.28,7.16,70.48,29.52,10.48,84.28,74.0,Venezia,10,Scienze Umane - Economico sociale
TVPM010001,DUCA DEGLI ABRUZZI,VIA CACCIANIGA 5,http://www.ducadegliabruzzitreviso.gov.it/,0,26,5,26086,Treviso,59,61.83,56.09,68.2,68.17,24.66,6.95,78.53,21.47,14.12,86.03,77.92,Venezia,10,Scienze Umane - Economico sociale
TVTD09000L,RICCATI - LUZZATI,PZZA DELLA VITTORIA 34,http://www.riccati-luzzatti.gov.it/it,0,26,5,26086,Treviso,37,57.98,49.46,67.13,66.07,23.99,7.53,79.73,20.27,10.81,83.83,77.33,Venezia,10,Scienze Umane - Economico sociale
TVPC48500H,GIUSEPPE MAZZINI,VIA NOALESE 17A,http://www.liceosocialemazzini.it/,1,26,5,26086,Treviso,21,29.99,19.08,43.75,25.91,22.09,7.44,54.69,45.31,18.75,83.17,77.24,Venezia,10,Scienze Umane - Economico sociale
VEPL01500T,SANTA CATERINA DA SIENA,VIA TASSINI 17,http://www.fondazionegroggia.org/santacaterina/,1,27,5,27042,Venezia,9,45.55,29.55,64.04,48.92,23.06,9.23,84.21,15.79,21.05,82.81,83.33,Venezia,10,Linguistico
VEPL4H500R,GIUSEPPE PARINI,VIA TORRE BELFREDO 64,http://www.istitutoparini.it/,1,27,5,27042,Venezia,14,35.83,21.84,54.34,34.55,22.45,0.0,47.73,52.27,18.18,81.24,75.74,Venezia,10,Linguistico
VESL01000R,MARCO POLO,DORSODURO 1073,http://www.las.provincia.venezia.it/index.htm,0,27,5,27042,Venezia,112,56.26,50.66,62.56,54.87,24.92,6.92,43.62,56.38,8.9,82.42,78.03,Venezia,10,Artistico
VESD020001,MICHELANGELO GUGGENHEIM,CAMPO DEI CARMINI DORSODURO,http://www.liceoguggenheim.gov.it,0,27,5,27042,Venezia,0,,,,,,0.0,,,,,,Venezia,10,Artistico
VETN01601N,FRANCESCO ALGAROTTI,SESTIERE DI CANNAREGIO 349351,http://www.istitutoalgarotti.it/,0,27,5,27042,Venezia,258,58.24,54.41,62.47,59.71,24.81,7.06,48.2,51.8,8.51,87.58,78.1,Venezia,10,Tecnico - Economico
VETN018019,ANDREA GRITTI,VIA MURATORI 7,http://www.istitutogritti.it/,0,27,5,27042,Venezia,173,51.54,47.0,56.68,53.91,23.9,5.99,46.26,53.74,9.6,86.49,74.43,Venezia,10,Tecnico - Economico
VETD00401D,LUIGI LUZZATTI,VIA PERLAN 17,http://www.iisluzzatti.it/istituto_istruzione_superiore_mestre/,0,27,5,27042,Venezia,17,,,,,,4.7,,,,,,Venezia,10,Tecnico - Economico
VETN745000,MARINELLI - FONTE,DORSODURO 1B,http://marinellifonte.engimveneto.org/,1,27,5,27042,Venezia,13,,,,,,5.38,,,,,,Venezia,10,Tecnico - Economico
VETF04000T,CARLO ZUCCANTE,VIA BAGLIONI 22,http://www.itiszuccante.gov.it/,0,27,5,27042,Venezia,117,62.32,57.68,67.45,66.72,24.95,5.33,65.24,34.76,11.11,84.62,73.17,Venezia,10,Tecnico - Tecnologico
VETE008018,VENDRAMIN CORNER,DORSODURO 2376,http://www.ptpvenezia.it/index.php/corner.html,0,27,5,27042,Venezia,35,54.18,46.24,63.36,57.16,24.14,5.89,64.15,35.85,14.15,87.26,78.34,Venezia,10,Tecnico - Tecnologico
VETF008013,ENRICO FERMI,SAN POLO 2360,http://www.ptpvenezia.it/,0,27,5,27042,Venezia,54,50.42,42.94,59.54,44.26,24.79,4.46,46.95,53.05,15.24,85.09,75.55,Venezia,10,Tecnico - Tecnologico
VETF01901D,ANTONIO PACINOTTI,VIA CANEVE 93,http://www.iispacinottive.it/,0,27,5,27042,Venezia,87,48.08,41.05,56.61,39.39,24.81,4.76,33.59,66.41,9.92,85.39,72.83,Venezia,10,Tecnico - Tecnologico
VETF015005,SAN MARCO,VIA DEI SALESIANI 15,http://www.issm.it/,1,27,5,27042,Venezia,68,,,,,,7.72,,,,,,Venezia,10,Tecnico - Tecnologico
VETH00801E,CINI - VENIER,CASTELLO 787A,http://www.ptpvenezia.it/,0,27,5,27042,Venezia,56,,,,,,5.18,,,,,,Venezia,10,Tecnico - Tecnologico
VETFO1500N,ABATE ZANETTI,CALLE BRIATI N 8B,http://www.abatezanetti.it/,1,27,5,27042,Venezia,11,,,,,,7.08,,,,,,Venezia,10,Tecnico - Tecnologico
BLPC00701N,TIZIANO,VIA CAVOUR 2,http://www.liceibelluno.gov.it/,0,25,5,25006,Belluno,25,82.28,74.42,90.38,88.84,27.09,8.07,92.11,7.89,5.26,87.14,70.5,Belluno,10,Classico
BLPC01500G,LOLLINO,VIA SAN PIETRO 19,http://www.diocesi.it/liceolollino/home.html,1,25,5,25006,Belluno,11,66.13,54.72,78.55,61.66,26.47,8.67,94.12,5.88,14.71,86.06,75.0,Belluno,10,Classico
BLPS020006,GIORGIO DAL PIAZ,VIA BOSCARIZ 2,http://www.liceodalpiaz.it/,0,25,5,25021,Feltre,46,92.65,86.77,98.88,91.35,29.27,7.57,94.29,5.71,10.0,84.62,78.63,Belluno,10,Scientifico
BLPS00701R,GALILEO GALILEI,VIA GREGORIO XVI 33,http://www.liceibelluno.gov.it/,0,25,5,25006,Belluno,63,88.47,83.14,94.12,89.51,28.49,7.94,87.83,12.17,9.52,86.07,77.0,Belluno,10,Scientifico
BLPS006011,FOLLADOR - DE ROSSI,VIA INSURREZIONE 19A,http://follador.edu.it/,0,25,5,25001,Agordo,11,88.4,73.28,100.0,100.0,27.22,8.7,78.26,21.74,0.0,91.39,78.8,Belluno,10,Scientifico
TVPC120008,MARCANTONIO FLAMINIO,VIA TALIN 1,http://www.liceoflaminio.gov.it/,0,26,5,26092,Vittorio Veneto,43,87.38,81.31,93.92,89.85,28.19,7.41,93.89,6.11,12.98,83.68,74.43,Belluno,10,Scientifico
TVPSN55005,DANTE ALIGHIERI,VIA TOMMASEO 10,http://www.danteinternationalcollege.com/,1,26,5,26092,Vittorio Veneto,0,,,,,,0.0,,,,,,Belluno,10,Scientifico
BLPSD7500D,ISTITUTO CANOSSIANO,VIA MONTE GRAPPA 1,http://www.istitutocanossianofeltre.org/,1,25,5,25021,Feltre,14,67.27,55.51,80.71,74.53,25.2,8.11,71.43,28.57,11.9,85.67,74.92,Belluno,10,Scientifico - Scienze applicate
BLPS54500H,LEONARDO DA VINCI,VIA OSTILIO 8,http://www.liceoleonardodavinci.com/,1,25,5,25006,Belluno,13,48.55,35.15,64.12,59.42,22.52,7.5,58.97,41.03,15.38,77.96,74.56,Belluno,10,Scientifico - Sportivo
BLPM01000L,GIUSTINA RENIER,VIA MARCHESI 71,http://www.liceirenierbl.gov.it/,0,25,5,25006,Belluno,58,67.34,61.64,73.66,72.01,25.52,6.8,80.57,19.43,14.29,85.91,79.18,Belluno,10,Scienze Umane
BLPM01500Q,ISTITUTO CANOSSIANO,VIA MONTE GRAPPA 1,http://www.istitutocanossianofeltre.org/,1,25,5,25021,Feltre,17,45.47,35.47,56.59,52.07,22.66,6.0,82.35,17.65,15.69,83.81,77.78,Belluno,10,Scienze Umane
BLPMMN5000,LEONARDO DA VINCI,VIA OSTILIO 8,http://www.liceoleonardodavinci.com,1,25,5,25006,Belluno,0,,,,,,0.0,,,,,,Belluno,10,Scienze Umane - Economico sociale
TVSD01000A,BRUNO MUNARI,VIA GANDHI 14,http://www.liceoartisticomunari.gov.it,0,26,5,26092,Vittorio Veneto,107,73.96,68.02,80.39,72.3,27.07,5.97,39.94,60.06,5.57,81.2,75.9,Belluno,10,Artistico
BLSL012015,TOMMASO CATULLO,VIA GARIBALDI 10,http://www.istitutocatullo.it/,0,25,5,25006,Belluno,0,,,,,,0.0,,,,,,Belluno,10,Artistico
BLTD020002,PIER FORTUNATO CALVI,VIA CONCETTO MARCHESI 73,http://www.istitutocalvibelluno.it/,0,25,5,25006,Belluno,96,68.86,63.46,74.7,72.28,25.85,7.16,55.17,44.83,6.55,85.17,76.62,Belluno,10,Tecnico - Economico
BLTD00801C,ANDREA COLOTTI (IS DI FELTRE),VLE MAZZINI 12,http://lnx.istitutosuperiorefeltre.it/wp/,0,25,5,25021,Feltre,40,67.47,60.25,75.16,71.14,25.66,6.6,68.85,31.15,7.38,85.2,75.18,Belluno,10,Tecnico - Economico
TVTD007011,VITTORIO V CITTA' DELLA VITTORIA,VIA PONTAVAI 121,http://www.iisvittorioveneto.gov.it/site/,0,26,5,26092,Vittorio Veneto,54,64.1,56.68,72.1,71.22,24.84,6.14,48.77,51.23,6.17,83.65,73.55,Belluno,10,Tecnico - Economico
BLTA00901T,ANTONIO DELLA LUCIA,VIA VELLAI 41,http://www.agrariofeltre.gov.it/,0,25,5,25021,Feltre,16,73.28,59.58,87.3,82.33,25.71,6.82,44.9,55.1,2.04,85.45,78.15,Belluno,10,Tecnico - Tecnologico
BLTF006013,FOLLADOR - DE ROSSI,VIA INSURREZIONE 19A,http://www.follador.bl.it/,0,25,5,25001,Agordo,37,66.78,57.5,77.61,66.33,26.07,6.82,43.36,56.64,11.5,89.92,77.16,Belluno,10,Tecnico - Tecnologico
BLTF01101E,GEROLAMO SEGATO,VIA JACOPO TASSO 11,http://www.itisegato.it/sitoscuola/,0,25,5,25006,Belluno,123,66.35,61.13,72.0,73.15,25.14,5.82,46.9,53.1,6.74,84.84,74.39,Belluno,10,Tecnico - Tecnologico
BLTF00801P,LUIGI NEGRELLI (IS DI FELTRE),VIA COLOMBO 11,http://www.negrelliforcellini.gov.it/joomla/,0,25,5,25021,Feltre,80,61.3,54.72,68.93,60.39,25.47,5.48,42.32,57.68,10.79,83.38,74.15,Belluno,10,Tecnico - Tecnologico
TVTF007017,VITTORIO V CITTA' DELLA VITTORIA,VIA CAVOUR 1,http://www.iisvittorioveneto.gov.it/site/,0,26,5,26092,Vittorio Veneto,54,60.7,52.57,69.78,67.49,24.47,4.5,39.88,60.12,7.36,83.77,71.77,Belluno,10,Tecnico - Tecnologico
PDPC001011,CONCETTO MARCHESI,VLE CODALUNGA 1,http://www.iismarchesi.it/,0,28,5,28060,Padova,69,78.33,73.34,83.74,77.31,27.52,8.02,93.24,6.76,13.04,88.28,84.57,Padova,10,Classico
PDPC03000X,TITO LIVIO,RIVIERA TITO LIVIO 9,http://www.liceotitolivio.it/,0,28,5,28060,Padova,136,74.4,70.54,78.57,72.45,27.16,7.63,90.44,9.56,12.99,87.04,82.33,Padova,10,Classico
PDPC01500T,BARBARIGO,VIA ROGATI 17,http://www.barbarigo.edu/,1,28,5,28060,Padova,15,55.09,45.2,65.9,54.65,24.66,0.0,91.49,8.51,14.89,81.65,91.25,Padova,10,Classico
PDPS02000C,ENRICO FERMI,VIA VITTORIO EMANUELE II 50,http://www.liceofermipadova.gov.it/,0,28,5,28060,Padova,120,89.82,85.85,94.12,87.57,29.05,6.51,95.28,4.72,13.61,83.9,82.29,Padova,10,Scientifico
PDPS030003,IPPOLITO NIEVO,VIA BARBARIGO 38,http://www.liceonievo.it/,0,28,5,28060,Padova,103,85.96,81.74,90.5,88.62,28.0,6.94,93.87,6.13,12.58,83.92,81.47,Padova,10,Scientifico
PDPS01000T,EUGENIO CURIEL,VIA DURER 14,http://www.liceocuriel.gov.it/,0,28,5,28060,Padova,121,80.72,76.76,84.94,84.4,27.24,6.92,95.05,4.95,10.44,86.57,78.56,Padova,10,Scientifico
PDPS77500P,ROMANO BRUNI,VIA FIORAZZO 5,http://www.istitutobruni.com/,1,28,5,28060,Padova,24,80.05,72.25,88.21,85.49,26.95,8.4,98.61,1.39,8.33,89.2,64.0,Padova,10,Scientifico
PDPS06000V,ALVISE CORNARO,VIA RICCOBONI 14,http://www.liceocornaro.com/pvw/app/PDLS0004/pvw_sito.php,0,28,5,28060,Padova,100,78.2,73.91,82.79,82.42,26.88,6.6,93.02,6.98,9.63,81.64,72.71,Padova,10,Scientifico
PDPS02500G,BARBARIGO,VIA ROGATI 17,http://www.barbarigo.edu/,1,28,5,28060,Padova,21,60.66,52.02,70.61,60.54,25.29,0.0,89.06,10.94,20.31,77.84,70.14,Padova,10,Scientifico
PDPS035006,ROGAZIONISTI,VIA TIZIANO MINIO 15,http://www.scuolerogazionisti.it/,1,28,5,28060,Padova,12,58.17,46.94,70.83,51.59,25.77,0.0,86.84,13.16,18.42,86.42,81.4,Padova,10,Scientifico
PDPS065002,DON BOSCO,VIA SAN CAMILLO DE LELLIS 4,http://www.donboscopadova.it/,1,28,5,28060,Padova,25,55.77,47.98,64.62,55.22,24.76,8.3,92.21,7.79,18.18,84.11,78.67,Padova,10,Scientifico
VEPS07000G,GALILEO GALILEI,VIA CURZIO FRASIO 27,http://www.liceogalileidolo.gov.it/pvw/app/VELS0006/pvw_sito.php,0,27,5,27012,Dolo,27,81.89,74.19,90.0,91.83,26.64,9.0,90.12,9.88,6.17,83.82,74.75,Padova,10,Scientifico - Sportivo
PDPS014016,NEWTON - PERTINI,VIA PUCCINI 27,http://www.newtonpertini.edu.it/,0,28,5,28019,Camposampiero,25,61.77,53.34,71.62,63.58,25.2,5.47,78.95,21.05,21.05,86.25,77.63,Padova,10,Scientifico - Sportivo
PDPS00500A,GYMNASIUM PATAVINUM SPORT,VIA PIEROBON 13A,http://www.liceosportivo.it,1,28,5,28060,Padova,24,40.7,31.52,51.85,41.44,22.8,0.0,67.57,32.43,21.62,84.62,80.75,Padova,10,Scientifico - Sportivo
PDPM01000V,AMEDEO DI SAVOIA DUCA D'AOSTA,VIA DEL SANTO 57,http://www.liceoducadaosta.eu/pvw/app/PDIM0001/pvw_sito.php,0,28,5,28060,Padova,95,68.43,64.01,73.2,72.96,25.67,6.83,90.24,9.76,10.8,79.03,76.89,Padova,10,Scienze Umane
PDPM00500B,MARIA AUSILIATRICE,RIVIERA SAN BENEDETTO 88,http://www.liceoausiliatricepd.it/,1,28,5,28060,Padova,21,59.28,41.54,78.56,69.97,23.83,6.67,61.9,38.1,9.52,81.92,87.13,Padova,10,Scienze Umane
PDPM001015,CONCETTO MARCHESI,VIA DIVISIONE FOLGORE 4B,http://www.iismarchesi.it/,0,28,5,28060,Padova,64,58.88,53.49,64.76,62.5,24.63,7.61,83.85,16.15,11.98,82.29,80.58,Padova,10,Scienze Umane - Economico sociale
PDTE029017,PIETRO SCALCERLE,VIA DELLE CAVE 174,http://www.istituto-scalcerle.it/,0,28,5,28060,Padova,177,66.93,63.12,71.04,68.52,25.84,7.53,72.32,27.68,9.6,83.15,78.67,Padova,10,Linguistico
PDPL04500G,DON BOSCO,VIA SAN CAMILLO DE LELLIS 4,http://www.donboscopadova.it/,1,28,5,28060,Padova,13,57.81,46.23,70.46,57.55,24.97,6.83,79.49,20.51,12.82,86.97,79.63,Padova,10,Linguistico
PDPL02500A,DANTE ALIGHIERI,RIVIERA TITO LIVIO 43,http://www.istitutodantealighieri.it/,1,28,5,28060,Padova,25,35.75,25.64,47.98,30.01,22.98,0.0,53.25,46.75,16.88,78.34,74.78,Padova,10,Linguistico
PDSL01000P,AMEDEO MODIGLIANI,VIA SCROVEGNI 30,http://www.liceomodigliani.it/,0,28,5,28060,Padova,145,65.42,60.99,70.31,63.9,26.03,6.68,59.08,40.92,10.34,83.13,79.55,Padova,10,Artistico
PDSL028011,GIOVANNI VALLE,VIA MINIO 13,http://www.iisvalle.it/pvw/app/PDII0022/pvw_sito.php,0,28,5,28060,Padova,0,,,,,,0.0,,,,,,Padova,10,Artistico
PDSD03000D,PIETRO SELVATICO,LARGO MENEGHETTI 1,http://www.liceoartisticoselvatico.gov.it,0,28,5,28060,Padova,0,,,,,,0.0,,,,,,Padova,10,Artistico
PDTD01000N,PIER FORTUNATO CALVI,VIA SANTA CHIARA 10,http://www.calvipd.gov.it/,0,28,5,28060,Padova,198,62.97,59.33,66.92,68.61,24.88,6.05,72.77,27.23,9.75,82.26,72.34,Padova,10,Tecnico - Economico
PDTD20000R,EINAUDI - GRAMSCI,VIA DELLE PALME 1,http://www.einaudigramsci.gov.it/,0,28,5,28060,Padova,260,55.32,51.73,59.27,60.08,24.07,5.69,57.56,42.44,9.23,80.57,71.95,Padova,10,Tecnico - Economico
PDTD01500R,BARBARIGO,VIA ROGATI 17,http://www.barbarigo.edu/,1,28,5,28060,Padova,17,28.84,14.51,46.63,22.9,22.17,7.62,57.14,42.86,20.0,81.25,74.4,Padova,10,Tecnico - Economico
PDTD02801X,GIOVANNI VALLE,VIA MINIO 13,http://www.iisvalle.it/pvw/app/PDII0022/pvw_sito.php,0,28,5,28060,Padova,40,25.59,16.49,37.44,18.81,21.88,5.77,42.15,57.85,15.7,81.53,75.57,Padova,10,Tecnico - Economico
PDTD027014,LEONARDO DA VINCI,VIA SAN GIOVANNI DI VERDARA 36,http://www.leodavinci.gov.it/,0,28,5,28060,Padova,19,,,,,,4.04,,,,,,Padova,10,Tecnico - Economico
PDTF04000Q,FRANCESCO SEVERI,VIA PETTINATI 46,http://www.itiseveripadova.gov.it/,0,28,5,28060,Padova,197,67.08,63.29,71.25,69.72,25.73,5.18,65.09,34.91,10.62,84.53,75.15,Padova,10,Tecnico - Tecnologico
PDTL010004,BELZONI - BOAGA,VIA SPERONI 3941,http://www.itbelzoni.it/,0,28,5,28060,Padova,68,65.77,59.9,72.32,69.66,25.43,6.27,64.39,35.61,12.2,82.87,72.97,Padova,10,Tecnico - Tecnologico
PDTA00601L,DUCA DEGLI ABRUZZI,VIA MERLIN 1,http://www.ducabruzzi.gov.it/,0,28,5,28060,Padova,144,56.47,51.59,61.9,64.12,23.86,7.27,46.54,53.46,8.06,86.76,75.43,Padova,10,Tecnico - Tecnologico
PDTF02000E,GUGLIELMO MARCONI,VIA MANZONI 80,http://www.itismarconipadova.it/,0,28,5,28060,Padova,172,51.64,46.95,57.07,53.79,23.94,4.53,42.66,57.34,10.81,85.94,77.36,Padova,10,Tecnico - Tecnologico
PDTF015003,GALILEO FERRARIS,VIA CRESCINI 4,http://www.gferraris.it/,1,28,5,28060,Padova,14,,,,,,0.0,,,,,,Padova,10,Tecnico - Tecnologico
PDTF022017,USUELLI RUZZA,VIA SANMICHELI 8,http://www.istitutoruzza.gov.it/index.php/it/,0,28,5,28060,Padova,23,,,,,,5.83,,,,,,Padova,10,Tecnico - Tecnologico
PDPC02301T,GIOVANNI BATTISTA FERRARI,VIA STAZIE BRAGADINE 3,http://www.iisgbferrari.gov.it/index.php?lang=it,0,28,5,28037,Este,20,85.89,77.23,94.87,88.14,28.04,7.53,93.44,6.56,6.56,87.16,76.5,Rovigo,10,Classico
ROPC00101T,BOCCHI - GALILEI,VIA DANTE ALIGHIERI 4,http://www.liceoadria.gov.it/,0,29,5,29001,Adria,13,72.59,61.96,84.81,67.85,27.28,7.12,94.87,5.13,23.08,86.86,88.0,Rovigo,10,Classico
ROPM01000Q,CELIO - ROCCATI,VIA BADALONI 2,http://www.celioroccati.gov.it/,0,29,5,29041,Rovigo,24,65.45,57.76,73.94,65.59,25.84,8.05,98.65,1.35,14.86,86.75,81.0,Rovigo,10,Classico
ROPS01000P,PIETRO PALEOCAPA,VIA DE GASPERI 19,http://www.liceopaleocapa.gov.it/sito/index.php?idpag=1,0,29,5,29041,Rovigo,42,87.39,81.3,93.78,90.75,28.08,7.25,96.06,3.94,8.66,87.37,95.6,Rovigo,10,Scientifico
ROPS001011,BOCCHI - GALILEI,VLE MADDALENA 24,http://www.liceoadria.gov.it/,0,29,5,29001,Adria,36,80.31,73.82,87.17,86.6,26.88,8.0,97.25,2.75,9.17,84.96,83.33,Rovigo,10,Scientifico
PDPS00301Q,CATTANEO (IS CATTANEO - MATTEI),VIA MATTEOTTI 10,http://www.cattaneo-mattei.edu.it/,0,28,5,28055,Monselice,31,76.45,69.45,83.65,85.54,26.08,7.4,95.74,4.26,5.32,84.06,80.5,Rovigo,10,Scientifico
PDPS01101P,MATTEI (IS CATTANEO - MATTEI),VIA TRAVERSO 6,http://www.cattaneo-mattei.edu.it/,0,28,5,28034,Conselve,16,73.81,64.43,83.97,81.02,25.99,6.77,97.96,2.04,14.29,81.79,65.0,Rovigo,10,Scientifico
ROPS007021,PRIMO LEVI,VIA MANZONI 191,http://www.primolevi.gov.it/,0,29,5,29004,Badia Polesine,24,68.33,59.88,77.32,74.96,25.4,6.67,81.08,18.92,6.76,86.45,85.21,Rovigo,10,Scienze Umane - Economico sociale
FEPC020005,LUDOVICO ARIOSTO,VIA ARIANUOVA 19,http://www.liceoariosto.it/,0,38,8,38008,Ferrara,47,62.47,56.48,68.79,69.5,24.65,7.13,88.81,11.19,9.09,82.61,79.36,Rovigo,10,Scienze Umane - Economico sociale
FEPM00701X,GIOSUE' CARDUCCI,VIA CANAPA 7577,http://www.carduccife.edu.it/,0,38,8,38008,Ferrara,36,48.85,41.89,56.27,53.12,23.35,5.99,82.73,17.27,10.0,82.82,71.84,Rovigo,10,Scienze Umane - Economico sociale
PDSD02301B,GIOVANNI BATTISTA FERRARI,VLE FIUME 55,http://www.iisgbferrari.gov.it/index.php?lang=it,0,28,5,28037,Este,43,56.22,48.11,65.58,53.13,25.12,6.08,50.39,49.61,12.4,86.62,80.98,Rovigo,10,Artistico
ROTD01101B,MADDALENA - VIOLA,VIA DANTE 17,http://www.polotecnicoadria.gov.it/,0,29,5,29001,Adria,55,59.48,52.79,66.78,64.68,24.51,6.74,59.64,40.36,8.43,86.63,76.09,Rovigo,10,Tecnico - Economico
PDTD00701V,JOHN FITZGERALD KENNEDY,VIA DE GASPERI 20,http://www.iiskennedy.it/,0,28,5,28055,Monselice,98,59.45,54.36,65.03,62.36,24.79,7.59,61.82,38.18,9.46,87.19,81.68,Rovigo,10,Tecnico - Economico
PDTD02401L,ATESTINO,VIA GARIBALDI 23,http://www.atestino.it/,0,28,5,28037,Este,76,58.53,52.65,64.88,63.21,24.46,7.36,57.39,42.61,7.83,85.45,77.37,Rovigo,10,Tecnico - Economico
ROTD00801G,EDMONDO DE AMICIS,VIA PARENZO 16,http://www.itcrovigo.it/,0,29,5,29041,Rovigo,95,57.88,52.81,63.41,63.29,24.3,6.69,64.46,35.54,10.1,83.27,75.34,Rovigo,10,Tecnico - Economico
PDTD01101E,MATTEI (IS CATTANEO - MATTEI),VIA TRAVERSO 6,http://www.cattaneo-mattei.edu.it/,0,28,5,28034,Conselve,14,47.82,30.72,66.29,59.77,22.3,3.47,50.0,50.0,7.14,74.5,70.36,Rovigo,10,Tecnico - Economico
ROTF01000R,VIOLA - MARCHESINI (VIOLA),VIA DE GASPERI 21,http://www.iisviolamarchesini.gov.it/j2/,0,29,5,29041,Rovigo,127,69.02,64.46,73.96,72.53,25.86,5.87,62.99,37.01,9.45,84.68,73.97,Rovigo,10,Tecnico - Tecnologico
ROTA01201R,VIOLA - MARCHESINI (MUNERATI),VIA CAPPELLO 10,http://www.agrariorovigo.it/,0,29,5,29041,Rovigo,57,68.66,61.28,76.6,84.16,24.38,6.86,46.24,53.76,5.78,87.21,72.73,Rovigo,10,Tecnico - Tecnologico
ROTL01201N,VIOLA - MARCHESINI (BERNINI),VLE VITTORIO ALFIERI 43,http://www.itsgberninirovigo.it/,0,29,5,29041,Rovigo,15,,,,,,5.0,,,,,,Rovigo,10,Tecnico - Tecnologico
TVPC01000R,ANTONIO CANOVA,VIA MURA DI SAN TEONISTO 16,http://www.liceocanova.it/,0,26,5,26086,Treviso,111,72.29,68.08,76.81,69.89,26.96,8.15,88.02,11.98,11.08,89.21,83.25,Treviso,10,Classico
TVPC01500X,COLLEGIO VESCOVILE PIO X,BORGO CAVOUR 40,http://www.fondazionecollegiopiox.org/,1,26,5,26086,Treviso,16,57.14,46.77,68.95,56.27,24.96,8.13,79.59,20.41,18.37,88.31,90.7,Treviso,10,Classico
TVPS01000X,LEONARDO DA VINCI,VLE EUROPA 32,http://www.liceodavinci.tv/sitoLiceo/,0,26,5,26086,Treviso,151,80.71,77.07,84.61,82.81,27.43,8.29,96.03,3.97,11.48,88.68,82.22,Treviso,10,Scientifico
TVPS015003,COLLEGIO VESCOVILE PIO X,BORGO CAVOUR 40,http://www.fondazionecollegiopiox.org/,1,26,5,26086,Treviso,20,62.1,53.15,71.92,62.94,25.35,8.68,86.89,13.11,13.11,88.87,89.13,Treviso,10,Scientifico
TVTF04000T,MAX PLANCK,VIA FRANCHINI 1,http://www.itisplanck.it/,0,26,5,26091,Villorba,42,79.6,73.39,86.15,88.25,26.51,5.51,91.41,8.59,7.81,82.75,71.73,Treviso,10,Scientifico - Scienze applicate
TVPS57500F,MADONNA DEL GRAPPA,VLE EUROPA 20,http://www.canossiane-treviso.it/,1,26,5,26086,Treviso,0,,,,,,0.0,,,,,,Treviso,10,Scientifico - Scienze applicate
TVPM02000G,ANGELA VERONESE,VLE DELLA VITTORIA 34,http://www.liceoveronese.it/,0,26,5,26046,Montebelluna,47,65.78,59.5,72.55,73.8,24.93,6.17,80.85,19.15,9.22,81.87,77.15,Treviso,10,Scienze Umane
TVPS04000Q,GIUSEPPE BERTO,VIA BARBIERO 82,http://www.liceoberto.it/,0,26,5,26043,Mogliano Veneto,42,56.0,49.23,63.72,55.54,24.78,6.54,75.59,24.41,15.75,82.26,73.83,Treviso,10,Scienze Umane
VEPMLV5000,SAN LUIGI,VLE LIBERTA' 43,http://www.liceisanluigi.it/,1,27,5,27033,San Donà di Piave,15,39.29,27.53,53.69,36.63,23.03,5.71,63.83,36.17,21.28,75.0,67.0,Treviso,10,Scienze Umane
TVPL08500G,COLLEGIO VESCOVILE PIO X,BORGO CAVOUR 40,http://www.fondazionecollegiopiox.org/,1,26,5,26086,Treviso,22,56.51,47.03,66.43,57.42,24.67,7.68,69.12,30.88,2.94,89.13,79.71,Treviso,10,Linguistico
TVPL005007,GALILEO GALILEI,VIA MILANO 1B,http://www.istitutoparitariogalilei.it/,1,26,5,26086,Treviso,17,33.98,21.81,48.03,34.39,22.03,0.0,53.85,46.15,11.54,78.32,76.21,Treviso,10,Linguistico
TVSL01000R,LICEO ARTISTICO,VIA SANTA CATERINA 10,http://www.liceoartisticotreviso.gov.it/,0,26,5,26086,Treviso,138,66.93,61.7,72.63,66.54,26.08,6.22,41.45,58.55,6.51,86.02,80.02,Treviso,10,Artistico
TVTN01000N,GIUSEPPE MAZZOTTI,VIA TRONCONI 1,http://www.ittmazzotti.gov.it/,0,26,5,26086,Treviso,307,57.1,53.61,60.96,61.48,24.33,6.42,52.82,47.18,9.65,85.83,77.09,Treviso,10,Tecnico - Economico
TVTF010002,GIORGI - FERMI,VIA SAN PELAIO 37,http://giorgifermi.gov.it/,0,26,5,26086,Treviso,91,70.06,64.32,76.43,75.69,25.73,4.13,50.92,49.08,9.16,81.35,70.62,Treviso,10,Tecnico - Tecnologico
TVTB205003,FLEMING,VIA GHIRADA 1517,http://www.dafle.it/,1,26,5,26086,Treviso,24,,,,,,7.09,,,,,,Treviso,10,Tecnico - Tecnologico
TVTL01901N,ANDREA PALLADIO,VIA TRONCONI 22,http://www.palladio-tv.gov.it/index/,0,26,5,26086,Treviso,142,,,,,,5.59,,,,,,Treviso,10,Tecnico - Tecnologico
VRPC020003,SCIPIONE MAFFEI,VIA MASSALONGO 4,http://www.liceomaffeivr.gov.it/pvw/app/VRLG0001/pvw_sito.php,0,23,5,23091,Verona,156,75.38,71.71,79.38,72.2,27.43,7.7,90.21,9.79,14.47,89.25,84.37,Verona,10,Classico
VRPC03000N,EDUCANDATO STATALE AGLI ANGELI,VIA CESARE BATTISTI 8,http://www.educandatoangeli.gov.it/sito/index.php?idpag=1,0,23,5,23091,Verona,64,74.13,68.7,80.11,70.35,27.35,6.54,81.87,18.13,14.51,85.08,87.51,Verona,10,Classico
VRPC01500G,ALLE STIMATE,VIA MONTANARI 1,http://www.scuolestimate.it/,1,23,5,23091,Verona,23,70.79,62.54,80.04,70.35,26.55,7.07,91.3,8.7,18.84,92.38,72.33,Verona,10,Classico
VRPC04500B,DON NICOLA MAZZA,VIA SAN CARLO 5,http://www.donmazza.org/node/218,1,23,5,23091,Verona,21,70.29,61.72,80.02,69.73,26.5,7.81,89.23,10.77,20.0,91.55,80.57,Verona,10,Classico
VRPC025006,MATTEO GIBERTI,LUNGADIGE ATTIRAGLIO 45,http://www.istitutogiberti.it/,1,23,5,23091,Verona,0,,,,,,0.0,,,,,,Verona,10,Classico
VRPS020006,GALILEO GALILEI,VIA SAN GIACOMO 11,http://www.galileivr.gov.it/,0,23,5,23091,Verona,70,80.0,75.09,85.26,83.32,27.2,6.39,94.81,5.19,11.79,84.0,81.09,Verona,10,Scientifico
VRPS04000B,ANGELO MESSEDAGLIA,VIA BERTONI 3B,http://www.messedaglia.gov.it/,0,23,5,23091,Verona,138,79.42,75.62,83.49,82.16,27.2,7.47,93.03,6.97,12.02,85.56,77.59,Verona,10,Scientifico
VRPS03000R,GIROLAMO FRACASTORO,VIA MOSCHINI 11A,http://www.liceofracastoro.gov.it,0,23,5,23091,Verona,58,78.25,72.88,84.18,80.26,27.15,7.37,92.05,7.95,15.91,84.6,76.93,Verona,10,Scientifico
VRPS055005,ALLE STIMATE,VIA MONTANARI 1,http://www.scuolestimate.it/,1,23,5,23091,Verona,26,76.35,68.39,85.12,78.01,26.96,8.88,85.0,15.0,13.75,86.35,82.25,Verona,10,Scientifico
VRPS11000C,COPERNICO - PASOLI,VIA ANTI 5,http://www.copernicopasoli.gov.it/sito/index.php?idpag=1,0,23,5,23091,Verona,37,73.8,67.31,80.8,78.95,26.24,6.39,94.64,5.36,13.39,86.51,80.0,Verona,10,Scientifico
VRPS025009,DON BOSCO,STRADONE ANTONIO PROVOLO 16,http://www.salesianiverona.it/,1,23,5,23091,Verona,24,69.81,61.68,78.64,67.47,26.66,8.02,90.28,9.72,13.89,88.25,89.57,Verona,10,Scientifico
VRPS005004,DON NICOLA MAZZA,VIA SAN CARLO 5,http://www.donmazza.org/node/218,1,23,5,23091,Verona,26,54.55,46.56,64.53,44.74,25.72,8.21,84.81,15.19,29.11,84.04,76.33,Verona,10,Scientifico
VRPS09500G,LAVINIA MONDIN,VIA DELLA VALVERDE 19,http://www.scmondin.it/site1213/,1,23,5,23091,Verona,11,46.34,32.96,62.92,47.3,23.45,0.0,100.0,0.0,34.78,79.57,,Verona,10,Scientifico
VRPS01500P,ALEARDO ALEARDI,VIA SEGANTINI 20,http://www.aleardi.it/,1,23,5,23091,Verona,16,37.33,26.56,50.24,37.65,22.44,5.69,72.0,28.0,22.0,91.89,88.29,Verona,10,Scientifico
VRPSEM5005,GIAN MATTEO GIBERTI,LUNGADIGE ATTIRAGLIO 45,http://www.istitutogiberti.it/JM/,1,23,5,23091,Verona,0,,,,,,0.0,,,,,,Verona,10,Scientifico
VRPS3P500M,SEGHETTI,PZZA CITTADELLA 10,http://www.istitutoseghetti.it/,1,23,5,23091,Verona,22,55.92,46.9,66.09,60.2,24.2,6.37,76.47,23.53,14.71,79.02,71.88,Verona,10,Scientifico - Sportivo
VRPM01000L,CARLO MONTANARI,VICOLO STIMATE 4,http://www.liceomontanari.gov.it/,0,23,5,23091,Verona,136,63.02,58.98,67.36,67.35,25.04,5.27,80.15,19.85,10.29,81.96,74.31,Verona,10,Scienze Umane
VRPM27500E,LAVINIA MONDIN,VIA VALVERDE 19,http://www.scmondin.it,1,23,5,23091,Verona,19,46.07,36.41,57.72,44.94,23.67,0.0,78.95,21.05,22.81,78.58,76.92,Verona,10,Scienze Umane
VRPM01500Q,CAMPOSTRINI,VIA S MARIA IN ORGANO 2,,1,23,5,23091,Verona,0,,,,,,0.0,,,,,,Verona,10,Scienze Umane
VRPM055006,ISTITUTO SEGHETTI,PZZA CITTADELLA 10,http://www.istitutoseghetti.it/,1,23,5,23091,Verona,20,46.72,37.04,57.68,50.58,23.14,6.54,73.77,26.23,16.39,75.27,69.88,Verona,10,Scienze Umane - Economico sociale
VRPL06500E,LAVINIA MONDIN,VIA DELLA VALVERDE 19,http://www.scmondin.it/site1213/,1,23,5,23091,Verona,17,57.1,47.21,67.91,61.45,24.33,7.78,82.69,17.31,13.46,84.88,77.11,Verona,10,Linguistico
VRPL01500D,ALLE STIMATE,VIA MONTANARI 1,http://www.scuolestimate.it/,1,23,5,23091,Verona,27,55.86,47.67,64.94,58.91,24.34,7.56,79.01,20.99,13.58,88.97,84.88,Verona,10,Linguistico
VRSL03000N,LICEO ARTISTICO DI VERONA,VIA DELLE COSTE 6,http://www.artevr.it,0,23,5,23091,Verona,220,65.04,60.58,69.93,61.89,26.18,5.56,38.22,61.78,6.19,84.55,80.37,Verona,10,Artistico
VRSL01500G,MICHELANGELO BUONARROTI,VIA ROSMINI 6,http://www.istitutobuonarroti.com/,1,23,5,23091,Verona,0,,,,,,0.0,,,,,,Verona,10,Artistico
VRTD06000C,COPERNICO - PASOLI,VIA DALLA CORTE 15,http://www.copernicopasoli.gov.it/sito/index.php?idpag=1,0,23,5,23091,Verona,109,59.03,53.7,64.9,64.28,24.45,5.86,50.15,49.85,8.81,85.04,77.41,Verona,10,Tecnico - Economico
VRTD10000N,MARCO POLO,VIA MOSCHINI 11B,http://www.marcopolovr.gov.it/sito/index.php?idpag=1,0,23,5,23091,Verona,169,58.98,54.68,63.73,63.45,24.54,6.74,54.53,45.47,10.04,84.86,78.56,Verona,10,Tecnico - Economico
VRTD05000T,LUIGI EINAUDI,VIA SAN GIACOMO 13,http://www.einaudivr.it/,0,23,5,23091,Verona,147,58.2,53.52,63.44,57.98,25.01,5.7,50.79,49.21,10.2,86.2,77.25,Verona,10,Tecnico - Economico
VRTD13000D,LORGNA - PINDEMONTE,CSO CAVOUR 19,http://www.itcspindemonte.gov.it/sito/index.php?idpag=1,0,23,5,23091,Verona,146,54.26,49.7,59.41,56.37,24.26,5.74,54.21,45.79,11.39,83.75,76.42,Verona,10,Tecnico - Economico
VRTD04500A,ISTITUTO SEGHETTI,PZZA CITTADELLA 10,http://www.istitutoseghetti.it/,1,23,5,23091,Verona,14,53.36,39.03,71.15,51.77,24.59,6.19,68.97,31.03,24.14,85.9,77.56,Verona,10,Tecnico - Economico
VRTN01500C,ROMANO GUARDINI,VIA MADONNA DEL TERRAGLIO 18,http://www.istitutoguardini.it/,1,23,5,23091,Verona,17,,,,,,7.75,,,,,,Verona,10,Tecnico - Economico
VRTL01000T,CANGRANDE DELLA SCALA,CSO PORTA NUOVA 66,http://www.itscangrande.gov.it/,0,23,5,23091,Verona,74,68.27,61.9,75.43,71.35,25.82,6.38,49.55,50.45,9.46,85.4,70.89,Verona,10,Tecnico - Tecnologico
VRTF03000V,GUGLIELMO MARCONI,PLE GUARDINI 1,http://www.marconiverona.gov.it/portal/,0,23,5,23091,Verona,247,62.17,58.41,66.5,66.16,24.98,4.9,52.49,47.51,12.65,82.84,71.06,Verona,10,Tecnico - Tecnologico
VRTF01000N,GALILEO FERRARIS,VIA DEL PONTIERE 40,http://www.ferrarisfermivr.gov.it/pvw/app/VRIT0006/pvw_sito.php,0,23,5,23091,Verona,147,58.77,54.44,63.72,63.01,24.54,5.15,61.22,38.78,14.06,85.49,74.91,Verona,10,Tecnico - Tecnologico
VRTF265002,DON BOSCO,STRADONE ANTONIO PROVOLO 16,,1,23,5,23091,Verona,23,28.45,10.01,52.6,33.24,20.84,0.0,52.17,47.83,21.74,89.92,78.64,Verona,10,Tecnico - Tecnologico
VRTF005006,SAN ZENO,VIA DON GIOVANNI MINZONI 50,http://www.sanzeno.org/,1,23,5,23091,Verona,202,,,,,,0.0,,,,,,Verona,10,Tecnico - Tecnologico
VIPC02000P,FRANCESCO CORRADINI,VIA MILANO 1,http://www.liceocorradini.gov.it/,0,24,5,24105,Thiene,14,83.19,72.81,93.57,84.53,27.82,7.31,88.64,11.36,0.0,88.72,76.6,Vicenza,10,Classico
VIPC010004,ANTONIO PIGAFETTA,CONTRA' CORDENONS 1,http://www.liceopigafetta.gov.it/,0,24,5,24116,Vicenza,73,73.75,68.91,79.08,66.31,27.74,8.41,94.52,5.48,15.98,87.7,82.42,Vicenza,10,Classico
PDPS01301A,TITO LUCREZIO CARO,VIA ALFIERI 58,http://liceolucreziocaro.gov.it/,0,28,5,28032,Cittadella,15,68.56,58.78,79.69,62.85,26.91,7.31,97.78,2.22,22.22,85.5,95.0,Vicenza,10,Classico
VIPS02000T,PAOLO LIOY,VIA CORDENONS 7,http://www.liceolioy.gov.it/sito/index.php?idpag=1,0,24,5,24116,Vicenza,44,80.26,74.3,86.71,82.87,27.32,6.83,95.52,4.48,12.69,85.15,70.67,Vicenza,10,Scientifico
VIPS05000N,GIOVANNI BATTISTA QUADRI,VLE CARDUCCI 17,http://www.liceoquadri.gov.it/,0,24,5,24116,Vicenza,102,80.23,76.02,84.83,79.41,27.73,8.18,95.44,4.56,14.98,86.78,83.29,Vicenza,10,Scientifico
VIPS3I500B,GIAN ANTONIO FARINA,VIA IV NOVEMBRE 34,http://www.istitutofarinavicenza.it/,1,24,5,24116,Vicenza,12,61.0,49.92,73.2,61.08,25.31,7.5,89.47,10.53,13.16,82.79,79.75,Vicenza,10,Scientifico
VIPM010008,DON GIUSEPPE FOGAZZARO,CONTRA' BURCI 21,http://www.fogazzaro.gov.it/sito/index.php?idpag=1,0,24,5,24116,Vicenza,37,59.92,53.14,67.44,65.73,24.49,6.17,85.71,14.29,16.07,85.48,74.81,Vicenza,10,Scientifico - Scienze applicate
VIPS01500A,SAN FILIPPO NERI,VLE TRENTO 139,http://www.istitutisfn.it/,1,24,5,24116,Vicenza,11,46.83,33.73,63.42,45.08,23.83,0.0,72.73,27.27,27.27,77.96,66.89,Vicenza,10,Scientifico - Sportivo
VIPM01500B,GIAN ANTONIO FARINA,VIA IV NOVEMBRE 34,http://www.istitutofarinavicenza.it/,1,24,5,24116,Vicenza,25,41.36,32.09,53.02,41.48,22.95,7.65,64.47,35.53,22.37,78.22,74.67,Vicenza,10,Scienze Umane
VIPLVN5005,GIAN ANTONIO FARINA,VIA IV NOVEMBRE 34,http://www.istitutofarinavicenza.it/,1,24,5,24116,Vicenza,16,42.21,30.97,54.86,40.24,23.3,7.06,67.35,32.65,12.24,83.36,80.06,Vicenza,10,Linguistico
VIPL015005,ISTITUTO OXFORD,STRADELLA DELLA RACCHETTA 11,http://www.oxfordvicenza.it/liceo/,1,24,5,24116,Vicenza,12,33.51,20.91,49.1,28.56,22.62,0.0,68.42,31.58,21.05,81.46,80.17,Vicenza,10,Linguistico
VISL01901G,SANTA BOSCARDIN,VIA BADEN POWELL 35,http://www.boscardin.gov.it/,0,24,5,24116,Vicenza,97,59.07,53.03,65.73,60.81,24.88,6.76,42.32,57.68,7.17,83.2,79.39,Vicenza,10,Artistico
VISL01301L,ANTONIO CANOVA,VIA CALVI 19,http://www.iiscanova.gov.it/,0,24,5,24116,Vicenza,0,,,,,,0.0,,,,,,Vicenza,10,Artistico
VITD09000X,GUIDO PIOVENE,CSO SS FELICE E FORTUNATO 225,http://www.itcpiovene.it/,0,24,5,24116,Vicenza,141,66.83,62.35,71.58,74.41,25.11,6.02,59.29,40.71,6.35,83.62,77.13,Vicenza,10,Tecnico - Economico
VITD010003,AMBROGIO FUSINIERI,VIA D'ANNUNZIO 15,http://www.itefusinieri.gov.it/ite/index.php,0,24,5,24116,Vicenza,90,57.85,52.14,64.14,68.73,23.64,4.9,52.03,47.97,9.23,84.23,75.4,Vicenza,10,Tecnico - Economico
VITD016013,ALMERICO DA SCHIO,VIA BADEN POWELL 33,http://www.adaschio.gov.it/wp_it/,0,24,5,24116,Vicenza,39,,,,,,3.4,,,,,,Vicenza,10,Tecnico - Economico
VITF02000X,ALESSANDRO ROSSI,VIA LEGIONE GALLIENO 52,http://www.itisrossi.gov.it/,0,24,5,24116,Vicenza,175,73.23,69.37,77.39,76.74,26.36,4.41,70.21,29.79,9.11,82.04,72.39,Vicenza,10,Tecnico - Tecnologico
VITE019012,SANTA BOSCARDIN,VIA BADEN POWELL 35,http://www.boscardin.gov.it/,0,24,5,24116,Vicenza,127,71.3,67.05,75.98,74.34,26.19,5.09,74.8,25.2,11.81,84.0,75.07,Vicenza,10,Tecnico - Tecnologico
VITL013012,ANTONIO CANOVA,VLE ASTICHELLO 195,http://www.iiscanova.gov.it/,0,24,5,24116,Vicenza,58,61.39,54.62,69.26,52.72,26.41,5.42,55.17,44.83,14.37,84.72,73.59,Vicenza,10,Tecnico - Tecnologico
VITL03500T,SAN FILIPPO NERI,VLE TRENTO 139,http://www.istitutisfn.it/,1,24,5,24116,Vicenza,0,,,,,,0.0,,,,,,Vicenza,10,Tecnico - Tecnologico
TSPC00401R,CARDUCCI - ALIGHIERI,VIA GIUSTINIANO 3,http://www.carducci-ts.it/,0,32,6,32006,Trieste,15,84.4,74.5,94.55,87.18,27.8,5.79,93.48,6.52,2.17,84.26,80.0,Trieste,10,Classico
TSPC02000N,FRANCESCO PETRARCA,VIA ROSSETTI 74,http://www.liceopetrarcats.it/,0,32,6,32006,Trieste,48,73.24,67.24,79.75,69.89,27.19,6.92,86.3,13.7,12.33,86.6,87.1,Trieste,10,Classico
TSPS010006,FRANCE PRESEREN,STRADA DI GUARDIELLA N131,http://www.preseren.gov.it/it/home-2/,0,32,6,32006,Trieste,0,,,,,,0.0,,,,,,Trieste,10,Classico
TSPS03000B,GUGLIELMO OBERDAN,VIA PAOLO VERONESE 1,http://www.liceo-oberdan.gov.it/,0,32,6,32006,Trieste,69,86.48,81.47,91.78,84.94,28.56,7.09,92.75,7.25,9.18,88.55,86.33,Trieste,10,Scientifico
TSPS02000R,GALILEO GALILEI,VIA GOFFREDO MAMELI 4,http://www.galileitrieste.it/SitePages/default.aspx,0,32,6,32006,Trieste,84,82.06,77.48,86.96,82.16,27.84,7.25,94.07,5.93,9.49,83.66,84.87,Trieste,10,Scientifico
GOPS009017,MICHELANGELO BUONARROTI,VIA GIACOMO MATTEOTTI 8,http://www.liceomonfalcone.it/,0,31,6,31012,Monfalcone,19,52.92,43.03,63.59,59.96,23.51,5.51,74.14,25.86,10.34,78.16,72.73,Trieste,10,Scientifico - Sportivo
TSPM004011,CARDUCCI - ALIGHIERI,VIA GIUSTINIANO 3,http://www.carducci-ts.it/,0,32,6,32006,Trieste,70,58.62,53.3,64.61,57.17,25.21,4.93,78.2,21.8,14.22,80.27,80.33,Trieste,10,Scienze Umane
TSPM02000T,ANTON MARTIN SLOMSEK,VIA CARAVAGGIO 4,http://www.slomsek.it/,0,32,6,32006,Trieste,0,,,,,,0.0,,,,,,Trieste,10,Scienze Umane
GOSD007012,D'ANNUNZIO - FABIANI,PLE MEDAGLIE D'ORO 2,http://www.isa-fabiani.it/,0,31,6,31007,Gorizia,42,61.37,51.8,72.5,45.22,27.3,5.73,36.22,63.78,9.45,82.57,76.41,Trieste,10,Artistico
TSSD01000L,ENRICO E UMBERTO NORDIO,VIA DI CALVOLA 2,http://www.isanordio.gov.it/,0,32,6,32006,Trieste,69,53.85,47.02,61.67,48.4,25.12,5.7,45.19,54.81,8.65,86.38,81.58,Trieste,10,Artistico
TSTD001018,DA VINCI - CARLI - DE SANDRINELLI,VIA PAOLO VERONESE 3,http://www.davincicarli.gov.it/,0,32,6,32006,Trieste,104,47.0,41.76,53.12,43.76,24.03,5.22,54.31,45.69,12.46,82.48,75.36,Trieste,10,Tecnico - Economico
TSTD030007,ZIGA ZOIS,VIA WEISS 15,http://zigazois.edu.it/it/,0,32,6,32006,Trieste,0,,,,,,0.0,,,,,,Trieste,10,Tecnico - Economico
TSTL01000C,DELEDDA - FABIANI,VIA MONTE SAN GABRIELE 48,http://www.deledda-fabiani.gov.it/it,0,32,6,32006,Trieste,110,63.55,58.67,69.06,63.45,25.64,4.98,61.21,38.79,12.42,82.79,74.73,Trieste,10,Tecnico - Tecnologico
TSTF003016,JOZEF STEFAN,STRADA DI GUARDIELLA 132,http://www.jozefstefan.org,0,32,6,32006,Trieste,30,63.11,53.11,74.56,64.01,25.46,5.66,46.67,53.33,5.56,90.36,78.04,Trieste,10,Tecnico - Tecnologico
TSTF010008,ALESSANDRO VOLTA,VIA MONTE GRAPPA 1,http://www.voltatrieste.gov.it/,0,32,6,32006,Trieste,83,59.78,53.95,66.39,57.08,25.5,4.5,53.39,46.61,9.96,82.19,73.51,Trieste,10,Tecnico - Tecnologico
TSTH00201T,DI SAVOIA - GALVANI,PIAZZA HORTIS 1,http://www.nauticogalvani.gov.it/,0,32,6,32006,Trieste,74,,,,,,4.76,,,,,,Trieste,10,Tecnico - Tecnologico
GOPC00101D,DANTE ALIGHIERI (IS ALIGHIERI),VLE XX SETTEMBRE 11,http://www.isisalighieri.go.it/,0,31,6,31007,Gorizia,24,71.22,63.42,79.63,64.45,27.36,6.74,95.95,4.05,12.16,80.39,72.0,Gorizia,10,Classico
GOPC002019,SIMON GREGORCIC,VIA PUCCINI 14,http://www.solskicenter.net/,0,31,6,31007,Gorizia,0,,,,,,0.0,,,,,,Gorizia,10,Classico
UDPS01301R,EINSTEIN (IS BASSA FRIULANA),VIA PRADATI,http://www.isismalignani.it/,0,30,6,30023,Cervignano del Friuli,26,83.88,76.36,91.65,87.25,27.66,7.58,98.72,1.28,6.41,86.31,62.0,Gorizia,10,Scientifico
GOPS00101L,DUCA DEGLI ABRUZZI (IS ALIGHIERI),PZZA JULIA 5,http://www.isisalighieri.go.it/,0,31,6,31007,Gorizia,59,81.8,76.48,87.54,79.97,28.04,7.53,93.26,6.74,11.8,86.42,77.75,Gorizia,10,Scientifico
GOTE00701V,D'ANNUNZIO - FABIANI,VIA ITALICO BRASS 22,http://www.itas-dannunzio.it/,0,31,6,31007,Gorizia,29,71.97,64.27,80.14,71.06,26.75,7.05,82.95,17.05,7.95,83.95,76.73,Gorizia,10,Scientifico - Scienze applicate
GOPM00201D,SIMON GREGORCIC,VIA PUCCINI 14,http://www.solskicenter.net,0,31,6,31007,Gorizia,0,,,,,,0.0,,,,,,Gorizia,10,Scientifico - Scienze applicate
GOPM00101N,SCIPIO SLATAPER (IS ALIGHIERI),VIA DIAZ 20,http://www.isisalighieri.go.it/,0,31,6,31007,Gorizia,40,55.6,48.69,63.3,49.55,25.4,7.2,76.67,23.33,13.33,82.71,75.39,Gorizia,10,Scienze Umane
GOTD008017,GALILEI - FERMI - PACASSI,VIA PUCCINI 22,http://www.isitgo.it/,0,31,6,31007,Gorizia,15,57.43,46.2,70.34,56.53,25.0,6.43,71.74,28.26,15.22,85.88,76.85,Gorizia,10,Tecnico - Economico
GOTD00401X,VEGA - ZOIS,VIA PUCCINI 14,http://www.potep.org/it/,0,31,6,31007,Gorizia,20,45.51,33.74,58.95,42.08,23.87,8.3,50.0,50.0,11.67,82.9,78.9,Gorizia,10,Tecnico - Economico
GOTF00801D,GALILEI - FERMI - PACASSI,VIA PUCCINI 22,http://www.isitgo.it/,0,31,6,31007,Gorizia,85,53.25,46.74,61.55,44.75,25.41,5.24,40.78,59.22,14.12,81.18,72.84,Gorizia,10,Tecnico - Tecnologico
GOTF004016,VEGA - ZOIS,VIA PUCCINI 14,http://www.potep.org/it/,0,31,6,31007,Gorizia,0,,,,,,0.0,,,,,,Gorizia,10,Tecnico - Tecnologico
TVPC01101N,ANTONIO SCARPA,PLE EUROPA 1,http://www.isissmotta.it/antonioscarpa/,0,26,5,26051,Oderzo,14,87.93,77.67,98.44,97.85,27.36,7.45,90.91,9.09,4.55,86.78,78.0,Pordenone,10,Classico
PNPC00101B,LEOPARDI - MAJORANA,PZZA MAESTRI DEL LAVORO 2,http://www.leomajor.gov.it/,0,93,6,93033,Pordenone,86,74.32,69.76,79.28,70.45,27.38,7.56,91.92,8.08,13.08,84.57,81.05,Pordenone,10,Classico
VEPC050007,XXV APRILE,VIA MARTIRI DELLA LIBERTA' 13,http://www.liceoxxv.gov.it/pvw/app/VELG0005/pvw_sito.php,0,27,5,27029,Portogruaro,48,72.58,66.68,78.86,71.62,26.83,7.64,90.34,9.66,8.97,85.34,83.71,Pordenone,10,Classico
PNPS010008,MICHELANGELO GRIGOLETTI,VIA INTERNA 12,http://www.liceogrigoletti.gov.it/,0,93,6,93033,Pordenone,67,83.65,78.56,89.11,83.91,28.01,7.21,91.09,8.91,10.4,87.32,78.44,Pordenone,10,Scientifico
PNPS03500L,ELISABETTA VENDRAMINI,VIA VENDRAMINI 2,http://www.vendraminiscuole.it/,1,93,6,93033,Pordenone,9,78.8,65.93,92.84,80.94,27.2,7.69,92.59,7.41,14.81,88.04,77.5,Pordenone,10,Scientifico
PNPS00101E,LEOPARDI - MAJORANA,PZZA MAESTRI DEL LAVORO 2,http://www.leomajor.gov.it/,0,93,6,93033,Pordenone,104,77.0,72.75,81.57,81.02,26.76,7.01,91.37,8.63,9.9,83.05,72.26,Pordenone,10,Scientifico
PNPS9G5000,ELISABETTA VENDRAMINI,VIA VENDRAMINI 2,http://www.vendraminiscuole.it/,1,93,6,93033,Pordenone,12,69.94,59.16,81.37,72.13,26.13,6.98,97.3,2.7,8.11,82.53,84.0,Pordenone,10,Scientifico - Scienze applicate
PNPS003016,EVANGELISTA TORRICELLI,VIA UDINE 7,http://www.torricellimaniago.gov.it/,0,93,6,93025,Maniago,22,65.91,56.62,76.59,71.08,25.29,5.57,74.24,25.76,18.18,76.78,75.41,Pordenone,10,Scientifico - Sportivo
TVPS035008,BRANDOLINI ROTA,VLE BRANDOLINI 6,http://www.brandolinirota.it/,1,26,5,26051,Oderzo,9,43.87,29.87,61.01,43.38,23.32,8.33,77.78,22.22,18.52,78.0,70.5,Pordenone,10,Scientifico - Sportivo
PNPQ00201G,GIOVANNI ANTONIO PUJATI,VLE ZANCANARO 58,http://www.liceipujati.gov.it/pvw/app/PNIM0001/pvw_sito.php,0,93,6,93037,Sacile,38,65.47,58.34,73.37,65.6,25.84,6.59,74.78,25.22,12.17,83.9,77.76,Pordenone,10,Scienze Umane
VEPM030006,MARCO BELLI,PZZA MARCONI 10,http://www.marcobelli.it,0,27,5,27029,Portogruaro,20,53.09,43.3,63.62,61.34,23.38,5.86,73.33,26.67,10.0,81.25,68.25,Pordenone,10,Scienze Umane - Economico sociale
PNPM00201B,GIOVANNI ANTONIO PUJATI,VLE ZANCANARO 58,http://www.liceipujati.gov.it/pvw/app/PNIM0001/pvw_sito.php,0,93,6,93037,Sacile,44,71.83,65.11,79.13,70.68,26.76,7.47,74.24,25.76,9.09,86.63,78.44,Pordenone,10,Linguistico
TVSL006016,AMEDEO OBICI,VIA STADIO 2A,http://www.isisobici.edu.it/,0,26,5,26051,Oderzo,0,,,,,,0.0,,,,,,Pordenone,10,Artistico
PNSD020009,ENRICO GALVANI,VIA SCLAVONS 34,http://www.liceoartisticogalvani.gov.it/,0,93,6,93017,Cordenons,0,,,,,,0.0,,,,,,Pordenone,10,Artistico
PNTD01201R,ODORICO MATTIUSSI,VIA FONTANE 2,http://isismattiussipertini.edu.it/,0,93,6,93033,Pordenone,95,66.17,60.73,71.94,74.52,24.94,5.5,55.05,44.95,6.27,83.27,73.39,Pordenone,10,Tecnico - Economico
PNTN008013,FEDERICO FLORA,VIA GALILEO FERRARIS 2,http://www.istitutoflora.gov.it/,0,93,6,93033,Pordenone,34,51.96,41.95,62.62,55.1,23.86,5.09,40.78,59.22,4.85,82.31,75.16,Pordenone,10,Tecnico - Economico
PNTF01000A,JOHN FITZGERALD KENNEDY,VIA INTERNA 7,http://www.itiskennedy.gov.it/,0,93,6,93033,Pordenone,256,67.75,64.22,71.69,70.24,25.83,5.42,61.04,38.96,10.65,81.66,71.29,Pordenone,10,Tecnico - Tecnologico
PNTL01000E,SANDRO PERTINI,VIA INTERNA 2,http://isismattiussipertini.edu.it/,0,93,6,93033,Pordenone,61,66.53,59.59,74.45,62.31,26.49,6.52,49.19,50.81,10.27,78.99,72.53,Pordenone,10,Tecnico - Tecnologico
PNTF009017,LINO ZANUSSI,VIA MOLINARI 46A,http://www.isiszanussi.gov.it/,0,93,6,93033,Pordenone,22,,,,,,5.09,,,,,,Pordenone,10,Tecnico - Tecnologico
UDPC010005,JACOPO STELLINI,PZZA I MAGGIO 26,http://www.stelliniudine.gov.it/,0,30,6,30129,Udine,96,81.9,77.53,86.59,77.29,28.38,7.27,92.04,7.96,11.42,87.71,87.0,Udine,10,Classico
UDPM040005,EDUCANDATO STATALE UCCELLIS,VIA GIOVANNI DA UDINE 2022,http://www.uccellis.ud.it/,0,30,6,30129,Udine,72,69.57,64.12,75.53,69.2,26.39,6.84,72.35,27.65,8.76,86.69,86.47,Udine,10,Classico
UDPC00500N,GASPARE BERTONI,VLE CADORE 59,http://www.bertoni-udine.it/,1,30,6,30129,Udine,12,67.43,56.03,80.09,61.83,26.76,7.39,86.49,13.51,13.51,87.13,89.2,Udine,10,Classico
UDPS05000P,NICCOLO' COPERNICO,VIA PLANIS 25,http://www.liceocopernico.it/,0,30,6,30129,Udine,168,79.78,76.22,83.65,79.15,27.65,7.62,91.87,8.13,13.29,85.56,77.9,Udine,10,Scientifico
UDPS010008,GIOVANNI MARINELLI,VIA LEONARDO DA VINCI 4,http://liceomarinelli.gov.it/,0,30,6,30129,Udine,286,74.75,71.74,77.98,76.96,26.7,8.4,93.12,6.88,11.54,86.98,79.41,Udine,10,Scientifico
UDPS016018,ARTURO MALIGNANI,VIA LEONARDO DA VINCI 10,http://www.malignani.ud.it/,0,30,6,30129,Udine,91,75.02,70.54,79.74,78.3,26.61,6.58,91.64,8.36,8.73,84.14,73.17,Udine,10,Scientifico - Scienze applicate
UDPS0G500U,ALESSANDRO VOLTA,VLE UNGHERIA 22,http://centrostudivolta.it/,1,30,6,30129,Udine,0,,,,,,0.0,,,,,,Udine,10,Scientifico - Scienze applicate
UDPSBD500N,ALESSANDRO VOLTA,VIALE UNGHERIA 22,http://www.centrostudivolta.it,1,30,6,30129,Udine,32,37.18,28.82,47.25,39.26,22.21,5.65,62.24,37.76,17.35,75.05,70.68,Udine,10,Scientifico - Sportivo
UDPM010009,CATERINA PERCOTO,VIA LEICHT 4,http://www.liceopercoto.ud.it/,0,30,6,30129,Udine,72,63.53,58.43,69.02,67.76,25.12,5.1,83.94,16.06,11.47,82.6,77.4,Udine,10,Scienze Umane
UDPLO3500Z,GASPARE BERTONI,VLE CADORE 59,http://www.bertoni-udine.it/,1,30,6,30129,Udine,14,52.29,39.42,66.01,54.98,23.95,6.5,89.29,10.71,10.71,88.2,72.33,Udine,10,Linguistico
UDTD010004,ANTONIO ZANON,PLE CAVEDALIS 7,http://www.itzanon.gov.it/,0,30,6,30129,Udine,228,64.55,61.09,68.28,69.03,25.21,4.74,73.68,26.32,8.77,82.8,73.8,Udine,10,Tecnico - Economico
UDTD02000P,CECILIA DEGANUTTI,VLE ARMANDO DIAZ 60A,http://www.itcdeganutti.org/,0,30,6,30129,Udine,101,46.25,41.12,52.2,48.09,23.33,5.16,59.08,40.92,13.86,80.54,73.3,Udine,10,Tecnico - Economico
UDTN01701T,BONALDO STRINGHER,VIA MONSIGNOR NOGARA,http://www.stringher.it/,0,30,6,30129,Udine,42,27.34,17.58,40.04,28.05,21.2,5.25,34.65,65.35,12.6,84.3,75.63,Udine,10,Tecnico - Economico
UDTL01000E,GIAN GIACOMO MARINONI,VLE MONSIGNOR NOGARA 2,http://www.itgmarinoni.it/sito2/,0,30,6,30129,Udine,112,61.39,55.92,67.97,54.4,26.2,6.91,45.7,54.3,13.35,82.62,75.36,Udine,10,Tecnico - Tecnologico
UDTF01601A,ARTURO MALIGNANI,VIA LEONARDO DA VINCI 10,http://www.malignani.ud.it/,0,30,6,30129,Udine,352,61.29,58.14,64.85,63.53,25.08,5.59,62.97,37.03,12.88,84.92,73.82,Udine,10,Tecnico - Tecnologico
UDTF00500V,BEARZI,VIA DON BOSCO 2,http://iti.bearzi.it/,1,30,6,30129,Udine,38,46.35,38.41,55.9,48.74,23.28,4.32,59.65,40.35,17.54,78.94,71.72,Udine,10,Tecnico - Tecnologico
GEPC020009,CRISTOFORO COLOMBO,VIA BELLUCCI 2,http://www.liceocolombo.genova.it/,0,10,7,10025,Genova,91,78.96,74.47,83.82,75.91,27.84,7.08,91.21,8.79,12.82,86.85,81.75,Genova,10,Classico
GEPC04000E,GIUSEPPE MAZZINI,VIA RETI 25,http://www.liceomazzinigenova.gov.it/,0,10,7,10025,Genova,66,75.26,70.26,80.67,71.28,27.51,7.21,96.0,4.0,13.5,86.28,81.13,Genova,10,Classico
GEPC01000P,ANDREA D'ORIA,VIA ARMANDO DIAZ 8,http://liceodoria.altervista.org/info/,0,10,7,10025,Genova,147,71.09,67.35,75.17,70.65,26.58,7.72,90.52,9.48,14.22,86.01,81.63,Genova,10,Classico
GEPS07000D,MARTIN LUTHER KING,VIA STURLA 63,http://www.liceoking.edu.it/,0,10,7,10025,Genova,0,,,,,,0.0,,,,,,Genova,10,Classico
GEPS030003,GIOVANNI DOMENICO CASSINI,VIA GALATA 34,http://www.liceocassini.gov.it/,0,10,7,10025,Genova,236,86.66,83.5,89.96,90.87,27.89,6.61,96.33,3.67,7.9,85.47,81.62,Genova,10,Scientifico
GEPS080004,LUIGI LANFRANCONI,VIA AI CANTIERI 2,http://www.lanfranconi.org/,0,10,7,10025,Genova,90,84.16,79.72,88.85,88.46,27.58,6.62,94.85,5.15,10.29,85.26,71.5,Genova,10,Scientifico
GEPS050008,LEONARDO DA VINCI,VIA ARECCO 2,http://www.liceoleodavincige.gov.it/,0,10,7,10025,Genova,211,72.42,69.11,75.97,77.67,26.06,6.49,91.47,8.53,10.74,83.02,76.35,Genova,10,Scientifico
GEPS02000C,ENRICO FERMI,VIA ULANOWSKI 56,http://www.fermi.gov.it/,0,10,7,10025,Genova,130,69.79,65.92,74.0,73.77,25.9,6.65,93.11,6.89,13.01,83.38,71.11,Genova,10,Scientifico
GEPS04500R,SANTA MARIA IMMACOLATA,PZZA PAOLO DA NOVI 19,http://www.scuolaimmacolatine.it/istituto-paolo-da-novi,1,10,7,10025,Genova,35,64.87,57.89,72.52,71.14,25.03,5.87,85.71,14.29,14.29,85.02,80.0,Genova,10,Scientifico
GEPS01000T,CONVITTO CRISTOFORO COLOMBO,VIA BELLUCCI 4,http://www.convittocolombo.gov.it,0,10,7,10025,Genova,44,64.11,57.89,70.92,67.72,25.26,4.08,87.88,12.12,12.88,79.35,76.88,Genova,10,Scientifico
GEPS70500C,COLLEGIO EMILIANI,VIA PROVANA DI LEYNI 15,http://www.collegioemiliani.it/,1,10,7,10025,Genova,31,55.66,48.28,63.72,63.48,23.74,0.0,86.02,13.98,12.9,78.21,65.85,Genova,10,Scientifico
GEPM05500C,SANTA MARIA AD NIVES,VLE MODUGNO 35,http://www.nives.it/,1,10,7,10025,Genova,18,55.23,45.85,65.78,53.64,24.82,9.09,85.71,14.29,16.07,83.06,78.63,Genova,10,Scientifico
GEPS07500L,CALASANZIO,VIA NINO CERVETTO 40,http://www.calasanziogenova.it/,1,10,7,10025,Genova,13,52.89,39.49,67.63,55.36,24.05,0.0,85.19,14.81,14.81,85.65,83.0,Genova,10,Scientifico
GETF014018,ITALO CALVINO,VIA BORZOLI 21,http://www.calvino.ge.it/,0,10,7,10025,Genova,56,65.93,60.43,72.12,67.96,25.67,7.14,91.07,8.93,18.45,80.61,69.23,Genova,10,Scientifico - Scienze applicate
GETF01801G,MAJORANA - GIORGI,VIA ALLENDE 41,http://www.majorana.gov.it/,0,10,7,10025,Genova,77,61.21,56.27,66.72,67.72,24.56,6.3,85.28,14.72,15.58,80.06,69.15,Genova,10,Scientifico - Scienze applicate
GEPC085004,CASALANZIO,VIA NINO CERVETTO 40,http://www.scuolagenova.it/,1,10,7,10025,Genova,10,60.44,43.35,80.67,56.47,25.73,5.24,70.0,30.0,20.0,85.14,72.67,Genova,10,Scienze Umane
GEPM030004,PIERO GOBETTI,VIA SPINOLA DI SAN PIETRO 1,http://www.gobetti.gov.it,0,10,7,10025,Genova,58,52.32,46.54,59.07,54.76,23.99,5.61,77.71,22.29,18.86,83.17,73.08,Genova,10,Scienze Umane
GEPM04000P,SANDRO PERTINI,VIA CESARE BATTISTI 5,http://www.liceopertini.gov.it/,0,10,7,10025,Genova,122,52.02,47.79,57.12,47.93,24.73,6.36,77.6,22.4,24.04,84.19,80.32,Genova,10,Scienze Umane
GEPMN4500Z,COLLEGIO EMILIANI,VIA PROVANA DI LEYNI 15,http://www.collegioemiliani.it/,1,10,7,10025,Genova,26,24.11,14.67,37.92,19.41,21.46,6.84,60.26,39.74,32.05,77.79,77.74,Genova,10,Scienze Umane
GEPMAH500O,DUCHESSA DI GALLIERA,CSO MENTANA 27,http://www.duchessadigalliera.it/,1,10,7,10025,Genova,19,54.89,45.42,66.02,53.02,24.81,5.76,79.66,20.34,20.34,81.79,68.83,Genova,10,Scienze Umane - Economico sociale
GETL007019,FIRPO - BUONARROTI,VIA CANEVARI 51,,0,10,7,10025,Genova,22,43.04,27.51,63.28,33.27,24.34,6.92,77.27,22.73,27.27,80.18,76.4,Genova,10,Scienze Umane - Economico sociale
GEPL01500Q,GRAZIA DELEDDA,VIA BERTANI 6,http://deledda.altervista.org/,1,10,7,10025,Genova,147,78.24,74.38,82.35,78.28,27.38,8.86,83.94,16.06,9.95,89.4,88.21,Genova,10,Linguistico
GETD00301G,EUGENIO MONTALE,VIA TIMAVO 63,http://www.iscsmontalegenova.gov.it/,0,10,7,10025,Genova,196,58.21,54.73,62.12,60.11,24.76,7.23,82.99,17.01,15.65,84.9,78.02,Genova,10,Linguistico
SVSL00801R,CHIABRERA - MARTINI,VIA CABOTO 2,http://www.chiabreramartini.it/,0,9,7,9056,Savona,54,63.33,55.83,72.04,58.57,26.17,6.5,47.24,52.76,12.27,83.49,80.81,Genova,10,Artistico
GESL01000P,KLEE - BARABINO,VIA GIOVANNI MAGGIO 11,http://www.liceokleebarabino.it/home.php?m=1,0,10,7,10025,Genova,225,60.23,56.25,64.87,51.56,26.27,5.3,49.41,50.59,12.43,82.8,79.13,Genova,10,Artistico
GESD010008,EMANUELE LUZZATI,VIA GHIO 14,http://www.isachiavari.eu,0,10,7,10015,Chiavari,67,46.44,38.68,57.06,32.16,25.29,5.92,35.32,64.68,15.92,83.0,78.65,Genova,10,Artistico
GETN00701R,FIRPO - BUONARROTI,VIA CANEVARI 51,http://www.firpobuonarroti.gov.it/,0,10,7,10025,Genova,87,40.66,34.85,47.82,40.47,22.9,4.62,51.34,48.66,17.24,83.59,75.14,Genova,10,Tecnico - Economico
GETD022011,CARLO ROSSELLI,VIA GIOTTO 10,http://www.istitutorosselli.gov.it/,0,10,7,10025,Genova,90,40.38,34.64,47.33,35.36,23.45,4.05,51.11,48.89,15.56,83.37,74.97,Genova,10,Tecnico - Economico
GETD00401B,LUIGI EINAUDI,VIA CRISTOFOLI 4,http://www.ecg-genova.gov.it/,0,10,7,10025,Genova,42,40.14,32.46,49.33,39.89,22.85,5.72,57.48,42.52,16.54,87.37,78.42,Genova,10,Tecnico - Economico
GETD006013,VITTORIO EMANUELE II - RUFFINI,LGO ZECCA 4,http://www.vitemruf.gov.it/,0,10,7,10025,Genova,13,25.46,8.94,45.7,33.35,20.11,3.96,55.56,44.44,18.52,82.87,78.67,Genova,10,Tecnico - Economico
GETF01601X,GASTALDI - ABBA,VIA DINO COL 32,http://www.gastaldi-abba.gov.it/,0,10,7,10025,Genova,0,,,,,,0.0,,,,,,Genova,10,Tecnico - Economico
GETA01201X,BERNARDO MARSANO,VIA ALLA SCUOLA DI AGRICOLTURA 9,http://www.iismarsano.it,0,10,7,10025,Genova,47,46.98,38.75,57.3,43.44,24.06,5.27,44.68,55.32,15.6,85.33,77.64,Genova,10,Tecnico - Tecnologico
GETH020002,SAN GIORGIO,EDIFICIO CALATA DARSENA,http://www.itnautico.gov.it/,0,10,7,10025,Genova,248,39.91,35.72,45.25,36.75,23.17,4.85,38.84,61.16,14.65,82.08,75.82,Genova,10,Tecnico - Tecnologico
GETF00401N,GALILEO GALILEI,PZZA SOPRANIS 5,http://www.ecg-genova.gov.it,0,10,7,10025,Genova,37,,,,,,3.69,,,,,,Genova,10,Tecnico - Tecnologico
IMPS010009,GIOVAN PIETRO VIEUSSEUX,VIA TERRE BIANCHE 1,http://www.liceoimperia.gov.it,0,8,7,8031,Imperia,24,69.8,61.85,78.97,61.97,27.32,7.82,91.89,8.11,22.97,88.79,87.5,Imperia,10,Classico
IMPC040002,GIOVANNI DOMENICO CASSINI,CSO CAVALLOTTI 53,http://www.liceogdcassini.gov.it/,0,8,7,8055,Sanremo,26,68.04,60.29,76.45,62.85,26.79,7.5,91.14,8.86,12.66,89.28,86.0,Imperia,10,Classico
SVPS030004,GIORDANO BRUNO,VLE PONTELUNGO 83,http://www.liceogbruno.it/,0,9,7,9002,Albenga,30,65.04,57.63,73.61,57.89,26.66,7.68,85.87,14.13,19.57,85.54,75.77,Imperia,10,Classico
SVPS015002,DON BOSCO,VIA SAN GIOVANNI BOSCO 12,http://www.donboscoalassio.it/,1,9,7,9001,Alassio,12,47.09,35.69,61.49,43.53,24.08,6.92,88.89,11.11,30.56,82.03,78.75,Imperia,10,Scientifico
IMPS00701E,CRISTOFORO COLOMBO,PZZA EROI SANREMESI 77,http://www.iiscolombo.edu.it/,0,8,7,8055,Sanremo,24,58.07,49.43,67.9,59.78,24.76,7.14,78.08,21.92,12.33,82.75,75.87,Imperia,10,Scientifico - Scienze applicate
IMPS00702G,CRISTOFORO COLOMBO,VIA SAN FRANCESCO,http://www.iiscolombo.edu.it/,0,8,7,8059,Taggia,25,41.13,31.66,52.1,38.27,23.28,4.77,62.67,37.33,14.67,82.04,71.14,Imperia,10,Scientifico - Sportivo
IMPM009028,CARLO AMORETTI,PTTA DE NEGRI 2,http://www.liceoamorettieartistico.edu.it/,0,8,7,8031,Imperia,75,58.6,53.21,64.79,52.41,25.77,5.94,71.11,28.89,15.11,82.91,75.8,Imperia,10,Scienze Umane
SVPM02500N,REDEMPTORIS MATER,VIA LEONARDO DA VINCI 34,http://www.csdalbenga.it/,1,9,7,9002,Albenga,22,48.96,40.02,59.65,49.37,23.83,8.21,79.1,20.9,19.4,87.62,77.07,Imperia,10,Scienze Umane
IMPM009017,CARLO AMORETTI,PTTA DE NEGRI 2,http://www.liceoamorettieartistico.edu.it/,0,8,7,8031,Imperia,62,57.57,51.35,64.66,56.81,25.0,6.71,62.37,37.63,13.98,85.87,80.64,Imperia,10,Linguistico
IMSD00901L,CARLO AMORETTI,PTTA DE NEGRI 2,http://www.liceoamorettieartistico.edu.it/,0,8,7,8031,Imperia,0,,,,,,0.0,,,,,,Imperia,10,Artistico
IMTD00601E,GIOVANNI RUFFINI,VIA TERRE BIANCHE 1,http://www.iisruffini.edu.it/,0,8,7,8031,Imperia,73,44.97,37.85,53.35,45.45,23.34,3.92,39.27,60.73,10.05,88.01,75.89,Imperia,10,Tecnico - Economico
IMTD00702B,CRISTOFORO COLOMBO,PZZA EROI SANREMESI 77,http://www.iiscolombo.edu.it/,0,8,7,8055,Sanremo,26,33.67,21.91,48.07,39.08,21.39,4.47,37.97,62.03,12.66,84.97,75.29,Imperia,10,Tecnico - Economico
IMTN00402T,RUFFINI - AICARDI,CSO CAVALLOTTI 92,http://www.ruffiniaicardi.it/,0,8,7,8055,Sanremo,34,27.96,17.98,41.45,27.15,21.45,5.06,40.38,59.62,16.35,84.4,74.03,Imperia,10,Tecnico - Economico
IMTF00201D,POLO IMPERIESE,VIA SANTA LUCIA 31,http://www.polotecnologicoimperiese.edu.it/,0,8,7,8031,Imperia,105,57.94,52.73,64.06,56.24,25.16,4.63,54.43,45.57,14.24,86.38,79.14,Imperia,10,Tecnico - Tecnologico
SPPC02000X,PARENTUCELLI - ARZELA',PZZA DINO RICCHETTI,http://www.parentucelli-arzela.gov.it/,0,11,7,11027,Sarzana,31,73.87,66.55,82.18,67.18,27.67,7.07,86.17,13.83,19.15,88.7,87.0,La Spezia,10,Classico
SPPC010009,LORENZO COSTA,PZZA VERDI 15,http://www.liceocosta.it/,0,11,7,11015,La Spezia,114,63.66,59.54,68.23,61.1,25.95,8.58,90.06,9.94,15.5,91.63,82.82,La Spezia,10,Classico
SPPS01000C,ANTONIO PACINOTTI,VIA XV GIUGNO,http://www.liceopacinotti.gov.it/,0,11,7,11015,La Spezia,182,68.34,64.86,72.2,70.21,25.98,7.82,89.58,10.42,15.9,86.96,78.05,La Spezia,10,Scientifico
MSPS020002,GUGLIELMO MARCONI,VLE XX SETTEMBRE,http://lsmarconi.gov.it/,0,45,9,45003,Carrara,37,81.56,74.96,88.71,85.22,27.35,6.5,90.27,9.73,11.5,80.04,73.73,La Spezia,10,Scientifico - Scienze applicate
MSPS012014,LEONARDO DA VINCI,VIA SAN FRANCESCO 1,http://www.lunilicei.it/,0,45,9,45016,Villafranca in Lunigiana,20,74.88,65.5,85.04,77.45,26.68,7.43,78.69,21.31,9.84,84.6,77.46,La Spezia,10,Scientifico - Scienze applicate
MSTF018015,ANTONIO MEUCCI,VIA MARINA VECCHIA 230,http://www.iismeuccimassa.it/,0,45,9,45010,Massa,60,64.08,58.68,70.23,68.08,25.21,5.47,88.33,11.67,20.0,80.03,72.67,La Spezia,10,Scientifico - Scienze applicate
SPTF00601X,CAPELLINI (IS CAPELLINI - SAURO),VIA DORIA 2,http://www.capellinisauro.gov.it/,0,11,7,11015,La Spezia,78,63.74,58.83,69.43,64.64,25.54,7.05,84.68,15.32,21.28,87.67,76.42,La Spezia,10,Scientifico - Scienze applicate
MSPS01000B,ENRICO FERMI,VIA FERMI 2,http://www.liceofermimassa.edu.it/,0,45,9,45010,Massa,45,40.68,34.05,48.97,36.32,23.41,5.37,73.53,26.47,25.0,73.85,67.78,La Spezia,10,Scientifico - Sportivo
MSPSI35008,ISTITUTO NOBEL,VIA TONIOLO,http://www.istitutonobel.it,1,45,9,45003,Carrara,0,,,,,,0.0,,,,,,La Spezia,10,Scientifico - Sportivo
MSPM00201E,MONTESSORI - REPETTI,VIA MARCO POLO,http://www.montessori-repetti.edu.it/,0,45,9,45003,Carrara,48,54.82,48.08,62.54,51.09,25.03,4.67,66.9,33.1,13.79,87.21,80.85,La Spezia,10,Scienze Umane
SPPM01000D,GIUSEPPE MAZZINI,VLE ALDO FERRARI 37,http://www.liceomazzini.gov.it/new/,0,11,7,11015,La Spezia,63,51.88,46.21,58.6,50.25,24.42,6.25,74.74,25.26,18.42,86.63,83.5,La Spezia,10,Scienze Umane
MSPM00101P,PELLEGRINO ROSSI,VLE STAZIONE 49,http://www.liceorossi.gov.it/,0,45,9,45010,Massa,37,38.47,30.6,49.21,30.73,23.54,5.83,62.16,37.84,27.93,83.96,77.26,La Spezia,10,Scienze Umane
SPSL00201B,VINCENZO CARDARELLI,VIA CARDUCCI 120,http://www.istitutocardarelli.gov.it/,0,11,7,11015,La Spezia,103,53.39,47.58,60.56,42.63,25.7,7.28,43.09,56.91,14.79,89.56,84.01,La Spezia,10,Artistico
MSSL01401L,ARTEMISIA GENTILESCHI,VIA SARTESCHI 1,http://www.poloartisticogentileschi.gov.it,0,45,9,45003,Carrara,0,,,,,,0.0,,,,,,La Spezia,10,Artistico
MSSD014016,FELICE PALMA,PZZA PALMA 1,http://www.poloartisticogentileschi.gov.it/,0,45,9,45010,Massa,0,,,,,,0.0,,,,,,La Spezia,10,Artistico
SPTD110005,FOSSATI - DA PASSANO,VIA BRAGARINA 32A,http://www.fossatidapassano.gov.it/default.asp?sec=1,0,11,7,11015,La Spezia,108,48.94,43.81,55.22,44.06,24.46,6.0,54.94,45.06,16.98,88.63,80.85,La Spezia,10,Tecnico - Economico
SPTD008019,PARENTUCELLI - ARZELA',PZZA DINO RICCHETTI,http://www.parentucelli-arzela.gov.it/,0,11,7,11027,Sarzana,63,42.91,36.6,51.1,33.88,24.23,5.98,58.12,41.88,21.99,88.9,79.5,La Spezia,10,Tecnico - Economico
SPTL00201R,VINCENZO CARDARELLI,VIA CARDUCCI 120,http://www.istitutocardarelli.gov.it/,0,11,7,11015,La Spezia,35,58.06,49.04,69.21,47.8,26.2,6.81,49.06,50.94,16.04,88.46,74.54,La Spezia,10,Tecnico - Tecnologico
SPTH00601B,SAURO (IS CAPELLINI - SAURO),VLE ITALIA 88,http://www.capellinisauro.gov.it,0,11,7,11015,La Spezia,56,,,,,,4.56,,,,,,La Spezia,10,Tecnico - Tecnologico
SVPC00801R,CHIABRERA - MARTINI,VIA CABOTO 2,http://www.chiabreramartini.it/,0,9,7,9056,Savona,50,75.66,69.95,81.92,74.8,27.18,7.43,92.76,7.24,13.16,87.45,82.73,Savona,10,Classico
SVPC030001,SAN GIUSEPPE CALASANZIO,PZZA CALASANZIO 3,http://www.liceocarcare.gov.it/,0,9,7,9018,Carcare,15,61.7,51.59,73.15,53.85,26.35,6.27,89.13,10.87,17.39,85.68,84.2,Savona,10,Classico
SVPS01000V,ORAZIO GRASSI,VIA CORRIDONI 2R,http://www.liceograssi.gov.it/,0,9,7,9056,Savona,84,77.69,73.04,82.67,81.18,26.9,8.07,90.87,9.13,11.9,87.32,79.48,Savona,10,Scientifico
SVPS02000D,ARTURO ISSEL,VIA FIUME 42,http://www.liceoissel.edu.it/,0,9,7,9029,Finale Ligure,28,57.24,49.23,66.08,59.73,24.57,5.52,77.91,22.09,12.79,78.96,71.05,Savona,10,Scienze Umane
SVPM01000X,GIULIANO DELLA ROVERE,VIA MONTURBANO 8,http://www.liceodellarovere.edu.it,0,9,7,9056,Savona,64,56.64,51.22,62.88,55.31,24.96,4.98,82.29,17.71,18.75,83.43,73.74,Savona,10,Scienze Umane
SVTD01101G,BOSELLI - ALBERTI,VIA SAN GIOVANNI BOSCO 6,http://www.isbosellialberti.gov.it/,0,9,7,9056,Savona,44,66.72,60.21,73.84,66.88,25.99,4.92,78.36,21.64,12.69,85.76,72.62,Savona,10,Tecnico - Economico
SVTD00301L,FEDERICO PATETTA,CSO XXV APRILE 76,http://www.patettacairo.edu.it/,0,9,7,9015,Cairo Montenotte,30,66.15,54.92,78.81,62.02,26.43,6.92,35.87,64.13,7.61,86.3,76.83,Savona,10,Tecnico - Economico
SVTL011012,BOSELLI - ALBERTI,VIA SAN GIOVANNI BOSCO 6,http://www.isbosellialberti.gov.it/,0,9,7,9056,Savona,26,65.7,55.33,77.51,58.12,26.79,6.57,48.75,51.25,10.0,84.26,77.32,Savona,10,Tecnico - Tecnologico
SVTF00901T,FERRARIS - PANCALDO,VIA ROCCA DI LEGINO 35,http://www.ferrarispancaldo.gov.it/,0,9,7,9056,Savona,203,53.54,49.03,59.14,50.82,24.75,4.78,39.57,60.43,12.81,85.47,74.79,Savona,10,Tecnico - Tecnologico
BOPC02000A,LUIGI GALVANI,VIA CASTIGLIONE 38,http://www.liceogalvani.it/,0,37,8,37006,Bologna,96,73.65,69.25,78.44,66.48,27.7,7.67,90.66,9.34,13.49,86.2,85.48,Bologna,10,Classico
BOPC030001,MARCO MINGHETTI,VIA NAZARIO SAURO 18,http://www.liceominghetti.gov.it/,0,37,8,37006,Bologna,219,72.83,69.59,76.37,67.28,27.41,7.4,93.47,6.53,14.72,84.46,77.23,Bologna,10,Classico
BOPS030004,NICCOLO' COPERNICO,VIA GARAVAGLIA 11,http://www.copernico.bo.it/,0,37,8,37006,Bologna,73,83.65,78.79,88.83,84.2,27.97,6.35,94.06,5.94,9.59,85.24,74.23,Bologna,10,Scientifico
BOPS02000D,ENRICO FERMI,VIA MAZZINI 1722,http://www.liceofermibo.net/,0,37,8,37006,Bologna,206,81.94,78.65,85.41,84.39,27.54,7.19,95.65,4.35,8.55,83.01,75.63,Bologna,10,Scientifico
BOPS01000V,AUGUSTO RIGHI,VLE CARLO PEPOLI 3,http://www.liceorighibologna.it/pvw/app/BOLS0003/pvw_sito.php,0,37,8,37006,Bologna,135,76.66,72.83,80.74,78.27,27.01,7.9,93.33,6.67,9.88,86.17,85.04,Bologna,10,Scientifico
BOPS525001,MALPIGHI,VIA SANT'ISAIA 77,http://www.liceomalpighi.it/home/,1,37,8,37006,Bologna,26,75.02,67.37,83.58,67.88,27.86,7.47,92.5,7.5,18.75,84.99,88.83,Bologna,10,Scientifico
BOPS080005,LEONARDO DA VINCI,VIA CAVOUR 6,http://www.liceovinci.gov.it/,0,37,8,37011,Casalecchio di Reno,65,73.58,68.47,79.17,75.98,26.54,6.81,93.33,6.67,14.36,85.13,75.15,Bologna,10,Scientifico
BOPS04000P,ALBERT BRUCE SABIN,VIA GIACOMO MATTEOTTI 7,http://www.liceosabin.it/,0,37,8,37006,Bologna,26,71.41,63.65,79.51,76.51,25.96,5.15,91.14,8.86,7.59,80.79,66.86,Bologna,10,Scientifico
BOPS05500C,SANT'ALBERTO MAGNO,VIA PALESTRO 6,http://www.istitutosalbertomagno.it/,1,37,8,37006,Bologna,20,49.01,40.15,59.44,41.55,24.78,0.0,90.0,10.0,23.33,80.61,83.17,Bologna,10,Scientifico
BOPS02500L,ALESSANDRO MANZONI,VIA SCIPIONE DAL FERRO 102,http://www.scuolemanzoni.it/,1,37,8,37006,Bologna,27,40.5,32.55,49.76,41.24,22.77,0.0,82.93,17.07,19.51,81.68,72.79,Bologna,10,Scientifico
BOPSR2500M,MALPIGHI,VIA SANT'ISAIA 77,http://www.scuolemalpighi.it,1,37,8,37006,Bologna,33,67.25,60.19,74.85,68.84,25.88,5.73,88.0,12.0,12.0,82.34,76.67,Bologna,10,Scientifico - Scienze applicate
BOPSPI500D,ALESSANDRO MANZONI,VIA SCIPIONE DAL FERRO10,http://www.scuolemanzoni.it,1,37,8,37006,Bologna,30,34.38,26.08,44.22,28.95,22.78,6.47,67.39,32.61,16.3,83.44,75.43,Bologna,10,Scientifico - Sportivo
BOPM030005,LAURA BASSI,VIA SANT'ISAIA 35,http://laurabassi.edu.it/,0,37,8,37006,Bologna,97,54.72,50.16,59.85,54.72,24.57,6.1,81.23,18.77,15.02,82.47,76.31,Bologna,10,Scienze Umane
BOPMNL500M,BEATA VERGINE DI SAN LUCA,VIA JACOPO DELLA QUERCIA 1,,1,37,8,37006,Bologna,48,38.96,27.55,51.86,31.99,23.51,0.0,66.67,33.33,12.5,82.0,79.75,Bologna,10,Scienze Umane - Economico sociale
BOPM8F500M,SAN LUIGI,VIA D'AZEGLIO 55,http://www.collegiosanluigi.it/,1,37,8,37006,Bologna,20,37.28,27.91,48.58,33.05,22.98,7.42,77.42,22.58,20.97,83.79,79.14,Bologna,10,Scienze Umane - Economico sociale
BOPL02500B,MALPIGHI,VIA SANT'ISAIA 77,http://www.liceomalpighi.it/home/,1,37,8,37006,Bologna,28,64.55,56.42,73.23,67.31,25.41,6.7,77.38,22.62,8.33,83.65,78.79,Bologna,10,Linguistico
BOPL57500R,BOLDRINI,VIA PROCACCINI 262,http://linguisticointernazionale.it/,1,37,8,37006,Bologna,46,38.02,31.41,45.74,33.51,23.1,0.0,72.66,27.34,19.42,77.77,77.29,Bologna,10,Linguistico
BOSL01101L,FRANCESCO ARCANGELI,VIA MARCHETTI 22,http://www.liceoarcangeli.gov.it/drupal/,0,37,8,37006,Bologna,211,57.26,52.97,62.23,53.36,25.34,6.28,43.31,56.69,10.39,85.58,81.73,Bologna,10,Artistico
FESD009011,ALEOTTI - DOSSI,VIA BERSAGLIERI DEL PO 25B,http://www.aleottidosso.gov.it/,0,38,8,38008,Ferrara,97,56.39,50.63,63.14,50.64,25.46,6.66,46.92,53.08,12.67,86.58,80.36,Bologna,10,Artistico
BOTD080001,GAETANO SALVEMINI,VIA SANDRO PERTINI 8,http://www.salvemini.bo.it/,0,37,8,37011,Casalecchio di Reno,218,54.08,50.06,58.47,56.24,24.23,6.22,50.46,49.54,7.62,85.67,78.12,Bologna,10,Tecnico - Economico
BOTD028011,ROSA LUXEMBURG,VIA DALLA VOLTA 4,http://www.luxemburgbo.edu.it/,0,37,8,37006,Bologna,146,47.69,42.94,53.11,46.38,23.88,4.12,49.09,50.91,10.5,84.0,77.27,Bologna,10,Tecnico - Economico
BOTD027015,CRESCENZI - PACINOTTI - SIRANI,VIA SARAGOZZA 9,http://www.crescenzipacinottisirani.edu.it/,0,37,8,37006,Bologna,56,47.12,40.95,53.97,53.11,22.94,4.63,69.82,30.18,10.65,81.42,72.53,Bologna,10,Tecnico - Economico
BOTD01601P,MANFREDI -TANARI,VIALE FELSINA 40,http://www.manfreditanari.gov.it/,0,37,8,37006,Bologna,66,45.67,38.72,53.53,45.59,23.49,3.82,45.73,54.27,10.05,83.73,76.56,Bologna,10,Tecnico - Economico
BOTA00601N,ARRIGO SERPIERI,VIA PEGLION 25,http://www.istitutoserpieri.gov.it/,0,37,8,37006,Bologna,92,63.89,58.19,69.98,74.46,24.4,5.47,51.08,48.92,6.47,84.69,75.42,Bologna,10,Tecnico - Tecnologico
BOTF023014,BELLUZZI - FIORAVANTI,VIA CASSINI 3,http://www.belluzzifioravanti.it/,0,37,8,37006,Bologna,177,54.81,50.5,59.73,56.46,24.38,4.74,51.41,48.59,10.51,81.92,70.94,Bologna,10,Tecnico - Tecnologico
BOTF2S5000,BEATA VERGINE DI SAN LUCA,VIA JACOPO DELLA QUERCIA 1,http://www.salesianibologna.net/,1,37,8,37006,Bologna,24,50.19,39.26,62.19,49.01,24.16,7.47,47.3,52.7,8.11,86.37,79.97,Bologna,10,Tecnico - Tecnologico
BOTF01901C,ALDINI VALERIANI,VIA BASSANELLI 911,http://www.iav.it/home,0,37,8,37006,Bologna,288,49.31,45.35,53.95,48.38,24.03,5.41,38.8,61.2,9.24,86.42,76.08,Bologna,10,Tecnico - Tecnologico
BOTB02500D,ALESSANDRO MANZONI,VIA SCIPIONE DAL FERRO 102,http://www.scuolemanzoni.it,1,37,8,37006,Bologna,10,,,,,,6.15,,,,,,Bologna,10,Tecnico - Tecnologico
FEPC01000E,GIUSEPPE CEVOLANI,VIA MATTEOTTI 17,http://www.liceocevolani.it/,0,38,8,38004,Cento,17,77.1,67.9,87.14,72.59,27.79,7.83,98.04,1.96,11.76,85.52,75.0,Ferrara,10,Classico
FEPS01000N,ANTONIO ROITI,VLE LEOPARDI 64,http://www.liceoroiti.it/,0,38,8,38008,Ferrara,142,77.95,74.2,81.92,81.83,26.89,8.19,94.15,5.85,9.6,86.71,80.16,Ferrara,10,Scientifico
MOPS04000L,MORANDO MORANDI,VIA DIGIONE 20,http://liceomorandi.gov.it/,0,36,8,36012,Finale Emilia,31,61.97,54.16,70.32,64.63,25.12,6.9,76.34,23.66,9.68,80.93,70.5,Ferrara,10,Scienze Umane
FEPLL35007,SMILING,VIA ROVERSELLA 4,http://www.smilingservice.it/,1,38,8,38008,Ferrara,19,50.48,40.59,61.76,48.32,24.32,6.83,72.88,27.12,16.95,84.49,86.75,Ferrara,10,Linguistico
ROSD003013,BRUNO MUNARI,VIA MATTEOTTI 34,http://www.artisticocastelmassa.it/,0,29,5,29012,Castelmassa,0,,,,,,0.0,,,,,,Ferrara,10,Artistico
FETD08000Q,VITTORIO BACHELET,VIA RUGGERO BOVELLI 713,http://www.itbacheletferrara.it/,0,38,8,38008,Ferrara,148,56.41,52.31,60.92,59.25,24.43,6.99,70.27,29.73,11.71,82.97,73.85,Ferrara,10,Tecnico - Economico
FETD00101Q,RITA LEVI MONTALCINI,PLE DEGLI STUDENTI 4,http://iisap.edu.it/,0,38,8,38019,Portomaggiore,13,,,,,,5.08,,,,,,Ferrara,10,Tecnico - Economico
FETA01101X,VERGANI - NAVARRA (NAVARRA),PLE CHIAPPINI 3,http://www.verganinavarra.it/index.php/it/,0,38,8,38008,Ferrara,37,65.36,55.46,76.02,70.65,25.21,7.06,41.59,58.41,5.31,85.12,76.58,Ferrara,10,Tecnico - Tecnologico
FETL00901R,ALEOTTI - DOSSI,VIA CAMILLA RAVERA 11,http://www.aleottidosso.gov.it/,0,38,8,38008,Ferrara,27,58.37,48.13,70.19,58.76,24.96,6.47,49.38,50.62,12.35,84.75,75.98,Ferrara,10,Tecnico - Tecnologico
FETF01201C,COPERNICO - CARPEGGIANI,VIA PONTEGRADELLA 25,http://www.iiscopernico.gov.it/,0,38,8,38008,Ferrara,243,52.81,49.05,57.12,55.03,24.07,5.67,53.64,46.36,12.89,84.44,72.72,Ferrara,10,Tecnico - Tecnologico
FETF013018,LUIGI EINAUDI,VIA SAVONAROLA 32,http://www.einaudiferrara.edu.it/,0,38,8,38008,Ferrara,33,,,,,,5.59,,,,,,Ferrara,10,Tecnico - Tecnologico
FOPC04000V,GIOVANNI BATTISTA MORGAGNI,VLE ROMA 13,http://www.liceoclassicoforli.gov.it/,0,40,8,40012,Forlì,39,81.94,75.5,88.7,80.82,27.97,8.35,92.31,7.69,7.69,87.31,72.78,Forlì,10,Classico
RAPC04000C,TORRICELLI - BALLARDINI,VIA SANTA MARIA DELL'ANGELO 48,http://www.liceotorricelli-ballardini.gov.it/,0,39,8,39010,Faenza,26,73.07,65.27,81.48,77.22,26.27,8.68,91.03,8.97,11.54,84.72,78.29,Forlì,10,Classico
FOPS040002,FULCIERI PAULUCCI DI CALBOLI,VIA ALDO MORO 13,http://www.liceocalboli.gov.it/wp/,0,40,8,40012,Forlì,124,80.59,76.69,84.77,82.77,27.41,8.68,96.51,3.49,11.26,87.51,81.67,Forlì,10,Scientifico
RAPS01000Q,ALFREDO ORIANI,VIA BATTISTI 2,http://www.liceoscientificoravenna.gov.it/,0,39,8,39014,Ravenna,28,66.9,59.2,75.25,71.25,25.51,7.11,86.9,13.1,13.1,88.08,79.45,Forlì,10,Scientifico - Sportivo
FOPM002019,VALFREDO CARDUCCI,VLE MATTEOTTI 54,http://www.iisforlimpopoli.gov.it/,0,40,8,40013,Forlimpopoli,18,59.17,48.41,71.84,49.88,26.22,4.61,66.67,33.33,14.81,86.92,75.88,Forlì,10,Scienze Umane
RAPC01000L,DANTE ALIGHIERI,PZZA ANITA GARIBALDI 2,http://www.liceoclassicoalighieri.it/,0,39,8,39014,Ravenna,18,56.8,47.11,66.94,69.59,23.28,4.64,83.33,16.67,7.41,82.29,73.67,Forlì,10,Scienze Umane - Economico sociale
FOSD020007,ANTONIO CANOVA,VLE SALINATORE 17,http://www.isafo.gov.it/,0,40,8,40012,Forlì,0,,,,,,0.0,,,,,,Forlì,10,Artistico
FOTD010002,CARLO MATTEUCCI,VIA TURATI 9,http://www.itematteucci.gov.it/,0,40,8,40012,Forlì,126,55.68,50.75,61.06,60.4,24.12,5.95,52.38,47.62,7.14,86.03,76.59,Forlì,10,Tecnico - Economico
RATD01000G,ALFREDO ORIANI,VIA MANZONI 6,http://www.itcgoriani.it/,0,39,8,39010,Faenza,166,51.81,47.3,56.84,54.16,23.94,5.99,49.0,51.0,8.4,85.66,76.87,Forlì,10,Tecnico - Economico
FOTE00701P,SAFFI - ALBERTI,VIA FILIPPO TURATI 5,http://www.saffi-alberti.gov.it/wp/,0,40,8,40012,Forlì,117,59.77,54.29,65.77,68.27,24.15,5.2,44.03,55.97,6.82,82.75,73.66,Forlì,10,Tecnico - Tecnologico
FOTF03000D,GUGLIELMO MARCONI,VLE DELLA LIBERTA' 14,http://www.saffi-alberti.gov.it/wp/,0,40,8,40012,Forlì,186,57.28,53.23,61.76,64.49,24.01,6.24,57.96,42.04,9.66,84.83,75.03,Forlì,10,Tecnico - Tecnologico
FOTB00901X,FRANCESCO BARACCA,VIA MONTASPRO 94,http://www.iisbaracca.it/,0,40,8,40012,Forlì,91,48.12,41.87,55.68,43.8,24.29,5.48,41.61,58.39,11.31,85.47,80.06,Forlì,10,Tecnico - Tecnologico
MOPC020008,MURATORI - SAN CARLO,VIA CITTADELLA 50,http://www.muratorisancarlo.edu.it/,0,36,8,36023,Modena,115,71.04,66.95,75.52,67.12,26.99,8.12,91.07,8.93,13.83,86.53,89.35,Modena,10,Classico
MOPC005006,SACRO CUORE,VLE STORCHI 249,http://sacrocuore.intertechitalia.it/sacrocuore/Viewer,1,36,8,36023,Modena,15,54.91,44.55,67.13,47.07,25.53,7.6,86.67,13.33,24.44,81.79,83.83,Modena,10,Classico
MOPS02000B,ALESSANDRO TASSONI,VLE VIRGINIA REITER 66,http://liceotassoni.gov.it/,0,36,8,36023,Modena,168,80.34,76.83,84.09,81.39,27.52,7.6,96.23,3.77,10.52,84.64,75.75,Modena,10,Scientifico
MOPS050007,WILIGELMO,VLE CORASSORI 101,http://www.liceowiligelmo.it/wiligelm/index.html,0,36,8,36023,Modena,127,77.02,73.12,81.26,77.92,27.14,7.26,93.47,6.53,12.79,83.7,74.52,Modena,10,Scientifico
MOPS02500E,SACRO CUORE,VLE STORCHI 249,http://sacrocuore.intertechitalia.it/sacrocuore/Viewer,1,36,8,36023,Modena,27,65.18,57.38,73.67,62.99,26.09,6.34,85.54,14.46,12.05,81.24,80.25,Modena,10,Scientifico
MOPS01500X,DANTE ALIGHIERI,VIA SPALLANZANI 35,http://www.istitutoalighieri.it/,1,36,8,36023,Modena,23,40.1,31.17,50.94,29.99,24.02,0.0,76.81,23.19,23.19,82.21,73.06,Modena,10,Scientifico
MOPS01801C,FERMO CORNI,LGO ALDO MORO 25,http://www.istitutocorni.gov.it,0,36,8,36023,Modena,111,75.93,71.8,80.33,80.03,26.62,5.31,92.81,7.19,8.68,82.12,71.46,Modena,10,Scientifico - Scienze applicate
MOPS030002,MANFREDO FANTI,VLE PERUZZI 7,http://www.liceofanti.it/,0,36,8,36005,Carpi,74,73.91,69.01,79.2,77.03,26.5,7.73,90.54,9.46,12.16,83.0,77.38,Modena,10,Scientifico - Scienze applicate
MOPS0N500H,DANTE ALIGHIERI,VIA SPALLANZANI 3537,,1,36,8,36023,Modena,22,16.1,0.0,40.23,32.19,18.0,0.0,50.0,50.0,18.18,76.55,72.36,Modena,10,Scientifico - Sportivo
MOPM01000T,CARLO SIGONIO,VIA DEL LANCILOTTO 4,http://www.sigonio.gov.it/,0,36,8,36023,Modena,94,62.53,57.99,67.55,60.94,25.69,6.47,84.86,15.14,13.73,82.5,73.93,Modena,10,Scienze Umane
MOTE010004,FRANCESCO SELMI,VLE LEONARDO DA VINCI 300,http://www.istitutoselmi.gov.it/,0,36,8,36023,Modena,168,59.67,55.93,63.78,63.49,24.7,7.33,79.05,20.95,12.65,84.03,78.51,Modena,10,Linguistico
REPS016016,BLAISE PASCAL,VIA MAKALLE' 12,http://www.pascal.gov.it/,0,35,8,35033,Reggio nell'Emilia,44,70.64,62.45,79.63,70.02,26.55,7.14,47.76,52.24,8.21,79.2,77.07,Modena,10,Artistico
MOSD02201E,ADOLFO VENTURI,VIA RAINUSSO 66,http://www.isarteventuri.edu.it/,0,36,8,36023,Modena,188,53.09,48.22,58.66,48.96,24.87,6.03,35.99,64.01,7.98,86.5,80.7,Modena,10,Artistico
RESD01000L,GAETANO CHIERICI,VIA NOBILI 1,http://www.liceochierici-re.gov.it,0,35,8,35033,Reggio nell'Emilia,167,47.12,41.92,53.26,40.9,24.4,5.23,34.53,65.47,9.38,83.82,80.35,Modena,10,Artistico
MOTD03000T,JACOPO BAROZZI,VLE MONTE KOSICA 136,http://www.itesbarozzi.gov.it/aaa/pages/page_details.php?page_id=1,0,36,8,36023,Modena,206,44.45,40.53,49.01,43.93,23.39,5.39,56.38,43.62,14.05,81.91,71.23,Modena,10,Tecnico - Economico
MOTD02500A,SACRO CUORE,VLE STORCHI 249,http://sacrocuore.intertechitalia.it/sacrocuore/Viewer,1,36,8,36023,Modena,23,40.66,31.55,51.08,40.53,22.89,6.0,73.91,26.09,17.39,80.71,73.44,Modena,10,Tecnico - Economico
MOTD04500G,ALCIDE ZANARINI,CSO ADRIANO 13,http://www.scuolazanarini.it/web/,1,36,8,36023,Modena,21,19.09,5.42,37.61,3.81,22.12,0.0,34.92,65.08,15.87,84.95,76.17,Modena,10,Tecnico - Economico
MOTD01500Q,DANTE ALIGHIERI,VIA SPALLANZANI 35,http://www.istitutoalighieri.it/,1,36,8,36023,Modena,23,,,,,,0.0,,,,,,Modena,10,Tecnico - Economico
MOTF080005,ENRICO FERMI,VIA LUOSI 23,http://www.fermi-mo.gov.it/,0,36,8,36023,Modena,205,77.12,73.63,80.86,81.74,26.7,7.33,80.06,19.94,9.4,83.88,71.59,Modena,10,Tecnico - Tecnologico
MOTL023016,GUARINO GUARINI,VLE CORASSORI 95,http://www.istitutoguarini.edu.it/,0,36,8,36023,Modena,73,53.78,47.8,60.86,50.34,24.87,5.25,57.27,42.73,15.91,81.75,73.66,Modena,10,Tecnico - Tecnologico
MOTF01000V,FERMO CORNI,LGO ALDO MORO 25,http://www.istitutocorni.gov.it,0,36,8,36023,Modena,208,44.19,39.98,49.3,46.53,23.02,3.14,45.85,54.15,13.58,80.01,73.38,Modena,10,Tecnico - Tecnologico
PRPC010001,GIAN DOMENICO ROMAGNOSI,VLE MARIA LUIGIA 1,http://www.liceoromagnosi.gov.it/wp/,0,34,8,34027,Parma,125,74.98,71.08,79.26,71.43,27.42,7.76,95.21,4.79,15.16,85.23,79.89,Parma,10,Classico
PRPC030006,MARIA LUIGIA,BORGO LALATTA 14,http://www.marialuigia.gov.it/pvw/app/PRCN0001/pvw_sito.php,0,34,8,34027,Parma,30,57.72,50.39,66.09,55.87,25.15,6.22,89.01,10.99,14.29,85.33,83.1,Parma,10,Classico
PRPS04000X,GIACOMO ULIVI,VLE MARIA LUIGIA 3,http://www.liceoulivi.it/pvw/app/PRLS0002/pvw_sito.php,0,34,8,34027,Parma,166,82.1,78.56,85.83,83.92,27.63,8.29,94.8,5.2,7.6,87.46,77.12,Parma,10,Scientifico
PRPS030009,GUGLIELMO MARCONI,VIA COSTITUENTE 4,http://www.liceomarconipr.gov.it/,0,34,8,34027,Parma,116,82.06,78.02,86.32,85.16,27.47,7.31,94.29,5.71,9.43,86.15,84.11,Parma,10,Scientifico
PRPS05000E,ATTILIO BERTOLUCCI,VIA TOSCANA 10A,http://liceoattiliobertolucci.edu.it/,0,34,8,34027,Parma,100,79.78,75.45,84.39,81.71,27.34,6.68,91.67,8.33,8.67,84.7,86.32,Parma,10,Scientifico
PRPS015007,SAN BENEDETTO,PLE SAN BENEDETTO DA NORCIA 5,http://www.salesianiparma.it/,1,34,8,34027,Parma,22,71.88,63.37,81.21,77.22,25.98,7.22,86.76,13.24,11.76,86.27,69.22,Parma,10,Scientifico
PRPS010004,MARIA LUIGIA,BORGO LALATTA 14,http://www.marialuigia.gov.it/pvw/app/PRCN0001/pvw_sito.php,0,34,8,34027,Parma,44,53.7,47.66,60.42,55.54,24.22,4.82,93.94,6.06,17.42,81.3,78.25,Parma,10,Scientifico
PRPM010005,ALBERTINA SANVITALE,PLE SAN SEPOLCRO 3,http://www.sanvitale.net/,0,34,8,34027,Parma,135,55.69,51.81,60.06,53.6,24.93,5.93,88.21,11.79,16.22,83.53,79.0,Parma,10,Scienze Umane
REPM7R500G,GREGORIO MAGNO,VIA MONS P MARGINI 1,http://www.immaginache.it/,1,35,8,35039,Sant'Ilario d'Enza,0,,,,,,0.0,,,,,,Parma,10,Scienze Umane
MNPS007019,ETTORE SANFELICE,VIA VANONI 21,http://www.istitutosanfelice.edu.it/,0,20,3,20066,Viadana,31,54.5,47.29,62.35,60.88,23.77,7.69,88.42,11.58,12.63,86.23,77.09,Parma,10,Scienze Umane - Economico sociale
CRPC001012,GIOVANNI ROMANI,VIA TRENTO 15,http://www.poloromani.gov.it/,0,19,3,19021,Casalmaggiore,38,64.46,57.0,72.83,62.53,25.97,6.6,68.42,31.58,12.28,86.9,78.47,Parma,10,Linguistico
PRSD01000E,PAOLO TOSCHI,VLE TOSCHI 1,http://www.liceoartisticotoschi.gov.it/,0,34,8,34027,Parma,173,58.46,54.02,63.5,55.5,25.37,6.36,48.85,51.15,10.38,84.51,79.06,Parma,10,Artistico
PRTD02000E,MACEDONIO MELLONI,VLE MARIA LUIGIA 9A,http://www.itemelloni.gov.it/pvw/app/PRIT0002/pvw_sito.php,0,34,8,34027,Parma,200,56.52,52.91,60.52,55.67,24.89,6.17,73.26,26.74,12.96,83.76,74.22,Parma,10,Tecnico - Economico
PRTD04000Q,GIOVANNI BATTISTA BODONI,VLE PIACENZA 14,http://www.bodoni.pr.it/,0,34,8,34027,Parma,80,47.39,41.92,53.53,50.8,23.28,3.3,64.05,35.95,11.57,81.98,75.01,Parma,10,Tecnico - Economico
PRTD00401N,PIETRO GIORDANI,VIA LAZIO 3,http://giordaniparma.edu.it/,0,34,8,34027,Parma,28,32.17,20.62,50.01,23.71,22.88,3.51,36.9,63.1,20.24,89.35,79.02,Parma,10,Tecnico - Economico
PRTF010006,LEONARDO DA VINCI,VIA TOSCANA 10,http://www.itis.pr.it/,0,34,8,34027,Parma,249,57.02,53.47,61.02,62.08,24.23,4.62,61.76,38.24,11.23,81.68,74.24,Parma,10,Tecnico - Tecnologico
PRTA00201G,FABIO BOCCHIALINI,VLE PIACENZA 14,http://www.poloagroindustriale.gov.it/,0,34,8,34027,Parma,133,54.0,49.59,59.29,55.18,24.34,7.26,63.75,36.25,15.75,84.69,75.21,Parma,10,Tecnico - Tecnologico
PRTL01000A,CAMILLO RONDANI,VLE MARIA LUIGIA 9A,http://www.iisrondani.edu.it/,0,34,8,34027,Parma,86,46.84,41.34,53.46,42.38,24.16,6.32,58.91,41.09,13.57,82.47,72.42,Parma,10,Tecnico - Tecnologico
PCPC010004,MELCHIORRE GIOIA,VLE RISORGIMENTO 1,http://www.liceogioia.it/,0,33,8,33032,Piacenza,59,74.78,69.52,80.5,71.87,27.32,8.08,96.05,3.95,12.99,87.64,86.17,Piacenza,10,Classico
LOPS02000T,GIUSEPPE NOVELLO,VLE PAPA GIOVANNI XXIII 7,http://www.liceonovello.gov.it/,0,98,3,98019,Codogno,18,72.1,63.08,82.27,71.21,26.76,8.39,94.55,5.45,20.0,87.02,75.67,Piacenza,10,Classico
PCPS02000T,LORENZO RESPIGHI,PLE GENOVA 1,http://www.liceorespighi.it/,0,33,8,33032,Piacenza,90,81.56,77.12,86.38,80.96,27.86,7.26,94.49,5.51,13.97,87.19,84.2,Piacenza,10,Scientifico
PCPS01500A,GUGLIELMO MARCONI,VIA CORTESI 20,http://www.istitutoprivatomarconi.it/,1,33,8,33032,Piacenza,17,50.39,37.54,66.45,36.63,25.7,0.0,71.43,28.57,25.71,78.8,72.0,Piacenza,10,Scientifico
PCPM010008,GIULIA MOLINO COLOMBINI,VLE BEVERORA 51,http://www.liceicolombini.it/,0,33,8,33032,Piacenza,32,66.16,59.07,74.13,72.17,25.22,6.0,89.69,10.31,15.46,83.78,73.3,Piacenza,10,Scientifico - Scienze applicate
PCPSD7500T,SAN BENEDETTO,CORSO VITTORIO EMANUELE II 158,,1,33,8,33032,Piacenza,36,39.59,26.48,56.17,37.53,23.0,0.0,66.67,33.33,22.22,76.17,66.17,Piacenza,10,Scientifico - Sportivo
PCPS00101D,ALESSANDRO VOLTA,VIA SAURO 23,http://www.polovoltacasali.gov.it/,0,33,8,33013,Castel San Giovanni,27,51.67,43.78,60.85,55.54,23.74,6.83,85.19,14.81,20.99,84.23,80.0,Piacenza,10,Scienze Umane
PCPM79500U,GUGLIELMO MARCONI,VIA CORTESI 20,,1,33,8,33032,Piacenza,15,27.72,6.44,50.29,32.79,20.72,0.0,60.0,40.0,6.67,86.33,81.33,Piacenza,10,Scienze Umane - Economico sociale
PCTD003011,GIAN DOMENICO ROMAGNOSI,VIA CAVOUR 45,http://www.romagnosi.it/pvw/app/PCII0001/pvw_sito.php,0,33,8,33032,Piacenza,183,62.61,58.44,67.07,64.88,25.24,5.25,54.81,45.19,6.35,82.4,73.39,Piacenza,10,Tecnico - Economico
PCTD015006,GUGLIELMO MARCONI,VIA CORTESI 20,http://www.istitutoprivatomarconi.it/,1,33,8,33032,Piacenza,19,37.73,23.73,54.87,20.9,24.55,0.0,35.59,64.41,11.86,79.05,74.34,Piacenza,10,Tecnico - Economico
PCTF00601P,MARCONI - DA VINCI,VIA IV NOVEMBRE 122,http://www.isii.it/pvw/app/PCII0002/pvw_sito.php,0,33,8,33032,Piacenza,209,59.22,55.09,63.96,59.68,25.05,4.83,48.41,51.59,9.87,83.0,73.3,Piacenza,10,Tecnico - Tecnologico
PCTA00201P,RAINERI - MARCORA,STRADA AGAZZANA 35,http://www.campusagroalimentarepiacenza.it/,0,33,8,33032,Piacenza,64,52.5,45.31,60.88,54.56,24.05,6.06,43.75,56.25,10.42,83.5,74.93,Piacenza,10,Tecnico - Tecnologico
PCTL00701P,TRAMELLO - CASSINARI,VIA NEGRI 45,http://www.tramellocassinari.edu.it/,0,33,8,33032,Piacenza,43,,,,,,5.03,,,,,,Piacenza,10,Tecnico - Tecnologico
RAPS030001,GREGORIO RICCI CURBASTRO,VLE DEGLI ORSINI 6,http://www.liceolugo.gov.it/,0,39,8,39012,Lugo,22,74.6,66.28,83.27,71.47,27.33,8.31,92.54,7.46,5.97,91.47,87.8,Ravenna,10,Classico
RASL006012,NERVI - SEVERINI,VIA TOMBESI DALL'OVA 14,http://liceoartisticoravenna.gov.it/,0,39,8,39014,Ravenna,162,54.38,49.23,60.29,53.64,24.61,6.62,36.63,63.37,8.44,86.98,80.72,Ravenna,10,Artistico
RATD00301D,POLO TECNICO PROFESSIONALE,VIA LUMAGNI 26,http://www.iispololugo.edu.it/,0,39,8,39012,Lugo,86,58.87,52.91,65.33,61.78,24.72,6.39,49.61,50.39,6.98,84.74,77.81,Ravenna,10,Tecnico - Economico
RATD03000R,GIUSEPPE GINANNI,VIA CARDUCCI 11,http://www.itcginanni.it/,0,39,8,39014,Ravenna,116,55.91,51.1,61.25,58.35,24.42,5.71,60.0,40.0,10.0,83.4,73.37,Ravenna,10,Tecnico - Economico
RATF01000T,NULLO BALDINI,VIA GUGLIELMO MARCONI 2,http://www.itisravenna.gov.it/,0,39,8,39014,Ravenna,181,69.61,65.52,74.09,73.53,25.88,5.34,58.2,41.8,8.47,83.16,73.28,Ravenna,10,Tecnico - Tecnologico
RATL008013,MORIGIA - PERDISA,VIA GUGLIELMO MARCONI 6,http://www.itmorigiaperdisa.it/,0,39,8,39014,Ravenna,151,62.17,57.09,67.83,65.29,25.09,5.64,40.53,59.47,7.93,83.15,75.89,Ravenna,10,Tecnico - Tecnologico
RNPC01000V,GIULIO CESARE - VALGIMIGLI,VIA BRIGHENTI 38,http://www.liceocesarevalgimigli.it/,0,99,8,99014,Rimini,95,74.45,70.08,79.24,70.46,27.41,7.98,93.68,6.32,15.09,89.67,83.06,Rimini,10,Classico
RNPC015002,DANTE ALIGHIERI,VIA REGINA ELENA 114,http://www.karis.it/le-scuole-della-karis,1,99,8,99014,Rimini,21,72.54,64.03,81.7,71.16,26.87,7.13,90.77,9.23,12.31,88.03,90.33,Rimini,10,Classico
RNPS001018,ALESSANDRO SERPIERI,VIA SACRAMORA 52,http://www.liceoserpieri.it/,0,99,8,99014,Rimini,55,75.94,70.35,82.09,77.54,26.92,6.95,89.16,10.84,14.46,84.17,73.89,Rimini,10,Scientifico
RNPS02000L,ALBERT EINSTEIN,VIA AGNESI 2B,http://www.liceoeinstein.it/,0,99,8,99014,Rimini,147,72.84,69.07,77.01,72.03,26.84,7.62,88.46,11.54,15.38,86.97,77.49,Rimini,10,Scientifico
RNPS00500E,GEORGES LEMAITRE,VIA REGINA ELENA 114,http://www.karis.it/le-scuole-della-karis,1,99,8,99014,Rimini,18,68.74,59.35,78.9,72.24,25.83,7.41,88.89,11.11,11.11,84.27,71.17,Rimini,10,Scientifico
FOPS5G500N,LODOVICO ALMERICI,VIA DEL SEMINARIO 85,http://www.liceosportivocesena.it,1,40,8,40007,Cesena,21,46.57,36.9,57.54,49.17,23.28,5.84,69.23,30.77,10.77,80.47,70.65,Rimini,10,Scientifico - Sportivo
RNPM015006,MAESTRE PIE,VIA FLLI BANDIERA 3034,http://www.scuolemaestrepierimini.it/,1,99,8,99014,Rimini,19,54.96,44.72,66.59,46.48,25.61,8.29,70.18,29.82,15.79,92.4,80.94,Rimini,10,Scienze Umane
RNPL01500X,SAN PELLEGRINO,VIA MASSIMO D'AZEGLIO 8,http://liceo.fusp.it/,1,99,8,99005,Misano Adriatico,22,58.0,48.22,68.96,52.7,25.59,8.4,65.67,34.33,11.94,91.05,84.52,Rimini,10,Linguistico
RNSL001015,ALESSANDRO SERPIERI,VIA SACRAMORA 52,http://www.liceoserpieri.it/,0,99,8,99014,Rimini,62,60.78,53.08,69.07,63.79,24.93,4.37,38.83,61.17,5.32,85.27,78.64,Rimini,10,Artistico
RNPS060003,VOLTA - FELLINI,VIA PIACENZA 28,http://www.liceovoltariccione.it/,0,99,8,99013,Riccione,0,,,,,,0.0,,,,,,Rimini,10,Artistico
RNTD01000T,ROBERTO VALTURIO,VIA GRAZIA DELEDDA 4,http://lnx.valturio.it/web3/index.php,0,99,8,99014,Rimini,139,61.97,57.62,66.67,69.47,24.54,6.11,64.35,35.65,7.89,85.26,77.34,Rimini,10,Tecnico - Economico
RNTN01000Q,MARCO POLO,VLE REGINA MARGHERITA 2022,http://www.ittmarcopolorimini.gov.it/,0,99,8,99014,Rimini,140,59.62,54.79,64.83,61.94,24.88,5.78,49.53,50.47,5.92,81.84,73.68,Rimini,10,Tecnico - Economico
RNTD02500G,MICHELANGELO,VIA CINA 3,http://www.istitutomichelangelo.info/,1,99,8,99014,Rimini,0,,,,,,0.0,,,,,,Rimini,10,Tecnico - Economico
RNTF010004,BELLUZZI - DA VINCI,VIA ADA DE NEGRI 34,http://www.itigrimini.it/,0,99,8,99014,Rimini,231,55.35,51.35,59.85,62.5,23.78,5.12,47.84,52.16,9.08,84.13,74.27,Rimini,10,Tecnico - Tecnologico
RNTL025002,MICHELANGELO,VIA CINA 3,http://www.istitutomichelangelo.info/,1,99,8,99014,Rimini,0,,,,,,0.0,,,,,,Rimini,10,Tecnico - Tecnologico
FIPC030003,GALILEO,VIA MARTELLI 9,http://www.liceogalileofirenze.it/,0,48,9,48017,Firenze,151,76.13,72.44,80.13,71.98,27.63,8.21,91.85,8.15,12.11,87.84,82.03,Firenze,10,Classico
FIPC04000N,MICHELANGIOLO,VIA DELLA COLONNA 911,http://www.liceomichelangiolo.it/,0,48,9,48017,Firenze,125,74.75,70.81,78.96,73.54,27.12,7.03,93.09,6.91,10.11,88.09,86.92,Firenze,10,Classico
FIPC180001,SANTISSIMA ANNUNZIATA,PLE DEL POGGIO IMPERIALE 1,http://poggio-imperiale.it/poggio/,0,48,9,48017,Firenze,16,71.89,61.76,82.41,77.65,25.93,8.6,83.67,16.33,6.12,85.68,85.25,Firenze,10,Classico
FIPC001014,NICCOLO' MACHIAVELLI,VIA SANTO SPIRITO 39,http://www.liceomachiavelli-firenze.edu.it/,0,48,9,48017,Firenze,42,71.82,65.62,78.63,70.09,26.83,6.22,92.13,7.87,11.81,84.75,74.1,Firenze,10,Classico
FIPC03201Q,IS ALBERTI - DANTE,VIA PUCCINOTTI 55,http://www.iisalberti-dante.it/,0,48,9,48017,Firenze,39,69.14,62.66,76.26,61.57,27.21,7.46,90.6,9.4,15.38,89.8,84.45,Firenze,10,Classico
FIPCI25001,SANTA MARIA DEGLI ANGELI,VIA DELLA COLONNA 34,http://www.conservatorioangeli.it/,1,48,9,48017,Firenze,22,65.38,57.06,74.21,66.48,25.71,7.07,92.54,7.46,7.46,85.71,73.2,Firenze,10,Classico
FIPC05500B,SCUOLE PIE FIORENTINE,VIA LAMARMORA 35,http://www.scuolepiefiorentine.com/,1,48,9,48017,Firenze,10,42.92,30.31,57.31,40.92,23.39,0.0,81.25,18.75,15.63,78.65,84.83,Firenze,10,Classico
FIPM001018,NICCOLO' MACHIAVELLI,PZZA FRESCOBALDI 1,http://www.liceomachiavelli-firenze.edu.it/,0,48,9,48017,Firenze,45,92.48,86.36,98.92,92.34,29.11,6.07,89.63,10.37,8.89,90.96,89.86,Firenze,10,Scientifico
FIPS028017,GOBETTI - VOLTA,VIA ROMA 77A,http://www.gobettivolta.gov.it/,0,48,9,48001,Bagno a Ripoli,53,83.44,77.91,89.17,87.02,27.58,6.17,95.0,5.0,6.25,85.2,77.25,Firenze,10,Scientifico
FIPS04000R,GUIDO CASTELNUOVO,VIA LA MARMORA 20,http://www.liceocastelnuovo.gov.it/,0,48,9,48017,Firenze,175,82.12,78.6,85.84,83.1,27.74,7.31,91.44,8.56,9.13,84.59,79.16,Firenze,10,Scientifico
FIPS030006,LEONARDO DA VINCI,VIA GIOVANNI DE' MARIGNOLLI 1,http://www.liceodavincifi.gov.it/,0,48,9,48017,Firenze,98,81.62,77.32,86.16,82.15,27.73,6.82,94.9,5.1,8.5,85.44,73.73,Firenze,10,Scientifico
FIPS00901T,RUSSELL - NEWTON,VIA FABRIZIO DE ANDRE' 6,http://www.russell-newton.edu.it/,0,48,9,48041,Scandicci,35,79.5,72.87,86.57,83.74,27.03,6.37,94.39,5.61,10.28,83.49,70.5,Firenze,10,Scientifico
FIPS100007,ANTONIO GRAMSCI,VIA DEL MEZZETTA 7,http://www.liceogramsci.gov.it/,0,48,9,48017,Firenze,80,78.36,73.66,83.27,81.67,27.01,7.18,93.75,6.25,6.67,83.86,78.2,Firenze,10,Scientifico
FIPS21000P,NICCOLO' RODOLICO,VIA BALDOVINETTI 5,http://www.lsnr.it/,0,48,9,48017,Firenze,79,76.47,71.79,81.53,78.13,26.98,7.82,94.54,5.46,13.03,86.61,79.85,Firenze,10,Scientifico
FIPS08500A,DON BOSCO,VIA DEL GHIRLANDAIO 40,http://www.salesianifirenze.it/,1,48,9,48017,Firenze,17,51.7,41.81,62.67,54.95,23.81,5.0,82.69,17.31,13.46,79.61,71.5,Firenze,10,Scientifico
FIPS04500X,SCUOLE PIE FIORENTINE,VIA LA MARMORA 35,http://www.scuolepiefiorentine.com/,1,48,9,48017,Firenze,16,44.76,34.76,56.78,42.74,23.61,0.0,87.5,12.5,20.83,83.29,85.67,Firenze,10,Scientifico
FIPS065005,SANTA MARTA,VIA GABRIELE D'ANNUNZIO 209,http://www.scuolasantamartafirenze.it/,1,48,9,48017,Firenze,9,37.72,23.72,54.29,37.79,22.52,7.5,77.78,22.22,22.22,81.67,81.83,Firenze,10,Scientifico
FIPS02500P,CAVOUR - PACINOTTI,VLE MACHIAVELLI 31,http://www.cavourpacinotti.net/,1,48,9,48017,Firenze,10,37.35,23.67,53.93,35.59,22.69,0.0,68.75,31.25,21.88,89.82,87.6,Firenze,10,Scientifico
FIPL005008,PIERO CALAMANDREI,VIA GHIBELLINA 77,http://www.istitutocalamandrei.it/,1,48,9,48017,Firenze,0,,,,,,0.0,,,,,,Firenze,10,Scientifico
FIPS00500D,DANTE ALIGHIERI,VIA DI RIPOLI 88,http://www.liceosportivo.com,1,48,9,48017,Firenze,38,29.89,21.54,40.76,23.72,22.33,0.0,53.04,46.96,20.87,80.16,73.33,Firenze,10,Scientifico - Sportivo
FIPM02000L,GIOVANNI PASCOLI,VLE DON MINZONI 58,http://nuke.liceopascoli.gov.it/,0,48,9,48017,Firenze,42,59.8,53.24,67.16,58.49,25.33,7.69,81.1,18.9,14.17,82.19,74.08,Firenze,10,Scienze Umane
FIPM01901D,GALILEO GALILEI,VIA DI SCANDICCI 151,http://www.isis-galilei.fi.gov.it/,0,48,9,48017,Firenze,96,59.32,54.57,64.53,63.15,24.66,7.09,75.35,24.65,11.46,81.57,70.52,Firenze,10,Scienze Umane
FIPM00401Q,MORANTE - GINORI CONTI,VIA CHIANTIGIANA 26A,http://www.elsamorante.edu.it/,0,48,9,48017,Firenze,23,55.37,47.06,64.62,55.52,24.63,5.29,88.57,11.43,15.71,74.42,80.63,Firenze,10,Scienze Umane
FIPM00901V,RUSSELL - NEWTON,VIA FABRIZIO DE ANDRE' 6,http://www.russell-newton.edu.it/,0,48,9,48041,Scandicci,24,57.27,48.82,66.42,58.81,24.69,5.35,83.33,16.67,11.11,82.58,75.0,Firenze,10,Scienze Umane - Economico sociale
FIPMT8500I,SALESIANI DON BOSCO,VIA DEL GHIRLANDAIO 40,http://salesianifirenze.it/,1,48,9,48017,Firenze,21,38.71,28.6,50.94,33.91,23.22,6.5,63.08,36.92,18.46,77.93,68.42,Firenze,10,Scienze Umane - Economico sociale
FIPMP9500U,CAVOUR PACINOTTI,VLE MACHIAVELLI 3133,http://www.cavourpacinotti.net/,1,48,9,48017,Firenze,23,30.42,19.81,45.62,10.59,24.03,0.0,53.62,46.38,26.09,82.92,78.91,Firenze,10,Scienze Umane - Economico sociale
FIPMRR500G,PIERO CALAMANDREI,VIA GHIBELLINA 77,http://www.istitutocalamandrei.it,1,48,9,48017,Firenze,20,27.79,17.82,41.58,12.65,23.15,0.0,68.85,31.15,32.79,82.26,75.26,Firenze,10,Scienze Umane - Economico sociale
FITD028013,GOBETTI - VOLTA,VIA ROMA 77A,http://www.gobettivolta.gov.it/,0,48,9,48001,Bagno a Ripoli,114,63.24,58.81,68.07,62.64,25.66,6.48,75.22,24.78,10.5,83.59,76.19,Firenze,10,Linguistico
FITN01000P,MARCO POLO,VIA BARTOLO A CINTOIA 19A,http://www.ittmarcopolo.gov.it/,0,48,9,48017,Firenze,101,60.87,56.26,66.03,58.21,25.62,7.07,76.57,23.43,14.19,84.8,82.44,Firenze,10,Linguistico
FIPM03301Q,GIUSEPPE PEANO,VIA ANDREA DEL SARTO 6A,http://www.peano.edu.it/,0,48,9,48017,Firenze,79,52.61,47.51,58.63,51.15,24.49,6.5,76.37,23.63,18.99,80.78,77.93,Firenze,10,Linguistico
FIPL085005,SANTA MARTA,VIA GABRIELE D'ANNUNZIO 209,http://www.scuolasantamartafirenze.com/,1,48,9,48017,Firenze,0,,,,,,0.0,,,,,,Firenze,10,Linguistico
FIPL8A500L,ISTITUTO DEL SACRO CUORE,VIALE MICHELANGIOLO 2327,http://www.sacrocuore.com,1,48,9,48017,Firenze,0,,,,,,0.0,,,,,,Firenze,10,Linguistico
FIPLZD500L,CAVOUR - PACINOTTI,VIA PIAN DEI CARPINI 136,http://www.cavourpacinotti.net/,1,48,9,48017,Firenze,0,,,,,,0.0,,,,,,Firenze,10,Linguistico
FIPLV0500F,SCUOLE PIE FIORENTINE,VIA LAMARMORA 35,,1,48,9,48017,Firenze,0,,,,,,0.0,,,,,,Firenze,10,Linguistico
FISL03201Q,IS ALBERTI - DANTE,VIA SAN GALLO 68,http://www.iisalberti-dante.it/,0,48,9,48017,Firenze,98,52.62,45.97,61.11,37.64,26.11,5.15,33.45,66.55,11.82,85.59,80.58,Firenze,10,Artistico
FISD03000L,PORTA ROMANA,PZALE DI PORTA ROMANA 9,http://www.artisticoportaromanafirenze.gov.it/,0,48,9,48017,Firenze,0,,,,,,0.0,,,,,,Firenze,10,Artistico
FITD019018,GALILEO GALILEI,VIA DI SCANDICCI 151,http://www.isis-galilei.fi.gov.it/,0,48,9,48017,Firenze,65,58.72,52.33,66.0,55.77,25.4,5.24,55.9,44.1,11.28,82.01,73.21,Firenze,10,Tecnico - Economico
FITD00901N,RUSSELL - NEWTON,VIA FABRIZIO DE ANDRE' 6,http://www.russell-newton.edu.it/,0,48,9,48041,Scandicci,32,51.57,42.72,62.14,43.9,25.11,3.73,55.67,44.33,15.46,81.61,73.67,Firenze,10,Tecnico - Economico
FITD013019,SALVEMINI - DUCA D'AOSTA,VIA GIUSTI 2729,http://www.polotecnico.gov.it/,0,48,9,48017,Firenze,62,48.72,42.88,55.66,46.69,24.09,5.52,71.51,28.49,19.89,82.83,72.34,Firenze,10,Tecnico - Economico
FITD03301E,GIUSEPPE PEANO,VIA ANDREA DEL SARTO 6A,http://www.peano.edu.it/,0,48,9,48017,Firenze,45,42.23,34.8,51.81,33.66,24.1,6.54,57.35,42.65,19.85,84.4,75.53,Firenze,10,Tecnico - Economico
FITN02901R,SASSETTI - PERUZZI,VIA SAN DONATO 46,http://www.sassettiperuzzi.edu.it/,0,48,9,48017,Firenze,23,15.1,3.16,32.28,4.04,21.14,3.26,40.85,59.15,21.13,77.93,73.15,Firenze,10,Tecnico - Economico
FITL01301Q,SALVEMINI - DUCA D'AOSTA,VIA GIUSTI 2729,http://www.polotecnico.gov.it/,0,48,9,48017,Firenze,46,61.91,54.31,70.34,63.43,25.25,5.71,53.96,46.04,10.07,82.35,73.19,Firenze,10,Tecnico - Tecnologico
FITA00701G,ISTITUTO AGRARIO FIRENZE,VIA DELLE CASCINE 11,http://www.agrariofirenze.gov.it/,0,48,9,48017,Firenze,142,60.11,55.71,65.44,57.39,25.54,5.7,60.05,39.95,17.52,79.61,70.49,Firenze,10,Tecnico - Tecnologico
FITE004012,MORANTE - GINORI CONTI,VIA CHIANTIGIANA 26A,http://www.elsamorante.edu.it/,0,48,9,48017,Firenze,85,58.68,53.88,64.31,60.13,24.87,5.84,81.96,18.04,18.43,83.66,76.17,Firenze,10,Tecnico - Tecnologico
FITF010003,ANTONIO MEUCCI,VIA DEL FILARETE 17,http://www.itismeucci.gov.it/,0,48,9,48017,Firenze,175,49.06,44.57,54.67,47.32,24.1,4.69,46.3,53.7,15.37,83.18,73.98,Firenze,10,Tecnico - Tecnologico
FITF01701V,LEONARDO DA VINCI,VIA DEL TERZOLLE 91,http://www.isisdavinci.gov.it/,0,48,9,48017,Firenze,145,36.03,30.58,43.36,30.87,22.94,3.99,35.24,64.76,15.56,82.27,73.38,Firenze,10,Tecnico - Tecnologico
FITF00601C,CELLINI - TORNABUONI,VIA MASACCIO 8,http://www.cellini.firenze.it/,0,48,9,48017,Firenze,22,34.47,21.38,54.76,22.83,23.53,2.15,35.82,64.18,17.91,81.17,76.98,Firenze,10,Tecnico - Tecnologico
FITB015001,LINDBERGH FLYING SCHOOL,VIA DI RIPOLI 88,http://www.aeronauticofirenze.it/,1,48,9,48017,Firenze,11,,,,,,6.94,,,,,,Firenze,10,Tecnico - Tecnologico
FITF265001,PIERO CALAMANDREI,VIA GHIBELLINA 77,http://www.istitutocalamandrei.it,1,48,9,48017,Firenze,11,,,,,,0.0,,,,,,Firenze,10,Tecnico - Tecnologico
ARPS01901L,BENEDETTO VARCHI,VLE MATTEOTTI 50,http://www.isisvarchi.gov.it/,0,51,9,51026,Montevarchi,25,77.02,69.06,85.43,79.56,26.94,7.44,90.67,9.33,8.0,89.34,76.0,Arezzo,10,Classico
ARPC010002,FRANCESCO PETRARCA,VIA CAVOUR 44,http://www.liceo-classico.arezzo.it/web/,0,51,9,51002,Arezzo,86,72.01,67.46,76.98,70.39,26.84,7.84,93.41,6.59,14.73,89.31,80.24,Arezzo,10,Classico
ARPC001018,LUCA SIGNORELLI,VICOLO DEL TEATRO 4,http://www.istitutosignorelli.gov.it/wordpress/,0,51,9,51017,Cortona,37,67.94,61.35,75.43,64.14,26.61,9.17,91.89,8.11,17.12,89.01,86.11,Arezzo,10,Classico
ARPS002017,IS SANSEPOLCRO,LGO MONSIGNOR LUIGI DI LIEGRO 3,http://www.liceosansepolcro.it/home/,0,51,9,51034,Sansepolcro,8,49.27,32.76,70.6,46.84,24.21,8.82,88.24,11.76,29.41,93.33,93.5,Arezzo,10,Classico
ARPS02000Q,FRANCESCO REDI,VIA LEONE LEONI 38,http://www.liceorediarezzo.it/,0,51,9,51002,Arezzo,107,78.27,74.13,82.73,79.78,27.21,7.94,95.03,4.97,12.11,87.52,78.44,Arezzo,10,Scientifico
ARPS00401V,GIOVANNI DA CASTIGLIONE,VIA ROMA 2,http://www.liceocastiglione.gov.it/,0,51,9,51012,Castiglion Fiorentino,41,72.87,66.57,79.77,71.4,26.92,8.25,91.87,8.13,14.63,86.27,78.2,Arezzo,10,Scientifico
ARSD06000L,PIERO DELLA FRANCESCA,VIA XXV APRILE 86,http://www.artearezzo.it/scuola/,0,51,9,51002,Arezzo,36,61.05,54.14,68.86,62.02,25.21,6.74,83.64,16.36,18.18,90.51,81.0,Arezzo,10,Scientifico - Scienze applicate
ARPM015009,SAN BARTOLOMEO,VIA SANTA CROCE 2,http://liceosanbartolomeo.inps.gov.it/,1,51,9,51034,Sansepolcro,8,64.74,51.04,79.11,77.28,24.26,5.59,88.0,12.0,8.0,85.27,70.67,Arezzo,10,Scienze Umane
ARPM03000B,VITTORIA COLONNA,VIA PORTA BUIA 6,http://www.vittoriacolonna.com/,0,51,9,51002,Arezzo,60,62.58,57.07,68.52,67.76,24.89,6.71,85.0,15.0,11.67,86.47,81.44,Arezzo,10,Scienze Umane
ARPS02101L,GALILEO GALILEI,PZZA BONILLI 1,http://www.liceopoppi.it/,0,51,9,51031,Poppi,27,57.95,49.7,66.94,64.76,24.14,8.8,77.78,22.22,12.35,82.37,74.17,Arezzo,10,Scienze Umane
ARPM010006,GIOVANNI DA SAN GIOVANNI,PZZA PALERMO 1,http://www.liceisgv.gov.it/,0,51,9,51033,San Giovanni Valdarno,79,54.94,49.79,60.75,55.6,24.51,6.46,75.11,24.89,14.35,86.29,77.76,Arezzo,10,Scienze Umane
ARRC019015,BENEDETTO VARCHI,VIA GALILEO GALILEI 1,http://www.isisvarchi.gov.it/istitutomagiotti/,0,51,9,51026,Montevarchi,0,,,,,,0.0,,,,,,Arezzo,10,Artistico
ARTD002013,IS SANSEPOLCRO,VIA PIER DELLA FRANCESCA 43,http://www.liceosansepolcro.it/,0,51,9,51034,Sansepolcro,54,55.71,49.24,62.95,54.39,24.84,7.83,64.63,35.37,12.2,88.53,79.45,Arezzo,10,Tecnico - Economico
ARTD01201N,GALILEO GALILEI,VIA COLLE ASCENSIONE 1,http://www.liceopoppi.it/,0,51,9,51031,Poppi,16,51.16,37.46,66.29,59.4,23.15,7.1,44.0,56.0,8.0,87.82,74.14,Arezzo,10,Tecnico - Economico
ARTD008012,IS VALDARNO,VIA SANSONI 17,http://www.isisvaldarno.gov.it/,0,51,9,51033,San Giovanni Valdarno,61,49.66,42.78,57.47,47.41,24.23,6.55,50.82,49.18,10.93,89.52,79.21,Arezzo,10,Tecnico - Economico
ARTD001017,LUCA SIGNORELLI,VICOLO DEL TEATRO 4,http://www.istitutosignorelli.gov.it/wordpress/,0,51,9,51017,Cortona,34,49.39,40.96,58.92,48.82,24.0,8.67,58.25,41.75,11.65,86.17,74.47,Arezzo,10,Tecnico - Economico
ARTD02000G,BUONARROTI - FOSSOMBRONI,PZZA DELLA BADIA 2,http://www.buonarroti-fossombroni.it/,0,51,9,51002,Arezzo,119,38.12,32.8,44.48,35.5,22.89,4.57,45.94,54.06,12.61,80.63,73.1,Arezzo,10,Tecnico - Economico
ARTD001028,GUIDO MARCELLI,PZZA NENCETTI 7,http://www.scuolafoiano.edu.it/,0,51,9,51018,Foiano della Chiana,13,,,,,,6.33,,,,,,Arezzo,10,Tecnico - Economico
ARTF02000T,GALILEO GALILEI,VIA DINO MENCI 1,http://www.itis.arezzo.it/,0,51,9,51002,Arezzo,268,67.55,64.12,71.43,67.85,26.07,6.02,63.35,36.65,11.68,83.47,71.84,Arezzo,10,Tecnico - Tecnologico
ARTL01301X,BUONARROTI - FOSSOMBRONI,VIA XXV APRILE 86,http://www.buonarroti-fossombroni.it/,0,51,9,51002,Arezzo,22,,,,,,5.32,,,,,,Arezzo,10,Tecnico - Tecnologico
ARRC00701V,MARGARITONE - VASARI,VIA BENEDETTO CROCE 64,http://www.tecnicoprofessionalearezzo.gov.it/,0,51,9,51002,Arezzo,36,,,,,,6.37,,,,,,Arezzo,10,Tecnico - Tecnologico
GRPC004014,PIETRO ALDI,PZZA BENCI,http://www.pololiceale.it/,0,53,9,53011,Grosseto,44,73.21,67.2,79.55,69.39,27.24,6.81,94.03,5.97,8.21,88.3,81.38,Grosseto,10,Classico
GRPC64500E,GIOVANNI CHELLI,VIA FERRUCCI 11,http://www.fondazionechelli.org/licei,1,53,9,53011,Grosseto,0,,,,,,0.0,,,,,,Grosseto,10,Classico
GRPS004017,PIETRO ALDI,PZZA BENCI,http://www.pololiceale.it/,0,53,9,53011,Grosseto,82,77.1,72.49,82.08,77.86,27.16,7.81,94.35,5.65,13.31,89.64,81.57,Grosseto,10,Scientifico
GRPS005002,GIOVANNI CHELLI,VIA FERRUCCI 11,http://www.fondazionechelli.org/licei,1,53,9,53011,Grosseto,12,47.62,35.46,62.78,39.36,24.71,5.94,73.68,26.32,21.05,89.32,81.3,Grosseto,10,Scientifico
GRPS013012,VITTORIO FOSSOMBRONI,VIA SICILIA 45,http://isisfossombroni.edu.it/,0,53,9,53011,Grosseto,37,68.62,61.93,75.92,71.8,25.85,7.45,89.19,10.81,14.41,90.35,78.45,Grosseto,10,Scientifico - Scienze applicate
GRPM01000E,ANTONIO ROSMINI,VLE PORCIATTI 2,http://www.rosminigr.it/,0,53,9,53011,Grosseto,106,60.16,55.48,65.29,61.41,25.07,7.96,70.31,29.69,11.25,88.56,83.44,Grosseto,10,Linguistico
GRPC009017,DEL ROSSO - DA VERRAZZANO,VIA POLA 1,http://www.daverrazzano.it/,0,53,9,53018,Orbetello,23,49.79,40.93,60.35,46.22,24.4,6.89,78.26,21.74,23.19,85.7,79.67,Grosseto,10,Linguistico
GRTD03000E,VITTORIO FOSSOMBRONI,VIA SICILIA 45,http://isisfossombroni.edu.it/,0,53,9,53011,Grosseto,125,43.12,37.94,49.24,39.37,23.62,6.17,46.67,53.33,12.0,85.92,76.82,Grosseto,10,Tecnico - Economico
GRTD009016,DEL ROSSO - DA VERRAZZANO,VIA POLA 1,http://www.daverrazzano.it/,0,53,9,53018,Orbetello,30,38.13,27.78,50.58,32.87,23.21,6.7,42.86,57.14,13.19,90.87,77.48,Grosseto,10,Tecnico - Economico
GRTA006018,LEOPOLDO II DI LORENA,VIA DE' BARBERI,http://www.scuoletoscane.it/servizi/portale1/index.asp,0,53,9,53011,Grosseto,95,64.45,59.01,70.85,62.07,26.02,6.73,54.36,45.64,12.2,87.71,74.97,Grosseto,10,Tecnico - Tecnologico
GRTL01101L,MANETTI - PORCIATTI,VIA BRIGATE PARTIGIANE 19,http://www.isitgrosseto.com/,0,53,9,53011,Grosseto,88,54.05,46.98,62.79,52.2,24.71,5.54,33.0,67.0,11.36,87.93,76.09,Grosseto,10,Tecnico - Tecnologico
GRTF012018,LUCIANO BIANCIARDI,PZZA DE MARIA 31,http://www.polobianciardigrosseto.it/,0,53,9,53011,Grosseto,23,,,,,,5.22,,,,,,Grosseto,10,Tecnico - Tecnologico
PIPC00701T,GALILEI - PACINOTTI,VIA BENEDETTO CROCE 32,http://iisgalileipacinotti.it/,0,50,9,50026,Pisa,67,72.75,67.71,78.33,68.29,27.27,7.36,92.61,7.39,16.26,84.74,77.87,Livorno,10,Classico
LIPC007014,NICCOLINI - PALLI,VIA ERNESTO ROSSI 6,http://www.isisniccolinipalli.livorno.org/,0,49,9,49009,Livorno,18,70.3,61.5,79.92,63.81,27.21,5.81,98.21,1.79,14.29,88.6,96.0,Livorno,10,Classico
LIPS030007,FRANCESCO CECIONI,VIA GALILEI 5860,http://www.liceocecioni.gov.it/,0,49,9,49009,Livorno,31,81.41,74.32,89.21,80.5,27.88,7.02,91.58,8.42,13.68,89.03,78.5,Livorno,10,Scientifico
LIPS010002,FEDERIGO ENRIQUES,VIA DELLA BASSATA 1921,http://www.liceoenriques.gov.it/,0,49,9,49009,Livorno,105,80.33,76.16,84.84,78.88,27.81,7.48,94.64,5.36,11.67,86.72,79.47,Livorno,10,Scientifico
PIPS00401D,ANTONIO PESENTI,VIA ALDO MORO 6,http://antoniopesenti.edu.it,0,50,9,50008,Cascina,54,53.1,46.89,60.48,55.23,24.12,6.75,71.6,28.4,19.75,83.44,71.57,Livorno,10,Scientifico - Sportivo
LIPS02000L,ENRICO FERMI,VIA AMBROGI,http://www.fermicecina.edu.it,0,49,9,49007,Cecina,25,36.43,20.44,57.76,29.82,23.16,6.0,64.0,36.0,24.0,80.5,73.33,Livorno,10,Scientifico - Sportivo
LIPM007018,NICCOLINI - PALLI,VIA ERNESTO ROSSI 6,http://www.isisniccolinipalli.livorno.org/,0,49,9,49009,Livorno,38,56.04,48.4,64.75,59.92,24.26,4.52,64.91,35.09,14.04,85.64,73.55,Livorno,10,Scienze Umane
PIPM030002,GIOSUE' CARDUCCI,VIA SAN ZENO 3,http://www.liceocarducci.gov.it/,0,50,9,50026,Pisa,25,50.01,41.44,59.85,54.21,23.5,7.56,76.32,23.68,18.42,81.86,67.22,Livorno,10,Scienze Umane - Economico sociale
LIRC00801G,VESPUCCI - COLOMBO,VIA SAN GAETANO 25,http://vespucci.gov.it/,0,49,9,49009,Livorno,0,,,,,,0.0,,,,,,Livorno,10,Artistico
LITD00802X,VESPUCCI - COLOMBO,VIA CHIARINI 1,http://vespucci.gov.it/,0,49,9,49009,Livorno,116,42.38,37.46,48.43,39.23,23.46,5.27,56.16,43.84,17.19,81.03,72.05,Livorno,10,Tecnico - Economico
LITD02500G,ATTIAS,VIA MARRADI 132,http://www.attias.it/,1,49,9,49009,Livorno,36,,,,,,0.0,,,,,,Livorno,10,Tecnico - Economico
LITF030009,GALILEO GALILEI,VIA GALILEO GALILEI 68,http://www.galileilivorno.gov.it/,0,49,9,49009,Livorno,288,62.07,58.7,66.14,60.19,25.67,5.63,60.39,39.61,18.01,86.23,75.22,Livorno,10,Tecnico - Tecnologico
LITH00901C,BUONTALENTI-CAPPELLINI-ORLANDO,PZZA LA GIOVINE ITALIA 1,http://www.iis-bco.it/,0,49,9,49009,Livorno,84,,,,,,4.12,,,,,,Livorno,10,Tecnico - Tecnologico
LUPC00101G,NICCOLO' MACHIAVELLI,VIA DEGLI ASILI 35,http://istitutomachiavelli.gov.it/,0,46,9,46017,Lucca,40,77.79,71.44,84.69,69.88,28.28,6.69,92.5,7.5,14.17,86.43,85.33,Lucca,10,Classico
LUPC010009,GIOSUE' CARDUCCI,VIA IV NOVEMBRE 62,http://www.liceo-carducci.it/nuovo_sito/,0,46,9,46033,Viareggio,35,76.58,69.93,83.93,67.23,28.31,7.33,94.34,5.66,16.98,88.34,87.17,Lucca,10,Classico
LUPS00701N,BENEDETTI - MAJORANA,VIA ROSSA 1,http://www.isisspianalucca.gov.it/,0,46,9,46007,Capannori,38,86.56,80.17,93.22,92.01,27.73,7.88,94.83,5.17,7.76,86.28,73.33,Lucca,10,Scientifico
LUPS01000C,ANTONIO VALLISNERI,VIA DELLE ROSE 68,http://www.liceovallisneri.gov.it/liceovallisneri/index.html,0,46,9,46017,Lucca,103,80.87,76.69,85.4,78.8,27.95,8.1,96.46,3.54,14.15,84.99,83.73,Lucca,10,Scientifico
LUPS025006,LICEO SCIENTIFICO INTERNAZ LUCCA,VLE SAN CONCORDIO 135,http://www.esedrascuole.it/,1,46,9,46017,Lucca,0,,,,,,0.0,,,,,,Lucca,10,Scientifico
LUPS01601C,FERMI - GIORGI,VIA CARLO PIAGGIA 160,http://www.istitutofermi.it/,0,46,9,46017,Lucca,78,74.24,69.51,79.49,75.47,26.76,7.0,93.59,6.41,16.24,83.8,69.47,Lucca,10,Scientifico - Scienze applicate
LUPS02301G,CARLO PIAGGIA,VIA GIANNESSI 5,http://www.piaggia.it/,0,46,9,46033,Viareggio,53,46.86,40.6,54.94,42.69,24.12,5.93,70.63,29.37,27.5,81.6,74.09,Lucca,10,Scientifico - Sportivo
LUPM00101Q,PALADINI (IS MACHIAVELLI),VIA SAN NICOLAO 42,http://istitutomachiavelli.gov.it/,0,46,9,46017,Lucca,59,63.01,57.47,69.37,59.25,26.01,5.16,84.27,15.73,19.66,83.62,74.64,Lucca,10,Scienze Umane
PTPM02000A,CARLO LORENZINI,VIA SISMONDI 7,http://www.istitutolorenzinipescia.it/,0,47,9,47012,Pescia,25,60.61,52.48,69.37,70.31,24.11,6.39,85.53,14.47,11.84,88.43,86.91,Lucca,10,Scienze Umane
LUPM00301B,PASCOLI (IS BARGA),VIA DELL'ACQUEDOTTO 18,http://isibarga.gov.it/,0,46,9,46003,Barga,18,56.56,46.78,67.53,61.19,24.23,6.38,80.0,20.0,14.55,89.14,75.36,Lucca,10,Scienze Umane
LUPM03000P,CHINI - MICHELANGELO,VIA BEATA 40,http://www.liceochinimichelangelo.gov.it/,0,46,9,46005,Camaiore,76,47.19,41.81,53.76,43.77,24.07,6.42,70.18,29.82,21.49,81.53,74.51,Lucca,10,Scienze Umane
PTPS03000X,COLUCCIO SALUTATI,VLE MARCONI 71,http://www.liceosalutati.it/,0,47,9,47011,Montecatini-Terme,88,55.44,50.72,60.96,50.1,25.29,6.74,82.58,17.42,19.32,84.06,78.41,Lucca,10,Scienze Umane - Economico sociale
PTPM02500D,DON BOSCO,VIA LEONCAVALLO 17,http://www.liberidieducare.it,1,47,9,47011,Montecatini-Terme,29,39.32,30.24,52.84,31.31,23.68,7.23,58.62,41.38,32.18,85.63,74.08,Lucca,10,Scienze Umane - Economico sociale
LUPL01500A,BYRON,VLE SAN CONCORDIO 81,http://www.esedrascuole.it/,1,46,9,46017,Lucca,23,29.26,19.05,43.36,22.58,22.31,0.0,57.97,42.03,27.54,82.85,76.93,Lucca,10,Linguistico
LUSL02000X,AUGUSTO PASSAGLIA,VIA FILLUNGO 205,http://www.liceoartisticomusicalelucca.gov.it/,0,46,9,46017,Lucca,108,63.62,57.81,70.64,54.32,26.75,5.7,41.23,58.77,12.62,87.8,81.46,Lucca,10,Artistico
LUTD02000V,CARRARA - NOTTOLINI - BUSDRAGHI,VLE MARCONI 59,http://sites.google.com/site/itcarraranottolinibusdraghi/home,0,46,9,46017,Lucca,79,58.37,53.18,64.1,57.67,25.09,5.92,73.84,26.16,10.13,83.46,70.97,Lucca,10,Tecnico - Economico
LUTN01201V,SANDRO PERTINI,VLE CAVOUR 267,http://pertini.lucca.gov.it/,0,46,9,46017,Lucca,62,30.12,22.25,40.72,27.59,21.92,6.87,37.1,62.9,16.13,83.57,75.99,Lucca,10,Tecnico - Economico
LUTF01601E,FERMI - GIORGI,VIA CARLO PIAGGIA 160,http://www.istitutofermi.it/,0,46,9,46017,Lucca,150,61.77,57.34,67.19,62.45,25.33,4.38,55.88,44.12,17.74,80.35,72.91,Lucca,10,Tecnico - Tecnologico
LUTA00901P,CARRARA - NOTTOLINI - BUSDRAGHI,VIA ONACROG,http://sites.google.com/site/itcarraranottolinibusdraghi/home,0,46,9,46017,Lucca,82,52.97,46.07,61.11,51.32,24.55,5.66,37.4,62.6,10.57,84.22,75.31,Lucca,10,Tecnico - Tecnologico
MSPC00101E,PELLEGRINO ROSSI,VIA DEMOCRAZIA 26,http://www.liceorossi.gov.it/,0,45,9,45010,Massa,61,68.8,63.47,74.71,62.23,27.04,7.01,89.67,10.33,16.85,90.17,81.74,Massa,10,Classico
MSPC00201A,MONTESSORI - REPETTI,VLE XX SETTEMBRE 120,http://www.montessori-repetti.edu.it/,0,45,9,45003,Carrara,38,66.72,60.21,73.99,63.52,26.39,7.41,91.3,8.7,18.26,87.34,78.4,Massa,10,Classico
MSTD017013,ZACCAGNA - GALILEI,VLE XX SETTEMBRE 116,http://www.domenicozaccagna.gov.it/,0,45,9,45003,Carrara,27,59.46,49.98,69.86,64.48,24.53,6.08,57.32,42.68,9.76,85.02,73.4,Massa,10,Tecnico - Economico
MSRC006019,SALVETTI (IS BARSANTI),VIA XXVII APRILE 12,http://www.ebarsanti.edu.it/wpbarsanti/,0,45,9,45010,Massa,21,,,,,,2.6,,,,,,Massa,10,Tecnico - Economico
MSRI006023,FIORILLO (IS BARSANTI),VLE GALILEO GALILEI 131,http://www.ebarsanti.edu.it,0,45,9,45003,Carrara,19,,,,,,2.21,,,,,,Massa,10,Tecnico - Tecnologico
PIPS02000A,ULISSE DINI,VIA BENEDETTO CROCE 36,http://www.liceodini.it/,0,50,9,50026,Pisa,218,88.24,85.01,91.64,89.02,28.5,7.46,96.02,3.98,8.56,85.83,74.19,Pisa,10,Scientifico
PIPS04000G,FILIPPO BUONARROTI,LGO MARCHESI,http://www.liceofilippobuonarroti.it/,0,50,9,50026,Pisa,67,65.04,59.98,70.86,63.42,26.0,7.62,92.04,7.96,21.89,82.34,73.31,Pisa,10,Scientifico
PIPS02500D,SANTA CATERINA,PZZA SANTA CATERINA 6,http://www.scaterina-pisa.it/,1,50,9,50026,Pisa,0,,,,,,0.0,,,,,,Pisa,10,Scientifico
PISD05000L,FRANCO RUSSOLI,VIA SAN FREDIANO 13,http://www.liceoartisticorussoli.gov.it/,0,50,9,50026,Pisa,0,,,,,,0.0,,,,,,Pisa,10,Artistico
PITD00701R,GALILEI - PACINOTTI,VIA BENEDETTO CROCE 34,http://iisgalileipacinotti.it/,0,50,9,50026,Pisa,87,55.11,50.11,60.84,55.71,24.54,6.18,72.62,27.38,15.59,84.5,74.07,Pisa,10,Tecnico - Economico
PITD004019,ANTONIO PESENTI,VIA ALDO MORO 6,http://www.antoniopesenti.edu.it/,0,50,9,50008,Cascina,21,,,,,,5.19,,,,,,Pisa,10,Tecnico - Economico
PITL00301X,SANTONI - GAMBACAORTI,LGO MARCHESI,http://www.e-santoni.org/,0,50,9,50026,Pisa,110,55.83,50.85,62.18,45.06,25.99,6.03,57.27,42.73,20.91,82.66,71.67,Pisa,10,Tecnico - Tecnologico
PITF01000T,DA VINCI - FASCETTI,VIA CONTESSA MATILDE 74,http://www.davincifascetti.it/,0,50,9,50026,Pisa,137,49.4,44.47,55.94,45.59,24.38,5.47,47.09,52.91,19.66,81.6,72.31,Pisa,10,Tecnico - Tecnologico
PTPC01000G,NICCOLO' FORTEGUERRI,CSO GRAMSCI 148,http://www.liceoforteguerripistoia.it/,0,47,9,47014,Pistoia,41,78.8,72.69,85.36,72.88,28.17,7.31,96.8,3.2,11.2,88.88,80.25,Pistoia,10,Classico
POPC001014,CICOGNINI - RODARI,VIA GALCIANESE 204,http://www.cicogninirodari.prato.gov.it/,0,100,9,100005,Prato,55,74.81,69.31,80.68,73.2,27.17,6.11,92.77,7.23,11.45,89.14,82.25,Pistoia,10,Classico
POPC02000C,CONVITTO CICOGNINI,PZZA DEL COLLEGIO 13,http://www.convitto-cicognini.prato.gov.it/,0,100,9,100005,Prato,30,53.59,46.27,62.03,49.8,24.89,5.35,90.0,10.0,20.0,88.44,81.44,Pistoia,10,Classico
PTPS01000P,AMEDEO DI SAVOIA,VLE ADUA 187,http://liceosavoia.gov.it/,0,47,9,47014,Pistoia,66,83.86,78.79,89.1,87.88,27.58,7.43,93.5,6.5,5.5,86.24,79.0,Pistoia,10,Scientifico
PTPS3N5004,SUORE MANTELLATE,CSO FEDI 23,,1,47,9,47014,Pistoia,0,,,,,,0.0,,,,,,Pistoia,10,Scientifico
PTTD020005,FILIPPO PACINI,CSO GRAMSCI 43,http://www.itcspacini.it/,0,47,9,47014,Pistoia,58,77.35,72.01,83.0,83.48,26.55,5.87,94.29,5.71,8.57,82.93,67.9,Pistoia,10,Scientifico - Scienze applicate
POPM001018,CICOGNINI - RODARI,VIA GALCIANESE 204,http://www.cicogninirodari.prato.gov.it/,0,100,9,100005,Prato,107,61.01,56.7,65.68,63.29,25.05,4.9,85.71,14.29,11.49,81.23,78.63,Pistoia,10,Scienze Umane
POPS02000G,NICCOLO' COPERNICO,VIA BORGOVALSUGANA 63,http://www.copernico.prato.it/,0,100,9,100005,Prato,95,64.55,59.85,69.69,65.99,25.57,7.08,77.35,22.65,11.5,86.1,80.08,Pistoia,10,Linguistico
POPS00301V,CARLO LIVI,VIA ANTONIO MARINI 9,http://www.livi.prato.gov.it/,0,100,9,100005,Prato,101,64.4,59.73,69.55,62.99,25.9,5.86,74.59,25.41,12.21,86.96,82.51,Pistoia,10,Linguistico
POSD003019,CARLO LIVI,VIA MARONCELLI 33,http://www.livi.prato.gov.it/,0,100,9,100003,Montemurlo,73,68.37,60.79,77.57,60.61,27.14,3.96,34.25,65.75,10.5,83.55,83.28,Pistoia,10,Artistico
PTSD010005,POLICARPO PETROCCHI,PZZETTA SAN PIETRO 4,http://liceoartisticopistoia.gov.it/,0,47,9,47014,Pistoia,138,56.72,51.16,63.48,46.67,26.01,4.55,35.75,64.25,11.59,84.65,82.15,Pistoia,10,Artistico
PTTD050001,ALDO CAPITINI,VIA GOLDONI 11,http://www.aldocapitini.gov.it/,0,47,9,47002,Agliana,121,55.98,51.16,61.44,55.63,24.76,4.5,57.3,42.7,11.57,84.34,75.29,Pistoia,10,Tecnico - Economico
POTF010003,TULLIO BUZZI,VLE DELLA REPUBBLICA 9,http://www.itistulliobuzzi.it/,0,100,9,100005,Prato,339,69.25,66.08,72.72,73.15,25.84,4.99,65.0,35.0,9.93,85.18,75.86,Pistoia,10,Tecnico - Tecnologico
PTTF01000R,FEDI - FERMI,VIA PANCONI 14,http://www.ittfedifermi.gov.it/,0,47,9,47014,Pistoia,191,60.17,56.1,64.93,61.02,25.12,5.18,54.7,45.3,13.59,84.19,73.52,Pistoia,10,Tecnico - Tecnologico
POTL002019,GRAMSCI - KEYNES,VIA DI REGGIANA 106,http://www.istitutogk.it/,0,100,9,100005,Prato,35,48.23,39.39,59.56,45.77,24.08,3.28,50.94,49.06,17.92,79.04,74.21,Pistoia,10,Tecnico - Tecnologico
PORC01000D,FRANCESCO DATINI,VIA DI REGGIANA 26,http://www.datiniprato.edu.it/,0,100,9,100005,Prato,18,40.96,28.58,55.35,49.55,21.88,3.03,50.0,50.0,11.11,80.04,71.7,Pistoia,10,Tecnico - Tecnologico
POPS002013,GRAMSCI - KEYNES,VIA DI REGGIANA 106,http://www.istitutogk.it/,0,100,9,100005,Prato,16,59.37,49.8,70.19,58.59,25.22,5.29,95.83,4.17,18.75,88.15,69.5,Prato,10,Scientifico
POPS010001,CONVITTO CICOGNINI,PZZA DEL COLLEGIO 13,http://www.convitto-cicognini.prato.gov.it/,0,100,9,100005,Prato,28,55.83,47.82,64.75,58.78,24.35,5.52,77.91,22.09,10.47,84.96,78.89,Prato,10,Scientifico
POPS00500D,CONSERVATORIO SAN NICCOLO',PZZA CARDINALE NICCOLO' 6,http://sniccolo.it/,1,100,9,100005,Prato,19,43.27,32.35,56.44,42.11,23.33,5.14,92.11,7.89,23.68,82.14,72.67,Prato,10,Scientifico
POPS9T5004,LEONARDO DA VINCI,VIA FIRENZE 6A,http://www.istitutoleonardodavinciparitario.it/,1,100,9,100005,Prato,0,,,,,,0.0,,,,,,Prato,10,Scientifico - Sportivo
FIPM01801N,ANNA MARIA ENRIQUES AGNOLETTI,VIA ATTILIO RAGIONIERI 47,http://www.liceoagnoletti.edu.it/,0,48,9,48043,Sesto Fiorentino,57,61.19,55.67,67.3,62.4,25.2,5.7,88.89,11.11,14.62,82.81,75.11,Prato,10,Scienze Umane
POTD01000R,PAOLO DAGOMARI,VIA DI REGGIANA 86,http://www.itesdagomari.edu.it/,0,100,9,100005,Prato,96,49.8,43.9,56.77,47.05,24.31,3.42,44.83,55.17,10.69,84.02,73.66,Prato,10,Tecnico - Economico
POTD00201V,GRAMSCI - KEYNES,VIA DI REGGIANA 106,http://www.istitutogk.it/,0,100,9,100005,Prato,80,48.01,42.17,54.95,45.12,24.11,4.56,55.42,44.58,13.75,83.25,77.06,Prato,10,Tecnico - Economico
SIPS010009,ALESSANDRO VOLTA,VLE DEI MILLE 1012,http://www.liceovolta.org/,0,52,9,52012,Colle di Val d'Elsa,23,82.58,74.45,91.19,78.87,28.35,8.15,91.55,8.45,8.45,85.38,84.33,Siena,10,Classico
SIPC002018,ENEA SILVIO PICCOLOMINI,PRATO SANT'AGOSTINO 2,http://www.piccolominisiena.it/,0,52,9,52032,Siena,49,74.85,69.1,81.01,69.87,27.58,7.92,93.29,6.71,10.74,87.83,91.2,Siena,10,Classico
SIPS03000E,GALILEO GALILEI,VIA BATTISTI 13,http://www.galilei.siena.it/,0,52,9,52032,Siena,142,83.37,79.64,87.32,83.54,27.98,7.95,95.33,4.67,9.11,89.86,86.1,Siena,10,Scientifico
SIPS01500C,SACRO CUORE DI GESU',VIA CAMPANSI 31,http://www.sacrocuoresiena.it/,1,52,9,52032,Siena,14,54.67,43.76,67.58,52.8,24.78,5.5,83.33,16.67,23.81,86.94,80.86,Siena,10,Scientifico
SITF020002,TITO SARROCCHI,VIA CARLO PISACANE 3,http://www.sarrocchi.it/,0,52,9,52032,Siena,104,77.33,73.1,81.82,78.86,27.1,7.14,92.68,7.32,9.24,86.87,80.13,Siena,10,Scientifico - Scienze applicate
SITF00801C,GIUSEPPE RONCALLI,VIA SENESE 230,http://www.iisroncalli.gov.it/,0,52,9,52022,Poggibonsi,29,72.24,64.64,80.6,76.87,26.11,6.42,85.23,14.77,13.64,83.51,75.15,Siena,10,Scientifico - Scienze applicate
SIPM003018,SAN GIOVANNI BOSCO - CENNINI,VIA DEI MILLE 12A,http://www.istitutosangiovannibosco.net/,0,52,9,52012,Colle di Val d'Elsa,42,61.45,54.6,68.7,66.25,24.8,6.87,73.44,26.56,7.81,82.97,75.12,Siena,10,Scienze Umane
SIPM00202D,ENEA SILVIO PICCOLOMINI,PRATO SANT'AGOSTINO 2,http://www.piccolominisiena.it/,0,52,9,52032,Siena,57,55.46,49.91,61.64,53.49,24.89,6.94,86.71,13.29,15.03,87.65,84.09,Siena,10,Scienze Umane
SITE00401A,MONNA AGNESE (IS CASELLI),VIA DEL POGGIO 16,http://www.monnagnese.it/,0,52,9,52032,Siena,56,59.03,53.01,65.63,58.65,25.13,6.98,73.53,26.47,11.76,85.1,84.27,Siena,10,Linguistico
SITD011012,BANDINI (IS BANDINI),VIA CESARE BATTISTI 11,http://www.istitutobandini.it/,0,52,9,52032,Siena,43,52.61,45.45,60.69,47.14,24.97,5.54,64.89,35.11,11.45,80.4,73.72,Siena,10,Tecnico - Economico
SITD008016,GIUSEPPE RONCALLI,VIA SENESE 230,http://www.iisroncalli.gov.it/,0,52,9,52022,Poggibonsi,82,47.2,41.06,54.34,39.8,24.55,5.73,48.37,51.63,10.16,90.93,78.83,Siena,10,Tecnico - Economico
SITA01000P,BETTINO RICASOLI,VIA SCACCIAPENSIERI 8,http://www.iisricasoli.it/index.htm,0,52,9,52032,Siena,72,69.89,63.52,76.97,71.89,26.15,5.53,50.69,49.31,8.76,84.15,74.15,Siena,10,Tecnico - Tecnologico
PGPC01000X,ANNIBALE MARIOTTI,PZZA SAN PAOLO 3,http://www.liceomariotti.gov.it/,0,54,10,54039,Perugia,156,78.08,74.46,82.0,74.86,27.76,8.32,94.24,5.76,13.22,89.28,84.48,Perugia,10,Classico
PGPC00500C,MARIA MONTESSORI,VIA FONTI COPERTE 38D,http://www.centrointernazionalemontessori.com/,1,54,10,54039,Perugia,0,,,,,,0.0,,,,,,Perugia,10,Classico
PGPS030008,GALEAZZO ALESSI,VIA D'ANDREOTTO 19,http://liceoalessi.org/,0,54,10,54039,Perugia,213,77.62,74.36,81.11,80.41,26.98,7.85,94.84,5.16,11.56,86.72,89.0,Perugia,10,Scientifico
PGPS09000X,GALILEO GALILEI,VIA CARLO MANUALI 12,http://galileipg.gov.it/,0,54,10,54039,Perugia,280,75.65,72.64,78.93,76.26,27.0,8.46,93.33,6.67,14.17,87.21,79.07,Perugia,10,Scientifico
PGPS00500G,MARIA MONTESSORI,VIA FONTI COPERTE 38D,http://www.centrointernazionalemontessori.com/,1,54,10,54039,Perugia,0,,,,,,0.0,,,,,,Perugia,10,Scientifico
PGTE01000A,GIORDANO BRUNO,VIA ANGELUCCI 1,http://www.iisgiordanobruno.it/,0,54,10,54039,Perugia,46,61.73,55.58,68.51,67.39,24.73,5.25,86.23,13.77,15.22,80.37,75.84,Perugia,10,Scientifico - Scienze applicate
PGPS02000N,GUGLIELMO MARCONI,VIA ISOLABELLA 1,http://www.scientificofoligno.it/,0,54,10,54018,Foligno,41,47.86,41.3,55.35,48.34,23.68,7.28,83.74,16.26,18.7,80.7,72.35,Perugia,10,Scientifico - Sportivo
PGPC07000G,SESTO PROPERZIO,VIA PADRE LUDOVICO DA CASORIA 3,http://www.liceoassisi.it/,0,54,10,54001,Assisi,43,61.21,54.76,68.61,55.39,26.04,7.38,82.31,17.69,19.23,84.2,77.91,Perugia,10,Scienze Umane
PGPM010004,ASSUNTA PIERALLI,PLE ANNA FRANK 11,http://www.istitutopieralli.it/,0,54,10,54039,Perugia,116,49.97,45.87,54.63,50.87,23.89,6.58,88.57,11.43,19.43,85.6,80.78,Perugia,10,Scienze Umane
PGSD03000P,BERNARDINO DI BETTO,VIA LUIGI CANALI 27,http://www.omnicomprensivodibetto.gov.it/,0,54,10,54039,Perugia,86,45.51,38.76,54.06,33.64,24.89,5.37,37.07,62.93,13.13,82.17,77.28,Perugia,10,Artistico
PGSD03601P,ALPINOLO MAGNINI,PZZA DEI CONSOLI 3,http://www.omnicomprensivoderuta.gov.it/,0,54,10,54017,Deruta,0,,,,,,0.0,,,,,,Perugia,10,Artistico
PGTD11000Q,CAPITINI-V EMANUELE II-DI CAMBIO,VLE CENTOVA 4,http://www.itcperugia.gov.it/,0,54,10,54039,Perugia,117,47.07,42.39,52.36,49.29,23.38,5.31,63.82,36.18,12.54,81.74,74.69,Perugia,10,Tecnico - Economico
PGTDQF500A,LEONARDI,VIA ANGELONI 57,http://www.istitutoparitarioleonardi.it,1,54,10,54039,Perugia,0,,,,,,0.0,,,,,,Perugia,10,Tecnico - Economico
PGTL02301C,CAPITINI-V EMANUELE II-DI CAMBIO,VLE CENTOVA 4,http://www.itcperugia.gov.it/,0,54,10,54039,Perugia,30,58.13,47.5,70.35,54.44,25.42,5.93,41.11,58.89,10.0,84.46,73.08,Perugia,10,Tecnico - Tecnologico
PGTF010005,ALESSANDRO VOLTA,VIA ASSISANA 40E,http://www.avolta.pg.it,0,54,10,54039,Perugia,298,49.47,45.69,53.96,47.6,24.16,6.2,42.68,57.32,11.51,83.34,74.3,Perugia,10,Tecnico - Tecnologico
TRPC020006,GAIO CORNELIO TACITO,VLE ANTONIO FRATTI 12,http://www.tacitotr.gov.it/,0,55,10,55032,Terni,98,73.28,68.99,77.91,70.02,27.18,8.79,94.58,5.42,11.86,92.11,91.75,Terni,10,Classico
PGPC02601E,SANSI - LEONARDI - VOLTA,PZZA CARDUCCI,http://www.liceospoleto.gov.it/Menu.html,0,54,10,54051,Spoleto,23,63.25,55.12,72.17,60.72,25.89,7.38,92.86,7.14,14.29,87.86,87.8,Terni,10,Classico
TRPS020009,GALILEO GALILEI,VIA I MAGGIO 78,http://www.galileiterni.gov.it/,0,55,10,55032,Terni,141,76.34,72.57,80.36,80.12,26.71,8.41,93.38,6.62,9.69,88.84,83.79,Terni,10,Scientifico
TRPS03000X,RENATO DONATELLI,VIA DELLA VITTORIA 35,http://scuole.provincia.tr.it/ls_donatelli/,0,55,10,55032,Terni,63,73.0,67.78,78.64,77.41,26.23,7.97,91.05,8.95,12.11,86.6,73.53,Terni,10,Scientifico
RIPS01000D,CARLO JUCCI,PZZA SAN FRANCESCO,http://www.liceocarlojucci.it/,0,57,12,57059,Rieti,27,56.1,48.36,65.03,49.63,25.51,6.63,86.75,13.25,21.69,77.18,69.18,Terni,10,Scientifico - Sportivo
TRPS001011,MAHATMA GANDHI,VIA DEI GAROFANI 4,http://www.gandhinarni.edu.it,0,55,10,55022,Narni,24,55.88,47.02,66.31,58.11,24.44,7.7,72.97,27.03,17.57,82.09,70.55,Terni,10,Scientifico - Sportivo
TRPM01000Q,FRANCESCO ANGELONI,VIA BATTISTI 100,http://liceiangeloniterni.gov.it/,0,55,10,55032,Terni,65,51.94,46.4,58.22,53.09,24.1,7.64,76.92,23.08,15.9,83.84,80.49,Terni,10,Scienze Umane
TRPM001012,MAHATMA GANDHI,VIA DEI GAROFANI 4,http://www.gandhinarni.edu.it,0,55,10,55022,Narni,28,41.45,32.95,50.7,42.61,22.84,6.67,68.6,31.4,10.47,84.27,77.63,Terni,10,Scienze Umane
PGSD026025,SANSI - LEONARDI - VOLTA,VIA XX SETTEMBRE 1,http://www.liceospoleto.gov.it,0,54,10,54051,Spoleto,24,56.05,44.29,70.45,46.69,25.85,5.39,41.67,58.33,12.5,86.6,81.12,Terni,10,Artistico
TRSD011012,ORNEORE METELLI,PZA BRICCIALDI 6,http://www.liceoartisticoterni.it,0,55,10,55032,Terni,0,,,,,,0.0,,,,,,Terni,10,Artistico
TRTD00701Q,CASAGRANDE - CESI,LGO PAOLUCCI 1,http://www.casagrandecesi.gov.it/,0,55,10,55032,Terni,60,50.56,44.13,57.67,49.41,24.2,6.91,59.67,40.33,10.5,88.08,75.6,Terni,10,Tecnico - Economico
TRTD006021,IST OMNIC AMELIA,PZZA DE SICA 5,http://www.omnicomprensivoamelianarni.edu.it/,0,55,10,55022,Narni,32,47.71,38.61,58.86,38.49,24.83,6.94,52.58,47.42,17.53,87.88,76.11,Terni,10,Tecnico - Economico
TRTF030002,ALLIEVI - SANGALLO,VIA CESARE BATTISTI 131,http://ittterni.edu.it/,0,55,10,55032,Terni,125,40.46,34.75,47.8,40.78,22.82,5.82,36.87,63.13,13.53,91.19,78.08,Terni,10,Tecnico - Tecnologico
TRTL001017,MAHATMA GANDHI,VIA DEI GAROFANI 4,http://www.gandhinarni.edu.it,0,55,10,55022,Narni,18,,,,,,6.86,,,,,,Terni,10,Tecnico - Tecnologico
ANPS009016,CORRIDONI - CAMPANA,VIA ALDO MORO 3,http://www.corridoni-campana.it/,0,42,11,42034,Osimo,24,85.06,77.21,93.41,81.65,28.62,8.29,95.89,4.11,10.96,90.96,92.0,Ancona,10,Classico
ANPC010006,CARLO RINALDINI,VIA CANALE 1,http://rinaldini.gov.it/,0,42,11,42002,Ancona,66,77.41,72.35,82.8,74.33,27.66,8.3,94.44,5.56,10.1,92.7,87.09,Ancona,10,Classico
ANPS03000E,GALILEO GALILEI,VIA SALVADOR ALLENDE GOSSENS,http://www.liceogalileiancona.gov.it/,0,42,11,42002,Ancona,142,83.54,79.77,87.49,83.05,28.08,7.75,93.66,6.34,8.69,88.7,84.04,Ancona,10,Scientifico
ANPS012012,SAVOIA - BENINCASA,VIA MARCELLO MARINI 35,http://www.savoiabenincasa.gov.it/,0,42,11,42002,Ancona,56,75.41,70.01,81.02,79.43,26.57,6.88,95.27,4.73,7.1,86.24,87.63,Ancona,10,Scientifico
ANPS00500T,COLLEGE CAGGIARI,VIA BARILATTI,http://www.istcaggiari.it/,1,42,11,42002,Ancona,11,28.61,16.01,45.78,8.03,23.9,0.0,78.79,21.21,36.36,80.35,80.29,Ancona,10,Scientifico
ANPS01401N,VOLTERRA - ELIA,VIA ESINO 36,http://www.iisve.gov.it,0,42,11,42002,Ancona,24,77.08,69.0,85.55,85.18,26.28,6.78,91.67,8.33,8.33,82.64,73.17,Ancona,10,Scientifico - Scienze applicate
ANPS040005,LEONARDO DA VINCI,VLE GIUSEPPE VERDI 23,http://www.liceodavincijesi.gov.it/,0,42,11,42021,Jesi,20,70.21,61.41,79.73,72.9,26.1,6.43,91.67,8.33,13.33,82.04,63.0,Ancona,10,Scientifico - Sportivo
ANPS00201B,CAMBI - SERRANI,VIA SANTORRE DI SANTAROSA 2A,http://lnx.cambiserrani.it/cambiserrani/,0,42,11,42018,Falconara Marittima,23,58.85,50.41,67.84,63.33,24.52,5.09,85.71,14.29,10.0,85.1,70.6,Ancona,10,Scientifico - Sportivo
ANPC060007,VITTORIO EMANUELE II,CSO MATTEOTTI 48,http://www.liceoclassicojesi.gov.it/,0,42,11,42021,Jesi,72,66.47,61.43,71.83,70.28,25.52,8.34,87.1,12.9,9.68,87.52,82.21,Ancona,10,Scienze Umane
MCPC09000R,GIACOMO LEOPARDI,PLE GIGLI 2,http://www.liceorecanati.it/,0,43,11,43044,Recanati,65,60.08,54.91,65.69,60.95,25.11,7.95,90.77,9.23,13.33,87.25,82.44,Ancona,10,Scienze Umane
ANPM3A500M,COLLEGE CAGGIARI,VIA BARILATTI 47,http://www.istcaggiari.it/,1,42,11,42002,Ancona,17,21.62,9.68,40.17,3.82,22.73,0.0,55.77,44.23,30.77,85.86,76.17,Ancona,10,Scienze Umane - Economico sociale
ANTD01201T,SAVOIA - BENINCASA,VIA MARCELLO MARINI 35,http://www.savoiabenincasa.gov.it/,0,42,11,42002,Ancona,35,42.47,34.41,51.92,36.47,23.82,5.4,61.68,38.32,16.82,79.68,74.22,Ancona,10,Tecnico - Economico
ANTD03500D,LUCIA CAGGIARI,VIA BARILATTI 47,http://www.istcaggiari.it/,1,42,11,42002,Ancona,21,,,,,,0.0,,,,,,Ancona,10,Tecnico - Economico
ANTE00401A,VANVITELLI - STRACCA - ANGELINI,VIA UMBERTO TREVI 4,http://www.istvas.it/,0,42,11,42002,Ancona,97,61.02,56.22,66.67,58.01,25.68,6.5,71.82,28.18,19.24,82.91,73.83,Ancona,10,Tecnico - Tecnologico
ANTF01401Q,VOLTERRA - ELIA,VIA ESINO 36,http://www.iisve.gov.it,0,42,11,42002,Ancona,206,60.27,56.25,64.91,57.64,25.55,5.85,52.74,47.26,13.06,85.98,76.08,Ancona,10,Tecnico - Tecnologico
ANTF01301X,PODESTI - CALZECCHI ONESTI,STRADA DI PASSO VARANO 17,http://www.podestionesti.edu.it/,0,42,11,42002,Ancona,51,,,,,,5.48,,,,,,Ancona,10,Tecnico - Tecnologico
APPC02000B,STABILI - TREBBIANI,VLE VELLEI 10,http://www.liceostabilitrebbiani.gov.it/,0,44,11,44007,Ascoli Piceno,67,69.29,64.27,74.73,69.65,26.27,8.31,94.53,5.47,13.43,88.56,78.73,Ascoli Piceno,10,Classico
TEPC01201L,DELFICO - MONTAUTI,PZZA DANTE 20,http://www.liceoclassicoteramo.gov.it/,0,67,13,67041,Teramo,104,63.45,59.29,67.97,61.79,25.81,8.67,96.47,3.53,14.1,87.14,75.82,Ascoli Piceno,10,Classico
APPS01201L,ORSINI - LICINI,VIA FALERIA 4,http://www.iisorsiniliciniap.edu.it/,0,44,11,44007,Ascoli Piceno,98,77.95,73.65,82.47,81.75,26.9,7.2,94.28,5.72,8.75,82.4,78.88,Ascoli Piceno,10,Scientifico
TEPS010003,ALBERT EINSTEIN,VIA STURZO 5,http://liceoeinsteinte.it/,0,67,13,67041,Teramo,119,75.25,71.27,79.49,76.73,26.85,8.71,95.24,4.76,10.64,88.69,83.24,Ascoli Piceno,10,Scientifico
TEPS001019,PEANO - ROSA,VLE EUROPA 15,http://www.peanorosaonline.edu.it/,0,67,13,67031,Nereto,41,67.96,61.66,74.67,73.56,25.48,8.28,91.13,8.87,10.48,91.65,79.91,Ascoli Piceno,10,Scientifico
TEPS04000V,MELCHIORRE DELFICO,PZZA DANTE 20,http://www.convittoteramo.gov.it/,0,67,13,67041,Teramo,48,63.33,57.53,69.63,65.1,25.39,7.78,94.44,5.56,14.58,85.93,78.5,Ascoli Piceno,10,Scientifico
TEPS335003,GUGLIELMO CAMELI,VIA VESPUCCI,http://istituticameli.edu.it/,1,67,13,67041,Teramo,0,,,,,,0.0,,,,,,Ascoli Piceno,10,Scientifico - Scienze applicate
TEPM010004,GIANNINA MILLI,VIA CARDUCCI 38,http://milli-lyceum.it/,0,67,13,67041,Teramo,40,54.5,48.04,61.5,57.82,24.14,6.29,88.43,11.57,11.57,81.34,78.07,Ascoli Piceno,10,Scienze Umane
TESL01201L,DELFICO - MONTAUTI,VIA DIAZ 30,http://www.liceoartisticoteramo.it/,0,67,13,67041,Teramo,36,41.24,32.05,51.93,39.02,23.22,7.13,45.87,54.13,11.93,86.14,82.58,Ascoli Piceno,10,Artistico
APSD012013,ORSINI - LICINI,VIA TRE OTTOBRE 18A,http://www.iisorsiniliciniap.edu.it/,0,44,11,44007,Ascoli Piceno,0,,,,,,0.0,,,,,,Ascoli Piceno,10,Artistico
APTD013018,UMBERTO I (IS MAZZOCCHI-UMBERTO I),VIA DELLE TORRI 4,http://www.iismazzocchiumbertoprimo.edu.it/,0,44,11,44007,Ascoli Piceno,22,60.75,51.63,70.91,65.63,24.7,7.01,75.0,25.0,13.24,85.43,75.06,Ascoli Piceno,10,Tecnico - Economico
APTE01301Q,MAZZOCCHI (IS MAZZOCCHI-UMBERTO I),VIA MARCHE 1,http://www.iismazzocchiumbertoprimo.edu.it/,0,44,11,44007,Ascoli Piceno,33,52.86,45.21,61.49,55.36,24.04,5.48,73.27,26.73,15.84,81.19,74.38,Ascoli Piceno,10,Tecnico - Economico
APTA00801A,CELSO ULPIANI,VLE REPUBBLICA 30,http://www.agrario-ulpiani.gov.it/,0,44,11,44007,Ascoli Piceno,75,68.98,63.35,75.13,69.8,26.18,6.49,63.88,36.12,9.69,85.38,76.05,Ascoli Piceno,10,Tecnico - Tecnologico
APTF01101V,FERMI - SACCONI - CECI,VIA DELLA REPUBBLICA 31A,http://www.itisap.it/,0,44,11,44007,Ascoli Piceno,144,49.25,44.34,55.03,46.13,24.29,6.32,45.73,54.27,12.47,84.77,73.62,Ascoli Piceno,10,Tecnico - Tecnologico
APPC01000R,CARO - PREZIOTTI LICINI,VIA LEOPARDI 2,http://www.liceoannibalcaro.gov.it/site/it/,0,109,11,109006,Fermo,76,77.75,72.98,82.88,72.3,27.98,8.22,94.3,5.7,12.72,91.16,84.5,Fermo,10,Classico
MCPC002012,LEONARDO DA VINCI,VIA NELSON MANDELA,http://www.iisdavinci.gov.it/,0,43,11,43013,Civitanova Marche,41,70.85,64.65,77.66,61.07,27.68,8.01,95.12,4.88,15.45,94.13,95.83,Fermo,10,Classico
APPS030005,TEMITOCLE CALZECCHI ONESTI,VLE DEI MILLE 1,http://www.liceotco.gov.it/,0,109,11,109006,Fermo,75,81.38,76.6,86.39,83.78,27.48,7.67,95.56,4.44,7.11,88.39,83.4,Fermo,10,Scientifico
APPS3R5004,LOVISS,VIA ZEPPILLI 62,http://www.loviss.it/,1,109,11,109006,Fermo,15,37.17,25.22,52.77,33.08,22.95,0.0,64.44,35.56,24.44,77.72,74.38,Fermo,10,Scientifico
APPS002023,CARLO URBANI,VIA LEGNANO,http://www.polourbani.gov.it/,0,109,11,109034,Porto Sant'Elpidio,45,55.68,49.51,62.66,53.58,24.93,5.85,86.13,13.87,17.52,81.07,71.79,Fermo,10,Scientifico - Scienze applicate
APPS9N5001,GIOVANNI PAOLO II,VIA EGIDI 77,http://poloscolasticogiovannipaolosecondo.it/,1,109,11,109006,Fermo,12,43.66,30.28,60.24,33.73,24.43,0.0,62.16,37.84,18.92,82.35,74.36,Fermo,10,Scientifico - Sportivo
APPMOI500F,GIOVANNI PAOLO II,VIA EGIDI 77,http://poloscolasticogiovannipaolosecondo.it/,1,109,11,109006,Fermo,0,,,,,,0.0,,,,,,Fermo,10,Scienze Umane
APPC0Q500G,GIOVANNI PAOLO II,VIA EGIDI 77,http://poloscolasticogiovannipaolosecondo.it/,1,109,11,109006,Fermo,21,29.41,18.66,43.84,13.17,23.48,0.0,55.38,44.62,23.08,83.33,79.62,Fermo,10,Scienze Umane - Economico sociale
APPCU15007,LOVISS,VIA ZEPPILLI 62,http://www.loviss.it/,1,109,11,109006,Fermo,39,18.56,8.46,31.25,18.4,20.25,0.0,34.45,65.55,12.61,76.63,69.95,Fermo,10,Scienze Umane - Economico sociale
MCPS002015,LEONARDO DA VINCI,VIA NELSON MANDELA,http://www.iisdavinci.gov.it/,0,43,11,43013,Civitanova Marche,101,60.93,56.48,65.79,59.9,25.43,7.51,83.88,16.12,11.84,89.89,88.02,Fermo,10,Linguistico
APSD00101L,UMBERTO PREZIOTTI,VIA MARSALA,http://www.liceoartisticopreziottilicini.gov.it,0,109,11,109006,Fermo,60,56.97,49.17,65.67,56.14,24.94,6.37,39.01,60.99,6.04,85.07,79.63,Fermo,10,Artistico
APSL001013,OSVALDO LICINI,VIA DAMIANO CHIESA 8,http://www.liceoartisticopreziottilicini.gov.it,0,109,11,109033,Porto San Giorgio,21,41.15,28.03,55.9,36.9,23.45,5.84,36.92,63.08,7.69,82.38,84.66,Fermo,10,Artistico
APTD07000B,CARDUCCI - GALILEI,VLE TRENTO 63,http://www.carducci-galilei.it/,0,109,11,109006,Fermo,112,54.64,50.07,59.58,56.15,24.38,7.02,70.62,29.38,9.2,81.29,72.51,Fermo,10,Tecnico - Economico
APTD00201T,CARLO URBANI,VIA LEGNANO,http://www.polourbani.gov.it/,0,109,11,109034,Porto Sant'Elpidio,35,47.06,39.37,55.62,53.8,22.84,6.0,69.52,30.48,12.38,86.11,78.94,Fermo,10,Tecnico - Economico
APTF010002,MONTANI,VIA MONTANI 7,http://www.istitutomontani.it/,0,109,11,109006,Fermo,278,60.8,57.43,64.6,61.08,25.26,6.25,64.39,35.61,13.19,84.29,73.28,Fermo,10,Tecnico - Tecnologico
MCPC04000Q,GIACOMO LEOPARDI,CSO CAVOUR,http://classicomacerata.gov.it/,0,43,11,43023,Macerata,66,75.09,69.98,80.5,72.53,27.32,8.8,92.42,7.58,9.09,90.99,84.47,Macerata,10,Classico
MCPS003011,FRANCESCO FILELFO,PZZA UNITA' 3,http://www.iisfilelfotolentino.it/,0,43,11,43053,Tolentino,25,66.27,58.36,74.82,60.3,26.67,8.38,92.0,8.0,12.0,90.01,80.5,Macerata,10,Classico
MCPS02000N,GALILEO GALILEI,VIA ALESSANDRO MANZONI 95,http://www.scientificomc.it/,0,43,11,43023,Macerata,107,83.22,79.1,87.62,82.94,28.02,8.18,96.88,3.12,11.21,88.14,78.2,Macerata,10,Scientifico
MCPSL3500U,IRENEO ALEANDRI,VIA CINCINELLI 4,http://www.istitutoaleandri.it/,1,43,11,43023,Macerata,15,40.34,26.35,60.61,18.1,25.51,0.0,46.67,53.33,24.44,76.52,70.17,Macerata,10,Scientifico - Scienze applicate
MCPC001016,VARANO - ANTINORI,LGO FELICIANGELI,http://www.liceicamerino.gov.it/,0,43,11,43007,Camerino,27,64.33,56.58,72.74,63.75,25.79,7.73,86.75,13.25,12.05,84.6,82.27,Macerata,10,Scientifico - Sportivo
MCTE012013,MATTEO RICCI,VIA DI PIETRO 12,http://www.iismatteoricci.it/,0,43,11,43023,Macerata,79,64.13,59.27,69.37,64.64,25.64,6.99,86.5,13.5,10.55,88.03,77.84,Macerata,10,Scienze Umane
MCPM007019,ALBERICO GENTILI,VIA MATTEOTTI 18,http://www.istitutogentili.gov.it/,0,43,11,43046,San Ginesio,14,57.82,46.58,70.72,52.84,25.54,7.96,75.0,25.0,15.91,92.7,86.45,Macerata,10,Scienze Umane
MCPC04001R,GIACOMO LEOPARDI,CSO GARIBALDI 17,http://classicomacerata.gov.it/,0,43,11,43012,Cingoli,14,54.9,43.82,66.9,49.29,25.26,8.5,80.95,19.05,11.9,81.5,76.75,Macerata,10,Scienze Umane
MCPM505001,BAMBIN GESU',VIA CASTELLO 4,http://www.liceobambingesu.org/,1,43,11,43047,San Severino Marche,0,,,,,,0.0,,,,,,Macerata,10,Scienze Umane
MCPM0L500Q,IRENEO ALEANDRI,VIA CINCINELLI 4,http://www.istitutoaleandri.it/,1,43,11,43023,Macerata,20,34.46,22.7,49.63,16.33,24.31,0.0,49.18,50.82,19.67,75.73,70.77,Macerata,10,Scienze Umane - Economico sociale
MCPL5Z500O,IRENEO ALEANDRI,VIA CINCINELLI 4,http://www.istitutoaleandri.it/,1,43,11,43023,Macerata,15,37.66,24.28,56.18,27.4,23.75,0.0,51.11,48.89,24.44,78.26,71.41,Macerata,10,Linguistico
MCSD01000D,CANTALAMESSA,VIA FRATELLI CIOCI 2,http://www.liceoartisticomacerata.gov.it/,0,43,11,43023,Macerata,0,,,,,,0.0,,,,,,Macerata,10,Artistico
MCTD01000V,ALBERICO GENTILI,VIA CIOCI 6,http://itcmacerata.gov.it/,0,43,11,43023,Macerata,88,58.82,53.85,64.23,59.64,24.96,6.96,73.86,26.14,10.61,86.19,76.09,Macerata,10,Tecnico - Economico
MCTD00500B,IRENEO ALEANDRI,VIA CINCINELLI 4,http://www.istitutoaleandri.it/,1,43,11,43023,Macerata,26,,,,,,0.0,,,,,,Macerata,10,Tecnico - Economico
MCTL00801A,BRAMANTE - PANNAGGI,VIA GASPARRINI 11,http://www.bramantepannaggi.gov.it/,0,43,11,43023,Macerata,20,69.81,58.73,81.42,66.33,26.8,7.64,55.74,44.26,4.92,85.97,82.07,Macerata,10,Tecnico - Tecnologico
MCTA009019,GIUSEPPE GARIBALDI,CONTRADA LORNANO 6,http://www.itagaribaldi.it/,0,43,11,43023,Macerata,116,65.23,60.37,70.73,68.56,25.43,7.01,58.62,41.38,11.78,83.56,75.51,Macerata,10,Tecnico - Tecnologico
PSPC03000N,TERENZIO MAMIANI,VIA GRAMSCI 2,http://www.liceomamianipesaro.it/liceomamiani/,0,41,11,41044,Pesaro,47,71.38,65.38,77.95,69.9,26.74,7.67,88.73,11.27,14.08,90.62,79.75,Pesaro,10,Classico
PSPC01500G,LA NUOVA SCUOLA,VLE NAPOLI 40,http://www.lanuovascuola.it/,1,41,11,41044,Pesaro,0,,,,,,0.0,,,,,,Pesaro,10,Classico
PSPS020006,GUGLIELMO MARCONI,VIA NANTERRE 10,http://www.liceogmarconi.gov.it/,0,41,11,41044,Pesaro,202,74.89,71.56,78.52,76.28,26.82,8.07,93.08,6.92,13.67,86.42,75.95,Pesaro,10,Scientifico
PSPS005004,ENZO PICCININI,VLE NAPOLI 40,http://www.lanuovascuola.it/,1,41,11,41044,Pesaro,8,56.88,43.75,71.62,65.71,23.77,5.86,96.0,4.0,16.0,88.63,80.0,Pesaro,10,Scientifico
PSPS01000G,GIACOMO TORELLI,VLE KENNEDY 30,http://www.liceotorelli.it/,0,41,11,41013,Fano,31,72.16,65.07,80.01,77.0,26.08,7.39,91.58,8.42,14.74,80.25,77.63,Pesaro,10,Scientifico - Scienze applicate
PSPC06000D,NOLFI - APOLLONI,VIA TOMASSONI 2,http://www.liceonolfiapolloni.edu.it/,0,41,11,41013,Fano,48,62.16,56.07,68.78,60.74,25.63,6.99,84.14,15.86,12.41,84.5,80.86,Pesaro,10,Scienze Umane
PSSD01901D,FERRUCCIO MENGARONI,CSO XI SETTEMBRE 201,http://www.isamengaroni.it/,0,41,11,41044,Pesaro,0,,,,,,0.0,,,,,,Pesaro,10,Artistico
PSTD10000N,BRAMANTE - GENGA,VIA NANTERRE,http://www.itbramantegenga.it/home/,0,41,11,41044,Pesaro,96,60.85,55.81,66.4,62.89,25.06,7.05,65.05,34.95,9.69,84.33,75.43,Pesaro,10,Tecnico - Economico
PSTD003019,IS POLO 3,VLE XII SETTEMBRE 3,http://www.polotrefano.edu.it,0,41,11,41013,Fano,107,52.12,47.09,57.83,51.28,24.36,7.32,58.57,41.43,11.84,85.04,74.89,Pesaro,10,Tecnico - Economico
PSTA01301D,ANTONIO CECCHI,VIA CAPRILE 1,http://iiscecchi.gov.it/,0,41,11,41044,Pesaro,119,64.54,59.78,69.98,68.44,25.28,6.09,59.94,40.06,12.61,81.75,74.46,Pesaro,10,Tecnico - Tecnologico
RMPC080007,ENNIO QUIRINO VISCONTI,PZZA DEL COLLEGIO ROMANO 4,http://liceoeqvisconti.gov.it/,0,58,12,58091,Roma,131,82.36,78.44,86.49,80.16,28.15,6.57,90.61,9.39,8.63,86.15,86.59,Roma,10,Classico
RMPC23000X,TERENZIO MAMIANI,VLE DELLE MILIZIE 30,http://www.liceomamiani.gov.it,0,58,12,58091,Roma,100,81.52,77.23,86.11,75.85,28.46,5.52,93.02,6.98,10.96,85.47,81.38,Roma,10,Classico
RMPC250005,TORQUATO TASSO,VIA SICILIA 168,http://www.liceotasso.gov.it/,0,58,12,58091,Roma,157,80.7,77.04,84.58,77.65,28.05,7.45,91.3,8.7,9.55,87.43,85.6,Roma,10,Classico
RMPC09000T,FRANCESCO VIVONA,VIA DELLA FISICA 14,http://www.liceovivona.it/,0,58,12,58091,Roma,218,78.62,75.37,82.09,78.04,27.51,8.07,93.74,6.26,9.92,88.74,84.83,Roma,10,Classico
RMPC12000C,GIULIO CESARE,CSO TRIESTE 48,http://www.liceogiuliocesare.it/pagina.asp?pagina=home,0,58,12,58091,Roma,182,75.61,72.16,79.28,75.67,27.07,7.32,93.07,6.93,10.22,86.23,85.74,Roma,10,Classico
RMPC280001,VITTORIO EMANUELE II,PZZA MONTE GRAPPA 5,http://www.convittonazionaleroma.com/nuovosito/,0,58,12,58091,Roma,87,75.19,70.54,80.13,75.13,27.03,8.25,87.07,12.93,9.51,91.35,91.38,Roma,10,Classico
RMPC220009,CORNELIO TACITO,VIA GIORDANO BRUNO 4,http://www.liceocorneliotacito.gov.it/,0,58,12,58091,Roma,59,74.88,69.54,80.5,72.41,27.28,6.18,93.22,6.78,8.47,89.44,84.5,Roma,10,Classico
RMPC04000R,AUGUSTO,VIA GELA 14,http://www.liceoaugustoroma.gov.it/,0,58,12,58091,Roma,148,74.4,70.7,78.42,69.17,27.56,7.08,92.83,7.17,13.9,85.48,75.72,Roma,10,Classico
RMPC320006,EUGENIO MONTALE,VIA DI BRAVETTA 545,http://www.liceomontaleroma.it/,0,58,12,58091,Roma,58,73.9,68.52,79.59,73.97,26.86,6.8,92.05,7.95,8.52,87.57,81.5,Roma,10,Classico
RMPC26500V,DE MERODE,VIA SEBASTIANELLO 1,http://www.sangiuseppedemerode.it/,1,58,12,58091,Roma,24,73.14,64.89,81.9,66.63,27.56,6.67,87.5,12.5,9.72,87.27,87.0,Roma,10,Classico
RMPC07000L,DANTE ALIGHIERI,VIA ENNIO QUIRINO VISCONTI 13,http://www.liceodantealighieri.it/,0,58,12,58091,Roma,139,72.82,69.0,76.89,68.92,27.21,6.93,91.61,8.39,9.11,86.77,83.71,Roma,10,Classico
RMPC31000G,IMMANUEL KANT,PZZA ZAMBECCARI 19,http://www.liceokant.it/,0,58,12,58091,Roma,55,72.79,67.3,78.9,65.3,27.63,6.86,92.77,7.23,17.47,86.51,79.33,Roma,10,Classico
RMPC200004,ARISTOFANE,VIA MONTE RESEGONE 3,http://www.liceoaristofane.gov.it/,0,58,12,58091,Roma,113,72.77,68.65,77.2,67.96,27.31,7.68,91.18,8.82,10.29,87.89,77.9,Roma,10,Classico
RMPC150008,ORAZIO,VIA ALBERTO SAVINIO 40,http://www.liceo-orazio.it/,0,58,12,58091,Roma,98,72.05,67.74,76.65,72.47,26.6,7.07,94.22,5.78,9.52,84.62,79.41,Roma,10,Classico
RMPC030006,ANCO MARZIO,VIA CAPO PALINURO 72,http://www.ancomarzioliceo.gov.it/,0,58,12,58091,Roma,100,72.02,67.65,76.86,66.13,27.35,7.14,87.75,12.25,14.57,89.88,83.43,Roma,10,Classico
RMPC27000A,VIRGILIO,VIA GIULIA 38,http://liceostatalevirgilio.gov.it/,0,58,12,58091,Roma,62,71.81,66.43,77.53,68.77,26.98,6.16,86.63,13.37,9.63,83.13,80.96,Roma,10,Classico
RMPC14000N,LUCIANO MANARA,VIA BASILO BRICCI 4,http://www.liceomanara.it/,0,58,12,58091,Roma,126,71.53,67.58,75.72,69.28,26.85,7.91,92.06,7.94,9.79,88.1,84.63,Roma,10,Classico
RMPC17000D,PILO ALBERTELLI,VIA MANIN 132,http://liceopiloalbertelli.gov.it/,0,58,12,58091,Roma,134,70.98,67.11,75.2,68.52,26.81,7.01,90.55,9.45,13.18,83.99,77.84,Roma,10,Classico
RMPC48000P,BERTRAND RUSSELL,VIA TUSCOLANA 208,http://www.liceorussellroma.it/it,0,58,12,58091,Roma,39,69.75,63.29,76.78,66.01,26.82,7.5,91.45,8.55,11.11,86.03,88.2,Roma,10,Classico
RMPC420003,TITO LUCREZIO CARO,VIA VENEZUELA 30,http://www.liceolucreziocaro.eu/,0,58,12,58091,Roma,90,69.58,64.99,74.48,66.53,26.72,7.87,87.41,12.59,9.63,85.87,79.59,Roma,10,Classico
RMPC06901D,EDOARDO AMALDI,VIA PARASACCHI 21,,0,58,12,58091,Roma,18,69.19,53.17,85.73,72.5,25.9,5.42,88.89,11.11,0.0,84.44,92.5,Roma,10,Classico
RMPC180004,SOCRATE,VIA PADRE GIULIANI 15,http://www.liceosocrate.gov.it/,0,58,12,58091,Roma,117,68.76,64.66,73.25,63.8,26.85,7.27,88.95,11.05,14.16,86.21,80.33,Roma,10,Classico
RMPC06201P,GAETANO DE SANCTIS,VIA CASSIA 931,http://www.liceodesanctisroma.gov.it/,0,58,12,58091,Roma,80,68.73,63.96,73.83,68.89,26.23,7.37,89.26,10.74,11.16,84.5,79.85,Roma,10,Classico
RMPC03201V,TOMMASO SALVINI,VIA MICHELI 29,http://www.iisviasalvini.gov.it/,0,58,12,58091,Roma,84,68.5,63.81,73.54,65.22,26.61,6.37,88.54,11.46,10.28,89.21,86.03,Roma,10,Classico
RMPC21000P,PLAUTO,VIA AUGUSTO RENZINI 70,http://lnx.liceoplauto.it/sito/,0,58,12,58091,Roma,56,66.79,61.31,72.76,65.2,26.2,7.53,91.18,8.82,12.94,85.7,79.07,Roma,10,Classico
RMPC525003,SANT'ORSOLA,VIA LIVORNO 50A,http://roma.orsoline.it/,1,58,12,58091,Roma,14,65.28,54.91,76.39,70.95,25.15,6.89,88.64,11.36,11.36,83.77,73.8,Roma,10,Classico
RMPC05000B,BENEDETTO DA NORCIA,VIA SARACINESCO 18,http://www.benedettodanorcia.it/,0,58,12,58091,Roma,52,63.85,58.26,70.42,57.41,26.43,7.36,93.04,6.96,24.68,85.16,71.45,Roma,10,Classico
RMPC10500A,MASSIMILIANO MASSIMO,VIA MASSIMILIANO MASSIMO 7,http://www.istitutomassimo.it/,1,58,12,58091,Roma,19,63.11,54.16,72.72,64.61,25.39,8.1,92.98,7.02,12.28,88.96,91.5,Roma,10,Classico
RMPC19500T,SANT'APOLLINARE,VLE VATICANO 42,http://www.istitutoapollinare.org/,1,58,12,58091,Roma,20,62.42,53.21,72.24,67.74,24.85,7.05,81.97,18.03,9.84,84.12,81.18,Roma,10,Classico
RMPS65000Q,DEMOCRITO,VLE PRASSILLA 79,http://www.liceodemocrito.it/,0,58,12,58091,Roma,51,61.77,55.97,68.42,55.27,26.19,7.62,87.66,12.34,18.83,87.54,85.42,Roma,10,Classico
RMPC285004,VILLA FLAMINIA,VLE DEL VIGNOLA 56,http://www.villaflaminia.net/,1,58,12,58091,Roma,25,61.4,53.44,70.17,56.78,25.92,6.88,88.31,11.69,14.29,85.21,79.22,Roma,10,Classico
RMPQ010009,MARIA MONTESSORI,VIA LIVENZA 8,http://www.istitutomontessori.gov.it/,0,58,12,58091,Roma,22,61.06,52.56,70.59,56.96,25.82,6.14,89.39,10.61,16.67,82.37,81.86,Roma,10,Classico
RMPC06301E,LUCIO ANNEO SENECA,VIA ALBERGOTTI 35,http://liceoseneca.gov.it/,0,58,12,58091,Roma,57,59.4,53.9,65.54,56.47,25.48,7.01,88.95,11.05,15.12,85.4,81.26,Roma,10,Classico
RMPC08500A,MARIA AUSILIATRICE,VIA DALMAZIA 12,http://www.scuolamausiliatriceroma.org/,1,58,12,58091,Roma,28,53.38,45.48,62.15,52.8,24.48,8.11,81.18,18.82,15.29,89.19,84.94,Roma,10,Classico
RMPC185007,PIO XI,VIA UMBERTIDE 11,http://www.pioundicesimo.it/new/index.php,1,58,12,58091,Roma,23,51.59,43.36,61.79,47.34,24.7,7.74,88.73,11.27,30.99,84.67,83.75,Roma,10,Classico
RMPC29500P,SANTA MARIA,VLE MANZONI 5,http://www.istitutosantamaria.com/,1,58,12,58091,Roma,12,50.48,39.41,63.39,51.25,23.96,6.13,89.47,10.53,21.05,82.21,73.67,Roma,10,Classico
RMPC05500E,GESU' - MARIA,VIA FLAMINIA 631,http://www.scuolagesumaria.it/index.php,1,58,12,58091,Roma,12,46.09,32.08,62.13,48.16,23.28,0.0,87.5,12.5,20.83,78.76,85.33,Roma,10,Classico
RMPC33500X,MONSIGNOR TOZZI,VIA DEL CASALETTO 35,http://www.istitutotozzi.it,1,58,12,58091,Roma,9,43.34,29.95,59.39,30.84,24.7,0.0,82.14,17.86,25.0,84.35,76.6,Roma,10,Classico
RMPC00500D,GIANGALEAZZO VISCONTI,VIA NAZARIO SAURO 1,http://www.istitutovisconti.it/,1,58,12,58091,Roma,24,39.72,30.96,51.22,28.05,24.17,0.0,76.39,23.61,29.17,82.93,79.35,Roma,10,Classico
RMPC235003,CRISTO RE,VIA ACHERUSIO 71,http://www.fondazionecristore.org/,1,58,12,58091,Roma,12,36.53,25.14,50.94,29.7,23.2,0.0,88.89,11.11,33.33,80.09,76.75,Roma,10,Classico
RMPC545008,GIOVANNI PAOLO II,CSO DUCA DI GENOVA 157,http://www.istitutogiovannipaolo2.it/,1,58,12,58091,Roma,19,35.66,25.31,49.13,30.84,22.86,0.0,67.24,32.76,24.14,84.13,80.37,Roma,10,Classico
RMPC065005,GINO MANIERI,VIA VOLTURNO 58,http://istitutoginomanieri.it/,1,58,12,58091,Roma,14,34.07,20.97,54.35,15.11,24.36,0.0,82.76,17.24,44.83,75.17,68.2,Roma,10,Classico
RMPC255008,SAN GIUSEPPE CALASANZIO,VLE CORTINA D'AMPEZZO 256,http://www.calasanzio-roma.it/,1,58,12,58091,Roma,0,,,,,,0.0,,,,,,Roma,10,Classico
RMPC44500B,SAN GIOVANNI BATTISTA,VIA CASALE DI SAN PIO V 1113,http://www.scuolasgbattista.it/,1,58,12,58091,Roma,0,,,,,,0.0,,,,,,Roma,10,Classico
RMPC24500N,SAN GIUSEPPE,VIA CASALETTO 260,http://scuolasangiuseppe.it/,1,58,12,58091,Roma,0,,,,,,0.0,,,,,,Roma,10,Classico
RMPS280004,AUGUSTO RIGHI,VIA CAMPANIA 63,http://www.liceorighiroma.it/,0,58,12,58091,Roma,233,89.01,85.82,92.36,88.7,28.72,7.33,94.13,5.87,7.87,85.67,80.9,Roma,10,Scientifico
RMPS12000G,GIUSEPPE PEANO,VIA FRANCESCO MORANDINI 38,http://www.liceopeanoroma.gov.it/,0,58,12,58091,Roma,13,82.34,71.84,93.29,88.4,27.15,4.85,92.68,7.32,7.32,85.21,76.33,Roma,10,Scientifico
RMPS060005,CAMILLO CAVOUR,VIA DELLE CARINE 1,http://www.liceocavour.gov.it/framework/,0,58,12,58091,Roma,184,82.3,78.85,85.95,84.99,27.55,6.87,92.77,7.23,7.96,85.23,79.97,Roma,10,Scientifico
RMPS05000E,STANISLAO CANNIZZARO,VLE CIVILTA' DEL LAVORO 2D,http://www.liceocannizzaro.it/,0,58,12,58091,Roma,236,79.41,76.21,82.79,82.27,27.19,7.64,91.41,8.59,8.17,86.3,80.66,Roma,10,Scientifico
RMPS030009,AMEDEO AVOGADRO,VIA BRENTA 26,http://www.liceoavogadro.gov.it/,0,58,12,58091,Roma,219,79.4,76.15,82.85,81.42,27.28,7.31,93.76,6.24,9.74,84.79,76.56,Roma,10,Scientifico
RMPS50000T,ARISTOTELE,VIA DEI SOMMOZZATORI 50,http://www.liceoaristotele.it/,0,58,12,58091,Roma,177,79.14,75.62,82.85,81.97,27.16,7.12,90.62,9.38,8.63,87.74,81.26,Roma,10,Scientifico
RMPS46000L,TERESA GULLACE TALOTTA,PZZA DEI CAVALIERI DEL LAVORO 18,http://www.liceogullace.it/,0,58,12,58091,Roma,96,77.86,73.48,82.69,77.71,27.36,6.28,91.67,8.33,14.93,87.42,74.0,Roma,10,Scientifico
RMPS450002,TULLIO LEVI CIVITA,VIA TORRE ANNUNZIATA 1113,http://www.levicivita.gov.it/,0,58,12,58091,Roma,121,77.66,73.67,81.96,79.96,27.04,6.95,93.11,6.89,11.85,85.17,78.64,Roma,10,Scientifico
RMPS094019,PACINOTTI - ARCHIMEDE,VIA MONTAIONE 15,http://www.pacinottiarchimede.gov.it/,0,58,12,58091,Roma,80,77.41,72.66,82.47,79.1,27.09,7.03,90.46,9.54,9.96,88.66,83.09,Roma,10,Scientifico
RMPS44000B,NOMENTANO,VIA DELLA BUFALOTTA 229,http://www.liceonomentano.gov.it/,0,58,12,58091,Roma,216,77.32,74.02,80.82,79.42,27.03,7.18,90.0,10.0,8.15,84.79,74.82,Roma,10,Scientifico
RMPS03500C,RENZO LEVI - COMUNITA' EBRAICA,VIA PORTICO D'OTTAVIA 73,http://renzolevi.scuolaebraica.it/,1,58,12,58091,Roma,14,76.87,63.18,91.24,71.81,27.83,7.67,51.16,48.84,4.65,88.45,86.48,Roma,10,Scientifico
RMPS420006,VITTORIO EMANUELE II,PZZA MONTE GRAPPA 5,http://www.convittonazionaleroma.com/nuovosito/,0,58,12,58091,Roma,86,76.47,71.78,81.38,75.86,27.25,8.06,86.87,13.13,7.34,89.47,91.32,Roma,10,Scientifico
RMPS180007,JOHN FITZGERALD KENNEDY,VIA NICOLA FABRIZI 7,http://www.liceokennedy.it/,0,58,12,58091,Roma,160,76.21,72.57,80.01,81.29,26.54,7.48,91.06,8.94,6.44,85.34,76.4,Roma,10,Scientifico
RMPS48000T,TALETE,VIA GABRIELE CAMOZZI 24,http://www.liceotalete.it,0,58,12,58091,Roma,176,75.81,72.34,79.49,79.05,26.71,6.79,95.08,4.92,9.28,84.5,73.19,Roma,10,Scientifico
RMPS27000D,PLINIO SENIORE,VIA MONTEBELLO 122,http://www.liceoplinio.gov.it/,0,58,12,58091,Roma,185,74.56,71.12,78.22,76.7,26.69,6.81,92.99,7.01,8.63,84.23,75.82,Roma,10,Scientifico
RMPS06901L,EDOARDO AMALDI,VIA PARASACCHI 21,http://www.liceo-amaldi.it/,0,58,12,58091,Roma,157,74.43,70.79,78.42,76.3,26.71,5.5,91.54,8.46,12.47,84.01,76.6,Roma,10,Scientifico
RMPS24000N,GIOVANNI BATTISTA MORGAGNI,VIA FONTEIANA 125,http://www.liceomorgagni.it/,0,58,12,58091,Roma,180,74.32,70.83,78.11,75.21,26.81,7.39,90.39,9.61,12.75,84.15,75.37,Roma,10,Scientifico
RMPM05500P,SANT'ANNA FALLETTI DI BAROLO,VLE MARCONI 700,http://www.santannafalletti.it/,1,58,12,58091,Roma,15,72.69,62.57,83.8,76.39,26.28,5.89,91.11,8.89,15.56,86.22,71.5,Roma,10,Scientifico
RMPS090001,FEDERIGO ENRIQUES,VIA PAOLINI 196,http://www.liceo-enriques.gov.it/,0,58,12,58091,Roma,108,72.59,68.28,77.13,76.69,26.22,6.53,85.8,14.2,8.02,86.13,74.48,Roma,10,Scientifico
RMPS19000T,GIOVANNI KEPLERO,VIA SILVESTRO GHERARDI 87,http://www.liceokepleroroma.it/,0,58,12,58091,Roma,166,72.33,68.67,76.25,72.73,26.63,6.71,86.14,13.86,9.84,85.57,74.55,Roma,10,Scientifico
RMPS555002,SANT'APOLLINARE,VLE VATICANO 42,http://www.istitutoapollinare.org/,1,58,12,58091,Roma,23,72.28,63.97,81.53,73.12,26.57,6.86,90.0,10.0,14.29,87.0,79.86,Roma,10,Scientifico
RMPS520003,PRIMO LEVI,VIA MORANDINI 64,http://www.liceoprimolevi.gov.it/,0,58,12,58091,Roma,127,72.26,68.29,76.52,76.4,26.17,6.11,89.56,10.44,11.23,84.04,71.1,Roma,10,Scientifico
RMPS25500B,SAN LEONE MAGNO,PZA SCOSTANZA 2,http://www.sanleonemagno.eu/,1,58,12,58091,Roma,13,70.66,59.88,82.27,75.49,25.9,5.0,90.0,10.0,12.5,86.25,69.0,Roma,10,Scientifico
RMPS06301N,LUCIO ANNEO SENECA,VIA ALBERGOTTI 35,http://liceoseneca.gov.it/,0,58,12,58091,Roma,65,70.64,65.39,76.34,71.55,26.37,6.33,87.24,12.76,11.73,85.16,73.79,Roma,10,Scientifico
RMPS17000L,ISAAC NEWTON,VLE MANZONI 47,http://www.liceonewtonroma.gov.it/,0,58,12,58091,Roma,120,70.31,66.31,74.68,73.02,26.11,6.49,92.78,7.22,13.33,84.42,75.35,Roma,10,Scientifico
RMPS032012,TOMMASO SALVINI,VIA TOMMASO SALVINI 24,http://www.iisviasalvini.gov.it/,0,58,12,58091,Roma,196,70.29,66.89,73.92,71.09,26.34,7.27,90.49,9.51,10.19,88.07,85.05,Roma,10,Scientifico
RMPS010004,ANTONIO LABRIOLA,VIA CAPO SPERONE 50,http://www.liceolabriola.it/,0,58,12,58091,Roma,92,69.99,65.38,74.95,71.68,26.19,7.4,84.17,15.83,10.43,87.99,80.14,Roma,10,Scientifico
RMPS49000C,FARNESINA,VIA DEI GIOCHI ISTMICI 64,http://www.liceofarnesina.gov.it/,0,58,12,58091,Roma,162,69.8,66.18,73.69,72.3,26.08,6.78,91.36,8.64,10.91,83.07,77.31,Roma,10,Scientifico
RMPS11301D,CROCE - ALERAMO,VLE BARDANZELLU 7,http://www.crocealeramo.gov.it/,0,58,12,58091,Roma,88,69.32,64.76,74.22,74.06,25.75,6.49,90.91,9.09,10.98,85.05,76.46,Roma,10,Scientifico
RMPS26000V,LOUIS PASTEUR,VIA GIUSEPPE BARELLAI 130,http://www.liceopasteur.it/newpasteur/,0,58,12,58091,Roma,213,69.13,65.84,72.69,71.48,26.01,6.39,91.42,8.58,10.76,84.58,75.55,Roma,10,Scientifico
RMPS53500R,HIGHLANDS,VLE DELLA SCULTURA 15,http://highlandsroma.com,1,58,12,58091,Roma,13,69.04,57.27,81.46,73.0,25.81,6.67,76.92,23.08,5.13,83.97,89.33,Roma,10,Scientifico
RMPS073018,CHARLES DARWIN,VIA TUSCOLANA 388,http://www.isisdarwin.gov.it/,0,58,12,58091,Roma,69,68.99,63.99,74.51,67.68,26.44,6.89,91.83,8.17,15.38,84.46,74.12,Roma,10,Scientifico
RMPS37000A,ETTORE MAJORANA,VIA AVOLIO 111,http://www.liceomajorana.gov.it/,0,58,12,58091,Roma,113,68.07,63.97,72.41,71.84,25.72,6.71,92.67,7.33,9.68,83.0,75.72,Roma,10,Scientifico
RMPM12000L,GIORDANO BRUNO,VIA DELLA BUFALOTTA 594,http://www.liceogiordanobrunoroma.gov.it/,0,58,12,58091,Roma,35,67.87,60.99,75.25,69.41,25.96,5.89,88.57,11.43,10.48,86.99,83.75,Roma,10,Scientifico
RMPS21000T,IS VIA SILVESTRI 301,VIA SILVESTRI 301,http://www.iisviasilvestri301roma.edu.it/,0,58,12,58091,Roma,114,66.61,62.47,71.18,67.15,25.93,7.06,88.92,11.08,13.7,84.36,75.92,Roma,10,Scientifico
RMPS06201T,GAETANO DE SANCTIS,VIA CASSIA 931,http://www.liceodesanctisroma.gov.it/,0,58,12,58091,Roma,107,66.24,62.01,70.81,67.53,25.8,6.75,89.47,10.53,11.46,86.8,79.41,Roma,10,Scientifico
RMPS27500L,SANTA MARIA,VLE MANZONI 5,http://www.istitutosantamaria.com/,1,58,12,58091,Roma,18,66.11,56.9,75.93,71.76,25.26,7.35,89.29,10.71,7.14,81.56,71.33,Roma,10,Scientifico
RMPS36500V,SCUOLA PONTIFICIA PIO IX,VIA CAVALIERI DEL SEPOLCRO 1,http://www.scuolapionono.org/wordpress/#,1,58,12,58091,Roma,12,64.97,53.89,76.96,61.07,26.26,7.0,91.89,8.11,13.51,88.09,89.67,Roma,10,Scientifico
RMPS695009,GESU' - MARIA,VIA FLAMINIA 631,http://www.scuolagesumaria.it/index.php,1,58,12,58091,Roma,13,64.33,53.69,75.59,69.86,25.06,5.93,90.24,9.76,9.76,78.19,72.0,Roma,10,Scientifico
RMPS114019,EVANGELISTA TORRICELLI,VIA DEL FORTE BRASCHI 99,http://www.istitutotorricelli.edu.it/,0,58,12,58091,Roma,99,62.59,58.06,67.4,66.03,25.1,7.07,82.21,17.79,8.72,84.87,77.47,Roma,10,Scientifico
RMPSE55000,PIO XI,VIA UMBERTIDE 11,http://www.pioundicesimo.it/new/index.php,1,58,12,58091,Roma,23,62.38,54.19,71.22,67.29,24.9,6.86,91.43,8.57,10.0,85.84,83.0,Roma,10,Scientifico
RMPS24500R,DE MERODE,VIA SEBASTIANELLO 1,http://www.sangiuseppedemerode.it/,1,58,12,58091,Roma,49,62.19,56.21,68.7,63.61,25.29,6.01,85.81,14.19,12.84,89.71,83.43,Roma,10,Scientifico
RMPS08500D,MASSIMILIANO MASSIMO,VIA MASSIMILIANO MASSIMO 7,http://www.istitutomassimo.it/,1,58,12,58091,Roma,37,59.6,52.94,66.82,61.59,24.91,7.79,90.09,9.91,12.61,86.54,82.64,Roma,10,Scientifico
RMPS97500P,SAN GIUSEPPE DEL CABURLOTTO,VIA RABBELLO 15,http://www.sangiuseppecab.it/,1,58,12,58091,Roma,23,58.59,50.15,67.84,63.28,24.47,7.14,85.71,14.29,14.29,81.78,78.2,Roma,10,Scientifico
RMPS10000A,FRANCESCO D'ASSISI,VLE DELLA PRIMAVERA 207,http://www.liceofrancescodassisi.gov.it/,0,58,12,58091,Roma,146,58.5,54.64,62.93,58.92,24.97,6.55,82.92,17.08,18.68,84.2,75.34,Roma,10,Scientifico
RMPS46500Q,COR JESU,VIA GERMANO SOMMEILLER 38,http://www.corjesuroma.it/,1,58,12,58091,Roma,28,58.06,50.46,66.69,54.09,25.44,7.08,88.24,11.76,17.65,80.08,70.1,Roma,10,Scientifico
RMPS235006,SAN GIUSEPPE CALASANZIO,VLE CORTINA D'AMPEZZO 256,http://www.calasanzio-roma.it/,1,58,12,58091,Roma,39,56.98,50.1,64.69,57.74,24.75,8.98,79.49,20.51,15.38,79.83,80.33,Roma,10,Scientifico
RMPS49500G,VINCENZO PALLOTTI,PZZA REGINA PACIS 13,http://www.istitutopallotti.it/,1,58,12,58091,Roma,22,55.56,46.78,65.99,49.57,25.39,6.61,83.58,16.42,17.91,89.05,83.73,Roma,10,Scientifico
RMPQ06500D,SACRO CUORE,VIA TENUTA SANT'AGATA 1,http://www.piccoleancelledelsacrocuore.net/objects/Pagina.asp?ID=25&T=Roma%20Montemario,1,58,12,58091,Roma,10,53.14,41.18,67.19,54.09,24.26,7.39,90.63,9.37,25.0,82.83,69.0,Roma,10,Scientifico
RMPS265002,VILLA FLAMINIA,VLE DEL VIGNOLA 56,http://www.villaflaminia.net/,1,58,12,58091,Roma,17,53.07,43.06,64.18,53.34,24.33,4.19,82.35,17.65,15.69,80.83,86.33,Roma,10,Scientifico
RMPS44500E,ASISIUM,VIA DI GROTTAROSSA 301,http://www.asisium.it/,1,58,12,58091,Roma,17,50.17,40.38,60.44,57.09,23.19,5.85,84.62,15.38,7.69,82.0,79.25,Roma,10,Scientifico
RMPS07500V,GINO MANIERI,VIA FALERIA 21,http://istitutoginomanieri.it/,1,58,12,58091,Roma,16,49.7,35.7,65.27,55.82,23.23,0.0,63.64,36.36,12.12,81.24,69.92,Roma,10,Scientifico
RMPS505001,CRISTO RE,VIA ACHERUSIO 71,http://www.fondazionecristore.org/,1,58,12,58091,Roma,25,48.93,40.92,57.93,51.3,23.59,0.0,89.33,10.67,14.67,83.91,88.25,Roma,10,Scientifico
RMPSVA5006,MARYMOUNT,VIA LIVORNO 91,,1,58,12,58091,Roma,19,48.09,31.57,67.39,36.95,25.11,7.89,78.95,21.05,15.79,82.27,96.75,Roma,10,Scientifico
RMPS135009,SAN GIUSEPPE,VIA DEL CASALETTO 260,http://www.scuolasangiuseppe.it/,1,58,12,58091,Roma,12,46.56,34.99,60.62,47.25,23.5,0.0,81.58,18.42,23.68,89.42,77.43,Roma,10,Scientifico
RMPSII500C,GABRIELE D'ANNUNZIO,VIA PANVINIO 1113,http://www.istitutogabrieledannunzio.it/,1,58,12,58091,Roma,13,46.45,35.39,60.52,49.95,23.15,0.0,82.93,17.07,31.71,79.97,74.43,Roma,10,Scientifico
RMPS305007,GIANGALEAZZO VISCONTI,VIA NAZARIO SAURO 1,http://www.istitutovisconti.it/,1,58,12,58091,Roma,28,40.44,32.15,50.76,34.57,23.56,0.0,73.81,26.19,22.62,80.35,78.41,Roma,10,Scientifico
RMPS59500C,MINERVA,VLE PALMIRO TOGLIATTI 1587,http://www.istitutominerva.it/,1,58,12,58091,Roma,23,39.61,28.38,54.02,37.31,23.03,0.0,47.83,52.17,18.84,76.61,73.69,Roma,10,Scientifico
RMPS485001,MAGNUM,VLE EUROPA 140,http://www.istitutomagnum.it/,1,58,12,58091,Roma,20,37.76,25.6,52.92,33.6,23.03,0.0,46.67,53.33,16.67,88.61,85.72,Roma,10,Scientifico
RMPSCU5007,VISCONTI,VIA NAZARIO SAURO 1,,1,58,12,58091,Roma,17,33.45,19.11,50.59,24.94,23.04,0.0,57.14,42.86,17.14,85.9,81.67,Roma,10,Scientifico
RMPS41500P,SERAPHICUM,VIA DEL SERAFICO 3,http://www.seraphicum.com/,1,58,12,58091,Roma,13,31.85,19.9,46.62,31.93,21.81,0.0,74.36,25.64,23.08,84.83,75.8,Roma,10,Scientifico
RMPS56500L,FRIEDRICH HEGEL,VIA AURELIO BACCIARINI 35,http://www.istitutohegel.com/,1,58,12,58091,Roma,16,31.09,19.88,46.28,25.46,22.41,0.0,68.75,31.25,31.25,75.64,71.73,Roma,10,Scientifico
RMPS18500A,ISTITUTO KENNEDY,VIA DELLA CORDONATA 7,http://www.kennedyscuola.it/,1,58,12,58091,Roma,29,30.09,21.93,40.82,23.54,22.4,0.0,71.91,28.09,30.34,84.92,78.52,Roma,10,Scientifico
RMPS095004,ENRICO DE NICOLA,VIA LICINIO MURENA 49,http://www.edenicola.it/,1,58,12,58091,Roma,20,28.84,16.0,47.37,11.41,23.55,0.0,60.98,39.02,31.71,74.16,72.94,Roma,10,Scientifico
RMPS165005,LUIGI PIRANDELLO,VIA GIACOMO BONI 1,http://istitutopirandello.com,1,58,12,58091,Roma,11,28.6,16.64,43.36,27.66,21.54,0.0,82.86,17.14,25.71,80.41,75.33,Roma,10,Scientifico
RMPS575007,CARTESIO,VIA CARLO EMILIO GADDA 156,http://istitutocartesio.com/,1,58,12,58091,Roma,17,28.31,17.56,43.95,17.3,22.72,0.0,70.59,29.41,37.25,78.69,73.33,Roma,10,Scientifico
RMPS72500B,ARANGIO RUIZ,VIE DELL'IMBRECCIATO 127,http://www.istitutoruiz.com/,1,58,12,58091,Roma,20,26.72,14.97,41.89,25.61,21.34,0.0,48.39,51.61,19.35,87.63,81.59,Roma,10,Scientifico
RMPS455005,GIOVANNI PAOLO II,CSO DUCA DI GENOVA 157,http://www.istitutogiovannipaolo2.it/,1,58,12,58091,Roma,25,24.51,15.82,36.38,19.69,21.52,0.0,73.68,26.32,34.21,82.59,73.25,Roma,10,Scientifico
RMPS00500L,POLIZIANO,VIA DELLA TRAVICELLA 5561,http://istitutopoliziano.wordpress.com/,1,58,12,58091,Roma,0,,,,,,0.0,,,,,,Roma,10,Scientifico
RMPS285007,MONSIGNOR TOZZI,VIA DEL CASALETTO 35,http://www.istitutotozzi.it/,1,58,12,58091,Roma,0,,,,,,0.0,,,,,,Roma,10,Scientifico
RMPM180008,VITTORIA COLONNA,VIA DELL'ARCO DEL MONTE 99,http://www.vittoriacolonnalicei.gov.it/,0,58,12,58091,Roma,48,60.61,54.7,67.18,63.28,24.95,7.2,89.66,10.34,16.55,83.67,79.06,Roma,10,Scientifico - Scienze applicate
RMTF009013,DI VITTORIO - LATTANZIO,VIA TEANO 223,http://www.divittoriolattanzio.gov.it/home/index.php,0,58,12,58091,Roma,64,58.15,52.78,64.3,61.94,24.52,6.46,83.85,16.15,17.19,79.87,71.47,Roma,10,Scientifico - Scienze applicate
RMTF10000C,GIORGI - WOOLF,VIA PALMIRO TOGLIATTI 1161,http://www.iisgiorgiwoolf.edu.it/,0,58,12,58091,Roma,42,57.26,50.32,65.29,57.61,24.83,6.35,71.65,28.35,15.75,82.09,73.11,Roma,10,Scientifico - Scienze applicate
RMTF090003,GALILEO GALILEI,VIA CONTE VERDE 51,http://www.itisgalilei.gov.it/it/,0,58,12,58091,Roma,43,56.35,49.79,63.79,56.17,24.78,7.26,79.23,20.77,16.15,81.83,74.07,Roma,10,Scientifico - Scienze applicate
RMPS09402A,PACINOTTI - ARCHIMEDE,VIA MONTAIONE 15,http://www.pacinottiarchimede.gov.it/,0,58,12,58091,Roma,92,52.92,48.14,58.39,56.25,23.95,5.73,76.26,23.74,17.27,83.22,74.35,Roma,10,Scientifico - Scienze applicate
RMTF108014,IS VIA SILVESTRI 301,VIA BRAVETTA 541,http://www.iisviasilvestri301roma.edu.it/,0,58,12,58091,Roma,67,52.24,46.6,58.69,50.31,24.5,5.07,70.94,29.06,16.26,78.88,68.75,Roma,10,Scientifico - Scienze applicate
RMTE091015,IS VIA DEI PAPARESCHI,VIA DEI PAPARESCHI 30A,http://www.papareschi.gov.it/,0,58,12,58091,Roma,44,51.71,44.84,59.57,58.51,23.39,5.51,69.92,30.08,15.79,81.85,68.6,Roma,10,Scientifico - Scienze applicate
RMPS5G5003,SAN GABRIELE,VIA CASSIA KM 16,http://www.istitutosangabriele.it/,1,58,12,58091,Roma,16,51.7,39.31,66.09,49.25,24.5,0.0,81.82,18.18,18.18,88.56,80.5,Roma,10,Scientifico - Scienze applicate
RMTF11401B,EVANGELISTA TORRICELLI,VIA CESARE LOMBROSO 120,http://www.istitutotorricelli.edu.it/,0,58,12,58091,Roma,24,51.61,41.25,63.83,48.57,24.56,6.81,79.59,20.41,18.37,84.33,77.4,Roma,10,Scientifico - Scienze applicate
RMPM160003,VITTORIO GASSMAN,VIA PIETRO MAFFI 57,http://www.liceovittoriogassman.it/,0,58,12,58091,Roma,28,50.95,42.24,61.51,55.85,23.52,6.11,66.67,33.33,17.86,84.29,70.68,Roma,10,Scientifico - Scienze applicate
RMTF110003,GIOVANNI XXIII,VIA DI TOR SAPIENZA 160,http://www.itisgiovannixxiii.gov.it/,0,58,12,58091,Roma,26,48.65,40.01,58.83,46.39,24.11,6.14,73.08,26.92,20.51,85.42,71.33,Roma,10,Scientifico - Scienze applicate
RMTF08401R,FEDERICO CAFFE',VLE DI VILLA PAMPHILI 86,http://www.federicocaffe.gov.it/,0,58,12,58091,Roma,48,46.53,40.26,54.28,45.25,23.74,6.62,77.4,22.6,26.71,87.3,74.03,Roma,10,Scientifico - Scienze applicate
RMTF10901X,EINSTEIN - BACHELET,VIA PASQUALE II 237,http://www.bacheleteinstein.gov.it/wp/,0,58,12,58091,Roma,26,45.44,36.81,56.29,41.22,23.96,6.75,72.15,27.85,22.78,81.11,71.82,Roma,10,Scientifico - Scienze applicate
RMTF081019,ENZO FERRARI,VIA GROTTAFERRATA 76,http://www.iisenzoferrari.it/,0,58,12,58091,Roma,20,45.41,36.22,56.25,44.38,23.57,6.67,80.65,19.35,19.35,77.16,77.08,Roma,10,Scientifico - Scienze applicate
RMTF330002,BLAISE PASCAL,VIA BREMBIO 97,http://www.itispascal.it/,0,58,12,58091,Roma,82,44.46,39.27,51.02,40.9,23.76,5.65,70.04,29.96,23.89,84.22,79.41,Roma,10,Scientifico - Scienze applicate
RMTF02202E,JOHN VON NEUMANN,VIA POLLENZA 115,http://www.vonneumann.gov.it/,0,58,12,58091,Roma,66,41.99,35.86,49.47,38.74,23.43,5.35,59.8,40.2,16.58,83.0,73.94,Roma,10,Scientifico - Scienze applicate
RMPS8Q500R,GIOVANNI PAOLO II,CSO DUCA DI GENOVA 157,http://www2.istitutogiovannipaolo2.it,1,58,12,58091,Roma,35,29.91,21.94,41.82,20.3,22.74,0.0,63.21,36.79,33.96,80.91,75.26,Roma,10,Scientifico - Scienze applicate
RMPSVP500H,PIO XII,VIA GALLA PLACIDIA 63,http://www.istitutoscolasticopioxii.it/,1,58,12,58091,Roma,78,28.86,22.71,37.74,18.9,22.66,0.0,49.58,50.42,25.0,84.49,73.19,Roma,10,Scientifico - Scienze applicate
RMPS655007,POLIZIANO,VIA DELLA TRAVICELLA 5561,http://www.istitutopoliziano.it/,1,58,12,58091,Roma,0,,,,,,0.0,,,,,,Roma,10,Scientifico - Scienze applicate
RMPS09201N,ANTONIO MAGAROTTO,VICOLO DEL CASAL LUMBROSO 129,http://www.isiss-magarotto.edu.it,0,58,12,58091,Roma,0,,,,,,0.0,,,,,,Roma,10,Scientifico - Scienze applicate
RMPSIZ500B,SAN GIOVANNI BATTISTA,VIA DEL CASALE DI SAN PIO V 1113,http://www.scuolasgbattista.it,1,58,12,58091,Roma,9,53.5,39.81,68.64,65.03,23.04,0.0,81.48,18.52,14.81,78.55,69.6,Roma,10,Scientifico - Sportivo
RMPS4A500Z,SAN PAOLO,VLE SAN PAOLO 12,,1,58,12,58091,Roma,22,45.72,30.19,63.49,46.41,23.4,7.22,77.27,22.73,18.18,81.24,74.2,Roma,10,Scientifico - Sportivo
RMPSRQ500V,SANTA MARIA,VIALE MANZONI 5,http://www.istitutosantamaria.com,1,58,12,58091,Roma,26,42.08,33.73,52.4,40.43,23.25,6.34,76.25,23.75,22.5,79.48,71.05,Roma,10,Scientifico - Sportivo
RMPSAD500D,CAVANIS,VIA CASALINA 600,http://www.scuolaparitariacavanis.it,1,58,12,58091,Roma,34,35.04,25.58,46.88,30.63,22.73,0.0,45.63,54.37,15.53,80.85,74.43,Roma,10,Scientifico - Sportivo
RMPSQP500D,ISTITUTO VISCONTI,VIA NAZARIO SAURO 1,,1,58,12,58091,Roma,49,32.17,25.24,40.84,28.86,22.26,0.0,61.49,38.51,22.3,77.16,71.19,Roma,10,Scientifico - Sportivo
RMPSI6500C,GIOVANNI PAOLO II,CSO DUCA DI GENOVA 157159,http://www.istitutogiovannipaolo2.it,1,58,12,58091,Roma,60,31.45,25.11,39.76,24.83,22.57,5.17,61.11,38.89,24.44,82.6,74.06,Roma,10,Scientifico - Sportivo
RMPSBI5001,GAUSS,V DELLA BUFALOTTA 556,,1,58,12,58091,Roma,21,24.29,7.77,44.52,26.62,20.63,0.0,71.43,28.57,23.81,88.0,68.17,Roma,10,Scientifico - Sportivo
RMPSPG500N,SERAPHICUM,V DEL SERAFICO 3,,1,58,12,58091,Roma,12,22.02,0.0,50.54,19.01,21.0,0.0,66.67,33.33,25.0,85.25,79.75,Roma,10,Scientifico - Sportivo
RMPSP4500S,GINO MANIERI,VIA VOLTURNO 58,http://istitutoginomanieri.it/,1,58,12,58091,Roma,16,13.94,0.0,36.57,20.71,18.86,0.0,56.25,43.75,25.0,73.67,65.86,Roma,10,Scientifico - Sportivo
RMPM08000B,MARGHERITA DI SAVOIA,VIA CERVETERI 5357,http://margheritadisavoiaroma.gov.it/,0,58,12,58091,Roma,74,55.46,50.26,61.06,57.62,24.4,5.28,79.73,20.27,9.91,79.91,74.4,Roma,10,Scienze Umane
RMPM195002,SAN SISTO,VIA DRUSO 2,http://lnx.istitutosansisto.it/,1,58,12,58091,Roma,17,55.4,44.9,66.84,57.09,24.44,0.0,71.7,28.3,11.32,89.71,77.47,Roma,10,Scienze Umane
RMPM02601Q,NICCOLO' MACHIAVELLI,PZZA INDIPENDENZA 7,http://www.ismachiavelli.eu/pags/,0,58,12,58091,Roma,112,51.25,46.95,56.22,47.89,24.55,7.1,81.07,18.93,18.93,81.52,74.84,Roma,10,Scienze Umane
RMPM040001,GELASIO CAETANI,VLE MAZZINI 36,http://www.istitutocaetani.gov.it/,0,58,12,58091,Roma,70,50.81,45.44,56.86,47.79,24.46,7.31,77.14,22.86,16.19,83.62,78.98,Roma,10,Scienze Umane
RMPM016015,VIA DELLE SETTE CHIESE,VIA DELLE SETTE CHIESE 259,http://www.ist7chiese.gov.it/,0,58,12,58091,Roma,72,49.79,44.48,55.74,49.23,24.04,6.51,76.85,23.15,15.28,85.25,80.65,Roma,10,Scienze Umane
RMPM08500E,MARIA IMMACOLATA,VIA TOR DE' SCHIAVI 150,http://www.istitutoimmacolata.it/,1,58,12,58091,Roma,16,48.62,37.85,61.06,40.72,24.78,8.0,73.47,26.53,16.33,80.97,80.38,Roma,10,Scienze Umane
RMPM02701G,GIOSUE' CARDUCCI,VIA ASMARA 28,http://www.iisviaasmara28.it/,0,58,12,58091,Roma,33,42.69,34.86,52.35,33.01,24.28,5.65,70.71,29.29,21.21,85.31,78.38,Roma,10,Scienze Umane
RMPMQB5004,GIOVANNI PAOLO II,CSO DUCA DI GENOVA 157,http://www2.istitutogiovannipaolo2.it,1,58,12,58091,Roma,24,35.97,25.49,49.16,25.02,23.63,0.0,52.7,47.3,18.92,85.74,78.23,Roma,10,Scienze Umane
RMPM045004,POLIZIANO,VIA DELLA TRAVICELLA 5561,http://istitutopoliziano.wordpress.com/,1,58,12,58091,Roma,21,32.26,21.05,47.45,21.42,23.17,0.0,51.56,48.44,21.88,84.06,73.0,Roma,10,Scienze Umane
RMPMIO5006,ISTITUTO HEGEL,VIA AURELIO BACCIARINI 35,,1,58,12,58091,Roma,18,29.82,15.83,48.33,18.68,22.91,0.0,37.5,62.5,16.07,78.52,71.56,Roma,10,Scienze Umane
RMPME45007,ALFRED NOBEL,VIA VITO GIUSEPPE GALATI 99B,http://www.scuolanobel.it/,1,58,12,58091,Roma,42,29.53,21.14,43.09,13.41,23.48,0.0,47.24,52.76,27.56,77.53,70.04,Roma,10,Scienze Umane
RMPM5R5008,ARANGIO RUIZ,VIA DELL'IMBRECCIATO 127,http://www.istitutoruiz.com,1,58,12,58091,Roma,0,,,,,,0.0,,,,,,Roma,10,Scienze Umane
RMPMTS5005,SAN GIUSEPPE CASALETTO,VIA DEL CASALETTO 260,http://scuolasangiuseppe.it/,1,58,12,58091,Roma,0,,,,,,0.0,,,,,,Roma,10,Scienze Umane
RMPM17500R,SAN PAOLO,VIA CASILINA 1606,http://www.istitutosanpaoloroma.it/,1,58,12,58091,Roma,16,47.17,36.25,59.6,42.76,24.19,6.78,72.92,27.08,16.67,85.57,78.46,Roma,10,Scienze Umane - Economico sociale
RMPM01301N,LEONARDO DA VINCI,VIA CAVOUR 258,http://www.leonardodavinciroma.edu.it/,0,58,12,58091,Roma,22,42.44,32.56,53.9,38.66,23.55,5.8,66.67,33.33,18.18,79.3,68.41,Roma,10,Scienze Umane - Economico sociale
RMPM55500G,SACRO CUORE,VIA TENUTA SANT'AGATA 1,http://www.piccoleancelledelsacrocuore.net/objects/Pagina.asp?ID=25&T=Roma%20Montemario,1,58,12,58091,Roma,11,38.51,25.4,54.57,30.73,23.55,4.19,70.59,29.41,23.53,82.38,85.6,Roma,10,Scienze Umane - Economico sociale
RMPL1M500I,SAN SISTO,VIA DRUSO 2,,1,58,12,58091,Roma,9,32.32,11.05,56.45,49.61,19.8,7.27,100.0,0.0,22.22,84.0,,Roma,10,Scienze Umane - Economico sociale
RMPMT1500R,SAN GABRIELE,VIA DELLA GIUSTINIANA 1200,,1,58,12,58091,Roma,11,32.26,8.16,58.3,22.84,23.0,8.33,63.64,36.36,9.09,90.86,85.25,Roma,10,Scienze Umane - Economico sociale
RMPMSC500I,MINERVA,VLE PALMIRO TOGLIATTI 1587,http://www.istitutominerva.it/,1,58,12,58091,Roma,42,22.23,13.55,34.52,15.05,21.53,0.0,44.09,55.91,21.26,78.57,70.85,Roma,10,Scienze Umane - Economico sociale
RMPM00500N,RENZO LEVI - COMUNITA' EBRAICA,VIA PORTICO D'OTTAVIA 73,http://renzolevi.scuolaebraica.it/,1,58,12,58091,Roma,0,,,,,,0.0,,,,,,Roma,10,Scienze Umane - Economico sociale
RMPMBG500A,SCUOLA PONTIFICIA PIO IX,VIA CAVALIERI DEL SEPOLCRO 1,http://www.scuolapionono.org/wordpress/#,1,58,12,58091,Roma,0,,,,,,0.0,,,,,,Roma,10,Scienze Umane - Economico sociale
RMPMPL5008,ISTITUTO ROMA,VIA ERNESTO NATHAN 4143,http://www.istitutoroma.it/,1,58,12,58091,Roma,0,,,,,,0.0,,,,,,Roma,10,Scienze Umane - Economico sociale
RMPM4G5004,GABRIELE D'ANNUNZIO,VIA ONOFRIO PANVINIO 1113,http://www.istitutogabrieledannunzio.it/,1,58,12,58091,Roma,0,,,,,,0.0,,,,,,Roma,10,Scienze Umane - Economico sociale
RMPM9P500H,INFORMEZ GROUP,CORSO VITTORIO EMANUELE II 326,,1,58,12,58091,Roma,0,,,,,,0.0,,,,,,Roma,10,Scienze Umane - Economico sociale
RMTD38000R,LUCIO LOMBARDO RADICE,PZZA ETTORE VIOLA 6,http://www.islombardoradice.gov.it/,0,58,12,58091,Roma,118,62.5,58.17,67.35,60.2,25.78,6.27,76.06,23.94,13.8,85.3,76.61,Roma,10,Linguistico
RMPL39500D,SAN GIUSEPPE DEL CABURLOTTO,VIA RABBELLO 15,http://www.sangiuseppecab.it/,1,58,12,58091,Roma,15,59.34,48.42,71.14,59.89,25.05,5.15,76.09,23.91,8.7,81.06,86.91,Roma,10,Linguistico
RMPLUU500N,SANT'APOLLINARE,VLE VATICANO 42,http://www.istitutoapollinare.org/,1,58,12,58091,Roma,13,57.28,45.5,69.47,49.24,25.84,5.0,73.17,26.83,4.88,86.07,83.0,Roma,10,Linguistico
RMTD008011,LEOPOLDO PIRELLI,VIA ROCCA DI PAPA 113,http://www.leopoldopirelli.it/,0,58,12,58091,Roma,69,55.92,50.26,62.35,51.91,25.19,7.17,68.75,31.25,13.46,83.95,77.42,Roma,10,Linguistico
RMPL07500N,SACRO CUORE,PZZA TRINITA' DEI MONTI 3,http://www.sacrocuoretdm.it/,1,58,12,58091,Roma,38,54.33,47.41,61.8,52.91,24.69,6.15,79.31,20.69,9.48,87.55,87.63,Roma,10,Linguistico
RMTD030005,VINCENZO ARANGIO RUIZ,VLE AFRICA 109,http://www.arangioruiz.edu.it/,0,58,12,58091,Roma,98,53.79,49.0,59.04,55.59,24.24,6.35,71.86,28.14,11.19,82.77,75.64,Roma,10,Linguistico
RMPLAM500Z,HIGHLANDS,VLE DELLA SCULTURA 15,http://highlandsroma.com,1,58,12,58091,Roma,11,49.68,34.14,66.23,52.58,23.61,0.0,73.91,26.09,8.7,82.18,82.33,Roma,10,Linguistico
RMPL43500P,SANTA GIULIANA FALCONIERI,VIA GUIDUBALDO DAL MONTE 17,http://www.istitutofalconieri.com/,1,58,12,58091,Roma,22,47.12,37.74,57.4,46.21,23.76,5.64,72.73,27.27,10.61,85.6,81.0,Roma,10,Linguistico
RMPL26500R,GIOVANNI PAOLO II,CSO DUCA DI GENOVA 157,http://www.istitutogiovannipaolo2.it/,1,58,12,58091,Roma,50,36.45,29.46,45.2,26.87,23.52,0.0,58.55,41.45,19.74,82.49,78.02,Roma,10,Linguistico
RMPLLD5008,SAN GIUSEPPE CALASANZIO,VLE CORTINA D'AMPEZZO 256,http://www.calasanzio-roma.it/,1,58,12,58091,Roma,15,35.83,22.42,50.2,38.42,21.99,7.27,76.67,23.33,10.0,82.39,79.29,Roma,10,Linguistico
RMPLO35009,ARANGIO RUIZ,VIE DELL'IMBRECCIATO 127,http://www.istitutoruiz.com/,1,58,12,58091,Roma,20,35.29,23.33,49.68,29.81,22.89,0.0,46.77,53.23,14.52,86.03,81.64,Roma,10,Linguistico
RMPL0L500V,SERAPHICUM,VIA DEL SERAFICO 3,http://www.seraphicum.com/,1,58,12,58091,Roma,13,34.56,21.94,48.94,38.06,21.73,0.0,66.67,33.33,15.38,83.23,76.69,Roma,10,Linguistico
RMPL00500B,FRIEDRICH HEGEL,VIA AURELIO BACCIARINI 35,http://www.istitutohegel.com/,1,58,12,58091,Roma,20,30.66,19.76,45.45,23.87,22.49,0.0,57.38,42.62,26.23,77.0,72.12,Roma,10,Linguistico
RMPL50500Q,GIANGALEAZZO VISCONTI,VIA NAZARIO SAURO 1,http://www.istitutovisconti.it/,1,58,12,58091,Roma,30,29.96,20.94,40.38,21.91,22.56,0.0,58.89,41.11,14.44,80.32,80.11,Roma,10,Linguistico
RMPLB3500E,MINERVA,VLE PALMIRO TOGLIATTI 1587,http://www.istitutominerva.it/,1,58,12,58091,Roma,40,29.62,20.78,41.3,12.78,23.58,0.0,44.26,55.74,18.85,77.72,72.51,Roma,10,Linguistico
RMPL035007,GAUSS,VIA DELLA BUFALOTTA 556,http://www.complessoscolasticogauss.it/,1,58,12,58091,Roma,15,26.84,12.51,47.1,17.04,22.4,0.0,66.67,33.33,30.0,85.85,72.7,Roma,10,Linguistico
RMPL085008,ISTITUTO KENNEDY,VIA DELLA CORDONATA 7,http://www.kennedyscuola.it/,1,58,12,58091,Roma,27,25.45,15.48,39.9,13.3,22.51,0.0,51.85,48.15,25.93,87.07,78.95,Roma,10,Linguistico
RMPL22500A,MAGNUM,VLE EUROPA 140,http://www.istitutomagnum.it/,1,58,12,58091,Roma,20,24.48,10.5,48.69,13.23,22.29,0.0,34.43,65.57,22.95,91.14,84.22,Roma,10,Linguistico
RMPLOA500A,POLIZIANO,VIA DELLA TRAVICELLA 5561,http://istitutopoliziano.wordpress.com/,1,58,12,58091,Roma,0,,,,,,0.0,,,,,,Roma,10,Linguistico
RMPLNG500S,SAN SISTO,VIA DRUSO 2,http://istitutosansistoroma.com/,1,58,12,58091,Roma,0,,,,,,0.0,,,,,,Roma,10,Linguistico
RMSL015004,SANT'ORSOLA,VIA LIVORNO 50A,http://roma.orsoline.it/,1,58,12,58091,Roma,19,68.39,56.23,82.44,55.23,27.79,8.27,47.46,52.54,11.86,81.5,77.94,Roma,10,Artistico
RMSL08201X,CARAVAGGIO,VLE ODESCALCHI 98,http://www.istruzionecaravaggio.it/,0,58,12,58091,Roma,156,54.42,49.54,60.06,47.26,25.39,6.11,42.77,57.23,10.64,83.84,79.15,Roma,10,Artistico
RMSL07000L,IS VIA DI RIPETTA,VIA RIPETTA 218,http://www.liceoripetta.it/,0,58,12,58091,Roma,189,54.31,49.91,59.46,45.2,25.61,6.87,45.5,54.5,11.82,86.38,82.91,Roma,10,Artistico
RMSD06000G,ENZO ROSSI,VIA DEL FRANTOIO 4,http://www.liceoartisticoenzorossi.it/,0,58,12,58091,Roma,162,53.49,48.46,59.44,43.72,25.59,5.58,38.4,61.6,10.47,84.44,82.77,Roma,10,Artistico
RMSL04000R,ALESSANDRO CARAVILLANI,PZZA DEL RISORGIMENTO 46B,http://www.quartoartistico.it/,0,58,12,58091,Roma,97,52.93,46.77,60.15,43.01,25.54,5.07,40.27,59.73,10.24,84.88,80.73,Roma,10,Artistico
RMSD10000R,GIULIO ARGAN,PZZA DEI DECEMVIRI 12,http://www.liceoargan.gov.it/,0,58,12,58091,Roma,152,51.73,46.88,57.72,39.42,25.68,5.7,44.42,55.58,14.0,83.76,79.1,Roma,10,Artistico
RMSL09701N,CONFALONIERI - DE CHIRICO,LGO PANNONIA 37,http://www.confalonieridechirico.edu.it/,0,58,12,58091,Roma,69,46.19,39.46,54.47,38.95,24.41,5.41,46.63,53.37,14.9,86.08,79.26,Roma,10,Artistico
RMSL023014,DONATO BRAMANTE,VIA DELLA CECCHINA 20,http://www.iisviasarandi.it/site/index.php,0,58,12,58091,Roma,100,46.11,39.52,53.73,42.18,24.0,5.21,33.89,66.11,8.64,82.76,79.45,Roma,10,Artistico
RMSL08901P,ROBERTO ROSSELLINI,VIA DELLA VASCA NAVALE 58,http://www.cine-tv.edu.it/,0,58,12,58091,Roma,56,40.41,33.0,49.2,37.54,23.19,6.88,47.02,52.98,12.5,86.39,80.26,Roma,10,Artistico
RMSLBH500V,UGO FOSCOLO,VIA ISOLE DEL CAPO VERDE 192,http://www.liceoartisticougofoscolo.it/,1,58,12,58091,Roma,0,,,,,,0.0,,,,,,Roma,10,Artistico
RMTD41000B,EINSTEIN - BACHELET,VIA NAZARETH 150,http://www.bacheleteinstein.gov.it/wp/,0,58,12,58091,Roma,48,57.28,49.69,66.06,54.98,25.15,4.64,51.37,48.63,13.01,90.76,75.28,Roma,10,Tecnico - Economico
RMTD00901R,DI VITTORIO - LATTANZIO,VIA TEANO 223,http://www.divittoriolattanzio.gov.it/home/index.php,0,58,12,58091,Roma,30,52.95,43.75,63.5,48.19,24.92,4.65,55.56,44.44,13.33,85.34,78.07,Roma,10,Tecnico - Economico
RMTN02000C,LIVIA BOTTARDI,VIA FILIBERTO PETITI 97,http://www.istitutoliviabottardi.gov.it/,0,58,12,58091,Roma,90,51.46,45.05,58.96,51.54,24.17,5.14,39.85,60.15,9.96,86.51,76.38,Roma,10,Tecnico - Economico
RMTN01000T,CRISTOFORO COLOMBO,VIA PANISPERNA 255,http://www.ittcolombo.edu.it/,0,58,12,58091,Roma,135,49.33,44.7,54.7,46.81,24.22,4.92,56.3,43.7,13.58,83.48,75.14,Roma,10,Tecnico - Economico
RMTD10201V,PERTINI - FALCONE,VIA LENTINI 78,http://www.iispertinifalcone.edu.it/,0,58,12,58091,Roma,78,47.03,40.14,55.5,42.71,24.16,4.44,38.98,61.02,13.14,84.34,74.8,Roma,10,Tecnico - Economico
RMTD113019,CROCE - ALERAMO,VIA SOMMOVIGO 40,http://www.crocealeramo.gov.it/,0,58,12,58091,Roma,23,46.57,36.57,58.2,48.89,23.31,4.83,59.15,40.85,14.08,85.69,75.14,Roma,10,Tecnico - Economico
RMTN073012,CHARLES DARWIN,VIA TUSCOLANA 388,http://www.isisdarwin.gov.it/,0,58,12,58091,Roma,118,46.41,41.43,52.38,44.46,23.8,5.64,53.8,46.2,15.77,82.74,74.66,Roma,10,Tecnico - Economico
RMTD640001,PAOLO TOSCANELLI,VIA DELLE RANDE 22,http://www.itcgtoscanelli.edu.it/,0,58,12,58091,Roma,111,42.79,36.87,49.72,42.29,23.19,5.47,38.51,61.49,10.15,86.47,76.13,Roma,10,Tecnico - Economico
RMTD11801C,LUIGI EINAUDI,VIA SANTA MARIA ALLE FORNACI 1,http://www.luigieinaudiroma.edu.it/,0,58,12,58091,Roma,60,41.7,34.66,50.22,35.01,23.81,6.06,48.62,51.38,13.26,88.95,80.59,Roma,10,Tecnico - Economico
RMTD01301C,LEONARDO DA VINCI,VIA CAVOUR 258,http://www.leonardodavinciroma.edu.it/,0,58,12,58091,Roma,34,40.24,32.07,49.99,41.97,22.62,5.22,62.75,37.25,15.69,79.81,73.13,Roma,10,Tecnico - Economico
RMTD03201T,TOMMASO SALVINI,VIA CAPOSILE 1,http://www.iisviasalvini.gov.it/,0,58,12,58091,Roma,21,39.78,29.42,51.41,40.49,22.69,5.57,61.9,38.1,11.11,85.72,80.21,Roma,10,Tecnico - Economico
RMTD65000G,CARLO MATTEUCCI,VIA DELLE VIGNE NUOVE 262,http://www.itcgmatteucci.edu.it/,0,58,12,58091,Roma,75,39.32,33.51,46.41,34.97,23.24,5.25,59.29,40.71,18.58,84.75,77.15,Roma,10,Tecnico - Economico
RMTD03901L,LEON BATTISTA ALBERTI,VLE DELLA CIVILTA' DEL LAVORO 4,http://www.istitutoalbertiroma.edu.it/,0,58,12,58091,Roma,60,38.96,32.42,46.96,33.12,23.38,5.62,57.22,42.78,17.78,83.96,74.82,Roma,10,Tecnico - Economico
RMTD03401D,BOTTICELLI (IS AMBROSOLI),VLE DELLA PRIMAVERA 207,http://www.iissambrosoli.gov.it/,0,58,12,58091,Roma,60,37.75,30.75,46.42,36.16,22.72,5.44,49.44,50.56,16.11,85.42,74.9,Roma,10,Tecnico - Economico
RMTD10301P,IS VIA SAPONARA 150,VIA GARESSIO 109,http://www.giulioverne.it/,0,58,12,58091,Roma,35,36.65,26.78,49.35,33.34,22.8,5.4,40.19,59.81,14.95,85.53,73.56,Roma,10,Tecnico - Economico
RMTD08401E,FEDERICO CAFFE',VLE DI VILLA PAMPHILI 86,http://www.federicocaffe.gov.it/,0,58,12,58091,Roma,82,35.88,30.01,43.2,27.3,23.33,5.6,53.25,46.75,18.7,87.8,78.58,Roma,10,Tecnico - Economico
RMTD081013,ENZO FERRARI,VIA CONTARDO FERRINI 83,http://iisenzoferrari-it.securesslhosting.it/,0,58,12,58091,Roma,37,31.81,23.18,43.14,29.44,22.1,4.17,50.89,49.11,20.54,80.79,73.82,Roma,10,Tecnico - Economico
RMTD43000L,PIERO CALAMANDREI,VIA CARLO EMERY 97,http://www.ipsstendhal.it/,0,58,12,58091,Roma,90,30.67,24.45,38.23,28.82,21.9,4.92,42.28,57.72,12.87,82.37,73.21,Roma,10,Tecnico - Economico
RMTD43500Q,POLIZIANO,VIA DELLA TRAVICELLA 5561,http://istitutopoliziano.wordpress.com/,1,58,12,58091,Roma,19,,,,,,0.0,,,,,,Roma,10,Tecnico - Economico
RMTD49500B,ETTORE MAJORANA,VIA MONTAGANO 74,,1,58,12,58091,Roma,27,,,,,,0.0,,,,,,Roma,10,Tecnico - Economico
RMTND1500F,GIOVANNI PAOLO II,CORSO DUCA DI GENOVA 157,http://www.istitutogiovannipaolo2.it,1,58,12,58091,Roma,42,,,,,,0.0,,,,,,Roma,10,Tecnico - Economico
RMTD545007,PIO XII,VIA GALLA PLACIDIA 63,http://www.istitutoscolasticopioxii.it/,1,58,12,58091,Roma,115,,,,,,0.0,,,,,,Roma,10,Tecnico - Economico
RMTD55500T,TUSCOLANO,VIA MAIA 19,http://www.itctuscolano.it/,1,58,12,58091,Roma,15,,,,,,0.0,,,,,,Roma,10,Tecnico - Economico
RMTD67500X,ANIENE,VIA TIBURTINA 994,http://www.istitutoaniene.it/,1,58,12,58091,Roma,79,,,,,,0.0,,,,,,Roma,10,Tecnico - Economico
RMTD70500E,MAGNUM,VLE EUROPA 140,http://www.istitutomagnum.it/,1,58,12,58091,Roma,29,,,,,,0.0,,,,,,Roma,10,Tecnico - Economico
RMTD77500R,ISTITUTO ROMA,VIA ERNESTO NATHAN 4143,http://www.istitutoroma.it/,1,58,12,58091,Roma,31,,,,,,0.0,,,,,,Roma,10,Tecnico - Economico
RMTD78500B,FRIEDRICH HEGEL,VIA AURELIO BACCIARINI 35,http://www.istitutohegel.com/,1,58,12,58091,Roma,0,,,,,,0.0,,,,,,Roma,10,Tecnico - Economico
RMTN8V500Q,ANIENE,VIA TIBURTINA 994,http://www.istitutoaniene.it/,1,58,12,58091,Roma,37,,,,,,0.0,,,,,,Roma,10,Tecnico - Economico
RMTDOO500A,ARANGIO RUIZ,VIE DELL'IMBRECCIATO 127,http://www.istitutoruiz.com/,1,58,12,58091,Roma,22,,,,,,0.0,,,,,,Roma,10,Tecnico - Economico
RMTDSN500S,NUMIDIO QUADRATO,VIA DI CENTOCELLE 572,http://www.numidioquadrato.it/,1,58,12,58091,Roma,15,,,,,,0.0,,,,,,Roma,10,Tecnico - Economico
RMTL03401X,BOAGA (IS AMBROSOLI),VLE DELLA PRIMAVERA 207,http://www.iissambrosoli.gov.it/,0,58,12,58091,Roma,43,59.46,51.1,69.54,51.82,26.05,5.66,46.56,53.44,14.5,83.23,70.74,Roma,10,Tecnico - Tecnologico
RMTL00801B,LEOPOLDO PIRELLI,VIA ROCCA DI PAPA 113,http://www.leopoldopirelli.it/,0,58,12,58091,Roma,24,55.68,45.91,66.97,47.95,25.61,5.75,60.27,39.73,15.07,80.68,68.14,Roma,10,Tecnico - Tecnologico
RMTL00701G,TOMMASO SALVINI,VIA CAPOSILE 1,http://www.iisviasalvini.gov.it/,0,58,12,58091,Roma,78,50.12,44.06,57.6,43.19,24.84,6.74,51.91,48.09,16.6,87.17,77.93,Roma,10,Tecnico - Tecnologico
RMTF040002,ENRICO FERMI,VIA TRIONFALE 8737,http://www.itisfermi.it/,0,58,12,58091,Roma,182,48.81,44.52,54.09,44.64,24.36,5.08,49.82,50.18,16.24,85.58,75.65,Roma,10,Tecnico - Tecnologico
RMTL039013,LEON BATTISTA ALBERTI,VLE DELLA CIVILTA' DEL LAVORO 4,http://www.istitutoalbertiroma.edu.it/,0,58,12,58091,Roma,52,48.39,40.03,58.35,46.66,24.02,6.24,38.85,61.15,10.19,79.59,75.7,Roma,10,Tecnico - Tecnologico
RMTF09401B,PACINOTTI - ARCHIMEDE,VIA MONTAIONE 15,http://www.pacinottiarchimede.gov.it/,0,58,12,58091,Roma,67,47.78,41.72,55.13,47.96,23.71,4.38,60.4,39.6,17.82,80.47,70.66,Roma,10,Tecnico - Tecnologico
RMTB010001,FRANCESCO DA PINEDO,VIA MORANDINI 30,http://www.depinedocolonna.gov.it/index.php?lang=it,0,58,12,58091,Roma,147,46.68,41.98,52.76,40.72,24.32,4.86,49.21,50.79,17.91,81.96,75.97,Roma,10,Tecnico - Tecnologico
RMTF04101V,IS VIA SILVESTRI 301,VIA BRAVETTA 541,http://www.iisviasilvestri301roma.edu.it/,0,58,12,58091,Roma,46,46.25,38.2,56.58,44.72,23.73,4.56,47.83,52.17,17.39,81.68,70.76,Roma,10,Tecnico - Tecnologico
RMTA070005,GIUSEPPE GARIBALDI,VIA ARDEATINA 524,http://www.itasgaribaldi-roma.gov.it/garibaldiweb/default.asp,0,58,12,58091,Roma,130,45.92,40.94,52.09,45.71,23.54,6.29,48.47,51.53,15.31,82.11,73.8,Roma,10,Tecnico - Tecnologico
RMTA06000E,EMILIO SERENI,VIA PRENESTINA KM 14,http://www.agrariosereni.edu.it,0,58,12,58091,Roma,147,44.31,38.78,51.51,42.24,23.57,5.45,33.71,66.29,12.22,82.49,74.42,Roma,10,Tecnico - Tecnologico
RMTF02000R,GIUSEPPE ARMELLINI,LGO PLACIDO RICCARDI 13,http://www.itisarmellini.it/,0,58,12,58091,Roma,128,43.62,38.38,50.42,42.82,23.33,5.09,43.75,56.25,15.89,84.47,73.68,Roma,10,Tecnico - Tecnologico
RMTH01000N,MARCANTONIO COLONNA,VIA PINCHERLE 201,http://www.itncolonna.it/,0,58,12,58091,Roma,83,42.38,35.56,50.98,44.42,22.84,4.96,37.6,62.4,13.6,87.89,83.4,Roma,10,Tecnico - Tecnologico
RMTF350007,MICHAEL FARADAY,VIA CAPO SPERONE 52,http://itifaraday.gov.it/,0,58,12,58091,Roma,85,38.72,31.99,49.14,25.8,24.2,4.42,37.35,62.65,21.01,85.02,75.96,Roma,10,Tecnico - Tecnologico
RMTB035009,UMBERTO NOBILE,VIA TUSCOLANA 687,http://www.istitutonobile.it/,1,58,12,58091,Roma,37,,,,,,6.75,,,,,,Roma,10,Tecnico - Tecnologico
RMTF115006,GAUSS,VIA DELLA BUFALOTTA 556,http://www.complessoscolasticogauss.it/,1,58,12,58091,Roma,0,,,,,,0.0,,,,,,Roma,10,Tecnico - Tecnologico
RMTF145002,ALFRED NOBEL,VIA VITO GIUSEPPE GALATI 99B,http://www.scuolanobel.it/,1,58,12,58091,Roma,52,,,,,,0.0,,,,,,Roma,10,Tecnico - Tecnologico
RMTF18500C,GIOVANNI PAOLO II,CSO DUCA DI GENOVA 157,http://www.istitutogiovannipaolo2.it/,1,58,12,58091,Roma,22,,,,,,0.0,,,,,,Roma,10,Tecnico - Tecnologico
RMTL08500Q,ANIENE,VIA TIBURTINA 994,http://www.istitutoaniene.it/,1,58,12,58091,Roma,64,,,,,,0.0,,,,,,Roma,10,Tecnico - Tecnologico
RMTL395001,PIO XII,VIA GALLA PLACIDIA 63,http://www.istitutoscolasticopioxii.it/,1,58,12,58091,Roma,25,,,,,,0.0,,,,,,Roma,10,Tecnico - Tecnologico
RMTF03301X,CARLO URBANI,VIA DELL'IDROSCALO 88,http://www.istitutocarlourbani.edu.it/it/,0,58,12,58091,Roma,19,,,,,,0.0,,,,,,Roma,10,Tecnico - Tecnologico
RMTE02701T,GIOSUE' CARDUCCI,LARGO DI VILLA PAGANINI N 6,,0,58,12,58091,Roma,18,,,,,,6.52,,,,,,Roma,10,Tecnico - Tecnologico
RMTF09701V,CONFALONIERI - DE CHIRICO,VIA DE MATTIAS 5,,0,58,12,58091,Roma,12,,,,,,4.71,,,,,,Roma,10,Tecnico - Tecnologico
FRPM08000L,LUIGI PIETROBONO,PZZA SANTA MARIA MAGGIORE 6,http://www.liceopietrobono.it/,0,60,12,60003,Alatri,11,83.17,71.75,94.96,89.33,27.24,8.1,91.43,8.57,5.71,92.34,88.0,Frosinone,10,Classico
FRPC05000L,NORBERTO TURRIZIANI,VIA ACCIACCARELLI 53,http://www.iisnorbertoturriziani.it/pvw/app/FRLG0001/pvw_sito.php,0,60,12,60038,Frosinone,61,67.74,62.46,73.26,71.2,25.71,8.31,92.39,7.61,7.61,93.59,92.21,Frosinone,10,Classico
FRPC00101C,MARTINO FILETICO,PZZA COLLEGIO MARTINO FILETICO,http://www.iismartinofiletico.gov.it/,0,60,12,60033,Ferentino,20,63.87,55.23,73.3,65.71,25.44,7.95,95.0,5.0,13.33,89.54,80.0,Frosinone,10,Classico
FRPC02500X,SAN BERNARDO,VIA MARIA 25,http://www.istitutosanbernardo.it/home/,1,60,12,60085,Veroli,9,57.5,44.1,72.64,51.86,25.58,6.9,82.14,17.86,17.86,87.65,75.8,Frosinone,10,Classico
FRPS010009,FRANCESCO SEVERI,VLE EUROPA 36,http://www.francescoseveri.it/pvw/app/FRLS0001/pvw_sito.php,0,60,12,60038,Frosinone,89,80.52,76.04,85.32,82.55,27.42,7.67,93.31,6.69,11.52,89.96,83.83,Frosinone,10,Scientifico
FRPS070001,CECCANO,VIA FABRATERIA VETUS,http://www.liceoceccano.gov.it/,0,60,12,60024,Ceccano,54,73.61,68.03,79.5,77.97,26.31,6.62,90.85,9.15,7.93,85.57,77.2,Frosinone,10,Scientifico
FRPS02901B,GIOVANNI SULPICIO,PLE VITTORIO VENETO 2,http://www.iissulpicioveroli.edu.it,0,60,12,60085,Veroli,54,65.91,60.4,72.19,63.8,26.16,8.18,92.68,7.32,18.29,85.91,75.17,Frosinone,10,Scientifico
FRPSII500H,SAN BERNARDO,VIA MARIA 25,http://www.istitutosanbernardo.com/,1,60,12,60085,Veroli,9,61.57,45.56,80.87,54.85,26.19,7.5,84.21,15.79,26.32,90.19,74.0,Frosinone,10,Scientifico
RMPST6500P,GIOVANNI FALCONE,VIA ARTIGIANATO 13,http://www.istitutogiovannifalcone.it,1,58,12,58034,Colleferro,16,23.21,9.53,40.36,20.77,21.08,0.0,45.83,54.17,14.58,82.41,71.32,Frosinone,10,Scientifico - Sportivo
FRPM020001,NORBERTO TURRIZIANI,PZZA DIAMANTI 1,http://www.iisnorbertoturriziani.it/pvw/app/FRLG0001/pvw_sito.php,0,60,12,60038,Frosinone,38,59.83,53.11,67.09,62.77,24.83,7.52,85.22,14.78,12.17,90.63,83.41,Frosinone,10,Scienze Umane
FRPM06000B,VINCENZO SIMONCELLI,VIA SPINELLE 59L,http://www.iisvincenzosimoncelli.it/,0,60,12,60074,Sora,34,54.24,46.49,62.53,60.09,23.81,7.88,70.59,29.41,8.82,87.08,71.79,Frosinone,10,Scienze Umane - Economico sociale
FRPM02301D,REGINA MARGHERITA,PZZA BONGHI 2,http://www.convittoreginamargherita.it/,0,60,12,60006,Anagni,0,,,,,,0.0,,,,,,Frosinone,10,Scienze Umane - Economico sociale
FRSL011024,ANTON GIULIO BRAGAGLIA,VIA CASALE RICCI 2,http://www.iisbragaglia.it/,0,60,12,60038,Frosinone,61,45.27,37.44,54.83,38.22,24.28,6.05,38.25,61.75,10.38,82.27,77.84,Frosinone,10,Artistico
FRSD013018,GUGLIELMO MARCONI,VLE MATTEOTTI,http://www.itcgmarconi.it,0,60,12,60006,Anagni,0,,,,,,0.0,,,,,,Frosinone,10,Artistico
FRSD021017,VINCENZO SIMONCELLI,VIA MICHELE BIANCALE,http://www.iissimoncellisora.gov.it,0,60,12,60074,Sora,0,,,,,,0.0,,,,,,Frosinone,10,Artistico
FRTD01901L,IS CECCANO,VIA GAETA 105,http://iis-ceccano.gov.it/,0,60,12,60024,Ceccano,73,48.67,41.83,56.53,45.88,24.17,5.78,42.73,57.27,9.55,83.0,74.05,Frosinone,10,Tecnico - Economico
FRTD017011,LUIGI ANGELONI,VIA PIAVE 39,http://www.iisangeloni.edu.it/,0,60,12,60038,Frosinone,55,43.56,36.88,51.04,40.38,23.61,5.27,59.28,40.72,10.18,80.13,74.06,Frosinone,10,Tecnico - Economico
FRTD00101B,MARTINO FILETICO,PZZA COLLEGIO MARTINO FILETICO,http://www.iismartinofiletico.gov.it/,0,60,12,60033,Ferentino,22,42.65,30.27,57.04,41.83,23.22,5.53,40.91,59.09,10.61,88.0,74.92,Frosinone,10,Tecnico - Economico
FRTD003013,SANDRO PERTINI,VIA MADONNA DELLA SANITA',http://www.istitutopertinialatri.it/,0,60,12,60003,Alatri,30,40.2,28.79,53.1,51.71,21.44,5.11,34.78,65.22,7.61,88.91,77.07,Frosinone,10,Tecnico - Economico
FRTF018013,ALESSANDRO VOLTA,VLE ROMA,http://www.voltafr.gov.it/,0,60,12,60038,Frosinone,151,52.89,48.17,58.81,53.12,24.32,7.09,47.47,52.53,16.26,83.37,71.59,Frosinone,10,Tecnico - Tecnologico
FRTA00801Q,LUIGI ANGELONI,VLE ROMA 69,http://istitutoangelonifrosinone.edu.it/,0,60,12,60038,Frosinone,46,,,,,,5.04,,,,,,Frosinone,10,Tecnico - Tecnologico
LTPC080004,DANTE ALIGHIERI,VLE MAZZINI,http://www.liceoalighieri.gov.it/,0,59,12,59011,Latina,125,68.79,64.8,73.02,69.16,26.21,8.6,89.92,10.08,9.81,86.49,79.68,Latina,10,Classico
LTPS001028,MASSIMILIANO RAMADU',VIA RIMINI 1,http://www.iiscisterna.gov.it/,0,59,12,59005,Cisterna di Latina,16,64.1,54.2,74.62,62.96,25.83,6.35,87.76,12.24,8.16,88.44,87.0,Latina,10,Classico
LTPS05000B,ETTORE MAJORANA,VIA SEZZE,http://www.liceomajoranalatina.it/,0,59,12,59011,Latina,81,70.56,65.8,75.73,75.34,25.89,8.58,88.52,11.48,12.3,88.74,80.57,Latina,10,Scientifico
LTPS02000G,GIOVAN BATTISTA GRASSI,VIA PADRE SANT'AGOSTINO 8,http://www.liceograssilatina.org/,0,59,12,59011,Latina,215,68.45,65.2,72.03,71.67,25.83,7.14,93.2,6.8,13.29,86.91,77.14,Latina,10,Scientifico
LTTF01301G,GUGLIELMO MARCONI,VIA RENO,http://www.iismarconilatina.gov.it/,0,59,12,59011,Latina,39,53.4,46.42,61.31,54.95,24.22,7.66,76.27,23.73,13.56,84.0,76.46,Latina,10,Scientifico - Scienze applicate
LTPST2500E,STEVE JOBS,VIA PICCARELLO 2,http://www.istitutistevejobs.it,1,59,12,59011,Latina,34,33.62,23.86,46.31,28.0,22.71,0.0,43.14,56.86,16.67,82.07,75.88,Latina,10,Scientifico - Sportivo
LTPS060002,ANTONIO MEUCCI,VIA CARROCETO 193A,http://www.liceoaprilia.gov.it/,0,59,12,59001,Aprilia,54,53.75,47.65,60.67,52.04,24.65,5.74,74.69,25.31,15.43,84.88,76.37,Latina,10,Scienze Umane
LTPM030007,ALESSANDRO MANZONI,VLE CORBUSIER,http://www.manzonilatina.gov.it/it/,0,59,12,59011,Latina,101,51.07,46.57,56.02,53.0,23.9,6.87,80.66,19.34,12.46,87.55,78.4,Latina,10,Scienze Umane
RMPC41000C,CHRIS CAPPELL COLLEGE,VLE ANTIUM 5,http://www.liceochriscappell.it/,0,58,12,58007,Anzio,122,49.65,45.43,54.57,45.49,24.46,6.88,78.75,21.25,20.44,86.92,79.39,Latina,10,Scienze Umane
RMPM22500L,SANTA LUCIA FILIPPINI,VLE GIACOMO MATTEOTTI 87,http://santaluciafilippininettuno.it/,1,58,12,58072,Nettuno,17,43.51,34.04,54.48,48.18,22.66,7.33,88.68,11.32,22.64,89.04,84.17,Latina,10,Scienze Umane
LTPMSO5002,STEVE JOBS,VIA PICCARELLO 2,http://www.istitutistevejobs.it,1,59,12,59011,Latina,34,35.33,25.35,48.81,19.41,24.15,0.0,40.78,59.22,17.48,79.21,73.61,Latina,10,Scienze Umane - Economico sociale
LTPLCG500C,INTERSTUDIO,VIA GRAN BRETAGNA 22,http://www.interstudiolatina.it/liceo-linguistico,1,59,12,59011,Latina,20,21.83,8.99,39.64,11.52,21.86,0.0,40.32,59.68,19.35,81.04,75.0,Latina,10,Linguistico
LTSL02000C,LICEO ARTISTICO DI LATINA,VIA GIULIO CESARE 20,http://www.liceoartisticolatina.gov.it/,0,59,12,59011,Latina,100,38.59,32.19,46.66,33.68,23.22,5.85,35.76,64.24,12.58,87.86,81.49,Latina,10,Artistico
LTSD003019,TEODOSIO ROSSI,VIA MATTEOTTI,http://www.isissteodosiorossi.it/,0,59,12,59019,Priverno,0,,,,,,0.0,,,,,,Latina,10,Artistico
LTTD02000B,VITTORIO VENETO - SALVEMINI,VLE MAZZINI 4,http://itcvittoriovenetosalvemini.edu.it/,0,59,12,59011,Latina,80,41.5,35.56,48.5,48.22,22.17,5.78,52.89,47.11,13.22,86.04,73.73,Latina,10,Tecnico - Economico
LTTE01301R,GUGLIELMO MARCONI,VIA RENO,http://www.iismarconilatina.gov.it/,0,59,12,59011,Latina,36,34.66,25.09,45.63,37.72,21.79,8.29,41.82,58.18,8.18,83.0,71.28,Latina,10,Tecnico - Economico
LTTDZG5007,STEVE JOBS,VIA PICCARELLO 2,http://www.istitutistevejobs.it,1,59,12,59011,Latina,25,,,,,,0.0,,,,,,Latina,10,Tecnico - Economico
LTTD01601R,SAN BENEDETTO,VIA SICILIANO 4,http://ipasanbenedetto.gov.it/,0,59,12,59011,Latina,52,56.58,49.53,64.84,59.96,24.38,5.69,55.7,44.3,13.92,84.78,72.93,Latina,10,Tecnico - Tecnologico
LTTF01801P,GALILEI - SANI,VIA PONCHIELLI,http://www.isgalileisani.it/,0,59,12,59011,Latina,102,49.18,43.35,56.35,45.85,24.3,4.45,43.46,56.54,13.07,82.76,74.62,Latina,10,Tecnico - Tecnologico
LTTA335002,ISAS,VIA DEI COLONNA 19,http://www.scuolaisas.com/,1,59,12,59011,Latina,0,,,,,,0.0,,,,,,Latina,10,Tecnico - Tecnologico
LTTD595008,INTERSTUDIO,VIA GRAN BRETAGNA 22,http://www.interstudiolatina.it/istituti-tecnici,1,59,12,59011,Latina,50,,,,,,0.0,,,,,,Latina,10,Tecnico - Tecnologico
RIPC003018,CARLO JUCCI,PZZA MAZZINI 1,http://www.liceoclassicovarrone.edu.it/,0,57,12,57059,Rieti,45,74.83,68.89,81.13,75.1,26.95,8.01,94.85,5.15,9.56,88.72,88.43,Rieti,10,Classico
RIPS070005,LORENZO ROCCI,VIA COLLE DELLA FELCE 28,http://www.liceorocci.it/,0,57,12,57027,Fara in Sabina,23,64.76,56.57,73.68,60.18,26.32,6.7,91.43,8.57,11.43,83.67,76.5,Rieti,10,Classico
RIPS020004,GREGORIO DA CATINO,VIA PALMIRO TOGLIATTI,http://www.iisgregoriodacatino.gov.it/,0,57,12,57053,Poggio Mirteto,22,74.44,66.12,83.19,79.22,26.36,7.11,91.18,8.82,8.82,84.06,86.5,Rieti,10,Scientifico
RITF00701R,CELESTINO ROSATELLI,VLE FASSINI 1,http://www.rosatelli.edu.it/,0,57,12,57059,Rieti,36,66.78,59.87,74.69,69.23,25.72,7.24,83.64,16.36,17.27,85.04,75.5,Rieti,10,Scientifico - Scienze applicate
RIPM01000E,ELENA PRINCIPESSA DI NAPOLI,PZZA MAZZINI 2,http://www.epnrieti.gov.it/,0,57,12,57059,Rieti,34,61.31,54.44,69.17,61.63,25.32,6.54,90.29,9.71,21.36,87.25,80.1,Rieti,10,Scienze Umane
RISD00301T,ELENA PRINCIPESSA DI NAPOLI,VIA PALMIRO TOGLIATTI SNC,http://www.liceoclassicovarrone.edu.it/,0,57,12,57059,Rieti,33,44.41,34.18,57.34,31.81,24.84,5.24,40.0,60.0,15.0,82.82,80.27,Rieti,10,Artistico
RITD00202C,GREGORIO DA CATINO,VIA GIUSEPPE FELICI,http://www.iisgregoriodacatino.gov.it/,0,57,12,57053,Poggio Mirteto,18,54.15,42.38,67.59,48.92,25.13,5.07,53.57,46.43,12.5,87.9,74.0,Rieti,10,Tecnico - Economico
RITD00101G,ALDO MORO,VLE DELLA GIOVENTU' 30,http://www.polocorese.it/joomla_3.2.0/,0,57,12,57027,Fara in Sabina,19,52.6,40.84,67.0,52.67,24.3,4.81,50.85,49.15,15.25,81.87,70.38,Rieti,10,Tecnico - Economico
RITD00601P,LUIGI DI SAVOIA,VLE MARAINI 54,http://www.iisluigidisavoia.edu.it/,0,57,12,57059,Rieti,45,47.01,39.78,55.82,39.49,24.54,6.18,60.58,39.42,19.71,77.69,70.89,Rieti,10,Tecnico - Economico
RITA006018,LUIGI DI SAVOIA,VIA PALMIRO TOGLIATTI SNC,http://www.iisluigidisavoia.edu.it/,0,57,12,57059,Rieti,29,,,,,,5.33,,,,,,Rieti,10,Tecnico - Tecnologico
VTPC010003,MARIANO BURATTI,VIA TOMMASO CARLETTI 8,http://www.liceoburatti.gov.it/,0,56,12,56059,Viterbo,82,73.12,68.49,77.98,70.66,27.07,7.29,93.55,6.45,7.66,90.04,88.19,Viterbo,10,Classico
VTPS009013,CARLO ALBERTO DALLA CHIESA,VIA ALDO MORO 1,http://www.dallachiesa.gov.it/,0,56,12,56036,Montefiascone,18,70.58,61.28,80.5,66.23,26.99,7.67,89.09,10.91,10.91,89.59,79.17,Viterbo,10,Classico
VTPS010006,PAOLO RUFFINI,PZZA DANTE ALIGHIERI 13,http://www.liceoruffiniviterbo.gov.it/,0,56,12,56059,Viterbo,97,82.76,78.42,87.46,81.92,28.03,7.85,92.81,7.19,11.99,90.45,78.1,Viterbo,10,Scientifico
VTPS015009,CARDINAL RAGONESI,VLE IV NOVEMBRE 23,http://www.cardinalragonesi.it/,1,56,12,56059,Viterbo,0,,,,,,0.0,,,,,,Viterbo,10,Scientifico
VTPS01301P,ANTONIO MEUCCI,CSO UMBERTO I 24,http://www.ameucci.it/,0,56,12,56045,Ronciglione,32,64.71,57.38,72.89,63.44,25.92,5.66,82.65,17.35,15.31,80.32,70.12,Viterbo,10,Scientifico - Scienze applicate
VTPM010007,SANTA ROSA DA VITERBO,VIA SAN PIETRO 27,http://www.liceosantarosavt.it/,0,56,12,56059,Viterbo,76,55.32,49.92,61.22,56.42,24.51,5.23,69.87,30.13,10.92,83.28,76.29,Viterbo,10,Scienze Umane
VTPS00401X,FABIO BESTA,VIA DEL CAMPO SPORTIVO,http://www.fabiobestaorte.gov.it/,0,56,12,56042,Orte,30,54.41,46.15,63.16,53.83,24.6,7.45,70.0,30.0,7.78,86.25,75.74,Viterbo,10,Scienze Umane
VTPS017012,ANTONIO MEUCCI,VIA VESPUCCI 2,http://www.iisbassanoromano.it/,0,56,12,56005,Bassano Romano,31,47.41,39.35,56.58,48.86,23.51,6.64,70.21,29.79,11.7,85.35,81.79,Viterbo,10,Scienze Umane
VTPMI8500B,JEAN JACQUES ROUSSEAU,VIA DELLA VERITA' 12,http://www.istitutorousseau.net,1,56,12,56059,Viterbo,0,,,,,,0.0,,,,,,Viterbo,10,Scienze Umane - Economico sociale
VTPLR35005,JEAN JACQUES ROUSSEAU,VIA DELLA VERITA' 12,http://www.istitutorousseau.net/,1,56,12,56059,Viterbo,19,37.72,24.04,54.87,26.24,23.9,0.0,38.6,61.4,14.04,90.86,73.86,Viterbo,10,Linguistico
TRSD002017,IS ORVIETO,VIA MARSCIANO 1,http://www.iisacp.gov.it,0,55,10,55023,Orvieto,42,44.85,35.75,55.69,40.47,23.91,7.05,39.84,60.16,10.94,84.37,78.7,Viterbo,10,Artistico
VTSL008014,FRANCESCO ORIOLI,VIA VILLANOVA,http://www.orioli.gov.it/,0,56,12,56059,Viterbo,0,,,,,,0.0,,,,,,Viterbo,10,Artistico
VTTD07000N,PAOLO SAVI,VLE CAPOCCI 36,http://itcsavi.gov.it/,0,56,12,56059,Viterbo,113,48.89,44.19,54.38,45.85,24.23,4.84,64.9,35.1,15.93,81.84,72.46,Viterbo,10,Tecnico - Economico
VTTD015005,LUIGI EINAUDI,VIA VISMARA 7,http://www.istitutoeinaudi.it/,1,56,12,56059,Viterbo,34,,,,,,0.0,,,,,,Viterbo,10,Tecnico - Economico
VTTF010008,LEONARDO DA VINCI,VIA VOLTA 26,http://www.ittvt.it/,0,56,12,56059,Viterbo,104,53.26,47.52,60.04,54.74,24.21,4.45,43.95,56.05,10.83,83.39,77.3,Viterbo,10,Tecnico - Tecnologico
VTTD01201P,ALESSANDRO FARNESE,VIA DONATORI DEL SANGUE,http://www.iisfarnese.it/,0,56,12,56057,Vetralla,20,,,,,,4.48,,,,,,Viterbo,10,Tecnico - Tecnologico
AQPS01000E,ANDREA BAFILE,VIA ACQUASANTA 16,http://iisbafile.gov.it/,0,66,13,66049,L'Aquila,55,66.24,60.8,72.29,67.32,25.82,7.32,94.58,5.42,17.47,84.58,73.56,L'Aquila,10,Scientifico - Scienze applicate
AQPS01601E,AMEDEO D'AOSTA,VIA ACQUASANTA 5,,0,66,13,66049,L'Aquila,19,47.16,31.16,66.46,38.7,24.67,6.84,84.21,15.79,26.32,82.69,79.0,L'Aquila,10,Scientifico - Scienze applicate
AQSD01801L,ANDREA BAFILE,VIA ACQUASANTA 16,http://iisbafile.gov.it/,0,66,13,66049,L'Aquila,29,59.18,47.95,72.09,39.96,27.41,6.15,37.08,62.92,8.99,86.52,81.88,L'Aquila,10,Artistico
TESD01000D,GRUE,VIA CONVENTO 9,http://www.liceoartisticogrue.gov.it/,0,67,13,67012,Castelli,0,,,,,,0.0,,,,,,L'Aquila,10,Artistico
AQTD011017,AMEDEO D'AOSTA,VIA FRANCESCO FILOMUSI GUELFI,http://www.iisdaostalaquila.it/,0,66,13,66049,L'Aquila,41,43.93,36.4,53.13,34.05,24.46,6.88,60.8,39.2,19.2,85.89,72.84,L'Aquila,10,Tecnico - Economico
RITD090006,IS BORGOROSE,VLE MICANGELI 41,http://www.istitutoonnicomprensivoborgorose.it/,0,57,12,57007,Borgorose,0,,,,,,0.0,,,,,,L'Aquila,10,Tecnico - Economico
AQTL00301P,DA VINCI - COLECCHI,VIA ACQUASANTA 18,http://www.iisdavincicolecchiaq.gov.it/,0,66,13,66049,L'Aquila,30,58.04,48.84,68.59,51.61,25.74,5.83,55.56,44.44,13.33,81.2,69.15,L'Aquila,10,Tecnico - Tecnologico
AQTF01601L,AMEDEO D'AOSTA,VIA ACQUASANTA 5,http://www.iisdaostalaquila.it/,0,66,13,66049,L'Aquila,98,48.77,43.52,55.41,46.06,24.18,5.53,56.76,43.24,19.93,84.99,72.38,L'Aquila,10,Tecnico - Tecnologico
PEPC010009,GABRIELE D'ANNUNZIO,VIA VENEZIA 41,http://www.liceoclassicope.gov.it/,0,68,13,68028,Pescara,163,72.62,69.04,76.51,68.86,27.17,7.71,92.64,7.36,13.09,89.98,87.56,Chieti,10,Classico
CHPC00801T,GIAN BATTISTA VICO,CSO MARRUCINO 135137,http://www.convittogbvico.gov.it/,0,69,13,69022,Chieti,71,69.73,64.81,75.01,71.43,26.16,7.79,93.9,6.1,12.21,86.86,76.46,Chieti,10,Classico
PEPC8E500U,MAIOR,VIA TIRINO 611,,1,68,13,68028,Pescara,12,52.51,38.5,68.55,50.31,24.56,0.0,81.08,18.92,13.51,92.48,77.0,Chieti,10,Classico
CHPS01000X,FILIPPO MASCI,VIA NICOLETTO VERNIA 26,http://www.liceomasci.it/,0,69,13,69022,Chieti,87,77.08,72.6,81.91,77.85,27.16,8.6,95.79,4.21,12.26,87.45,80.27,Chieti,10,Scientifico
PEPS03000N,GALILEO GALILEI,VIA BALILLA 34,http://www.istitutonostrasignora.it/Objects/Home1.asp,0,68,13,68028,Pescara,231,75.53,72.34,78.95,75.05,27.12,8.32,93.67,6.33,11.22,86.34,79.4,Chieti,10,Scientifico
PEPS01000C,LEONARDO DA VINCI,VIA COLLE MARINO 73,http://www.liceodavincipescara.it/,0,68,13,68028,Pescara,258,66.22,63.09,69.6,70.96,25.38,7.6,89.55,10.45,11.74,84.93,74.67,Chieti,10,Scientifico
PEPS005001,MAIOR,VIA DEL CIRCUITO 71,http://www.istitutomecenate.it/,1,68,13,68028,Pescara,19,28.15,17.81,42.96,12.25,23.29,0.0,68.42,31.58,35.09,80.87,77.33,Chieti,10,Scientifico
PEPS995008,PITAGORA,VIA GALILEI 8,http://www.istitutipitagora.it/,1,68,13,68028,Pescara,0,,,,,,0.0,,,,,,Chieti,10,Scientifico
CHPS01201L,LUIGI DI SAVOIA,VIA D'ARAGONA 21,http://www.itisavoia.ch.it/sito5/,0,69,13,69022,Chieti,54,74.96,69.45,80.9,78.03,26.63,7.55,93.29,6.71,12.2,85.31,72.36,Chieti,10,Scientifico - Scienze applicate
PEPS00601T,ALESSANDRO VOLTA,VIA ALESSANDRO VOLTA 15,http://iisvoltapescara.gov.it/,0,68,13,68028,Pescara,25,50.53,41.82,60.59,51.83,23.91,7.91,74.67,25.33,18.67,77.63,68.53,Chieti,10,Scientifico - Sportivo
PEPS004016,BERTRANDO SPAVENTA,LARGO MAZZINI 1,http://www.omnicomprensivocsangelo.it/,0,68,13,68012,Città Sant'Angelo,23,42.42,32.96,53.89,45.26,22.75,5.52,66.2,33.8,21.13,84.13,76.88,Chieti,10,Scientifico - Sportivo
CHPM02000G,ISABELLA GONZAGA,VIA DEI CELESTINI 4,http://www.magistralechieti.gov.it/,0,69,13,69022,Chieti,60,52.55,47.0,58.63,50.82,24.51,7.28,82.42,17.58,12.64,80.82,69.91,Chieti,10,Scienze Umane
CHPMVZ5007,NIKOLA TESLA,VIA VERNIA 7,http://www.istitutitesla.net,1,69,13,69022,Chieti,0,,,,,,0.0,,,,,,Chieti,10,Scienze Umane
PEPM020004,GUGLIELMO MARCONI,VIA MARINO DA CARAMANICO 26,http://www.liceomarconipescara.gov.it/,0,68,13,68028,Pescara,44,40.16,33.4,48.38,35.48,23.38,5.49,72.18,27.82,23.31,82.61,75.3,Chieti,10,Scienze Umane - Economico sociale
PEPMPL500U,MAIOR,VIA TIRINO 611,,1,68,13,68028,Pescara,13,24.04,9.7,41.82,17.19,21.71,6.67,74.07,25.93,25.93,84.1,74.71,Chieti,10,Scienze Umane - Economico sociale
PESL03000E,MISTICONI - BELLISARIO,VIA LUIGI EINAUDI 2,http://www.mibe.gov.it,0,68,13,68028,Pescara,125,50.65,45.08,57.35,41.4,25.19,4.72,39.36,60.64,11.7,87.03,79.22,Chieti,10,Artistico
CHSD070002,GIAN BATTISTA VICO,VIA D'ARAGONA 19,http://www.convittogbvico.gov.it,0,69,13,69022,Chieti,0,,,,,,0.0,,,,,,Chieti,10,Artistico
PETD07000X,ATERNO - MANTHONE',VIA TIBURTINA 202,http://www.manthone.gov.it/,0,68,13,68028,Pescara,81,45.57,38.67,53.72,42.81,23.8,3.85,37.55,62.45,10.2,86.16,73.69,Chieti,10,Tecnico - Economico
PETD010008,TITO ACERBO,VIA PIZZOFERRATO 1,http://www.istitutotecnicoacerbope.gov.it/,0,68,13,68028,Pescara,182,44.81,40.83,49.49,39.5,24.02,6.12,60.58,39.42,15.51,85.11,75.27,Chieti,10,Tecnico - Economico
CHTD11000L,POMILIO - GALIANI - DE STERLICH,VIA RICCI 22,http://www.galiani-desterlich.gov.it/,0,69,13,69022,Chieti,85,38.49,32.52,45.85,33.33,23.24,4.62,49.03,50.97,14.4,84.33,73.52,Chieti,10,Tecnico - Economico
PETN015009,ISTITUTO MECENATE,VIA DEL CIRCUITO 71,http://www.istitutomecenate.it/,1,68,13,68028,Pescara,27,,,,,,0.0,,,,,,Chieti,10,Tecnico - Economico
PETD06500C,PITAGORA,VIA SAN DONATO 9,http://www.collegepitagora.it,1,68,13,68028,Pescara,11,,,,,,0.0,,,,,,Chieti,10,Tecnico - Economico
CHTF01201P,LUIGI DI SAVOIA,VIA D'ARAGONA 21,http://www.itisavoia.ch.it/sito5/,0,69,13,69022,Chieti,199,61.86,58.01,66.19,65.23,25.02,6.3,61.37,38.63,11.87,83.8,73.06,Chieti,10,Tecnico - Tecnologico
PEPMDE500O,MAIOR,VIA TIRINO 611,,1,68,13,68028,Pescara,12,72.48,46.46,100.0,82.93,25.44,0.0,60.0,40.0,4.0,90.17,74.5,Pescara,10,Scienze Umane
PETF00601X,ALESSANDRO VOLTA,VIA ALESSANDRO VOLTA 15,http://iisvoltapescara.gov.it/,0,68,13,68028,Pescara,206,52.19,48.04,57.08,54.05,24.04,6.04,48.39,51.61,12.9,83.09,73.74,Pescara,10,Tecnico - Tecnologico
PETF005003,ISTITUTO MECENATE,VIA DEL CIRCUITO 71,http://www.istitutomecenate.it/,1,68,13,68028,Pescara,11,,,,,,0.0,,,,,,Pescara,10,Tecnico - Tecnologico
TEPC030005,SAFFO,VIA SILVIO PELLICO,http://www.liceosaffo.gov.it/,0,67,13,67037,Roseto degli Abruzzi,27,70.44,62.84,78.49,72.21,26.24,7.69,91.46,8.54,6.1,90.55,75.43,Teramo,10,Classico
TEPS02000N,MARIE CURIE,VIA ANTONIO GRAMSCI,http://liceomariecuriegiulianova.gov.it/,0,67,13,67025,Giulianova,30,56.27,48.76,64.5,62.26,24.03,6.49,85.56,14.44,14.44,82.43,79.38,Teramo,10,Linguistico
TETD01302C,PASCAL - COMI,VIA MARINO 12,http://www.iisteramo.edu.it/,0,67,13,67041,Teramo,54,48.49,42.15,55.73,45.14,24.22,5.07,68.1,31.9,15.95,81.66,73.77,Teramo,10,Tecnico - Economico
TETD00500B,GUGLIELMO CAMELI,VIA VESPUCCI,http://istituticameli.edu.it/,1,67,13,67041,Teramo,0,,,,,,0.0,,,,,,Teramo,10,Tecnico - Economico
TETF009012,EMILIO ALESSANDRINI,VIA SAN MARINO 12,http://www.iisteramo.gov.it/new/index.php,0,67,13,67041,Teramo,139,46.26,40.98,52.49,47.6,23.39,6.73,39.95,60.05,10.05,83.91,73.82,Teramo,10,Tecnico - Tecnologico
TETA00801D,DI POPPA - ROZZI,PIANO D'ACCIO,http://www.iisdipopparozzi.it/,0,67,13,67041,Teramo,21,,,,,,6.21,,,,,,Teramo,10,Tecnico - Tecnologico
CBPS01000B,ALBERTO ROMITA,VIA FACCHINETTI,http://www.liceoscientificoromita.cb.it/,0,70,14,70006,Campobasso,111,80.49,76.39,84.82,83.48,27.3,8.36,94.63,5.37,9.85,89.59,83.56,Campobasso,10,Scientifico
CBPS070003,CONVITTO MARIO PAGANO,VIA MAZZINI 1,http://www.convittonazionalemariopagano.it/,0,70,14,70006,Campobasso,16,51.2,41.53,61.88,55.16,23.67,6.53,90.0,10.0,16.0,87.73,85.6,Campobasso,10,Scientifico
CBPM00701N,LOMBARDO RADICE,VIA COLONNO,http://www.iissbojano.it/,0,70,14,70003,Bojano,19,60.95,49.54,73.15,64.5,24.89,7.66,84.21,15.79,5.26,84.84,75.17,Campobasso,10,Scientifico - Scienze applicate
CBPM040008,GIUSEPPE MARIA GALANTI,VIA TRIESTE 1,http://www.liceogalanti.it/,0,70,14,70006,Campobasso,58,59.6,54.05,65.71,56.99,25.47,7.82,85.23,14.77,13.64,86.49,74.08,Campobasso,10,Scienze Umane
CBPM00301A,ISTOMNIC SILVIO DI LALLA,VIA KENNEDY 1,http://scuolecasacalenda.gov.it/,0,70,14,70011,Casacalenda,10,54.16,40.15,69.29,67.44,22.91,4.07,70.0,30.0,10.0,86.67,79.22,Campobasso,10,Scienze Umane
CBPC02601V,PERTINI-MONTINI-CUOCO,VIA PRINCIPE DI PIEMONTE 2C,http://itaspertini.edu.it/,0,70,14,70006,Campobasso,59,65.75,60.1,72.0,67.63,25.66,8.79,80.9,19.1,14.04,82.88,72.79,Campobasso,10,Linguistico
CBTD03000C,MARCONI - PILLA,VIA VITTORIO VENETO 21,http://www.pillacb.gov.it/,0,70,14,70006,Campobasso,70,56.08,50.28,62.34,62.22,23.99,7.68,64.15,35.85,8.02,82.18,69.67,Campobasso,10,Tecnico - Economico
CBTD00701C,LOMBARDO RADICE,VIA COLONNO,http://www.iissbojano.it/,0,70,14,70003,Bojano,17,41.48,29.72,55.53,36.13,23.62,6.43,56.6,43.4,15.09,86.43,74.41,Campobasso,10,Tecnico - Economico
CBTE026019,PERTINI-MONTINI-CUOCO,VIA PRINCIPE DI PIEMONTE 2C,http://itaspertini.gov.it/,0,70,14,70006,Campobasso,77,59.73,54.59,65.37,61.26,24.98,7.43,77.59,22.41,12.93,83.73,74.08,Campobasso,10,Tecnico - Tecnologico
CBTF01000D,MARCONI - PILLA,PZZA SAN FRANCESCO 16,http://www.iti-marconi.gov.it/,0,70,14,70006,Campobasso,159,59.23,54.53,64.43,67.85,24.07,6.26,46.44,53.56,7.95,83.37,72.66,Campobasso,10,Tecnico - Tecnologico
ISPC009018,MAJORANA - FASCITELLI,CSO RISORGIMENTO 353,http://www.isismajoranafascitelli.gov.it/web/,0,94,14,94023,Isernia,24,73.22,65.21,82.07,70.97,27.06,8.33,93.06,6.94,16.67,86.33,75.4,Isernia,10,Classico
ISPC003019,IST OMNIC ANTONIO GIORDANO,VIA MAIELLA 4143,http://www.isissgiordano.edu.it/,0,94,14,94052,Venafro,16,58.12,48.55,69.41,53.32,25.55,8.6,92.0,8.0,26.0,89.02,81.25,Isernia,10,Classico
ISPS020005,MAJORANA - FASCITELLI,CSO RISORGIMENTO 353,http://www.isismajoranafascitelli.gov.it/web/,0,94,14,94023,Isernia,70,73.86,68.9,79.18,78.26,26.34,8.7,93.33,6.67,10.48,85.79,80.57,Isernia,10,Scientifico
AQPS00201L,PATINI - LIBERATORE,VIA DEI CARACENI 8,http://www.patiniliberatore.edu.it/,0,66,13,66028,Castel di Sangro,12,60.92,48.95,73.33,63.72,24.97,5.12,80.56,19.44,5.56,81.69,71.71,Isernia,10,Scientifico - Sportivo
CEPS060008,LEONARDO DA VINCI,VIA ROMA 66,http://www.liceodivairano.it/_hp/sito/index.php,0,61,15,61095,Vairano Patenora,23,55.98,46.87,66.53,52.48,25.14,8.1,71.83,28.17,16.9,91.2,80.5,Isernia,10,Scienze Umane
ISPM00901C,CUOCO - MANUPPELLA,VIA LEOPARDI 1,http://www.isiscuocomanuppella.gov.it/,0,94,14,94023,Isernia,29,52.29,44.65,61.07,48.56,24.72,7.5,83.15,16.85,20.22,85.62,81.33,Isernia,10,Scienze Umane
FRPM070002,MARCO TERENZIO VARRONE,VLE EUROPA 28,http://www.liceovarronecassino.it/,0,60,12,60019,Cassino,68,45.0,39.64,51.15,41.55,23.81,8.37,78.64,21.36,17.48,86.7,78.0,Isernia,10,Scienze Umane
FRPM9G500T,MAZZINI,VIA BENEDETTO CROCE 1,http://www.istitutomazzinicassino.it/it,1,60,12,60019,Cassino,29,24.26,13.65,39.06,24.08,20.93,0.0,42.05,57.95,19.32,81.57,78.34,Isernia,10,Scienze Umane - Economico sociale
ISSD014019,CUOCO - MANUPPELLA,VIA BERTA 117,http://www.isiscuocomanuppella.gov.it/,0,94,14,94023,Isernia,27,52.72,41.95,65.39,56.6,23.86,4.45,43.9,56.1,10.98,83.06,79.61,Isernia,10,Artistico
FRSL031018,GIOSUE' CARDUCCI,VIA GUGLIELMO MARCONI 47,http://www.iiscarduccicassino.edu.it/,0,60,12,60019,Cassino,28,45.67,34.1,59.73,44.52,23.62,6.15,36.05,63.95,11.63,86.65,80.38,Isernia,10,Artistico
ISTD01000A,FERMI - MATTEI,CSO RISORGIMENTO 225,http://www.itef-isernia.it/wp/,0,94,14,94023,Isernia,51,55.51,48.52,63.16,60.4,24.07,6.21,58.06,41.94,7.74,84.11,74.17,Isernia,10,Tecnico - Economico
ISTD003018,IST OMNIC ANTONIO GIORDANO,VIA MAIELLA 4143,http://www.isissgiordano.edu.it/,0,94,14,94052,Venafro,12,,,,,,4.59,,,,,,Isernia,10,Tecnico - Economico
ISTF013015,FERMI - MATTEI,VLE DEI PENTRI,http://www.itef-isernia.it,0,94,14,94023,Isernia,72,42.81,35.42,52.02,45.91,22.77,5.26,36.24,63.76,12.39,84.58,73.46,Isernia,10,Tecnico - Tecnologico
NAPC150009,CONVITTO VITTORIO EMANUELE II,PZZA DANTE 41,http://www.convittonapoli.it/,0,63,15,63049,Napoli,43,81.38,75.35,87.83,82.25,27.66,7.65,95.42,4.58,12.21,90.5,90.0,Napoli,10,Classico
NAPC11000V,JACOPO SANNAZARO,VIA PUCCINI 12,http://www.liceojsannazaro.it/,0,63,15,63049,Napoli,255,79.9,76.8,83.17,79.41,27.65,7.55,94.51,5.49,9.28,88.86,84.45,Napoli,10,Classico
NAPS200008,PIERO CALAMANDREI,VIA COMUNALE MARANDA 84,http://www.liceocalamandrei.it/,0,63,15,63049,Napoli,17,78.85,69.37,89.13,72.74,28.2,5.92,90.38,9.62,13.46,87.38,82.0,Napoli,10,Classico
NAPC14000P,UMBERTO I,PZZA ARMENDOLA 6,http://www.liceoumberto.it/,0,63,15,63049,Napoli,191,75.95,72.56,79.57,77.42,26.94,8.01,93.91,6.09,11.48,84.17,81.0,Napoli,10,Classico
NAPC40000V,VITTORIO EMANUELE II - GARIBALDI,VIA SAN SEBASTIANO 51,http://www.liceovittorioemanuelegaribaldi.edu.it,0,63,15,63049,Napoli,167,75.3,71.75,79.13,72.71,27.35,6.99,92.83,7.17,12.95,87.07,82.06,Napoli,10,Classico
NAPC010002,ANTONIO GENOVESI,PZZA DEL GESU' NUOVO 1,http://www.liceogenovesi.it/,0,63,15,63049,Napoli,45,74.82,68.73,81.41,71.18,27.41,6.79,90.37,9.63,11.85,83.73,73.15,Napoli,10,Classico
NAPC180005,ADOLFO PANSINI,PZZA QUATTRO GIORNATE,http://www.liceopansini.gov.it/,0,63,15,63049,Napoli,136,73.68,69.86,77.82,71.58,27.09,7.01,92.67,7.33,13.69,87.03,82.86,Napoli,10,Classico
NAPC09000V,GIAN BATTISTA VICO,VIA SALVATOR ROSA 117,http://www.liceoviconapoli.gov.it/,0,63,15,63049,Napoli,72,73.17,68.23,78.43,74.04,26.68,8.52,90.83,9.17,10.09,92.41,90.11,Napoli,10,Classico
NAPC053011,FRANCESCO SBORDONE,VIA VECCHIA DI SAN ROCCO 16,http://www.liceosbordone.it/,0,63,15,63049,Napoli,22,71.94,63.63,80.85,67.31,27.19,7.66,93.94,6.06,10.61,89.63,84.75,Napoli,10,Classico
NAPC06801P,ARTEMISIA GENTILESCHI,VIA NUOVA AGNANO 30,http://www.istitutosuperioregentileschi.gov.it,0,63,15,63049,Napoli,23,69.33,61.14,77.87,70.72,26.15,7.66,90.14,9.86,7.04,90.27,84.71,Napoli,10,Classico
NAPC08500B,PONTANO,CSO VITTORIO EMANUELE 581,http://www.istitutopontano.it/,1,63,15,63049,Napoli,12,51.76,40.17,63.75,64.37,22.7,7.83,83.78,16.22,2.7,88.71,74.83,Napoli,10,Classico
NAPC095002,SALESIANO SACRO CUORE,VIA SCARLATTI 29,http://www.salesianivomero.it/,1,63,15,63049,Napoli,26,50.56,41.45,60.85,47.07,24.49,0.0,98.08,1.92,19.23,93.75,82.0,Napoli,10,Classico
NAPC24500P,SACRO CUORE,CSO EUROPA 84,http://www.sacrocuorenapoli.it/,1,63,15,63049,Napoli,12,49.99,38.76,63.44,48.61,24.16,6.09,86.84,13.16,26.32,87.94,80.4,Napoli,10,Classico
NAPCFD500P,ISTITUTO SANTA LUCIA,VLE DELLE MIMOSE 1,http://www.istitutisantalucia.it,1,63,15,63049,Napoli,28,37.76,28.98,48.46,33.89,22.99,0.0,64.71,35.29,21.18,84.65,87.0,Napoli,10,Classico
NAPS05000G,GIUSEPPE MERCALLI,VIA ANDREA D'ISERNIA 34,http://www.liceomercalli.it/,0,63,15,63049,Napoli,224,84.75,81.53,88.15,86.06,28.01,7.52,94.64,5.36,9.67,88.44,80.91,Napoli,10,Scientifico
NAPS010005,ARTURO LABRIOLA,VIA TERRACINA,http://www.liceolabriolanapoli.edu.it/,0,63,15,63049,Napoli,159,81.66,78.03,85.48,84.83,27.42,7.07,92.26,7.74,8.16,86.98,79.05,Napoli,10,Scientifico
NAPS22000D,ELIO VITTORINI,VIA DOMENICO FONTANA 172,http://www.eliovittorininapoli.it/,0,63,15,63049,Napoli,216,74.96,71.68,78.51,75.99,26.87,7.83,91.2,8.8,12.5,86.36,74.89,Napoli,10,Scientifico
NAPS060006,TITO LUCREZIO CARO,VIA MANZONI 53,http://www.liceocaro.gov.it/,0,63,15,63049,Napoli,127,73.72,69.78,78.02,76.91,26.46,6.88,91.86,8.14,14.7,86.97,76.45,Napoli,10,Scientifico
NAPS84000X,CUOCO - CAMPANELLA,VIA ANNIBALE DE GASPARIS 12,http://www.liceocuoconapoli.it/,0,63,15,63049,Napoli,88,72.57,68.06,77.43,75.77,26.32,6.36,92.48,7.52,11.65,85.23,68.8,Napoli,10,Scientifico
NAPS02601Q,ELSA MORANTE,VIA MONTE ROSA 31B,http://www.liceomorantenapoli.edu.it,0,63,15,63049,Napoli,34,70.83,63.91,78.29,74.04,26.11,5.99,89.32,10.68,12.62,84.9,75.73,Napoli,10,Scientifico
NAPM010006,ELEONORA PIMENTEL FONSECA,VIA BENEDETTO CROCE 2,http://www.liceofonseca.gov.it/,0,63,15,63049,Napoli,56,70.17,64.69,76.08,70.39,26.39,7.62,92.26,7.74,12.5,87.39,77.85,Napoli,10,Scientifico
NAPS07000R,RENATO CACCIOPPOLI,VIA NUOVA DEL CAMPO 22R,http://liceocaccioppoli.gov.it/,0,63,15,63049,Napoli,101,69.9,65.66,74.62,69.51,26.43,6.69,93.77,6.23,17.05,88.12,76.32,Napoli,10,Scientifico
NAPS02801B,GALILEO GALILEI,VIA SAN DOMENICO AL CSO EUROPA 107,http://www.liceogalileinapoli.gov.it/,0,63,15,63049,Napoli,46,69.88,63.94,76.33,70.68,26.29,7.42,92.14,7.86,13.57,86.5,76.0,Napoli,10,Scientifico
NAPS08000B,LEON BATTISTA ALBERTI,VIA PIGNA 178,http://www.liceoalbertinapoli.it/,0,63,15,63049,Napoli,123,69.35,65.41,73.63,72.32,25.97,8.27,94.31,5.69,13.82,86.92,79.24,Napoli,10,Scientifico
NAPS053014,FRANCESCO SBORDONE,VIA VECCHIA DI SAN ROCCO 16,http://www.liceosbordone.it/,0,63,15,63049,Napoli,117,67.06,63.02,71.58,69.1,25.8,7.65,92.31,7.69,18.23,91.75,84.0,Napoli,10,Scientifico
NAPM02000R,GIUSEPPE MAZZINI,VIA SOLIMENA 62,http://www.liceomazzininapoli.it/,0,63,15,63049,Napoli,89,64.39,59.87,69.32,68.37,25.25,7.76,91.76,8.24,13.86,86.38,78.23,Napoli,10,Scientifico
NAPS045004,PONTANO,CSO VITTORIO EMANUELE 581,http://www.istitutopontano.it/,1,63,15,63049,Napoli,21,63.58,54.93,73.1,66.43,25.29,6.67,87.69,12.31,13.85,84.46,75.88,Napoli,10,Scientifico
NAPM05000L,PASQUALE VILLARI,VIA RIMINI 6,http://www.istitutovillari.gov.it/,0,63,15,63049,Napoli,43,63.01,56.61,69.98,66.62,25.13,8.05,83.21,16.79,12.21,84.83,78.36,Napoli,10,Scientifico
NAPS00601E,ROSARIO LIVATINO,VIA ATRIPALDI 42,http://www.isisrosariolivatino.gov.it/,0,63,15,63049,Napoli,25,62.19,54.01,71.45,62.0,25.49,6.63,83.12,16.88,18.18,94.81,83.25,Napoli,10,Scientifico
NAPS68500Q,SALESIANO SACRO CUORE,VIA ALESSANDRO SCARLATTI 29,http://www.salesianivomero.it/,1,63,15,63049,Napoli,22,59.22,50.86,68.76,55.64,25.54,6.23,92.42,7.58,18.18,85.08,76.0,Napoli,10,Scientifico
NAPS92500P,SACRO CUORE,CSO EUROPA 84,http://www.sacrocuorenapoli.it/,1,63,15,63049,Napoli,36,53.21,46.31,61.3,53.38,24.36,7.27,85.19,14.81,20.37,85.35,81.63,Napoli,10,Scientifico
NAPS02201C,FRANCESCO SAVERIO NITTI,VIA KENNEDY 140142,http://www.isnitti.gov.it/,0,63,15,63049,Napoli,11,52.51,38.5,68.08,55.1,23.99,5.19,91.3,8.7,17.39,80.0,64.5,Napoli,10,Scientifico
NAPS02701G,MARGHERITA DI SAVOIA,SALITA PONTECORVO 72,http://www.margheritadisavoia.na.it/,0,63,15,63049,Napoli,16,48.15,37.8,60.6,38.98,24.88,4.31,79.59,20.41,24.49,82.92,80.4,Napoli,10,Scientifico
NAPS265003,SANTA LUCIA,VLE DELLE MIMOSE 14,http://www.istitutisantalucia.it,1,63,15,63049,Napoli,32,36.11,26.65,49.06,30.47,23.01,0.0,48.45,51.55,22.68,83.45,82.38,Napoli,10,Scientifico
NAPS09901D,GIANCARLO SIANI,VIA PIETRAVALLE,http://www.iissiani.gov.it/,0,63,15,63049,Napoli,41,53.34,46.71,61.39,46.32,25.24,5.99,81.3,18.7,24.39,84.48,74.14,Napoli,10,Scientifico - Scienze applicate
NAPS14101P,BERNINI - DE SANCTIS,VIA SANTA MARIA IN PORTICO 23,http://www.isberninidesanctis.edu.it/,0,63,15,63049,Napoli,21,47.43,36.67,60.61,41.88,24.36,4.63,85.71,14.29,28.57,85.81,81.17,Napoli,10,Scientifico - Scienze applicate
NAPS04201N,ENRICO DE NICOLA,VIA MARIO 16,http://www.isisdenicola.gov.it/,0,63,15,63049,Napoli,50,33.68,27.39,41.93,33.72,22.04,6.9,74.67,25.33,30.0,81.97,74.42,Napoli,10,Scientifico - Scienze applicate
NAPS7Q5000,MODIGLIANI,CSO ARNALDO LUCCI 102,http://www.istitutimodigliani.it/,1,63,15,63049,Napoli,0,,,,,,0.0,,,,,,Napoli,10,Scientifico - Scienze applicate
NAPM02601R,ELSA MORANTE,VIA MONTE ROSA 31B,,0,63,15,63049,Napoli,0,,,,,,0.0,,,,,,Napoli,10,Scientifico - Scienze applicate
NAPSNL500R,SACRO CUORE,VIA SCARLATTI 29,,1,63,15,63049,Napoli,19,31.66,22.56,43.14,32.92,21.65,6.84,86.44,13.56,32.2,77.9,75.63,Napoli,10,Scientifico - Sportivo
NAPM02801C,GALILEO GALILEI,VIA SAN DOMENICO AL CSO EUROPA 107,http://www.liceogalileinapoli.gov.it/,0,63,15,63049,Napoli,48,59.22,52.8,66.38,56.54,25.43,6.22,75.0,25.0,14.58,83.27,71.42,Napoli,10,Scienze Umane
NAPM160004,COMENIO,VIA SAVERIO GATTO 16A,http://www.liceocomenio.gov.it/,0,63,15,63049,Napoli,55,55.28,49.39,61.92,52.1,25.01,6.33,78.92,21.08,16.27,86.36,75.53,Napoli,10,Scienze Umane
NAPM10000C,DON LORENZO MILANI,VLE DUE GIUGNO,http://www.donmilaninapoli.gov.it/index.php,0,63,15,63049,Napoli,21,53.76,44.38,63.8,57.67,23.98,5.54,75.0,25.0,9.38,89.42,82.88,Napoli,10,Scienze Umane
NAPM06801V,ARTEMISIA GENTILESCHI,VIA NUOVA AGNANO 30,http://www.istitutosuperioregentileschi.it/,0,63,15,63049,Napoli,29,50.05,41.99,59.69,40.6,25.14,6.23,75.0,25.0,22.73,88.39,78.24,Napoli,10,Scienze Umane
NAPM05500Q,MARIA AUSILIATRICE,VIA ENRICO ALVINO 9,http://www.mariaausiliatrice.net/,1,63,15,63049,Napoli,15,47.79,37.3,59.8,47.96,23.72,6.45,82.61,17.39,19.57,78.68,76.63,Napoli,10,Scienze Umane
NAPM02701L,MARGHERITA DI SAVOIA,SALITA PONTECORVO 72,http://www.margheritadisavoia.na.it/,0,63,15,63049,Napoli,23,37.09,27.21,48.73,40.5,22.04,3.03,61.43,38.57,17.14,81.4,75.11,Napoli,10,Scienze Umane
NAPMDC5007,MODIGLIANI,CSO ARNALDO LUCCI 102,http://www.istitutimodigliani.it/,1,63,15,63049,Napoli,0,,,,,,0.0,,,,,,Napoli,10,Scienze Umane - Economico sociale
NAPS087017,MARIO PAGANO,VIA ANDREA D'ISERNIA 40,http://www.isispaganobernini.gov.it,0,63,15,63049,Napoli,103,66.05,61.51,70.89,68.96,25.58,6.1,78.39,21.61,8.71,89.63,83.54,Napoli,10,Linguistico
NAPS860005,GALILEO GALILEI,VIA SAN DOMENICO AL CSO EUROPA 107,http://www.liceogalileinapoli.gov.it/,0,63,15,63049,Napoli,59,63.76,57.9,70.59,57.26,26.43,6.7,73.74,26.26,17.88,87.02,77.09,Napoli,10,Linguistico
NAPL19500R,SUOR ORSOLA BENINCASA,VIA SUOR ORSOLA 10,http://www.scuolesob.it/,1,63,15,63049,Napoli,17,50.04,39.67,61.31,48.67,24.17,6.1,76.47,23.53,11.76,86.46,80.33,Napoli,10,Linguistico
NAPS052018,ANTONIO SERRA,VIA TRINITA' DELLE MONACHE 2,http://www.isisserra.edu.it/,0,63,15,63049,Napoli,0,,,,,,0.0,,,,,,Napoli,10,Linguistico
NAPLZL5002,MODIGLIANI,CSO LUCCI 102,http://www.istitutimodigliani.it/,1,63,15,63049,Napoli,0,,,,,,0.0,,,,,,Napoli,10,Linguistico
NAPM015009,SUOR ORSOLA BENINCASA,VIA SUOR ORSOLA 10,http://www.scuolesob.it/,1,63,15,63049,Napoli,13,69.48,55.47,84.61,62.93,27.12,8.13,52.5,47.5,2.5,92.48,86.53,Napoli,10,Artistico
NASL13301L,CASELLI - PALIZZI,PARCO DI CAPODIMONTE,http://www.istitutocasellidesanctis.edu.it/,0,63,15,63049,Napoli,22,52.73,40.11,67.11,43.35,25.45,3.13,38.81,61.19,8.96,92.5,80.35,Napoli,10,Artistico
NASL010002,LICEO ARTISTICO STATALE,LARGO SS APOSTOLI 8A,http://www.liceoartisticonapoli.it/index.php,0,63,15,63049,Napoli,128,52.38,46.77,59.61,38.04,26.01,4.1,37.5,62.5,12.5,84.17,76.6,Napoli,10,Artistico
NASD12401B,UMBERTO BOCCIONI,VIA NUOVA AGNANO 180,http://www.boccionipalizzi.it/,0,63,15,63049,Napoli,0,,,,,,0.0,,,,,,Napoli,10,Artistico
NASL12601D,ARCHIMEDE,VIA SALGARI 8,http://www.isisarchimede.edu.it/,0,63,15,63049,Napoli,0,,,,,,0.0,,,,,,Napoli,10,Artistico
NATD07000L,FERDINANDO GALIANI,VIA DON BOSCO 6,http://www.itcferdinandogaliani.it/,0,63,15,63049,Napoli,85,52.92,46.5,60.24,49.97,24.71,3.42,42.35,57.65,9.41,86.52,77.0,Napoli,10,Tecnico - Economico
NATD022018,FRANCESCO SAVERIO NITTI,VIA KENNEDY 140142,http://www.isnitti.gov.it/,0,63,15,63049,Napoli,83,52.9,46.69,60.07,54.44,24.16,5.87,46.22,53.78,11.55,87.39,74.82,Napoli,10,Tecnico - Economico
NATD099019,GIANCARLO SIANI,VIA PIETRAVALLE,http://www.iissiani.gov.it/,0,63,15,63049,Napoli,73,52.55,45.68,60.64,52.25,24.34,4.08,42.27,57.73,11.82,82.02,70.92,Napoli,10,Tecnico - Economico
NATD087013,MARIO PAGANO,VIA ANDREA D'ISERNIA 40,http://www.isispaganobernini.gov.it/,0,63,15,63049,Napoli,111,45.25,40.4,50.82,45.83,23.36,5.3,61.08,38.92,13.77,86.58,75.83,Napoli,10,Tecnico - Economico
NATD24000E,ENRICO CARUSO,VIA SAN GIOVANNI DE MATHA 8,http://www.itccaruso.gov.it/,0,63,15,63049,Napoli,128,42.81,37.72,49.09,39.25,23.56,4.36,47.01,52.99,15.58,86.86,77.0,Napoli,10,Tecnico - Economico
NATD04201D,ENRICO DE NICOLA,VIA MARIO 16,http://www.isisdenicola.gov.it/,0,63,15,63049,Napoli,59,42.36,35.79,50.41,36.08,23.84,5.15,57.3,42.7,19.1,85.18,75.0,Napoli,10,Tecnico - Economico
NATE02101X,ELENA DI SAVOIA,LARGO SAN MARCELLINO 15,http://www.isiselenadisavoia.it/,0,63,15,63049,Napoli,40,41.31,31.66,54.53,31.4,24.15,2.49,37.19,62.81,16.53,90.11,82.66,Napoli,10,Tecnico - Economico
NATE104013,VITTORIO EMANUELE II,VIA BARBAGALLO 32,http://www.iisvittorioemanuele.it/,0,63,15,63049,Napoli,49,35.98,28.22,46.88,22.48,23.94,4.81,47.65,52.35,23.49,90.07,78.69,Napoli,10,Tecnico - Economico
NATD33500X,SALESIANO SACRO CUORE,VIA ALESSANDRO SCARLATTI 29,http://www.salesianivomero.it/,1,63,15,63049,Napoli,17,34.55,20.21,52.33,27.41,23.0,8.8,58.82,41.18,20.59,85.95,70.14,Napoli,10,Tecnico - Economico
NATD052014,ANTONIO SERRA,VIA TRINITA' DELLE MONACHE 2,http://www.isisserra.edu.it/,0,63,15,63049,Napoli,35,32.93,23.06,45.88,23.16,23.12,2.27,40.19,59.81,15.89,87.72,78.22,Napoli,10,Tecnico - Economico
NATD12601C,ARCHIMEDE,VIA SALGARI 8,http://www.isisarchimede.gov.it/,0,63,15,63049,Napoli,76,,,,,,3.44,,,,,,Napoli,10,Tecnico - Economico
NATD865004,MODIGLIANI,CSO ARNALDO LUCCI 102,http://www.istitutimodigliani.it/,1,63,15,63049,Napoli,16,,,,,,0.0,,,,,,Napoli,10,Tecnico - Economico
NATN14101C,BERNINI - DE SANCTIS,VIA SANTA MARIA IN PORTICO 23,http://www.isberninidesanctis.edu.it/,0,63,15,63049,Napoli,29,,,,,,2.79,,,,,,Napoli,10,Tecnico - Economico
NATD11101P,MELISSA BASSI,VLE DELLA RESISTENZA 255,http://www.isismelissabassi.edu.it/,0,63,15,63049,Napoli,13,,,,,,1.11,,,,,,Napoli,10,Tecnico - Economico
NATD00601A,ROSARIO LIVATINO,VIA ATRIPALDI 42,http://www.isisrosariolivatino.gov.it/,0,63,15,63049,Napoli,16,,,,,,2.72,,,,,,Napoli,10,Tecnico - Economico
NATN09801B,VITTORIO VENETO,VLE DEI PIANETI 1A,http://www.vittoriovenetonapoli.edu.it/,0,63,15,63049,Napoli,35,,,,,,2.57,,,,,,Napoli,10,Tecnico - Economico
NATN12301V,GIUSTINO FORTUNATO,VIA ACTILIO 57,http://www.giustinofortunatonapoli.edu.it/,0,63,15,63049,Napoli,35,,,,,,3.48,,,,,,Napoli,10,Tecnico - Economico
NATN7V500I,MULTICENTER SCHOOL,VIA SAN DONATO 17,http://multicenterschool.com/,1,63,15,63049,Napoli,19,,,,,,0.0,,,,,,Napoli,10,Tecnico - Economico
NATA06401X,SANNINO - DE CILLIS,VIA ARGINE 1085,http://www.iissanninodecillis.edu.it/,0,63,15,63049,Napoli,23,55.51,43.93,68.41,53.85,24.86,2.39,44.93,55.07,7.25,87.39,78.63,Napoli,10,Tecnico - Tecnologico
NATL01000B,DELLA PORTA - PORZIO,VIA FORIA 65,http://www.itgdellaporta.it/,0,63,15,63049,Napoli,83,54.48,48.31,62.4,48.98,25.2,4.87,46.99,53.01,17.67,86.9,77.88,Napoli,10,Tecnico - Tecnologico
NATF02000T,AUGUSTO RIGHI,VLE KENNEDY 112,http://www.itirighi.gov.it/,0,63,15,63049,Napoli,109,47.88,42.3,55.23,41.13,24.55,4.22,44.38,55.62,18.84,87.51,76.18,Napoli,10,Tecnico - Tecnologico
NATF05000N,GIORDANI - STRIANO,VIA CARAVAGGIO 184,http://www.ittgiordanistrianonapoli.gov.it/,0,63,15,63049,Napoli,127,44.07,38.79,51.15,36.06,24.25,5.26,43.08,56.92,18.54,85.02,73.23,Napoli,10,Tecnico - Tecnologico
NATF010007,ALESSANDRO VOLTA,PZZA SANTA MARIA DELLA FEDE 16,http://www.itisvoltanapoli.gov.it/,0,63,15,63049,Napoli,81,39.45,32.21,50.54,25.47,24.41,3.16,33.74,66.26,18.93,89.78,75.17,Napoli,10,Tecnico - Tecnologico
NATF07000V,LEONARDO DA VINCI,VIA FOGGIA 37,http://www.itidavinci.it/,0,63,15,63049,Napoli,66,,,,,,2.83,,,,,,Napoli,10,Tecnico - Tecnologico
NATF17000Q,GALILEO FERRARIS,VIA LABRIOLA LOTTO 2,http://www.ferraris.org/,0,63,15,63049,Napoli,260,,,,,,3.84,,,,,,Napoli,10,Tecnico - Tecnologico
NATF190001,MARIE CURIE,VIA ARGINE 902,http://www.itimariecurie.gov.it,0,63,15,63049,Napoli,108,,,,,,3.86,,,,,,Napoli,10,Tecnico - Tecnologico
NATF24000R,FERMI - GADDA,CORSO MALTA 141,http://www.polotecnicofermigadda.gov.it/,0,63,15,63049,Napoli,126,,,,,,4.36,,,,,,Napoli,10,Tecnico - Tecnologico
NATH00301L,DUCA DEGLI ABRUZZI,VIA DI POZZUOLI 5,http://www.itnipiaducabruzzi.edu.it/,0,63,15,63049,Napoli,140,,,,,,4.2,,,,,,Napoli,10,Tecnico - Tecnologico
NATL16500C,SANTA LUCIA,VLE DELLE MIMOSE 14,http://www.istitutisantalucia.it,1,63,15,63049,Napoli,33,,,,,,0.0,,,,,,Napoli,10,Tecnico - Tecnologico
NATF05101E,ALFONSO CASANOVA,PTTA CASANOVA 4,http://www.istitutocasanova.edu.it/,0,63,15,63049,Napoli,19,,,,,,1.98,,,,,,Napoli,10,Tecnico - Tecnologico
NATF11801Q,ISABELLA D'ESTE CARACCIOLO,VIA GIACOMO SAVARESE 60,http://www.isabelladestecaracciolo.it/,0,63,15,63049,Napoli,19,,,,,,2.3,,,,,,Napoli,10,Tecnico - Tecnologico
NATF129016,ATTILIO ROMANO',VIA MIANO 290,http://www.isisromano.edu.it/,0,63,15,63049,Napoli,0,,,,,,0.0,,,,,,Napoli,10,Tecnico - Tecnologico
AVPM06000C,PUBLIO VIRGILIO MARONE,VIA MORELLI E SILVATI,http://www.liceovirgiliomaroneavellino.gov.it/,0,64,15,64008,Avellino,30,73.94,66.76,81.54,76.68,26.55,8.72,92.39,7.61,8.7,90.54,85.57,Avellino,10,Classico
AVPC090004,PIETRO COLLETTA,VIA SCANDONE 2,http://www.liceocolletta.gov.it/,0,64,15,64008,Avellino,129,71.6,67.68,75.89,71.73,26.58,8.95,91.47,8.53,14.73,90.96,82.68,Avellino,10,Classico
AVPC040003,CONVITTO COLLETTA,CSO VITTORIO EMANUELE 298,http://www.convittocolletta.gov.it/,0,64,15,64008,Avellino,67,63.9,58.74,69.48,63.47,25.72,8.17,88.56,11.44,12.94,90.04,83.87,Avellino,10,Classico
AVPS06001C,VITTORIO DE CAPRARIIS,VIA DE CAPRARIIS 1,http://www.scientificoatripalda.gov.it/,0,64,15,64006,Atripalda,117,75.33,71.19,79.77,76.1,26.95,8.63,86.97,13.03,10.76,89.72,76.13,Avellino,10,Scientifico
AVPS12000T,PASQUALE STANISLAO MANCINI,VIA DE CONCILII 1,http://www.liceomanciniavellino.gov.it/,0,64,15,64008,Avellino,192,73.23,69.84,76.91,76.52,26.39,8.1,92.71,7.29,12.85,90.7,83.22,Avellino,10,Scientifico
AVPM040007,PAOLO EMILIO IMBRIANI,VIA PESCATORI 155,http://www.liceoimbriani.gov.it/,0,64,15,64008,Avellino,41,69.91,63.64,76.71,73.31,25.98,8.68,91.2,8.8,12.8,89.04,83.64,Avellino,10,Scientifico
AVPS024019,PAOLO ANANIA DE LUCA,VIA TUORO CAPPUCCINI 6567,http://www.isissdeluca.edu.it/,0,64,15,64008,Avellino,11,55.26,40.91,71.3,58.82,24.2,6.0,90.91,9.09,18.18,84.1,72.5,Avellino,10,Scientifico
AVPSPT500F,KENNEDY,VIA CIRCUMVALLAZIONE 13,http://www.kennedyavellino.it/,1,64,15,64008,Avellino,0,,,,,,0.0,,,,,,Avellino,10,Scientifico
SAPS06000L,FRANCESCO SEVERI,VIA D'ANNUNZIO,http://www.liceoseverisalerno.it/,0,65,15,65116,Salerno,30,49.54,32.44,69.76,52.59,23.58,7.59,46.67,53.33,13.33,84.29,77.44,Avellino,10,Scientifico - Sportivo
SAPS04000B,NICOLA SENSALE,VIA D'ALESSANDRO,http://www.liceosensale.gov.it/,0,65,15,65078,Nocera Inferiore,22,43.07,34.21,53.37,43.04,23.17,5.43,79.41,20.59,20.59,81.72,75.0,Avellino,10,Scientifico - Sportivo
NAPM07103R,GIOSUE' CARDUCCI,VIA PUCCINI,http://www.liceocarduccinola.gov.it/?page_id=1233,0,63,15,63018,Casamarciano,47,51.2,45.05,58.11,48.14,24.51,6.89,84.4,15.6,17.02,89.14,79.95,Avellino,10,Scienze Umane
SAPC00101P,PUBLIO VIRGILIO MARONE,VIA BIONDO,http://www.isisvirgilio.gov.it/,0,65,15,65067,Mercato San Severino,20,61.5,52.3,71.91,56.17,26.02,6.11,80.65,19.35,17.74,86.18,75.33,Avellino,10,Scienze Umane - Economico sociale
NAPC33001V,GIOSUE' CARDUCCI,VIA PUCCINI,http://www.liceocarduccinola.gov.it/?page_id=1233,0,63,15,63018,Casamarciano,24,43.55,34.91,53.73,46.19,22.91,6.07,78.08,21.92,19.18,88.6,79.56,Avellino,10,Scienze Umane - Economico sociale
NAPS02000Q,CRISTOFORO COLOMBO,VIA NUOVA DEL BOSCO,http://www.liceocolombo.edu.it/,0,63,15,63043,Marigliano,24,71.14,59.73,83.79,71.51,26.49,7.78,43.24,56.76,8.11,90.44,80.71,Avellino,10,Artistico
NAPS24000P,ENRICO MEDI,VIA MADRE TERESA DI CALCUTTA,http://www.liceoenricomedi.it/,0,63,15,63027,Cicciano,26,70.42,60.29,80.81,67.43,26.81,7.19,51.9,48.1,2.53,91.49,82.11,Avellino,10,Artistico
AVSD01000R,PAOLO ANANIA DE LUCA,VIA TUORO CAPPUCCINI 6567,http://www.isissdeluca.edu.it/,0,64,15,64008,Avellino,83,65.03,58.32,72.7,59.88,26.42,7.16,39.04,60.96,8.76,89.17,83.36,Avellino,10,Artistico
SASL054017,SABATINI - MENNA,VIA PIO XI,http://www.liceoartisticosabatinimenna.gov.it/,0,65,15,65116,Salerno,177,56.14,51.19,61.84,49.4,25.55,6.32,36.84,63.16,8.46,87.96,82.54,Avellino,10,Artistico
SAPM07301R,ALBERTO GALIZIA,VIA PETROSINI 1,http://www.isgalizia.edu.it/,0,65,15,65078,Nocera Inferiore,42,45.41,36.03,56.09,48.06,23.13,4.76,38.1,61.9,7.94,85.54,81.03,Avellino,10,Artistico
AVTD03000B,LUIGI AMABILE,VIA DE CONCILII 13,http://iteamabile.it/,0,64,15,64008,Avellino,111,49.07,43.96,55.07,46.23,24.23,7.13,53.89,46.11,14.07,88.34,74.36,Avellino,10,Tecnico - Economico
AVTD045005,JEAN MONET,VIA VALLE 22,,1,64,15,64054,Monteforte Irpino,20,,,,,,0.0,,,,,,Avellino,10,Tecnico - Economico
AVTD075001,CARLO CATTANEO,VIA TUORO CAPPUCCINI - I TRV 28,http://www.centrocattaneo.com/,1,64,15,64008,Avellino,10,,,,,,0.0,,,,,,Avellino,10,Tecnico - Economico
AVTDAS5006,AMMINISTRAZIONE FINANZA MARKETING,VIA CIRCUMVALLAZIONE 13,,1,64,15,64008,Avellino,17,,,,,,0.0,,,,,,Avellino,10,Tecnico - Economico
AVTA01000Q,DE SANCTIS - D'AGOSTINO - AMATUCCI,VIA TUORO CAPPUCCINI 44,http://www.agrariogeometra.gov.it/,0,64,15,64008,Avellino,87,51.02,44.69,58.57,53.94,23.77,6.17,42.37,57.63,12.21,85.35,75.73,Avellino,10,Tecnico - Tecnologico
AVTF01901X,GUIDO DORSO,VIA MORELLI E SILVATI 19,http://itisguidodorso.gov.it/,0,64,15,64008,Avellino,166,49.21,44.17,55.42,44.39,24.48,5.96,37.35,62.65,12.05,87.53,77.68,Avellino,10,Tecnico - Tecnologico
AVTLU25001,KENNEDY,VIA CIRCUMVALLAZIONE 13,http://www.kennedyavellino.it/,1,64,15,64008,Avellino,0,,,,,,0.0,,,,,,Avellino,10,Tecnico - Tecnologico
AVTFTA500S,MONNET,VIA VALLE 22,,1,64,15,64054,Monteforte Irpino,12,,,,,,0.0,,,,,,Avellino,10,Tecnico - Tecnologico
BNPC02000N,PIETRO GIANNONE,PZZA RISORGIMENTO 4,http://www.giannonebn.gov.it/,0,62,15,62008,Benevento,133,69.51,65.68,73.71,65.9,26.77,8.54,93.52,6.48,14.96,92.49,86.65,Benevento,10,Classico
BNPC015006,DE LA SALLE,VIA SAN G BATTISTA DE LA SALLE 4,http://www.istitutodelasalle.net/,1,62,15,62008,Benevento,16,41.34,29.39,56.51,32.4,24.03,9.17,90.63,9.37,34.38,86.41,87.67,Benevento,10,Classico
BNPS010006,GAETANO RUMMO,VIA SANTA COLOMBA 25,http://www.liceorummo.gov.it/,0,62,15,62008,Benevento,198,76.48,73.15,80.07,75.95,27.24,8.66,95.29,4.71,12.1,91.14,83.43,Benevento,10,Scientifico
BNPS016016,GALILEI - VETRONE,PZZA RISORGIMENTO,http://www.iisgalileivetrone.edu.it/,0,62,15,62008,Benevento,50,71.29,65.53,77.55,72.52,26.41,7.97,91.39,8.61,13.25,88.46,80.62,Benevento,10,Scientifico
BNTF01401L,ALBERTI - VIRGILIO,PZZA RISORGIMENTO,http://www.iisalberti.edu.it/,0,62,15,62008,Benevento,33,69.38,61.83,77.87,65.48,26.79,7.26,76.77,23.23,15.15,87.14,74.48,Benevento,10,Scientifico - Scienze applicate
BNPM02000T,GIUSEPPINA GUACCI,VIA CALANDRA 8,http://www.liceoguaccibn.gov.it/,0,62,15,62008,Benevento,36,66.59,59.65,74.25,68.6,25.75,7.79,83.49,16.51,13.76,89.56,78.78,Benevento,10,Scientifico - Scienze applicate
BNPM003015,ENRICO FERMI,VIA VITULANESE,http://www.fermimontesarchio.gov.it/,0,62,15,62043,Montesarchio,26,56.17,47.74,65.7,56.58,24.69,7.27,76.92,23.08,15.38,89.45,77.56,Benevento,10,Scienze Umane
BNPC002015,TELESI,VIA POZZOCAMPO,http://www.iistelese.it/,0,62,15,62073,Solopaca,18,57.28,45.88,70.45,55.44,25.09,6.77,58.18,41.82,14.55,87.41,82.13,Benevento,10,Scienze Umane - Economico sociale
BNIS01100L,ALBERTI - VIRGILIO,VIA TIENGO 1,http://www.iisvirgilio.edu.it/,0,62,15,62008,Benevento,39,44.05,34.05,55.17,42.21,23.51,5.82,35.29,64.71,6.72,84.88,78.77,Benevento,10,Artistico
BNSD02201X,CARAFA - GIUSTINIANI,VIA CESINE DI SOPRA,http://www.carafagiustiniani.gov.it/,0,62,15,62023,Cerreto Sannita,0,,,,,,0.0,,,,,,Benevento,10,Artistico
AVSD013019,IS GROTTAMINARDA,VIA PERAZZO,http://www.iissgrottaminarda.edu.it/,0,64,15,64038,Grottaminarda,0,,,,,,0.0,,,,,,Benevento,10,Artistico
BNTD01401A,ALBERTI - VIRGILIO,PZZA RISORGIMENTO,http://www.iisalberti.edu.it/,0,62,15,62008,Benevento,53,44.61,37.4,52.51,48.3,22.91,6.67,52.17,47.83,8.7,83.21,76.73,Benevento,10,Tecnico - Economico
BNTD02701C,PALMIERI RAMPONE POLO,VIA TRAIANO BOCCALINI 23,http://www.palmieriramponepolo.edu.it/,0,62,15,62008,Benevento,14,,,,,,6.8,,,,,,Benevento,10,Tecnico - Economico
BNTL01601C,GALILEI - VETRONE,PZZA RISORGIMENTO,http://www.iisgalileivetrone.edu.it/,0,62,15,62008,Benevento,57,48.03,39.48,59.2,48.15,23.75,5.32,33.72,66.28,13.37,85.16,74.98,Benevento,10,Tecnico - Tecnologico
BNTF010008,BOSCO LUCARELLI,VLE SAN LORENZO,http://www.itilucarelli.gov.it,0,62,15,62008,Benevento,173,47.51,42.47,53.58,40.84,24.5,7.17,35.65,64.35,10.4,88.97,78.6,Benevento,10,Tecnico - Tecnologico
BNTF02701P,PALMIERI RAMPONE POLO,VIA CARLO STASI 1,http://www.palmieriramponepolo.edu.it/,0,62,15,62008,Benevento,39,,,,,,4.2,,,,,,Benevento,10,Tecnico - Tecnologico
CEPC110001,PIETRO GIANNONE,CSO GIANNONE 96,http://www.liceogiannonecaserta.edu.it/,0,61,15,61022,Caserta,107,79.35,75.13,83.9,77.75,27.71,8.09,90.71,9.29,13.0,94.5,86.7,Caserta,10,Classico
CEPS03000C,FEDERICO QUERCIA,VIA GEMMA 54,http://www.liceofedericoquercia.gov.it/,0,61,15,61049,Marcianise,41,75.99,69.54,83.03,70.34,27.8,8.06,86.29,13.71,13.71,94.89,84.12,Caserta,10,Classico
CEPC05000E,AMALDI - NEVIO,PZZA BOVIO,http://www.isissamaldinevio.it/,0,61,15,61083,Santa Maria Capua Vetere,83,71.33,66.63,76.67,67.85,26.98,8.54,88.4,11.6,19.2,90.92,80.41,Caserta,10,Classico
CEPC015007,SACRO CUORE DI MARIA,VIA DON BOSCO 34,http://www.salesianicaserta.com/,1,61,15,61022,Caserta,21,69.94,61.22,79.66,67.52,26.68,8.57,87.5,12.5,17.19,94.86,87.13,Caserta,10,Classico
CEPM010008,ALESSANDRO MANZONI,VIA DE GASPERI,http://www.liceomanzonicaserta.gov.it/,0,61,15,61022,Caserta,46,65.52,59.69,72.13,58.97,26.65,8.21,95.71,4.29,20.0,92.46,88.83,Caserta,10,Classico
CEPC10000A,GIORDANO BRUNO,VIA SAN FRANCESCO D'ASSISI 119,http://www.cngb.it/cngb/,0,61,15,61048,Maddaloni,90,65.38,60.8,70.61,61.7,26.29,8.13,87.08,12.92,19.93,91.27,84.14,Caserta,10,Classico
CEPS10000D,AMALDI - NEVIO,VIA MASTANTUONO 6,http://www.isissamaldinevio.it/,0,61,15,61083,Santa Maria Capua Vetere,77,71.89,66.89,77.36,75.96,26.14,7.96,82.68,17.32,12.12,89.0,80.97,Caserta,10,Scientifico
CEPS010007,ARMANDO DIAZ,VIA FERRARA,http://www.liceodiazce.it/,0,61,15,61022,Caserta,191,71.84,68.41,75.57,75.1,26.23,8.52,89.88,10.12,13.79,90.77,84.59,Caserta,10,Scientifico
CEPS090004,NINO CORTESE,VIA STARZA 24,http://www.liceoscientificocortese.gov.it/,0,61,15,61048,Maddaloni,130,66.73,62.81,71.12,68.3,25.82,8.2,90.26,9.74,17.95,87.87,77.29,Caserta,10,Scientifico
CEPS875001,SACRO CUORE DI MARIA,VIA DON BOSCO 34,http://www.salesianicaserta.org/,1,61,15,61022,Caserta,17,47.69,38.04,60.91,37.6,24.93,6.55,86.54,13.46,38.46,89.36,94.86,Caserta,10,Scientifico
CETF02000X,FRANCESCO GIORDANI,VIA LAVIANO 18,http://www.giordanicaserta.edu.it/,0,61,15,61022,Caserta,20,51.87,42.5,62.7,51.86,24.23,7.68,78.69,21.31,18.03,85.92,75.85,Caserta,10,Scientifico - Scienze applicate
CEPS16500H,SACRO CUORE DI MARIA,VIA DON BOSCO 34,http://www.salesianicaserta.com,1,61,15,61022,Caserta,14,36.85,25.8,51.64,30.34,23.2,6.12,79.07,20.93,34.88,86.76,88.0,Caserta,10,Scientifico - Sportivo
CEPSSR500Q,I CARISSIMI,VIA TARI 49,,1,61,15,61083,Santa Maria Capua Vetere,0,,,,,,0.0,,,,,,Caserta,10,Scientifico - Sportivo
CEPQ011019,GIOVAN BATTISTA NOVELLI,VIA NOVELLI 1,http://www.istitutonovelli.edu.it,0,61,15,61049,Marcianise,36,55.01,47.69,63.52,52.91,24.85,7.67,75.0,25.0,18.52,91.27,82.56,Caserta,10,Scienze Umane
CEPM07000X,DON CARLO GNOCCHI,VIA CUPA LUNGA 6,http://www.liceodongnocchi.it/,0,61,15,61048,Maddaloni,30,49.95,41.17,60.01,54.42,23.46,6.58,59.78,40.22,14.13,89.07,76.78,Caserta,10,Scienze Umane
CEPL015005,VILLAGGIO DEI RAGAZZI,VIA ROMA 256,http://www.villaggiodeiragazzi.it/,1,61,15,61048,Maddaloni,0,,,,,,0.0,,,,,,Caserta,10,Linguistico
CESD020008,SAN LEUCIO,VIA PASQUALE TENGA 116,http://www.isasanleucio.gov.it/,0,61,15,61022,Caserta,108,60.14,54.2,67.11,53.24,26.05,5.84,39.38,60.62,10.77,86.39,82.29,Caserta,10,Artistico
CESL02101G,LEONARDO DA VINCI,VIA NAPOLI VICO II,http://www.isissrighinervisolimena.edu.it/,0,61,15,61083,Santa Maria Capua Vetere,0,,,,,,0.0,,,,,,Caserta,10,Artistico
CESD021015,FERRARIS-BUCCINI,VIA FOGLIA 85,http://www.isismarcianise.edu.it,0,61,15,61049,Marcianise,0,,,,,,0.0,,,,,,Caserta,10,Artistico
CESL02201B,MATTEI,VIA SETTEMBRINI 12,http://www.matteicaserta.gov.it,0,61,15,61022,Caserta,0,,,,,,0.0,,,,,,Caserta,10,Artistico
CETL06000E,MICHELANGELO BUONARROTI,VLE MICHELANGELO 1,http://www.istitutotecnicobuonarroti.ce.it/,0,61,15,61022,Caserta,48,56.22,48.64,65.33,51.82,25.28,6.17,51.37,48.63,15.07,89.35,81.64,Caserta,10,Tecnico - Economico
CETD200006,TERRA DI LAVORO,VIA CECCANO 2,http://www.istitutoterradilavoro.it/,0,61,15,61022,Caserta,91,53.46,47.42,60.53,55.43,24.18,4.9,44.73,55.27,11.27,86.12,73.32,Caserta,10,Tecnico - Economico
CETD04000V,LEONARDO DA VINCI,VIA SANTAGATA 18,http://www.isdavincismcv.gov.it/,0,61,15,61083,Santa Maria Capua Vetere,94,51.27,44.79,59.33,52.49,24.01,5.64,37.1,62.9,13.07,91.16,79.88,Caserta,10,Tecnico - Economico
CETD03901Q,PADRE SALVATORE LENER,VIA LEONARDO DA VINCI 4,http://www.istitutolener.edu.it,0,61,15,61049,Marcianise,39,40.54,31.54,52.6,29.48,24.19,5.41,43.7,56.3,19.33,88.87,79.51,Caserta,10,Tecnico - Economico
CETD135008,CENTRO STUDI PEGASO,VIA NAZIONALE APPIA 29,http://www.centrostudipegaso.com,1,61,15,61083,Santa Maria Capua Vetere,19,,,,,,0.0,,,,,,Caserta,10,Tecnico - Economico
CETDHG500L,SOCIL SCHOOL,VLE LINCOLN,,1,61,15,61022,Caserta,14,,,,,,0.0,,,,,,Caserta,10,Tecnico - Economico
CETD115003,ISTITUTO SAPIENZA,VIA NAZIONALE APPIA,,1,61,15,61081,San Prisco,0,,,,,,0.0,,,,,,Caserta,10,Tecnico - Economico
CETDHL500C,LA MADONNINA,VIA NAZIONALE APPIA,http://www.centrolamadonnina.it,1,61,15,61021,Casapulla,0,,,,,,0.0,,,,,,Caserta,10,Tecnico - Economico
CETB015007,VILLAGGIO DEI RAGAZZI,PZZA GIACOMO MATTEOTTI 8,http://www.villaggiodeiragazzi.it/,1,61,15,61048,Maddaloni,25,,,,,,6.53,,,,,,Caserta,10,Tecnico - Tecnologico
CETF02101R,FERRARIS-BUCCINI,VIA MATTARELLA 7,http://www.isismarcianise.edu.it,0,61,15,61049,Marcianise,66,,,,,,3.83,,,,,,Caserta,10,Tecnico - Tecnologico
CETAVH500S,I CARISSIMI,VIA TARI 44,http://www.iervolinoicarissimi.it/,1,61,15,61083,Santa Maria Capua Vetere,0,,,,,,0.0,,,,,,Caserta,10,Tecnico - Tecnologico
CETFQ95001,SOCIL SCHOOL,VLE LINCOLN,,1,61,15,61022,Caserta,11,,,,,,0.0,,,,,,Caserta,10,Tecnico - Tecnologico
CETF6B500H,CENTRO SCOLASTICO MEDITERRANEO,VIA LABRIOLA,http://www.centroscolastico.com/,1,61,15,61104,San Marco Evangelista,14,,,,,,0.0,,,,,,Caserta,10,Tecnico - Tecnologico
CETL04500C,ISTITUTO SAPIENZA,VIA NAZIONALE APPIA,,1,61,15,61081,San Prisco,0,,,,,,0.0,,,,,,Caserta,10,Tecnico - Tecnologico
CERI02401B,LEONARDO DA VINCI,VIA NAPOLI VICO II,,0,61,15,61083,Santa Maria Capua Vetere,11,,,,,,3.33,,,,,,Caserta,10,Tecnico - Tecnologico
CETF8R5001,LA MADONNINA,VIA NAZIONALE APPIA 334,,1,61,15,61021,Casapulla,0,,,,,,0.0,,,,,,Caserta,10,Tecnico - Tecnologico
SAPC06000D,DE FILIPPIS - GALDI,VIA SENATORE 64,http://www.defilippisgaldi.gov.it/it/homepage,0,65,15,65037,Cava de' Tirreni,59,77.36,72.08,82.86,80.09,26.96,8.82,95.51,4.49,5.62,92.01,83.75,Salerno,10,Classico
SAPC12000X,TORQUATO TASSO,PZZA SAN FRANCESCO D'ASSISI 1,http://www.liceotassosalerno.edu.it/,0,65,15,65116,Salerno,163,71.91,68.32,75.75,71.35,26.7,8.78,92.68,7.32,11.18,93.51,89.44,Salerno,10,Classico
SAPC040008,FRANCESCO DE SANCTIS,VIA UGO STANZIONE 3,http://www.liceoclassicodesanctis.gov.it/,0,65,15,65116,Salerno,145,68.58,64.85,72.67,67.66,26.34,8.41,93.1,6.9,14.71,90.21,86.5,Salerno,10,Classico
SAPC005001,KENNEDY,VIA GUERCIO 182,http://www.istitutokennedy.net/,1,65,15,65116,Salerno,12,39.3,25.62,57.81,25.57,24.36,0.0,61.11,38.89,22.22,89.23,84.71,Salerno,10,Classico
SAPS020006,GIOVANNI DA PROCIDA,VIA GAETANO DE FALCO 2,http://www.liceodaprocida.gov.it/,0,65,15,65116,Salerno,144,76.16,72.4,80.14,77.47,26.98,8.27,92.59,7.41,9.26,91.61,81.44,Salerno,10,Scientifico
SAPS09000C,ANDREA GENOINO,VIA ERNESTO DI MARINO 12,http://www.agenoinoliceoscientifico.gov.it/,0,65,15,65037,Cava de' Tirreni,123,74.26,70.26,78.54,76.95,26.59,8.67,90.81,9.19,10.0,91.57,79.97,Salerno,10,Scientifico
SAPS03000R,GENOVESI - DA VINCI,VIA SICHELGAITA 12A,http://genovesidavinci.gov.it/,0,65,15,65116,Salerno,93,67.26,62.83,72.09,67.93,25.99,8.61,91.46,8.54,12.81,88.05,77.78,Salerno,10,Scientifico
SAPM020007,ALFANO I,VIA DEI MILLE 41,http://www.liceoalfano1.edu.it/,0,65,15,65116,Salerno,19,50.11,38.53,63.27,47.14,24.37,7.1,79.49,20.51,17.95,84.29,71.38,Salerno,10,Scientifico - Scienze applicate
SAPM050003,REGINA MARGHERITA,VIA GIOVANNI CUOMO 6,,0,65,15,65116,Salerno,18,47.79,36.22,61.85,52.67,23.15,7.57,83.78,16.22,24.32,91.19,79.83,Salerno,10,Scientifico - Scienze applicate
SAPM03000T,DE FILIPPIS - GALDI,VIA FILANGIERI,http://www.defilippisgaldi.gov.it/it/homepage,0,65,15,65037,Cava de' Tirreni,36,60.24,52.91,68.36,61.4,25.09,7.38,75.0,25.0,12.96,90.91,82.88,Salerno,10,Scienze Umane
SAPL025004,KENNEDY,VIA GUERCIO 182,http://www.istitutokennedy.net/,1,65,15,65116,Salerno,0,,,,,,0.0,,,,,,Salerno,10,Linguistico
SATD039014,DELLA CORTE - VANVITELLI,VIA PROLUNGAMENTO MARCONI,http://www.dellacortevanvitelli.gov.it/,0,65,15,65037,Cava de' Tirreni,54,57.06,49.27,65.84,60.72,24.41,6.54,43.83,56.17,8.64,87.55,75.69,Salerno,10,Tecnico - Economico
SATD06901X,S CATERINA DA SIENA - AMENDOLA,VIA LAZZARELLI 12,http://www.santacaterina-amendola.edu.it/,0,65,15,65116,Salerno,25,41.98,31.07,55.16,49.77,22.1,4.82,46.05,53.95,13.16,91.54,75.66,Salerno,10,Tecnico - Economico
SATD01000B,GENOVESI - DA VINCI,VIA SICHELGAITA 12A,http://genovesidavinci.gov.it/,0,65,15,65116,Salerno,34,37.58,27.81,49.41,41.47,22.04,5.04,42.72,57.28,13.59,85.82,73.66,Salerno,10,Tecnico - Economico
SATD075006,VILFREDO PARETO,VIA LUCIO PETRONE 1,http://www.istitutopareto.com,1,65,15,65116,Salerno,46,,,,,,0.0,,,,,,Salerno,10,Tecnico - Economico
SATD125002,KENNEDY,VIA GUERCIO 182,http://www.istitutokennedy.net/,1,65,15,65116,Salerno,17,,,,,,0.0,,,,,,Salerno,10,Tecnico - Economico
SATF07401N,BASILIO FOCACCIA,VIA MONTICELLI 1,http://www.iisfocaccia.edu.it/,0,65,15,65116,Salerno,185,61.62,57.42,66.33,64.23,25.08,5.89,52.42,47.58,8.62,87.0,75.65,Salerno,10,Tecnico - Tecnologico
SATE04801A,SCATERINA DA SIENA - AMENDOLA,VIA LAZZARELLI 12,http://www.santacaterina-amendola.gov.it/,0,65,15,65116,Salerno,19,35.41,22.29,51.46,42.66,21.38,8.55,40.68,59.32,8.47,91.33,81.41,Salerno,10,Tecnico - Tecnologico
SATF04601D,GALILEI - DI PALO,VIA FILIPPO SMALDONE,http://www.iisgalilei.it/,0,65,15,65116,Salerno,102,,,,,,4.49,,,,,,Salerno,10,Tecnico - Tecnologico
SATH00601E,GIOVANNI XXIII,VIA MOSCATI 4,http://www.iisgiovanni23.edu.it/,0,65,15,65116,Salerno,86,,,,,,4.69,,,,,,Salerno,10,Tecnico - Tecnologico
SATL06601V,DELLA CORTE - VANVITELLI,VIA PROLUNGAMENTO MARCONI,http://www.dellacortevanvitelli.gov.it/,0,65,15,65037,Cava de' Tirreni,86,,,,,,7.11,,,,,,Salerno,10,Tecnico - Tecnologico
SATFH5500B,FERRARI,VIA SETTIMO MOBILIO 17,http://www.arcamformazione.it/,1,65,15,65116,Salerno,0,,,,,,0.0,,,,,,Salerno,10,Tecnico - Tecnologico
BAPC150004,SOCRATE,VIA SAN TOMMASO D'AQUINO 4,http://www.liceosocratebari.gov.it/,0,72,16,72006,Bari,176,73.36,69.86,77.19,69.47,27.27,8.33,91.87,8.13,13.42,88.7,84.4,Bari,10,Classico
BAPC13000V,QUINTO ORAZIO FLACCO,VIA NICCOLO' PIZZOLI 58,http://www.liceoflaccobari.gov.it/,0,72,16,72006,Bari,109,69.13,64.88,73.84,64.14,26.89,7.98,86.93,13.07,14.89,90.22,82.75,Bari,10,Classico
BAPS02000E,DOMENICO CIRILLO,VIA DOMENICO CIRILLO 33,http://www.convittocirillo.edu.it,0,72,16,72006,Bari,23,59.12,48.77,71.35,45.27,26.76,7.91,84.78,15.22,23.91,88.21,82.57,Bari,10,Classico
BAPS060001,GAETANO SALVEMINI,VIA PREZZOLINI 9,http://www.liceosalvemini.it/,0,72,16,72006,Bari,181,77.53,74.08,81.25,82.5,26.71,6.86,93.37,6.63,11.97,86.86,78.51,Bari,10,Scientifico
BAPS05000A,ENRICO FERMI,VIA BOVIO 19A,http://www.liceofermi.gov.it/,0,72,16,72006,Bari,313,76.05,73.13,79.25,77.56,26.95,8.47,93.19,6.81,14.15,87.2,79.56,Bari,10,Scientifico
BAPS01000X,ARCANGELO SCACCHI,CSO CAVOUR 241,http://liceoscacchibari.gov.it/,0,72,16,72006,Bari,279,74.81,71.81,78.07,78.29,26.56,7.58,95.23,4.77,13.71,87.58,82.18,Bari,10,Scientifico
BAPS270009,CARTESIO,VIA DON DATTOLI,http://www.liceicartesio.gov.it/,0,72,16,72046,Triggiano,53,64.47,58.71,71.19,65.95,25.56,8.22,85.63,14.37,19.38,86.91,76.04,Bari,10,Scientifico - Scienze applicate
BAPS12000B,GALILEO GALILEI,VIA GEN PLANELLI,http://www.lsgalileibitonto.it/Dinamico-List.aspx?Id_Sezione=0,0,72,16,72011,Bitonto,34,61.64,54.4,69.77,66.93,24.76,8.28,79.81,20.19,13.46,91.37,74.81,Bari,10,Scientifico - Scienze applicate
BAPS24000D,EDOARDO AMALDI,VIA ABBRUZZESE 38,http://www.lsamaldi.it/,0,72,16,72010,Bitetto,27,57.91,49.48,67.54,59.28,24.78,7.91,74.07,25.93,14.81,83.98,71.76,Bari,10,Scientifico - Scienze applicate
BAPS029012,TOMMASO FIORE,VIA ANIBALE DI FRANCIA 4,http://www.iissfiore.edu.it/,0,72,16,72027,Modugno,25,55.84,47.59,65.09,60.78,24.11,6.2,81.82,18.18,15.58,90.44,78.17,Bari,10,Scientifico - Scienze applicate
BAPS06301D,MARCONI - HACK,PZZA CARLO POERIO 2,http://www.marconibari.it/marc256/,0,72,16,72006,Bari,53,55.73,49.78,62.49,60.13,24.16,6.25,79.5,20.5,15.53,85.2,76.94,Bari,10,Scientifico - Scienze applicate
BAPSV85002,CITTADELLA DELLA FORMAZIONE,CORSO ALCIDE DE GASPERI 320,http://www.liceosportivobari.it,1,72,16,72006,Bari,69,29.82,24.31,37.06,27.14,21.9,0.0,72.12,27.88,28.37,87.15,80.33,Bari,10,Scientifico - Sportivo
BAPM010001,GIORDANO BIANCHI DOTTULA,CSO MAZZINI 114,http://www.liceobianchidottula.edu.it/,0,72,16,72006,Bari,66,53.48,47.96,59.52,53.64,24.4,7.7,76.38,23.62,11.56,86.36,77.19,Bari,10,Scienze Umane
BAPM02000G,VITO FORNARI,VIA GEN AMATO 37,http://www.liceofornari.edu.it,0,72,16,72029,Molfetta,13,53.2,38.86,70.34,50.67,24.69,7.1,74.07,25.93,22.22,93.65,94.14,Bari,10,Scienze Umane - Economico sociale
BAPS028016,DA VINCI - MAJORANA,VIA ALDO MORO 19,http://www.iissdavincimajorana.gov.it/,0,72,16,72028,Mola di Bari,25,52.18,42.72,63.65,48.02,24.76,6.91,61.04,38.96,18.18,88.72,79.38,Bari,10,Scienze Umane - Economico sociale
BAPS06801L,ALPI - MONTALE,VIA CONVERSANO KM 0500,http://www.iissalpimontale.edu.it/,0,72,16,72037,Rutigliano,24,46.1,36.43,57.56,49.81,23.09,9.21,61.64,38.36,17.81,90.07,79.5,Bari,10,Scienze Umane - Economico sociale
BAPS05901T,MARCO POLO,VLE BARTOLO 46,http://www.marcopolobari.it/,0,72,16,72006,Bari,153,61.15,57.09,65.7,60.28,25.44,6.9,69.72,30.28,13.51,86.73,79.26,Bari,10,Linguistico
BATD050006,CESARE - ROMANAZZI,VIA LUIGI EINAUDI 66,http://www.istitutogiuliocesare.gov.it/,0,72,16,72006,Bari,183,59.34,55.62,63.62,56.01,25.52,7.22,73.04,26.96,16.94,85.07,78.53,Bari,10,Linguistico
BASL06000T,DE NITTIS - PASCALI,CSO VITTORIO VENETO 14,http://liceoartisticobari.edu.it/,0,72,16,72006,Bari,172,52.59,47.68,58.37,49.98,24.62,6.31,38.22,61.78,9.46,87.57,80.86,Bari,10,Artistico
BATD25000X,MARCO POLO,VLE BARTOLO 46,http://www.marcopolobari.it/,0,72,16,72006,Bari,72,53.35,47.44,60.59,54.43,24.27,5.74,59.45,40.55,19.35,88.63,76.18,Bari,10,Tecnico - Economico
BATD021017,GORJUX - TRIDENTE - VIVANTE,VLE PAPA GIOVANNI XIII 59,http://www.istitutogorjuxtridentevivante.gov.it/,0,72,16,72006,Bari,46,45.03,35.92,55.72,49.97,22.81,4.68,36.43,63.57,9.29,87.02,76.34,Bari,10,Tecnico - Economico
BATD13000T,LENOCI,VIA CALDAROLA,http://www.itclenoci.it,0,72,16,72006,Bari,97,36.99,30.73,44.96,32.74,22.95,4.4,38.7,61.3,14.38,88.22,75.4,Bari,10,Tecnico - Economico
BATD01500V,NOBEL,VIA DEI BERSAGLIERI 11,http://itenobel.it/,1,72,16,72006,Bari,20,,,,,,0.0,,,,,,Bari,10,Tecnico - Economico
BATD105005,ALESSANDRO VOLTA,VIA GIUSTINO FORTUNATO 8M,http://www.avolta.it,1,72,16,72006,Bari,26,,,,,,0.0,,,,,,Bari,10,Tecnico - Economico
BATF230001,PANETTI - PITAGORA,VIA RE DAVID 186,http://www.panettipitagora.edu.it/,0,72,16,72006,Bari,119,52.04,46.8,58.18,54.29,23.97,5.31,47.49,52.51,12.29,87.96,77.03,Bari,10,Tecnico - Tecnologico
BATF06301G,MARCONI - HACK,PZZA CARLO POERIO 2,http://www.marconibari.gov.it/,0,72,16,72006,Bari,127,51.27,45.43,58.6,47.38,24.62,5.23,34.55,65.45,12.04,88.58,76.22,Bari,10,Tecnico - Tecnologico
BATE04901E,DI SAVOIA - CALAMANDREI,VIA CALDAROLA,http://www.disavoiacalamandrei.edu.it/,0,72,16,72006,Bari,105,50.69,45.75,56.58,51.1,24.03,7.1,61.9,38.1,16.19,86.84,75.29,Bari,10,Tecnico - Tecnologico
BATH040009,EUCLIDE - CARACCIOLO,VIA PREZZOLINI,http://www.euclide-caracciolo.edu.it/,0,72,16,72006,Bari,197,,,,,,6.19,,,,,,Bari,10,Tecnico - Tecnologico
BATD03701R,GORJUX - TRIDENTE - VIVANTE,VIA RAFFAELE BOVIO,http://www.istitutogorjuxtridentevivante.edu.it/,0,72,16,72006,Bari,27,,,,,,5.61,,,,,,Bari,10,Tecnico - Tecnologico
BAPC01000R,ALFREDO CASARDI,VIA FERDINANDO D'ARAGONA 100,http://www.liceocasardi.it/,0,110,16,110002,Barletta,83,73.75,69.13,78.78,76.19,26.56,9.15,92.43,7.57,13.94,93.66,88.68,Barletta,10,Classico
BAPC04000L,CARLO TROYA,VIA RAFFAELLO SANZIO 1,http://www.liceotroya.gov.it/,0,110,16,110001,Andria,43,70.14,63.88,77.2,70.16,26.42,8.75,87.69,12.31,17.69,89.97,82.69,Barletta,10,Classico
BAPC21000E,FRANCESCO DE SANCTIS,VIA TASSELGARDO 1,http://www.liceodesanctis.gov.it/,0,110,16,110009,Trani,46,68.78,62.94,75.19,69.65,26.15,8.94,96.4,3.6,14.39,90.89,79.4,Barletta,10,Classico
FGPC02601Q,DELL'AQUILA - STAFFA,VIA CAPPUCCINI 23,http://www.dellaquila-staffa.edu.it/,0,110,16,110010,Trinitapoli,15,50.09,31.65,72.68,49.6,24.07,8.33,80.0,20.0,20.0,92.25,85.0,Barletta,10,Classico
BAPS150007,CARLO CAFIERO,VIA DANTE ALIGHIERI 1,http://www.liceocafiero.it/,0,110,16,110002,Barletta,133,79.83,76.0,83.94,82.34,27.28,8.4,94.74,5.26,11.28,90.76,81.29,Barletta,10,Scientifico
BAPS080006,RICCARDO NUZZI,VIA CINZIO VIOLANTE 18,http://www.liceonuzzi.gov.it/,0,110,16,110001,Andria,103,78.9,74.66,83.39,84.55,26.79,8.76,93.53,6.47,9.39,87.63,78.5,Barletta,10,Scientifico
BAPS11000R,VALDEMARO VECCHI,VIA GRECIA 12,http://www.liceovecchi.it/,0,110,16,110009,Trani,85,75.79,71.21,80.67,80.5,26.53,9.38,92.97,7.03,11.33,88.94,73.78,Barletta,10,Scientifico
FGPS053017,ALDO MORO,VIA VANVITELLI 1,http://www.ipsarmoro.edu.it/,0,110,16,110005,Margherita di Savoia,45,63.98,57.9,70.67,69.37,25.03,8.69,90.37,9.63,12.59,93.43,81.77,Barletta,10,Scientifico
FGPS08000E,ALBERT EINSTEIN,VIA BENEDETTO CROCE 23,http://www.scientificoeinstein.gov.it/,0,71,16,71020,Cerignola,21,59.03,49.92,69.32,62.3,24.69,6.11,79.69,20.31,17.19,87.84,81.69,Barletta,10,Scientifico - Sportivo
BAPM05601B,ETTORE CARAFA,VIA BISCEGLIE,http://www.itescarafa.edu.it/,0,110,16,110001,Andria,20,57.27,47.03,69.09,57.89,24.8,6.46,66.67,33.33,16.67,80.25,69.65,Barletta,10,Scienze Umane - Economico sociale
BAPLS4500L,SUORE SALESIANE DEI SACRI CUORI,VIA CAVOUR 81,http://www.sacricuoribarletta.it/istituto/,1,110,16,110002,Barletta,10,44.06,29.35,61.2,49.46,22.64,6.09,95.0,5.0,20.0,90.32,71.0,Barletta,10,Linguistico
BASL04601L,NICOLA GARRONE,VIA CASSANDRO 2,http://www.iissgarrone.gov.it/,0,110,16,110002,Barletta,31,51.28,40.66,64.75,38.53,25.68,4.54,39.78,60.22,15.05,86.51,82.96,Barletta,10,Artistico
BASL044011,GIUSEPPE COLASANTO,VIA PAGANINI,http://www.istitutocolasanto.gov.it/,0,110,16,110001,Andria,0,,,,,,0.0,,,,,,Barletta,10,Artistico
BAIS07800R,CASSANDRO - FERMI - NERVI,VIA MADONNA DELLA CROCE,http://www.cassandroferminervi.edu.it/,0,110,16,110002,Barletta,69,63.87,57.63,70.68,76.34,24.17,5.74,55.29,44.71,8.17,86.47,75.28,Barletta,10,Tecnico - Economico
BATD07500E,SUORE SALESIANE DEI SACRI CUORI,VIA CAVOUR 81,http://www.sacricuoribarletta.it/istituto/,1,110,16,110002,Barletta,12,,,,,,5.41,,,,,,Barletta,10,Tecnico - Economico
BATF060003,ONOFRIO JANUZZI,VIA GRAMSCI 40,http://www.itisandria.gov.it,0,110,16,110001,Andria,194,69.29,65.2,73.68,80.4,24.98,6.77,54.37,45.63,6.69,85.57,72.89,Barletta,10,Tecnico - Tecnologico
BATD320001,CASSANDRO - FERMI - NERVI,VIA MADONNA DELLA CROCE,http://www.cassandroferminervi.edu.it/,0,110,16,110002,Barletta,110,57.21,52.07,63.23,58.93,24.66,5.74,53.61,46.39,13.86,85.77,72.86,Barletta,10,Tecnico - Tecnologico
BATD043014,LOTTI - UMBERTO I,VIA CINZIO VIOLANTE 1,http://www.iislotti.gov.it/,0,110,16,110001,Andria,64,,,,,,4.92,,,,,,Barletta,10,Tecnico - Tecnologico
BRPC00801X,VINCENZO LILLA,VLE LILLA 21,http://www.liceolilla.it/home/,0,74,16,74008,Francavilla Fontana,54,67.68,62.08,73.78,69.07,25.95,8.32,90.18,9.82,13.5,89.3,74.94,Brindisi,10,Classico
LEPC03000R,GIUSEPPE PALMIERI,VLE DELL'UNIVERSITA' 12,http://www.liceopalmieri.it/,0,75,16,75035,Lecce,212,67.26,63.99,70.93,64.78,26.37,8.75,92.45,7.55,17.45,91.41,84.1,Brindisi,10,Classico
BRPC002011,MARZOLLA - LEO - SIMONE - DURANO,VIA NARDELLI 2,http://www.marzollaleo-simonedurano.it/,0,74,16,74001,Brindisi,81,66.82,62.13,71.96,67.12,25.98,8.73,91.77,8.23,15.23,91.88,88.1,Brindisi,10,Classico
BRPC006018,CATALDO AGOSTINELLI,VIA OVIDIO,http://www.istitutoagostinelli.edu.it,0,74,16,74003,Ceglie Messapica,15,65.74,53.57,78.89,64.31,26.06,9.09,90.32,9.68,12.9,91.25,75.67,Brindisi,10,Classico
BRPC00401L,PEPE - CALAMO,VIA DI VITTORIO 24,http://www.liceopepecalamo.edu.it/,0,74,16,74012,Ostuni,55,60.6,55.05,67.15,53.98,26.07,8.1,90.3,9.7,23.03,87.56,75.87,Brindisi,10,Classico
LEPC04601B,VIRGILIO - REDI,VIA GALILEI 4,http://www.liceovirgilio.edu.it/,0,75,16,75035,Lecce,14,38.13,27.08,52.92,31.29,23.4,7.5,79.07,20.93,32.56,84.21,77.89,Brindisi,10,Classico
BRPS060003,FERMI - MONTICELLI,VIA BRANDI 22,http://www.fermiliceobrindisi.it/,0,74,16,74001,Brindisi,98,68.06,63.74,72.75,72.32,25.65,8.44,93.22,6.78,13.56,91.25,79.75,Brindisi,10,Scientifico
BRPS01101V,EPIFANIO FERDINANDO,VIA ESCHILO 1,http://www.iissferdinando.gov.it/,0,74,16,74010,Mesagne,28,65.72,58.18,74.51,64.45,26.04,8.44,89.41,10.59,23.53,91.39,78.22,Brindisi,10,Scientifico
BRPS01701T,ETTORE MAJORANA,VIA MONTEBELLO 11,http://www.majoranabrindisi.it/,0,74,16,74001,Brindisi,57,59.5,53.78,66.28,60.0,25.08,0.0,80.81,19.19,22.67,92.49,79.5,Brindisi,10,Scientifico - Scienze applicate
LEPS04401V,FRANCESCO CALASSO,VIA BELICE 15,http://www.iisscalasso.edu.it/,0,75,16,75035,Lecce,39,46.99,39.36,56.18,48.17,23.5,6.62,62.71,37.29,19.49,83.15,70.57,Brindisi,10,Scientifico - Sportivo
LEPM01000Q,PIETRO SICILIANI,VIA DI LEUCA 2L,http://www.liceosicilianilecce.gov.it/,0,75,16,75035,Lecce,95,57.58,53.03,62.65,58.79,24.77,6.76,83.92,16.08,15.03,84.37,73.93,Brindisi,10,Scienze Umane
BRPM010003,ETTORE PALUMBO,VIA ACHILLE GRANDI 17,http://www.liceopalumbo.gov.it/,0,74,16,74001,Brindisi,117,52.45,48.06,57.35,53.85,24.12,6.3,74.22,25.78,12.46,85.25,72.88,Brindisi,10,Scienze Umane
LESL041018,CIARDO - PELLEGRINO,VIA VECCHIA COPERTINO,http://www.liceociardolecce.gov.it/,0,75,16,75035,Lecce,121,52.05,47.0,57.99,47.2,24.83,5.58,50.82,49.18,13.19,87.27,79.55,Brindisi,10,Artistico
BRPC04000P,MARZOLLA - LEO - SIMONE - DURANO,VIA FELICE ASSENNATO 1,http://www.marzollaleosimonedurano.it/,0,74,16,74001,Brindisi,25,50.79,38.17,65.17,42.51,25.09,4.23,34.67,65.33,8.0,89.96,80.69,Brindisi,10,Artistico
LETD00201L,SALVATORE TRINCHESE,PZZA GRAMSCI,http://www.trinchesemartano.it,0,75,16,74001,Brindisi,29,42.87,32.52,55.55,40.1,23.48,6.12,44.32,55.68,13.64,83.79,73.18,Brindisi,10,Tecnico - Economico
BRTH020006,CARNARO-MARCONI-FLACCO-BELLUZZI,VIA DEL LAVORO 21,http://www.itncarnarobrindisi.edu.it/,0,74,16,74001,Brindisi,23,,,,,,5.84,,,,,,Brindisi,10,Tecnico - Economico
BRTD04500A,ARCADIA,VIA DALMAZIA 21B,http://www.istitutoarcadia.it/,1,74,16,74001,Brindisi,26,,,,,,0.0,,,,,,Brindisi,10,Tecnico - Economico
BRTF030009,ETTORE MAJORANA,VIA MONTEBELLO 11,http://www.majoranabrindisi.it/,0,74,16,74001,Brindisi,149,59.95,55.73,64.81,63.96,24.71,7.27,64.43,35.57,13.65,90.3,76.69,Brindisi,10,Tecnico - Tecnologico
BRTF010004,GIOVANNI GIORGI,VIA AMALFI 6,http://www.ittgiorgi.gov.it/,0,74,16,74001,Brindisi,219,57.19,53.21,61.87,60.91,24.42,7.01,50.38,49.62,12.14,87.52,76.06,Brindisi,10,Tecnico - Tecnologico
FGPC15000C,BONGHI - ROSMINI,VLE FERROVIA 19,http://www.liceobonghi-rosmini.edu.it/,0,71,16,71028,Lucera,36,68.07,61.39,75.6,67.42,26.25,8.98,90.83,9.17,17.43,87.91,88.0,Foggia,10,Classico
FGPC160003,LANZA - PERUGINI,PLE ITALIA 3,http://lanza-perugini.edu.it/,0,71,16,71024,Foggia,123,62.84,58.85,67.23,63.32,25.48,8.23,90.84,9.16,14.56,90.38,81.47,Foggia,10,Classico
FGPS010008,ALESSANDRO VOLTA,VIA MARTIRI DI VIA FANI 1,http://www.liceovolta.fg.it/,0,71,16,71024,Foggia,100,79.07,74.87,83.68,80.54,27.31,8.44,97.35,2.65,14.24,91.19,84.63,Foggia,10,Scientifico
FGPS040004,GUGLIELMO MARCONI,VIA DANIMARCA 25,http://www.liceogmarconi.it/,0,71,16,71024,Foggia,203,67.35,64.04,71.01,71.27,25.61,8.29,94.09,5.91,15.27,90.17,81.44,Foggia,10,Scientifico
FGPM03000E,CAROLINA POERIO,CSO ROMA 1,http://liceopoerio.it/,0,71,16,71024,Foggia,87,54.16,49.42,59.51,55.81,24.3,7.22,83.14,16.86,17.24,85.36,76.12,Foggia,10,Scienze Umane
FGPM10000G,ENRICO PESTALOZZI,VIA DI VITTORIO 203,http://www.pestalozzi.edu.it/,0,71,16,71051,San Severo,0,,,,,,0.0,,,,,,Foggia,10,Artistico
FGTD08000A,BLAISE PASCAL,VIA NAPOLI KM 0700,http://www.blaisepascal.it/,0,71,16,71024,Foggia,69,59.41,53.79,65.49,61.92,24.83,5.49,70.19,29.81,10.1,82.94,75.73,Foggia,10,Tecnico - Economico
FGTD21000T,NOTARANGELO-ROSATI-GIANNONE-MASI,VIA NAPOLI 101,http://www.giannonemasi.edu.it/,0,71,16,71024,Foggia,124,46.81,41.96,52.56,43.23,24.05,5.46,54.55,45.45,15.24,85.03,77.44,Foggia,10,Tecnico - Economico
FGTDO25007,PITAGORA COLLEGE,VIA COLOMBO 101G,http://www.pitagoracollege.it/,1,71,16,71024,Foggia,10,,,,,,0.0,,,,,,Foggia,10,Tecnico - Economico
FGTF13000C,ALTAMURA - DA VINCI,VIA GENERALE FRANCESCO ROTUNDI 4,http://www.ittaltamuradavinci.gov.it/,0,71,16,71024,Foggia,229,50.0,45.49,55.43,53.42,23.59,5.2,35.17,64.83,10.03,87.62,76.45,Foggia,10,Tecnico - Tecnologico
FGTF00801B,LUIGI EINAUDI,VIA NAPOLI 103,http://www.einaudifoggia.edu.it/,0,71,16,71024,Foggia,16,,,,,,6.05,,,,,,Foggia,10,Tecnico - Tecnologico
LEPS01000P,COSIMO DE GIORGI,VLE DE PIETRO 14,http://www.liceodegiorgi.gov.it/,0,75,16,75035,Lecce,273,73.93,70.91,77.26,76.6,26.55,8.23,93.54,6.46,14.37,89.78,80.08,Lecce,10,Scientifico
LEPS07000A,GIULIETTA BANZI BAZOLI,PZZA PALIO 63,http://www.liceobanzi.gov.it/,0,75,16,75035,Lecce,303,68.46,65.51,71.74,69.03,26.15,8.26,92.08,7.92,16.28,89.99,80.32,Lecce,10,Scientifico
LEPS02500C,MARCELLINE,VLE OTRANTO 67,http://www.marcellinelecce.it/,1,75,16,75035,Lecce,13,32.7,19.31,48.28,37.77,21.32,7.33,85.19,14.81,22.22,87.48,89.0,Lecce,10,Scientifico
LEPS02901R,DON TONINO BELLO,VIA DE NICOLA 26,http://www.liceocopertino.edu.it/,0,75,16,75022,Copertino,28,62.84,52.84,74.13,61.44,25.71,7.94,73.68,26.32,12.28,89.5,84.4,Lecce,10,Scientifico - Scienze applicate
LEPS04601E,VIRGILIO - REDI,VIA MARINELLI 8,http://www.liceovirgilio.edu.it/,0,75,16,75079,Squinzano,33,57.63,50.5,65.53,60.98,24.51,8.79,85.15,14.85,9.9,89.28,78.27,Lecce,10,Scientifico - Scienze applicate
LEPS034018,ENRICO FERMI,VIA MERINE 5,http://www.fermilecce.edu.it/,0,75,16,75035,Lecce,20,54.27,43.77,66.28,56.58,24.23,5.45,92.68,7.32,21.95,86.29,73.67,Lecce,10,Scientifico - Scienze applicate
LEPM02901T,DON TONINO BELLO,VIA DE NICOLA 26,http://www.liceocopertino.edu.it/,0,75,16,75022,Copertino,49,56.76,50.37,63.84,59.36,24.5,6.72,73.15,26.85,10.74,85.61,80.22,Lecce,10,Scienze Umane
LESD02601Q,EZIO VANONI,PZZA SAN DOMENICO,http://www.istitutovanoninardo.edu.it/,0,75,16,75052,Nardò,0,,,,,,0.0,,,,,,Lecce,10,Artistico
LESD02701G,PIETRO COLONNA,VIA MARTINEZ 4,http://www.liceocolonna.gov.it/,0,75,16,75029,Galatina,0,,,,,,0.0,,,,,,Lecce,10,Artistico
LETD08000R,ADRIANO OLIVETTI,VIA MARUGI 29,http://www.itesolivettilecce.gov.it/,0,75,16,75035,Lecce,161,51.49,46.99,56.91,48.65,24.52,7.77,50.1,49.9,14.64,87.37,75.25,Lecce,10,Tecnico - Economico
LETE010002,GRAZIA DELEDDA,PIAZZA DEL PALIO 1,http://www.itdeleddalecce.gov.it,0,75,16,75035,Lecce,57,40.81,33.84,49.2,41.48,22.82,4.78,52.02,47.98,14.45,83.44,74.72,Lecce,10,Tecnico - Economico
LETD042013,GALILEI - COSTA - SCARAMBONE,PTTA DE SANCTIS 10,http://www.galileicostascarambone.edu.it/,0,75,16,75035,Lecce,51,37.95,30.77,47.0,42.4,22.02,6.13,54.55,45.45,18.18,84.85,74.53,Lecce,10,Tecnico - Economico
LETD04401P,FRANCESCO CALASSO,VIA BELICE 15,http://www.iisscalasso.edu.it/,0,75,16,75035,Lecce,69,,,,,,3.19,,,,,,Lecce,10,Tecnico - Economico
LETD075009,LIBORIO SALOMI,VIA DEI SALESIANI 25,http://www.itesalomi.eu/,1,75,16,75035,Lecce,36,,,,,,0.0,,,,,,Lecce,10,Tecnico - Economico
LETD03101L,ANTONIETTA DE PACE,VLE MARCHE 15,http://www.ipdepace.edu.it,0,75,16,75035,Lecce,17,,,,,,3.97,,,,,,Lecce,10,Tecnico - Economico
LETL04201D,GALILEI - COSTA - SCARAMBONE,PZZA PALIO,http://www.galileicostascarambone.edu.it/,0,75,16,75035,Lecce,33,64.62,54.52,77.07,59.05,26.42,6.61,41.0,59.0,13.0,86.9,73.49,Lecce,10,Tecnico - Tecnologico
LETA00101A,PRESTA - COLUMELLA,VIA SAN PIETRO IN LAMA,http://www.istitutocolumella.it/,0,75,16,75035,Lecce,31,51.4,41.16,63.03,55.49,23.68,6.21,42.55,57.45,9.57,84.2,80.7,Lecce,10,Tecnico - Tecnologico
LETF03401A,ENIRCO FERMI,VIA MERINE 5,http://www.fermilecce.gov.it/,0,75,16,75035,Lecce,145,48.01,43.21,53.88,50.54,23.46,5.7,47.6,52.4,14.19,86.46,73.43,Lecce,10,Tecnico - Tecnologico
TAPC10000Q,ARCHITA,CSO UMBERO I 106B,http://www.liceoarchita.gov.it/,0,73,16,73027,Taranto,48,73.81,67.92,80.39,69.34,27.39,7.26,89.73,10.27,17.12,90.99,84.6,Taranto,10,Classico
TAPC13000G,GALILEO FERRARIS,VIA ABRUZZO 13,http://www.liceoferraris.gov.it/,0,73,16,73027,Taranto,36,67.95,61.23,75.29,70.86,25.8,7.87,90.74,9.26,14.81,87.82,76.2,Taranto,10,Classico
TAPC070005,ARISTOSSENO,VLE VIRGILIO 15,http://www.liceoaristosseno.it/,0,73,16,73027,Taranto,27,64.99,56.86,73.91,65.81,25.7,7.07,80.25,19.75,13.58,92.8,83.06,Taranto,10,Classico
TAPS03000T,GIUSEPPE BATTAGLINI,CSO UMBERTO I 106,http://www.iissbattaglini.edu.it/,0,73,16,73027,Taranto,143,70.74,67.01,74.92,70.85,26.48,8.57,93.71,6.29,17.25,92.78,84.44,Taranto,10,Scientifico
TAPS140009,GALILEO FERRARIS,VIA MASCHERPA 10,http://www.liceoferraris.gov.it/,0,73,16,73027,Taranto,27,63.31,55.41,72.32,64.02,25.51,8.05,85.19,14.81,17.28,89.04,78.5,Taranto,10,Scientifico
TAPS02500A,PLATEJA,VIA LAGO DI COMO 65,http://www.istitutoplateja.it/,1,73,16,73027,Taranto,17,33.33,20.73,49.4,26.36,22.84,0.0,49.06,50.94,18.87,84.42,74.44,Taranto,10,Scientifico
TAPS042015,PRINCIPESSA MARIA PIA,VIA GALILEO GALILEI 27,http://www.iismariapia.gov.it/,0,73,16,73027,Taranto,77,70.26,65.27,75.97,68.34,26.66,7.34,82.33,17.67,18.1,87.37,76.93,Taranto,10,Scientifico - Scienze applicate
TAPS03801D,AUGUSTO RIGHI,VIA D'ALO' ALFIERI 51,http://www.itisrighi.net/,0,73,16,73027,Taranto,15,36.61,22.63,56.88,31.0,23.07,0.0,44.68,55.32,23.4,80.29,76.54,Taranto,10,Scientifico - Scienze applicate
TAPM020008,VITTORINO DA FELTRE,VIA POLIBIO 44,http://www.liceovittorino.gov.it/,0,73,16,73027,Taranto,110,58.77,53.8,64.29,58.93,25.03,5.3,58.79,41.21,10.61,89.27,79.74,Taranto,10,Scienze Umane
TAIS031008,VINCENZO CALO',VIA JACOPO DELLA QUERCIA 1,http://www.liceoartisticocalo.edu.it/,0,73,16,73008,Grottaglie,0,,,,,,0.0,,,,,,Taranto,10,Artistico
TAPS18000Q,DOMENICO DE RUGGIERI,VIA CARDUCCI 100,http://www.liceoderuggieri.it/,0,73,16,73015,Massafra,0,,,,,,0.0,,,,,,Taranto,10,Artistico
TATE04201C,PRINCIPESSA MARIA PIA,VIA GALILEO GALILEI 27,http://www.iismariapia.gov.it/,0,73,16,73027,Taranto,33,66.81,58.62,75.89,61.76,26.62,6.86,64.65,35.35,12.12,91.3,76.49,Taranto,10,Tecnico - Economico
TATD08000P,PITAGORA,VIA PUPINO 10A,http://www.pitagorataranto.gov.it/,0,73,16,73027,Taranto,126,52.34,47.22,58.52,46.64,24.96,6.26,47.35,52.65,13.76,85.83,73.84,Taranto,10,Tecnico - Economico
TATD055002,SAN TOMMASO D'AQUINO,VIA GIOVINAZZI 39,http://www.istitutosantommasodaquino.it/,1,73,16,73027,Taranto,16,,,,,,0.0,,,,,,Taranto,10,Tecnico - Economico
TATD08500T,MASTERFORM,VIA ALDO ADIGE 27,http://www.istitutomasterform.it,1,73,16,73027,Taranto,50,,,,,,0.0,,,,,,Taranto,10,Tecnico - Economico
TATE00500C,PLATEJA,VIA LAGO DI COMO,http://www.istitutoplateja.it/,1,73,16,73027,Taranto,18,,,,,,0.0,,,,,,Taranto,10,Tecnico - Economico
TATF02901R,ANTONIO PACINOTTI,VIA LAGO TRASIMENO,http://www.pacinottitaranto.gov.it/,0,73,16,73027,Taranto,191,54.16,49.68,59.55,55.97,24.28,4.99,42.86,57.14,12.2,85.85,74.56,Taranto,10,Tecnico - Tecnologico
TATF01000P,AUGUSTO RIGHI,VIA D'ALO' ALFIERI 51,http://www.itisrighi.net/,0,73,16,73027,Taranto,165,,,,,,3.66,,,,,,Taranto,10,Tecnico - Tecnologico
TATF02402P,IS ARCHIMEDE,VIA BRUNELLESCHI,http://www.iissarchimede.gov.it/index.php,0,73,16,73027,Taranto,39,,,,,,3.23,,,,,,Taranto,10,Tecnico - Tecnologico
TATF02500C,PLATEJA,VIA LAGO DI COMO,http://www.istitutoplateja.it/,1,73,16,73027,Taranto,16,,,,,,0.0,,,,,,Taranto,10,Tecnico - Tecnologico
TATF035003,MASTERFORM,VIA ALDO ADIGE 27,http://www.istitutomasterform.it,1,73,16,73027,Taranto,31,,,,,,0.0,,,,,,Taranto,10,Tecnico - Tecnologico
TATF034018,LISIDE - CABRINI,VIA ANCONA 91,http://lnx.liside.gov.it/,0,73,16,73027,Taranto,12,,,,,,1.94,,,,,,Taranto,10,Tecnico - Tecnologico
PZPC040004,QUINTO ORAZIO FLACCO,VIA VACCARO 36B,http://www.liceoclassicostatalepz.gov.it/,0,76,17,76063,Potenza,124,73.06,69.16,77.38,69.19,27.23,8.59,94.92,5.08,15.24,87.25,81.63,Potenza,10,Classico
PZPC00202B,GIUSTINO FORTUNATO,VIA PASQUALE CORONA,http://www.liceirionero.it/,0,76,17,76066,Rionero in Vulture,24,71.7,63.96,80.48,62.2,27.74,8.21,97.3,2.7,21.62,92.76,75.0,Potenza,10,Classico
SAPC013011,MARCO TULLIO CICERONE,VIA MATTEOTTI 84,http://www.istitutocicerone.gov.it/,0,65,15,65114,Sala Consilina,47,69.53,63.59,75.96,68.7,26.44,8.29,90.21,9.79,12.59,91.19,81.71,Potenza,10,Classico
PZPS040007,GALILEO GALILEI,VIA ANZIO 2,http://www.lsgalileipz.gov.it/,0,76,17,76063,Potenza,140,78.33,74.59,82.3,82.38,26.91,8.54,96.19,3.81,9.05,84.89,83.63,Potenza,10,Scientifico
PZPS12000V,PIER PAOLO PASOLINI,VIA ANZIO,http://www.liceoscientificopasolinipz.gov.it/,0,76,17,76063,Potenza,46,72.84,66.92,79.16,76.0,26.36,7.99,92.86,7.14,9.29,86.47,87.6,Potenza,10,Scientifico
PZPM01000C,SALVATOR ROSA,VIA ZARA,http://www.convittoliceoannessopz.edu.it/,0,76,17,76063,Potenza,115,59.9,55.65,64.66,61.52,24.99,6.37,82.08,17.92,15.32,81.32,77.44,Potenza,10,Scienze Umane
PZPM00201E,GIUSTINO FORTUNATO,SS 167 (CAMPUS),http://www.liceirionero.it/,0,76,17,76066,Rionero in Vulture,33,56.9,49.52,64.84,61.69,24.25,6.47,80.81,19.19,11.11,85.46,77.0,Potenza,10,Scienze Umane
PZPS02901D,IST OMNIC GENZANO DI LUCANIA,VIA GENERALE PENNELLA,http://www.liceogenzanodilucania.gov.it/wordpress/,0,76,17,76036,Genzano di Lucania,33,55.92,48.36,63.98,67.06,23.37,7.85,75.25,24.75,8.91,88.59,72.92,Potenza,10,Scienze Umane - Economico sociale
PZPS01901V,GIUSEPPE PEANO,VIA FONTANELLE,http://www.liceomarsico.gov.it/,0,76,17,76045,Marsico Nuovo,16,65.13,55.12,76.09,67.55,25.52,7.54,84.0,16.0,14.0,85.43,78.88,Potenza,10,Linguistico
PZTD024038,DA VINCI - NITTI,VIA ANCONA,http://www.davinci-nitti.edu.it/,0,76,17,76063,Potenza,76,64.46,59.32,70.12,65.62,25.6,7.77,78.95,21.05,12.72,87.36,80.73,Potenza,10,Linguistico
SAPS027012,ASSTEAS,VIA PASTENI,,0,65,15,65017,Buccino,13,56.79,45.55,68.79,63.32,24.03,8.04,82.5,17.5,10.0,85.48,76.57,Potenza,10,Linguistico
PZSD030003,WALTER GROPIUS,VIA ANZIO 4,http://www.liceoartisticoemusicale.gov.it/,0,76,17,76063,Potenza,57,58.58,50.94,67.14,54.68,25.5,5.74,42.77,57.23,7.51,84.84,80.49,Potenza,10,Artistico
PZSD00201X,GIUSTINO FORTUNATO,SERRO SAN FRANCESCO,http://www.liceirionero.it,0,76,17,76066,Rionero in Vulture,0,,,,,,0.0,,,,,,Potenza,10,Artistico
PZTL022011,EINSTEIN - DE LORENZO,VIA SICILIA 4,http://www.itigeopz.gov.it/,0,76,17,76063,Potenza,126,51.4,46.38,57.16,57.14,23.48,6.43,49.74,50.26,10.79,83.01,74.36,Potenza,10,Tecnico - Tecnologico
PZTF02203V,EINSTEIN - DE LORENZO (PICERNO),VIA CAMPO DONEI,http://www.itigeopz.edu.it/,0,76,17,76059,Picerno,17,44.86,31.75,61.44,50.88,22.66,5.94,47.06,52.94,17.65,83.67,79.19,Potenza,10,Tecnico - Tecnologico
BAPC030002,CAGNAZZI,PZZA ZANARDELLI 30,http://www.liceocagnazzi.gov.it/,0,72,16,72004,Altamura,66,69.88,64.71,75.38,70.86,26.27,8.6,89.9,10.1,10.1,88.47,82.9,Matera,10,Classico
MTSL01301X,DUNI - LEVI,VIA DELLE NAZIONI UNITE 6,http://www.dunilevimatera.gov.it,0,77,17,77014,Matera,108,69.3,65.13,73.84,67.78,26.5,8.62,92.02,7.98,13.8,91.56,86.65,Matera,10,Classico
BAPS07000G,GIUSEPPE TARANTINO,VIA QUASIMODO 4,http://www.liceogravina.it/,0,72,16,72023,Gravina in Puglia,31,64.23,57.22,72.14,64.05,25.73,8.86,93.68,6.32,18.95,91.34,89.67,Matera,10,Classico
BAPS01601X,PIETRO SETTE,VIA SETTE 3,http://www.iisspietrosette.it/portale/,0,72,16,72041,Santeramo in Colle,33,79.7,72.66,86.94,90.95,26.21,7.11,88.12,11.88,4.95,91.4,83.25,Matera,10,Scientifico
MTPS01000E,DANTE ALIGHIERI,VIA DELLE NAZIONI UNITE 2,http://www.liceoscientificomatera.gov.it/,0,77,17,77014,Matera,87,78.96,74.51,83.78,83.5,26.93,7.83,96.95,3.05,13.74,89.09,87.38,Matera,10,Scientifico
BAPS200003,FEDERICO II DI SVEVIA,VIA PARISI,http://www.liceofederico.gov.it/sito/,0,72,16,72004,Altamura,153,72.88,69.18,76.9,78.37,26.09,8.46,90.41,9.59,13.29,86.72,76.82,Matera,10,Scientifico
TAPS02301Q,GIAMBATTISTA VICO,CDA CICIVIZZO,http://www.liceogbvico.edu.it/,0,73,16,73009,Laterza,49,65.26,59.57,71.5,70.21,25.24,8.81,95.3,4.7,14.77,88.77,87.71,Matera,10,Scientifico
BAPS035008,SAN GIOVANNI BATTISTA DE LA SALLE,VIA ENRICO FERMI 24,http://www.istitutodelasalle.it/,1,72,16,72041,Santeramo in Colle,0,,,,,,0.0,,,,,,Matera,10,Scientifico
MTPS012017,GIAN BATTISTA PENTASUGLIA,VIA MATTEI,http://www.iispentasuglia.gov.it/,0,77,17,77014,Matera,68,72.1,67.03,77.52,78.91,25.84,9.02,90.29,9.71,10.19,87.56,75.15,Matera,10,Scientifico - Scienze applicate
MTPM01000G,TOMMASO STIGLIANI,VIA LANERA 61,http://www.istitutomagistralestiglianimt.it/,0,77,17,77014,Matera,60,55.09,49.39,61.36,56.17,24.48,6.68,77.9,22.1,12.71,82.78,76.47,Matera,10,Scienze Umane
BASL03301E,ROSA LUXEMBURG,VIA PRIMOCIELO,http://www.rosaluxemburg.gov.it,0,72,16,72001,Acquaviva delle Fonti,0,,,,,,0.0,,,,,,Matera,10,Artistico
MTTD06000B,LOPERFIDO - OLIVETTI,VIA ALDO MORO 28,http://www.loperfido-olivetti.gov.it/,0,77,17,77014,Matera,64,62.05,56.08,68.72,62.9,25.35,7.23,65.8,34.2,12.95,86.36,77.86,Matera,10,Tecnico - Economico
BATD02000A,FRANCESCO MARIA GENCO,PZZA RAFFAELLE LAUDATI 1,http://www.itcgenco.gov.it/,0,72,16,72004,Altamura,146,51.4,46.51,57.22,55.41,23.69,5.75,45.33,54.67,12.3,83.3,70.1,Matera,10,Tecnico - Economico
BATD013018,BACHELET - GALILEI,VIA VITTORIO BACHELET,http://www.iissgravina.it/,0,72,16,72023,Gravina in Puglia,63,45.11,38.73,52.85,45.83,23.33,6.17,57.07,42.93,16.75,84.51,75.49,Matera,10,Tecnico - Economico
BATD01601Q,PIETRO SETTE,VIA SETTE 3,http://www.iisspietrosette.it/portale/,0,72,16,72041,Santeramo in Colle,50,37.54,29.6,47.63,38.97,22.33,6.17,45.03,54.97,15.23,81.63,75.7,Matera,10,Tecnico - Economico
BATD665005,SAN GIOVANNI BATTISTA DE LA SALLE,VIA FERMI 24,http://www.istitutodelasalle.it,1,72,16,72041,Santeramo in Colle,0,,,,,,0.0,,,,,,Matera,10,Tecnico - Economico
MTTF012019,GIAN BATTISTA PENTASUGLIA,VIA MATTEI,http://www.iispentasuglia.gov.it/,0,77,17,77014,Matera,177,66.64,62.76,70.92,73.73,25.15,7.21,67.98,32.02,11.3,87.59,76.0,Matera,10,Tecnico - Tecnologico
MTTA014018,TURI - MORRA,VIA MATARAZZO,http://www.alberghieromatera.it/,0,77,17,77014,Matera,41,56.46,46.99,67.59,52.13,25.29,5.26,38.21,61.79,10.57,88.49,73.84,Matera,10,Tecnico - Tecnologico
CZPC060004,PASQUALE GALLUPPI,VIA DE GASPERI 76,http://www.liceogalluppi.net/,0,79,18,79023,Catanzaro,119,63.19,59.22,67.58,65.35,25.32,8.92,94.71,5.29,15.88,89.7,80.37,Catanzaro,10,Classico
CZPC030008,CAMPANELLA - FIORENTINO,VIA LEONARDO DA VINCI,http://www.liceoclassicolamezia.gov.it/,0,79,18,79160,Lamezia Terme,77,56.97,52.2,62.48,56.88,24.85,8.84,91.81,8.19,21.12,91.05,88.32,Catanzaro,10,Classico
CZPC00500G,SANT'ANTONIO DA PADOVA,VIA VERDI 1,http://soverato.donboscoalsud.it/go/44/liceo-classico-.aspx,1,79,18,79137,Soverato,21,56.65,48.28,66.08,56.33,24.84,7.57,93.85,6.15,15.38,89.97,83.75,Catanzaro,10,Classico
CZPS00101C,ENRICO FERMI,VIA PISACANE,http://www.iisfermi.gov.it/,0,79,18,79023,Catanzaro,60,75.98,70.75,81.74,77.68,26.91,8.45,94.51,5.49,15.93,90.27,82.8,Catanzaro,10,Scientifico
CZPS03000B,LUIGI SICILIANI,VIA TURCO,http://www.liceosiciliani.it/,0,79,18,79023,Catanzaro,162,73.84,70.27,77.74,78.77,26.27,7.7,94.24,5.76,14.4,88.44,79.64,Catanzaro,10,Scientifico
CZPS08000C,GUARASCI - CALABRETTA,VIA AMIRANTE,http://guarascicalabretta.edu.it/,0,79,18,79137,Soverato,59,70.79,65.51,76.77,72.34,26.31,8.65,94.38,5.62,19.1,86.06,79.4,Catanzaro,10,Scientifico - Scienze applicate
CZPS02000R,GALILEO GALILEI,VIA LEONARDO DA VINCI 24,http://www.liceogalileilamezia.gov.it/,0,79,18,79160,Lamezia Terme,28,61.72,54.3,70.08,67.17,24.75,6.99,91.86,8.14,19.77,88.8,82.29,Catanzaro,10,Scientifico - Scienze applicate
CZPM009014,GIOVANNA DE NOBILI,VIA PIAVE 1,http://www.istitutodenobili.it/,0,79,18,79023,Catanzaro,57,62.54,56.64,68.94,69.84,24.63,7.1,76.61,23.39,11.11,89.47,79.5,Catanzaro,10,Scienze Umane
CZPM00101D,ENRICO FERMI,VLE CROTONE,http://www.iisfermi.gov.it/,0,79,18,79023,Catanzaro,33,54.9,47.48,63.14,59.64,24.02,5.52,79.0,21.0,15.0,87.72,76.9,Catanzaro,10,Scienze Umane
CZPM03000C,CAMPANELLA - FIORENTINO,VIA CAVALLERIZZA,http://www.liceocampanellalamezia.it/,0,79,18,79160,Lamezia Terme,17,51.16,39.93,64.06,60.16,23.06,6.45,62.26,37.74,15.09,84.85,79.65,Catanzaro,10,Scienze Umane - Economico sociale
CZSL00901X,GIOVANNA DE NOBILI,PZZA LE PERA 3,http://www.istitutodenobili.gov.it/,0,79,18,79023,Catanzaro,22,39.61,27.24,56.79,36.19,23.16,5.64,39.71,60.29,19.12,84.33,78.9,Catanzaro,10,Artistico
CZSD00201P,ETTORE MAJORANA,VLE DEI NORMANNI 37,http://www.iismajoranagirifalco.edu.it/,0,79,18,79142,Squillace,0,,,,,,0.0,,,,,,Catanzaro,10,Artistico
CZTD05000C,GUARASCI - CALABRETTA,VIA CARLO AMIRANTE 30,http://guarascicalabretta.edu.it/,0,79,18,79137,Soverato,72,54.31,48.72,60.64,64.23,23.33,7.13,68.06,31.94,13.43,90.17,82.46,Catanzaro,10,Tecnico - Economico
CZTD04000T,CARLO RAMBALDI,VIA LEONARDO DA VINCI,http://www.itedefazio.it/,0,79,18,79160,Lamezia Terme,166,52.22,48.0,56.99,59.47,23.4,6.07,57.92,42.08,11.82,86.47,74.1,Catanzaro,10,Tecnico - Economico
CZTD12000D,GRIMALDI - PACIOLI,VIA SEBENICO 39,http://www.itcgrimaldipacioli.it/,0,79,18,79023,Catanzaro,127,47.36,42.7,52.79,51.02,23.24,6.44,58.9,41.1,14.4,89.05,77.66,Catanzaro,10,Tecnico - Economico
CZTE01000D,BRUNO CHIMIRRI,VIA DOMENICO ROMEO 25,http://www.itaschimirri.gov.it/,0,79,18,79023,Catanzaro,120,56.93,52.15,62.46,57.9,24.71,5.37,58.89,41.11,14.44,85.19,75.9,Catanzaro,10,Tecnico - Tecnologico
CZTL017018,RAFFAELE PETRUCCI,VIA PIO X 25,http://www.iispetrucciferrarismaresca.it/,0,79,18,79023,Catanzaro,47,54.22,45.59,65.07,50.35,24.97,5.89,39.86,60.14,14.69,83.98,71.81,Catanzaro,10,Tecnico - Tecnologico
CZTA021035,VITTORIO EMANUELE II,VIA VINICIO CORTESE 1,http://www.iisvemanuele.edu.it/,0,79,18,79023,Catanzaro,79,53.45,46.12,61.82,63.79,23.17,4.8,34.18,65.82,7.17,83.62,74.01,Catanzaro,10,Tecnico - Tecnologico
CZTF010008,ERCOLINO SCALFARO,PZZA MATTEOTTI 1,http://www.itiscalfaro-cz.gov.it/,0,79,18,79023,Catanzaro,192,50.95,46.82,55.79,57.7,23.3,6.44,52.6,47.4,13.72,86.11,74.8,Catanzaro,10,Tecnico - Tecnologico
CSPC190001,GIOACCHINO DA FIORE,VIA VERDI 265,http://www.liceoclassicorendecs.gov.it/,0,78,18,78102,Rende,130,67.41,63.54,71.78,68.88,25.91,9.17,92.35,7.65,18.62,96.13,91.5,Cosenza,10,Classico
CSPC010007,BERNARDINO TELESIO,PZZA XV MARZO 1,http://www.liceotelesiocosenza.gov.it/,0,78,18,78045,Cosenza,188,60.99,57.61,64.84,61.68,25.23,8.67,93.79,6.21,21.1,93.04,90.71,Cosenza,10,Classico
CSPS04901N,VALENTINI - MAJORANA,VIA ALDO CANNATA 1,http://www.iiscastrolibero.gov.it/iis/,0,78,18,78031,Castrolibero,37,78.84,72.36,86.2,76.18,27.78,8.87,95.5,4.5,19.82,93.91,89.0,Cosenza,10,Scientifico
CSPS03000G,GAETANO BERNARDINO SCORZA,VIA POPILIA,http://www.liceoscorza.it/,0,78,18,78045,Cosenza,101,71.47,67.22,76.08,78.72,25.71,7.87,94.39,5.61,13.53,89.97,79.82,Cosenza,10,Scientifico
CSPS020001,FERMI - BRUTIUM,VIA ISNARDI 2,http://www.liceofermics.gov.it/home/,0,78,18,78045,Cosenza,164,71.26,67.67,75.23,75.27,26.07,7.58,91.26,8.74,15.45,92.1,83.98,Cosenza,10,Scientifico
CSPS06901V,FERMI - BRUTIUM,VIA POPILIA,http://jo.iispezzullo.edu.it,0,78,18,78045,Cosenza,27,58.32,50.54,67.5,57.23,25.13,7.63,85.54,14.46,24.1,88.54,79.0,Cosenza,10,Scientifico - Scienze applicate
CSPM08101E,LUCREZIA DELLA VALLE,PZZA AMENDOLA,http://www.iislucreziadellavalle.edu.it/,0,78,18,78045,Cosenza,60,58.94,53.38,64.93,67.09,24.09,7.27,82.42,17.58,11.54,86.29,79.53,Cosenza,10,Scienze Umane
CSPM03500Q,SANTA CATERINA DA SIENA,VLE DEI GIARDINI 1,http://www.suoredomenicanepaola.it/index.htm,1,78,18,78091,Paola,16,53.56,43.45,65.39,61.11,23.52,8.26,82.0,18.0,22.0,96.46,86.78,Cosenza,10,Scienze Umane
CSTD07000T,JULIA - FALCONE,VIA PADRE GIACINTO DA BELMONTE 35,http://www.itcgtacri.edu.it/,0,78,18,78003,Acri,15,48.32,35.71,63.08,56.5,22.82,6.86,83.87,16.13,22.58,88.62,84.0,Cosenza,10,Scienze Umane - Economico sociale
CSPS18000D,PITAGORA,VIA SANDRO PERTINI,http://www.ilpitagora.gov.it/,0,78,18,78102,Rende,53,55.43,49.33,62.12,60.85,24.0,7.88,75.63,24.37,10.0,88.31,80.67,Cosenza,10,Linguistico
CSSL04101X,LUCREZIA DELLA VALLE,VIA SOMALIA 28,http://www.iislucreziadellavalle.edu.it/,0,78,18,78045,Cosenza,34,48.54,39.27,60.39,37.75,25.12,7.0,48.04,51.96,18.63,90.86,86.08,Cosenza,10,Artistico
CSIS07600G,IST OMNIC LUZZI,VIA SAN LEO,http://www.omnicomprensivoluzzi.gov.it/,0,78,18,78070,Luzzi,0,,,,,,0.0,,,,,,Cosenza,10,Artistico
CSTD04901D,VALENTINI - MAJORANA,VIA ALDO CANNATA 1,http://www.iiscastrolibero.gov.it,0,78,18,78031,Castrolibero,45,54.36,46.98,62.42,58.88,23.98,8.15,59.26,40.74,9.63,88.65,76.67,Cosenza,10,Tecnico - Economico
CSTD06901P,FERMI - BRUTIUM,VIA POPILIA,http://jo.iispezzullo.edu.it,0,78,18,78045,Cosenza,72,52.93,47.1,59.51,59.65,23.55,8.08,62.04,37.96,12.04,89.43,77.23,Cosenza,10,Tecnico - Economico
CSTD71500B,SALVEMINI,VLE TRIESTE,http://istitutosalvemini.com/,1,78,18,78045,Cosenza,10,,,,,,0.0,,,,,,Cosenza,10,Tecnico - Economico
CSTDIB500Z,GALILEO GALILEI,VIA CAMPOSANO 67A,http://www.istitutogalileocs.com/,1,78,18,78045,Cosenza,20,,,,,,0.0,,,,,,Cosenza,10,Tecnico - Economico
CSTL069015,FERMI - BRUTIUM,VIA MORRONE 16,http://jo.iispezzullo.edu.it,0,78,18,78045,Cosenza,37,49.18,40.54,59.48,54.91,23.21,5.84,51.35,48.65,15.32,95.4,81.0,Cosenza,10,Tecnico - Tecnologico
CSTE051011,DA VINCI - NITTI,VIA BOSCO DE NICOLA,http://www.davincinitticosenza.gov.it/component/content/?view=featured,0,78,18,78045,Cosenza,69,47.97,41.58,55.56,52.8,23.18,6.83,52.66,47.34,15.46,90.35,83.0,Cosenza,10,Tecnico - Tecnologico
CSTF01000C,MONACO,VIA GIULIA 9,http://www.itimonaco-cosenza.gov.it,0,78,18,78045,Cosenza,181,41.7,37.16,47.48,45.2,22.58,6.1,43.65,56.35,15.65,85.38,73.9,Cosenza,10,Tecnico - Tecnologico
CSTA01701G,MANCINI-TOMMASI-TODARO-COSENTINO,VIA CONSALVO ARAGONA,http://www.iismancinics.gov.it,0,78,18,78045,Cosenza,29,,,,,,6.38,,,,,,Cosenza,10,Tecnico - Tecnologico
CSRI07301Q,MARCONI - GUARASCI,VIA DEGLI STADI,http://www.iismarconiguarasci.gov.it,0,78,18,78045,Cosenza,0,,,,,,0.0,,,,,,Cosenza,10,Tecnico - Tecnologico
CSTF6C500B,BILL GATES,VIA DEGLI ALIMENA 99,http://www.scuolaitibillgates.com,1,78,18,78045,Cosenza,0,,,,,,0.0,,,,,,Cosenza,10,Tecnico - Tecnologico
KRPC02000L,PITAGORA,PZZA UMBERTO I 15,http://www.liceopitagoracrotone.gov.it/web/,0,101,18,101010,Crotone,114,65.89,61.79,70.35,68.07,25.64,7.99,91.84,8.16,13.41,92.76,85.96,Crotone,10,Classico
KRPC010002,DIODATO BORRELLI,VIA MATTIA PRETI 1,http://www.ilborrelli.net/,0,101,18,101022,Santa Severina,31,56.41,49.13,64.92,63.79,23.88,7.96,88.17,11.83,21.51,94.29,93.0,Crotone,10,Classico
KRTD00401P,GIUSEPPE GANGALE,PIAZZA KENNEDY 10,,0,101,18,101008,Cirò Marina,0,,,,,,0.0,,,,,,Crotone,10,Classico
KRPS010005,FILOLAO,VIA ACQUABONA,http://www.filolao.it/,0,101,18,101010,Crotone,120,65.2,61.25,69.54,73.23,24.86,7.17,95.56,4.44,14.44,88.27,80.81,Crotone,10,Scientifico
KRPS040001,IST OMNIC STRONGOLI,VIA VIGNA DEL PRINCIPE,http://iostrongolikr.edu.it/,0,101,18,101025,Strongoli,19,64.31,52.53,76.5,75.93,24.32,6.27,78.95,21.05,5.26,91.3,78.75,Crotone,10,Scientifico
KRPS03000A,LUIGI LILIO,VIA SAN FRANCESCO,http://www.ioliliociro.gov.it/,0,101,18,101007,Cirò,16,46.17,33.05,61.75,50.93,22.97,6.94,75.0,25.0,21.88,93.58,85.5,Crotone,10,Scientifico - Scienze applicate
KRPM010006,GIAN VINCENZO GRAVINA,VIA UGO FOSCOLO 2,http://www.istitutogravina.kr.it/,0,101,18,101010,Crotone,58,51.75,46.0,58.22,58.18,23.44,6.11,78.86,21.14,16.0,85.28,78.08,Crotone,10,Scienze Umane
KRPS02001R,RAFFAELE LOMBARDI SATRIANI,LOC CAMPIZZI,http://www.liceoscientificopetilia.it/,0,101,18,101015,Mesoraca,11,50.68,38.06,64.72,54.94,23.57,6.35,76.47,23.53,14.71,89.69,81.38,Crotone,10,Scienze Umane
KRTD01101T,BARLACCHI - LUCIFERO,VIA CARDUCCI,http://www.istitutonauticokr.gov.it/,0,101,18,101010,Crotone,53,44.87,36.97,53.79,49.72,22.8,4.96,43.13,56.87,8.75,84.01,74.78,Crotone,10,Tecnico - Economico
KRTL009018,PERTINI - SANTONI,VLE MATTEOTTI,http://www.pertinikr.gov.it/,0,101,18,101010,Crotone,14,,,,,,2.91,,,,,,Crotone,10,Tecnico - Economico
KRTF011014,DONEGANI - CILIBERTO (DONEGANI),VIA TITO MINNITI 25,http://www.donegani.gov.it/,0,101,18,101010,Crotone,150,57.42,53.11,62.29,64.16,24.08,5.16,60.75,39.25,12.42,84.61,73.66,Crotone,10,Tecnico - Tecnologico
KRTH01201B,DONEGANI - CILIBERTO (CILIBERTO),VIA SIRIS,http://www.istitutonauticokr.gov.it/,0,101,18,101010,Crotone,64,,,,,,5.45,,,,,,Crotone,10,Tecnico - Tecnologico
VVPC00701V,MORELLI - COLAO,VIA XXV APRILE 1,http://www.iismorellicolao.gov.it/,0,102,18,102047,Vibo Valentia,78,63.42,58.71,68.76,65.59,25.35,7.53,93.22,6.78,18.64,87.75,86.63,Vibo Valentia,10,Classico
VVPC04000D,BRUNO - VINCI,PZZA FRANCESCO RAIMONDO,http://www.omnicomprensivobrunovinci.gov.it/,0,102,18,102025,Nicotera,38,55.83,49.27,63.23,58.93,24.33,7.08,89.57,10.43,18.26,91.81,86.08,Vibo Valentia,10,Classico
VVPC00201Q,PASQUALE GALLUPPI,VLE CONIUGI CRIGNA,http://www.iistropea.gov.it/,0,102,18,102044,Tropea,21,52.14,43.28,62.7,49.67,24.55,8.47,83.08,16.92,23.08,92.67,75.55,Vibo Valentia,10,Classico
VVPS01000R,GIUSEPPE BERTO,VIA DEGLI ARTIGIANI,http://www.liceobertovibo.gov.it/,0,102,18,102047,Vibo Valentia,172,67.45,63.94,71.34,72.78,25.45,7.73,92.66,7.34,16.41,88.79,82.03,Vibo Valentia,10,Scientifico
VVPS07000C,FERRARI - MACHIAVELLI,VIA NIGLIARI,http://www.omnicomprensivosorianocalabro.gov.it/,0,102,18,102040,Soriano Calabro,14,66.41,56.17,78.04,70.55,25.47,6.41,90.91,9.09,20.45,90.35,67.0,Vibo Valentia,10,Scientifico
VVPS2U500I,ARTURO CALLIPO,VIALE JF KENNEDY 87,,1,102,18,102047,Vibo Valentia,0,,,,,,0.0,,,,,,Vibo Valentia,10,Scientifico - Sportivo
RCPM05000C,GIUSEPPE RECHICHI,VIA LOMBARDI 4,http://www.liceorechichipolistena.edu.it/,0,80,18,80061,Polistena,61,51.84,45.7,59.06,52.92,24.09,7.54,64.67,35.33,17.93,89.43,78.31,Vibo Valentia,10,Scienze Umane
VVPM01000T,VITO CAPIALBI,VIA SANTA RUBA 29,http://www.istitutocapialbi.gov.it/,0,102,18,102047,Vibo Valentia,113,48.32,43.96,53.25,56.21,22.85,7.69,78.53,21.47,16.47,89.21,80.82,Vibo Valentia,10,Scienze Umane
VVSD00701C,MORELLI - COLAO,PZZA MARTIRI D'UNGHERIA,http://www.iismorellicolao.gov.it/,0,102,18,102047,Vibo Valentia,50,54.36,46.3,63.91,52.75,24.72,5.36,44.0,56.0,12.67,90.8,80.54,Vibo Valentia,10,Artistico
VVTD01000L,ITG E ITI E ITE,PZZA MARTIRI D'UNGHERIA,http://www.itegalilei.gov.it/,0,102,18,102047,Vibo Valentia,75,46.89,40.5,54.35,53.73,22.81,5.02,48.44,51.56,12.0,89.73,75.18,Vibo Valentia,10,Tecnico - Economico
VVTD00301E,LUIGI EINAUDI,VIA VITTORIO VENETO,http://www.iiseinaudi.gov.it/,0,102,18,102037,Serra San Bruno,34,45.33,36.62,55.63,48.98,23.0,5.87,54.37,45.63,12.62,84.87,72.06,Vibo Valentia,10,Tecnico - Economico
VVTH01000A,IST OMNIC NAUTICO PIZZO 1874,VIA MARCELLO SALOMONE,http://www.itnauticopizzo.gov.it/,0,102,18,102027,Pizzo,65,39.15,31.22,48.91,37.13,22.94,6.64,34.52,65.48,11.68,91.6,79.02,Vibo Valentia,10,Tecnico - Tecnologico
VVTF01101Q,ITG E ITI E ITE,VIA GIUSTINO FORTUNATO,http://www.tecnologicovibo.gov.it,0,102,18,102047,Vibo Valentia,92,,,,,,4.43,,,,,,Vibo Valentia,10,Tecnico - Tecnologico
PAPC04000P,GIUSEPPE GARIBALDI,VIA CANONICO ROTOLO 2,http://www.liceogaribaldi.it/,0,82,19,82053,Palermo,193,76.7,73.32,80.37,74.53,27.47,8.0,92.6,7.4,10.67,87.4,83.0,Palermo,10,Classico
PAPC11000Q,VITTORIO EMANUELE II,VIA SIMONE DI BOLOGNA 11,http://www.liceovittorioemanuelepa.it/,0,82,19,82053,Palermo,141,73.67,69.91,77.82,72.14,27.03,7.03,92.24,7.76,11.76,87.15,81.7,Palermo,10,Classico
PAPC09000Q,UMBERTO I,VIA FILIPPO PARLATORE 24,http://www.umbertoprimo.it/,0,82,19,82053,Palermo,205,73.1,69.76,76.73,71.76,26.93,7.85,90.75,9.25,11.36,88.72,83.18,Palermo,10,Classico
PAPC00801X,BASILE - D'ALEO,VIA BIAGIO GIORDANO 14,http://www.iisbasiledaleo.gov.it/,0,82,19,82049,Monreale,20,70.4,61.1,80.21,72.34,26.22,7.21,81.67,18.33,8.33,90.24,82.64,Palermo,10,Classico
PAPC030004,GIOVANNI MELI,VIA SALVATORE ALDISIO 2,http://www.liceomeli.gov.it/,0,82,19,82053,Palermo,236,69.48,66.3,72.97,69.19,26.37,7.28,91.68,8.32,12.55,86.49,79.97,Palermo,10,Classico
PAPC58500L,ISTITUTO GONZAGA,VIA PIERSANTI MATTARELLA 3842,http://gonzagascuola.it/,1,82,19,82053,Palermo,13,67.98,57.61,78.93,65.36,26.47,7.5,95.12,4.88,7.32,93.72,76.5,Palermo,10,Classico
PAPC12500D,DON BOSCO - RANCHIBILE,VIA LIBERTA' 199,http://www.ranchibile.org/,1,82,19,82053,Palermo,31,66.95,59.65,74.79,68.96,25.79,7.65,86.32,13.68,7.37,92.16,92.08,Palermo,10,Classico
PAPC12000A,MARIA ADELAIDE,CSO CALATAFIMI 86,http://mariaadelaide.it/index.php,0,82,19,82053,Palermo,49,65.16,59.38,71.52,63.88,25.97,7.17,93.2,6.8,14.29,90.77,84.1,Palermo,10,Classico
PAPC100005,GIOVANNI FALCONE,PZZA SETT'ANGELI 3,http://convittonazionale.palermo.it/,0,82,19,82053,Palermo,19,49.86,40.76,61.01,53.27,23.57,6.9,87.93,12.07,18.97,88.02,84.86,Palermo,10,Classico
PAPC07500N,TERENZIO MAMIANI,VIA FILIPPO PARLATORE 22,http://www.villamamiani.it/,1,82,19,82053,Palermo,11,24.33,11.96,41.5,21.18,21.3,0.0,79.41,20.59,26.47,86.19,79.43,Palermo,10,Classico
PAPC14500P,SENECA,VLE REGIONE SICILIANA 3414,http://www.istitutoseneca.it,1,82,19,82053,Palermo,0,,,,,,0.0,,,,,,Palermo,10,Classico
PAPC695004,PLATONE,VIA SAN BONO 31,http://www.istitutoplatone.com/,1,82,19,82053,Palermo,0,,,,,,0.0,,,,,,Palermo,10,Classico
PAPC00500B,THOMAS MORE,VIA PACINOTTI 49,http://www.scuolathomasmore.it,1,82,19,82053,Palermo,0,,,,,,0.0,,,,,,Palermo,10,Classico
PAPS82500P,ISTITUTO GONZAGA,VIA PIERSANTI MATTARELLA 3842,http://gonzagascuola.it/,1,82,19,82053,Palermo,22,76.25,68.0,85.0,79.83,26.72,7.5,94.03,5.97,5.97,92.56,88.5,Palermo,10,Scientifico
PAPS100008,BENEDETTO CROCE,VIA BENFRATELLI 4,http://www.liceocroce.it/index//,0,82,19,82053,Palermo,247,74.17,71.02,77.56,78.81,26.34,6.14,91.25,8.75,10.23,86.98,78.48,Palermo,10,Scientifico
PAPS02000L,STANISLAO CANNIZZARO,VIA GEN ARIMONDI 14,http://www.cannizzaro.gov.it/dotnetnuke/it-it,0,82,19,82053,Palermo,301,73.82,70.87,76.99,79.34,26.2,7.18,94.68,5.32,9.08,84.61,77.52,Palermo,10,Scientifico
PAPS010002,GALILEO GALILEI,VIA DANIMARCA 54,http://www.liceoggalileipalermo.it/,0,82,19,82053,Palermo,259,73.34,70.24,76.69,75.82,26.5,7.29,92.28,7.72,10.04,85.27,78.75,Palermo,10,Scientifico
PAPS060003,ERNESTO BASILE,VIA SAN CIRO 23,http://www.liceobasile.gov.it/,0,82,19,82053,Palermo,64,72.54,67.33,78.28,72.39,26.72,6.4,90.63,9.37,13.02,87.96,76.41,Palermo,10,Scientifico
PAPS05000C,ALBERT EINSTEIN,VIA VIVALDI 60,http://www.liceoeinstein.palermo.it/,0,82,19,82053,Palermo,126,69.27,65.3,73.57,75.43,25.57,6.71,89.74,10.26,10.26,86.29,79.41,Palermo,10,Scientifico
PAPS02500Q,DON BOSCO - RANCHIBILE,VIA LIBERTA' 199,http://www.ranchibile.org/,1,82,19,82053,Palermo,56,65.39,59.93,71.39,70.98,25.18,7.56,92.86,7.14,12.5,90.39,87.75,Palermo,10,Scientifico
PAPS02601L,MARIO RUTELLI,PZZA GIANGIACOMO CIACCIO MONTALTO,http://www.rutellipa.it/,0,82,19,82053,Palermo,37,65.25,58.27,73.33,65.04,25.85,6.22,80.36,19.64,15.18,84.59,71.27,Palermo,10,Scientifico
PAPS008024,BASILE - D'ALEO,VIA BIAGIO GIORDANO 14,http://www.iisbasiledaleo.gov.it/,0,82,19,82049,Monreale,55,62.44,56.55,69.08,62.77,25.45,7.46,78.92,21.08,13.86,86.4,77.4,Palermo,10,Scientifico
PAPS00500E,PLATONE,VIA SAN BONO 31,http://www.istitutoplatone.com/,1,82,19,82053,Palermo,16,36.9,24.95,52.07,36.44,22.48,0.0,58.0,42.0,20.0,79.76,72.76,Palermo,10,Scientifico
PAPSVD500Q,THOMAS MORE,VIA PACINOTTI 49,http://scuolathomasmore.it/,1,82,19,82053,Palermo,8,34.9,21.5,50.04,47.53,20.67,0.0,92.0,8.0,12.0,84.26,80.0,Palermo,10,Scientifico
PAPS05500G,TERENZIO MAMIANI,VIA FILIPPO PARLATORE 22,http://www.villamamiani.it/,1,82,19,82053,Palermo,25,33.86,25.58,44.88,29.43,22.59,0.0,81.58,18.42,30.26,81.71,78.21,Palermo,10,Scientifico
PAPS016012,ETTORE MAJORANA,VIA ASTORINO 56,http://www.majoranapa.gov.it/,0,82,19,82053,Palermo,45,60.38,53.83,67.45,68.77,24.24,5.0,75.91,24.09,10.22,80.47,70.0,Palermo,10,Scientifico - Scienze applicate
PATF02701E,ALESSANDRO VOLTA,PASSAGGIO DEI PICCIOTTI 1,http://www.iissvolta.edu.it,0,82,19,82053,Palermo,28,57.07,48.69,66.31,69.85,23.31,4.01,70.93,29.07,11.63,77.39,71.33,Palermo,10,Scientifico - Scienze applicate
PAPS029014,DUCA ABRUZZI - GRASSI,VIA FAZIO 1,http://www.isducabruzzi-grassi.edu.it/,0,82,19,82053,Palermo,43,52.49,46.18,59.66,62.28,23.12,5.55,85.5,14.5,10.69,81.29,71.42,Palermo,10,Scientifico - Scienze applicate
PAPS5E500M,SENECA,VLE REGIONE SICILIANA 3414,http://www.istitutoseneca.it,1,82,19,82053,Palermo,0,,,,,,0.0,,,,,,Palermo,10,Scientifico - Scienze applicate
PAPS09000V,GIUSEPPE D'ALESSANDRO,VIA SANT'IGNAZIO DI LOYOLA,http://www.iisdalessandro.edu.it/,0,82,19,82006,Bagheria,19,73.86,61.9,87.59,75.19,26.7,7.5,74.36,25.64,17.95,86.69,75.6,Palermo,10,Scientifico - Sportivo
PAPM07000P,DANILO DOLCI,VIA FICHIDINDIA,http://www.liceodanilodolci.it/,0,82,19,82053,Palermo,104,61.12,56.06,66.95,61.24,25.32,4.04,59.29,40.71,11.86,85.71,73.94,Palermo,10,Scienze Umane
PAPM02000N,GIOVANNI AGOSTINO DE COSMI,VIA LEONARDO RUGGERI 15,http://www.liceodecosmi.gov.it/,0,82,19,82053,Palermo,64,58.9,53.15,65.38,60.82,24.84,5.71,71.13,28.87,11.34,87.41,77.52,Palermo,10,Scienze Umane
PAPM010003,CAMILLO FINOCCHIARO APRILE,VIA CILEA 56,http://www.istitutofinocchiaroaprile.gov.it/,0,82,19,82053,Palermo,120,58.87,54.66,63.56,59.46,24.99,6.58,80.89,19.11,13.02,84.72,76.18,Palermo,10,Scienze Umane
PAPM04000V,REGINA MARGHERITA,PZZA SS SALVATORE 1,http://www.liceoreginamargherita.gov.it/,0,82,19,82053,Palermo,114,55.12,50.67,60.13,55.38,24.58,5.34,73.55,26.45,11.92,86.56,76.47,Palermo,10,Scienze Umane
PAPMB55005,SENECA,VIA PERPIGNANO 13,http://www.istitutoseneca.it/,1,82,19,82053,Palermo,0,,,,,,0.0,,,,,,Palermo,10,Scienze Umane
PAPMO7500Q,FORMAT,VIA AQUILEIA 32,http://www.abiciformazione.it/istituto-,1,82,19,82053,Palermo,18,40.13,26.45,57.92,37.75,23.1,0.0,40.74,59.26,16.67,82.0,78.91,Palermo,10,Scienze Umane - Economico sociale
PAPM023016,FRANCESCO FERRARA,VIA SGARLATA 11,http://istitutoferrara2.weebly.com/,0,82,19,82053,Palermo,0,,,,,,0.0,,,,,,Palermo,10,Scienze Umane - Economico sociale
PAPL12500B,NINNI CASSARA',VIA DON ORIONE 44,http://linguisticocassara.it/,0,82,19,82053,Palermo,244,56.64,53.26,60.57,54.41,25.07,7.46,71.86,28.14,14.89,86.46,78.85,Palermo,10,Linguistico
PAPL6T500Q,JOHN MAYNARD KEYNES,VIA MARCHESE UGO 6,http://www.liceokeynes.it/,1,82,19,82053,Palermo,14,30.84,19.45,46.45,17.83,23.26,0.0,74.42,25.58,32.56,84.22,82.36,Palermo,10,Linguistico
PAPLE05003,SENECA,VIALE REGIONE SICILIANA 3414,,1,82,19,82053,Palermo,0,,,,,,0.0,,,,,,Palermo,10,Linguistico
PASD033016,RAGUSA - KIYOHARA - PARLATORE,PZZA GENERALE TURBA 71,http://www.istitutoartepalermo.eu,0,82,19,82053,Palermo,78,59.46,52.42,67.85,47.33,26.59,4.3,37.45,62.55,9.36,83.26,76.5,Palermo,10,Artistico
PASL01000V,CATALANO,VIA LA MARMORA 6,http://www.artisticocatalano.gov.it/,0,82,19,82053,Palermo,150,57.26,52.38,63.06,52.19,25.48,5.13,44.57,55.43,11.31,84.51,82.52,Palermo,10,Artistico
PASL03201R,DAMIANI ALMEYDA - CRISPI,VIA VIVALDI 58,http://www.iisdamianialmeyda-crispi.gov.it/,0,82,19,82053,Palermo,97,49.93,43.74,56.95,47.33,24.3,5.05,40.21,59.79,6.87,85.35,80.15,Palermo,10,Artistico
PASD00801D,BASILE - D'ALEO,VIA BIAGIO GIORDANO 14,http://iisbasiledaleo.gov.it/,0,82,19,82049,Monreale,0,,,,,,0.0,,,,,,Palermo,10,Artistico
PATL02601V,MARIO RUTELLI,PZZA GIANGIACOMO CIACCIO MONTALTO,http://istitutosuperiorerutellipa.it/,0,82,19,82053,Palermo,80,51.28,45.3,58.4,47.96,24.55,4.18,52.28,47.72,13.28,83.9,74.0,Palermo,10,Tecnico - Economico
PATD03701V,EINAUDI - PARETO,VIA BRIGATA VERONA 5,http://www.iseinaudipareto.gov.it/,0,82,19,82053,Palermo,62,50.87,44.82,57.69,58.0,23.25,4.73,65.78,34.22,12.83,81.98,71.83,Palermo,10,Tecnico - Economico
PATN01000Q,MARCO POLO,VIA UGO LA MALFA 113,http://www.itetmarcopolo.gov.it,0,82,19,82053,Palermo,197,50.06,45.99,54.78,50.63,23.94,5.3,53.47,46.53,11.51,82.34,74.86,Palermo,10,Tecnico - Economico
PATD03801P,PIO LA TORRE,VIA NINA SICILIANA 22,http://www.iisspiolatorre.edu.it/,0,82,19,82053,Palermo,162,48.29,43.51,53.9,49.69,23.63,4.23,43.24,56.76,9.84,83.07,72.87,Palermo,10,Tecnico - Economico
PATD02901X,DUCA ABRUZZI - GRASSI,VIA FAZIO 1,http://www.isducabruzzi-grassi.it/,0,82,19,82053,Palermo,58,46.99,40.06,55.38,45.32,23.84,3.01,52.0,48.0,15.43,83.66,75.17,Palermo,10,Tecnico - Economico
PATD01000T,DAMIANI ALMEYDA - CRISPI,LGO MINEO 4,http://www.iisdamianialmeyda-crispi.it/accessibile/,0,82,19,82053,Palermo,55,42.45,36.11,50.58,44.31,22.87,4.47,65.87,34.13,20.36,80.93,72.15,Palermo,10,Tecnico - Economico
PATD023011,FRANCESCO FERRARA,VIA SGARLATA 11,http://istitutoferrara2.weebly.com,0,82,19,82053,Palermo,49,38.11,30.68,48.0,34.25,23.04,2.81,52.7,47.3,16.89,82.17,72.93,Palermo,10,Tecnico - Economico
PATD12500C,PLATONE,VIA SALVATORE BONO 31,http://www.istitutoplatone.com/,1,82,19,82053,Palermo,21,,,,,,0.0,,,,,,Palermo,10,Tecnico - Economico
PATD205004,ALFIERI,VIA PANTELLERIA 15,,1,82,19,82053,Palermo,11,,,,,,0.0,,,,,,Palermo,10,Tecnico - Economico
PATD34500B,LUDOVICO ARIOSTO,VLE DELLE ALPI 119 D,http://www.scuoleriunite.net/ariosto/,1,82,19,82053,Palermo,0,,,,,,0.0,,,,,,Palermo,10,Tecnico - Economico
PATD43500N,FORMAT,VIA AQUILEIA 32,http://istitutoformat-it.webnode.it/,1,82,19,82053,Palermo,29,,,,,,0.0,,,,,,Palermo,10,Tecnico - Economico
PATD91500R,MARGHERITA,VIA MONTEPELLEGRINO 151,,1,82,19,82053,Palermo,13,,,,,,0.0,,,,,,Palermo,10,Tecnico - Economico
PATD17000A,DUCA ABRUZZI - GRASSI,VIA EMERICO FAZIO 1,http://www.isducabruzzi-grassi.it/,0,82,19,82053,Palermo,11,64.32,50.64,79.9,59.56,26.29,4.91,62.86,37.14,8.57,83.05,72.85,Palermo,10,Tecnico - Tecnologico
PATL02000V,RAGUSA - KIYOHARA - PARLATORE,PZZA MONTEVERGINI 8,http://www.iisragusakiyoharaparlatore.gov.it/,0,82,19,82053,Palermo,32,51.46,42.46,63.52,43.84,25.09,3.55,53.06,46.94,20.41,80.79,74.59,Palermo,10,Tecnico - Tecnologico
PATF030009,VITTORIO EMANUELE III,VIA DUCA DELLA VERDURA 48,http://www.itivittorioemanueleterzopa.it/,0,82,19,82053,Palermo,230,51.07,47.44,55.3,52.59,23.95,3.93,61.85,38.15,12.86,82.68,73.34,Palermo,10,Tecnico - Tecnologico
PATF016014,ETTORE MAJORANA,VIA ASTORINO 56,http://www.majoranapa.gov.it/,0,82,19,82053,Palermo,134,49.16,44.59,54.51,57.16,22.94,5.16,58.71,41.29,11.94,85.16,73.96,Palermo,10,Tecnico - Tecnologico
PATF02801A,ERNESTO ASCIONE,VIA CENTURIPE 11,http://www.iissernestoascione.edu.it/,0,82,19,82053,Palermo,38,46.28,37.18,57.76,47.86,23.36,5.26,43.97,56.03,12.07,85.33,75.49,Palermo,10,Tecnico - Tecnologico
PATF02500T,PLATONE,VIA SALVATORE BONO 31,http://www.istitutoplatone.com/,1,82,19,82053,Palermo,17,,,,,,0.0,,,,,,Palermo,10,Tecnico - Tecnologico
PATH03601R,GIOENI - TRABIA,CSO VITTORIO EMANUELE,http://www.nauticopa.gov.it/,0,82,19,82053,Palermo,226,,,,,,6.14,,,,,,Palermo,10,Tecnico - Tecnologico
PATF024013,ENRICO MEDI,VIA LEONARDO DA VINCI 364,http://www.iismedi.edu.it/,0,82,19,82053,Palermo,13,,,,,,3.64,,,,,,Palermo,10,Tecnico - Tecnologico
AGPC010001,EMPEDOCLE,VIA EMPEDOCLE 169,http://www.liceoempedocle.it/,0,84,19,84001,Agrigento,133,65.25,61.42,69.59,64.54,25.92,7.57,93.23,6.77,19.05,91.9,85.15,Agrigento,10,Classico
AGPSFG5009,DANTE ALIGHIERI,VIA PIERSANTI MATTARELLA 345,http://www.scuolepitagoraealighieri.info/,1,84,19,84001,Agrigento,0,,,,,,0.0,,,,,,Agrigento,10,Classico
AGPS030009,LEONARDO,VLE DELLA VITTORIA,http://www.liceoscientificoleonardo.it/,0,84,19,84001,Agrigento,111,70.11,65.99,74.69,71.43,26.26,7.38,91.94,8.06,16.72,93.84,89.15,Agrigento,10,Scientifico
AGPM03000A,RAFFAELLO POLITI,VIA ACRONE 12,http://www.liceopoliti.it/,0,84,19,84001,Agrigento,127,66.47,62.54,70.82,71.0,25.43,6.82,91.62,8.38,16.23,90.55,80.61,Agrigento,10,Scientifico
AGPM02000Q,AMBROSINI - M L  KING,VLE NENNI 136,http://www.mlking.gov.it/,0,84,19,84017,Favara,24,54.74,46.1,64.37,57.75,24.21,4.88,79.17,20.83,9.72,87.21,78.93,Agrigento,10,Scienze Umane
AGPS00101A,UGO FOSCOLO,VIA PASOLINI 1A,http://www.liceocanicatti.gov.it/,0,84,19,84011,Canicattì,59,64.92,59.55,70.74,69.81,25.2,7.84,91.01,8.99,12.36,88.1,84.5,Agrigento,10,Linguistico
AGSL015004,MICHELANGELO,VIA CRISPI,http://liceoartisticoagrigento.it,1,84,19,84001,Agrigento,0,,,,,,0.0,,,,,,Agrigento,10,Artistico
AGTD09000R,GALLO - SCIASCIA,VIA QUARTARARO PITTORE,http://www.itetsciascia.edu.it/,0,84,19,84001,Agrigento,119,49.83,44.9,55.65,53.78,23.51,4.82,54.9,45.1,12.04,85.55,76.34,Agrigento,10,Tecnico - Economico
AGTD685001,GUGLIELMO MARCONI,VIA BASILE 1,,1,84,19,84001,Agrigento,14,,,,,,0.0,,,,,,Agrigento,10,Tecnico - Economico
AGTL01401P,GALLO - SCIASCIA,CDA CALCARELLE,http://www.itcfodera.it/,0,84,19,84001,Agrigento,84,50.1,43.09,58.43,54.13,23.53,4.47,35.04,64.96,9.84,85.21,78.26,Agrigento,10,Tecnico - Tecnologico
AGTF024015,ENRICO FERMI,VIA MINIERA TACCIA CACI PIRANDELLO,http://www.iissfermi.edu.it,0,84,19,84003,Aragona,79,,,,,,4.76,,,,,,Agrigento,10,Tecnico - Tecnologico
CLPC02000X,RUGGERO SETTIMO,VIA ROCCO DI SAN SECONDO,http://www.liceorsettimo.eu/,0,85,19,85004,Caltanissetta,66,73.66,68.53,79.27,73.97,26.8,7.73,90.45,9.55,13.57,91.57,85.53,Caltanissetta,10,Classico
CLPC025003,PIETRO MIGNOSI,PZZA GIOVANNI PAOLO II,http://www.liceoclassicomignosi.com/,1,85,19,85004,Caltanissetta,8,49.6,35.6,65.64,43.51,24.68,7.22,84.0,16.0,20.0,88.43,84.5,Caltanissetta,10,Classico
CLPS01901X,ALESSANDRO VOLTA,VIA MARTOGLIO 1,http://www.liceoscientificovolta.gov.it/,0,85,19,85004,Caltanissetta,110,78.09,73.92,82.62,81.04,27.02,6.65,90.36,9.64,12.35,86.86,82.75,Caltanissetta,10,Scientifico
ENPS00201V,GIOVANNI FALCONE,VIA PIO LA TORRE,http://www.isissfalconebarrafranca.edu.it/,0,86,19,86004,Barrafranca,41,74.42,68.14,81.09,80.31,26.22,7.8,91.2,8.8,8.8,88.82,77.18,Caltanissetta,10,Scientifico
ENPS01000R,PIETRO FARINATO,VLE DIAZ 61,http://www.liceoscientificofarinato.it/,0,86,19,86009,Enna,19,68.52,59.31,78.34,78.69,25.0,6.76,86.21,13.79,10.34,86.2,79.5,Caltanissetta,10,Scientifico - Sportivo
ENPM00201X,GIOVANNI FALCONE,VIA PIO LA TORRE,http://www.isissfalconebarrafranca.edu.it/,0,86,19,86004,Barrafranca,19,69.44,59.06,80.24,75.57,25.6,4.06,66.1,33.9,5.08,78.0,73.1,Caltanissetta,10,Scienze Umane
CLPM01000D,MANZONI - JUVARA,VLE TRIESTE 169,http://www.liceimanzonijuvara.gov.it/,0,85,19,85004,Caltanissetta,34,64.35,56.34,73.19,70.6,24.97,6.39,64.42,35.58,10.58,83.61,76.89,Caltanissetta,10,Scienze Umane
ENPM01101P,NAPOLEONE COLAJANNI,VIA VALVERDE 1,http://www.iisnapoleonecolajannienna.gov.it/,0,86,19,86009,Enna,0,,,,,,0.0,,,,,,Caltanissetta,10,Scienze Umane - Economico sociale
CLTE013018,LUIGI RUSSO,VIA LEONE XIII 48D,http://www.iissrusso.gov.it/sito/,0,85,19,85004,Caltanissetta,52,65.54,59.36,72.19,71.65,25.13,7.37,74.68,25.32,8.86,89.37,78.25,Caltanissetta,10,Linguistico
CLSD014017,MANZONI - JUVARA,VIA BELVEDERE,http://www.liceimanzonijuvara.gov.it/,0,85,19,85016,San Cataldo,46,59.48,50.1,69.89,52.76,25.94,6.06,34.78,65.22,5.8,84.81,81.91,Caltanissetta,10,Artistico
CLSD00500B,LUIGI E MARIANO CASCIO CALTANISETTA,VIA MADDALENA CALAFATO 12,http://www.liceoartisticoenna.it/,1,85,19,85016,San Cataldo,0,,,,,,0.0,,,,,,Caltanissetta,10,Artistico
CLTD090005,MARIO RAPISARDI,VLRE REGINA MARGHERITA 27,http://www.mariorapisardi.it/,0,85,19,85004,Caltanissetta,60,54.52,47.8,61.95,57.57,24.18,6.7,53.85,46.15,7.14,86.77,80.46,Caltanissetta,10,Tecnico - Economico
CLTF012017,SEBASTIANO MOTTURA,VLE DELLA REGIONE 71,http://www.istitutomottura.gov.it,0,85,19,85004,Caltanissetta,117,47.58,41.71,54.59,48.66,23.58,6.45,37.11,62.89,11.05,84.29,72.2,Caltanissetta,10,Tecnico - Tecnologico
CLTA00901P,ANGELO DI ROCCO,VIA LEONE XIII 64,http://www.iisdirocco.gov.it/,0,85,19,85004,Caltanissetta,32,,,,,,5.45,,,,,,Caltanissetta,10,Tecnico - Tecnologico
CTPC070002,NICOLA SPEDALIERI,PZZA ANNIBALE RICCO',http://www.liceospedalieri.gov.it/,0,87,19,87015,Catania,161,77.65,74.05,81.69,76.33,27.48,8.33,91.51,8.49,16.56,92.58,87.61,Catania,10,Classico
CTPC01500D,DON BOSCO,VIA CIFALI 7,http://www.salesianicibali.it/,1,87,19,87015,Catania,8,76.82,63.95,90.24,84.28,26.32,8.33,96.15,3.85,3.85,89.96,68.0,Catania,10,Classico
CTPC040006,CUTELLI - SALANITRO,VIA FIRENZE 202,http://www.liceocutelli.it/,0,87,19,87015,Catania,155,72.64,68.99,76.7,76.23,26.29,7.73,91.22,8.78,16.06,90.44,81.39,Catania,10,Classico
CTPC03000G,CONVITTO MARIO CUTELLI,VIA VITTORIO EMANUELE II 56,http://www.convittocutellict.it/,0,87,19,87015,Catania,101,68.47,64.1,73.44,67.45,26.34,7.9,86.84,13.16,18.75,91.56,83.45,Catania,10,Classico
CTPC605004,SAVOIA,VLE VITTORIO VENETO 1,http://www.istitutosavoia.it/,1,87,19,87015,Catania,0,,,,,,0.0,,,,,,Catania,10,Classico
CTPS020004,BOGGIO LERA,VIA VITTORIO EMANUELE 346,http://www.liceoboggiolera.gov.it,0,87,19,87015,Catania,96,79.01,74.59,83.88,80.9,27.25,6.52,89.31,10.69,13.79,88.14,78.94,Catania,10,Scientifico
CTPS040009,GALILEO GALILEI,VIA VESCOVO MAURIZIO 7375,http://www.liceogalileicatania.gov.it/,0,87,19,87015,Catania,345,77.89,77.36,78.47,80.94,26.98,8.46,92.18,7.82,12.26,91.78,83.89,Catania,10,Scientifico
CTPS06000E,PRINCIPE UMBERTO DI SAVOIA,VIA CHISARI 8,http://www.principeumberto.it/,0,87,19,87015,Catania,203,77.63,74.28,81.31,80.13,27.02,7.41,90.33,9.67,13.77,90.42,79.53,Catania,10,Scientifico
CTPS075008,DON BOSCO,VIA CIFALI 7,http://www.salesianicibali.it/,1,87,19,87015,Catania,11,56.48,45.09,70.55,56.13,24.82,6.56,94.12,5.88,32.35,85.91,79.0,Catania,10,Scientifico
CTPS09500D,VALDISAVOIA,VIA VALDISAVOIA 7,http://www.valdisavoia.it/,1,87,19,87015,Catania,17,25.03,12.9,49.29,17.25,21.94,0.0,54.9,45.1,39.22,83.57,76.52,Catania,10,Scientifico
CTPS10500V,SAVOIA,VIA NAPOLI 117,http://www.istitutosavoia.it/,1,87,19,87015,Catania,0,,,,,,0.0,,,,,,Catania,10,Scientifico
CTPS017019,GIOVAN BATTISTA VACCARINI,VIA ORCHIDEA 9,http://www.vaccarinict.gov.it/wp/,0,87,19,87015,Catania,94,59.46,54.58,65.15,61.87,24.85,4.51,70.77,29.23,16.2,86.35,76.2,Catania,10,Scientifico - Scienze applicate
CTPS01000D,ARCHIMEDE,VIA LUDOVICO ARIOSTO 37,http://www.liceoarchimede.it/,0,87,19,87004,Acireale,25,58.32,49.95,67.85,59.78,24.82,7.22,80.26,19.74,18.42,83.34,74.0,Catania,10,Scientifico - Sportivo
CTPM03000Q,GIUSEPPE LOMBARDO RADICE,VIA IMPERIA 21,http://www.lombardoradicect.gov.it/,0,87,19,87015,Catania,78,62.6,57.31,68.93,64.35,25.3,6.18,70.64,29.36,19.15,90.35,81.16,Catania,10,Scienze Umane
CTPM020005,GIUSEPPINA TURRISI COLONNA,VIA FILZI 24,http://www.turrisicolonna.it/,0,87,19,87015,Catania,86,62.21,56.91,68.25,68.7,24.69,5.9,64.34,35.66,12.79,87.3,76.91,Catania,10,Scienze Umane
CTPM075009,SAVOIA,VLE VITTORIO VENETO 1,http://www.istitutosavoia.it/,1,87,19,87015,Catania,0,,,,,,0.0,,,,,,Catania,10,Scienze Umane - Economico sociale
CTPL00500R,SAVOIA,VLE VITTORIO VENETO 1,http://www.istitutosavoia.it/,1,87,19,87015,Catania,0,,,,,,0.0,,,,,,Catania,10,Linguistico
CTSL01002C,EMILIO GRECO,VIA MAVILLA 37,http://www.liceoartisticocatania.it/,0,87,19,87015,Catania,129,60.95,55.35,67.74,54.5,26.09,4.57,37.63,62.37,11.34,86.49,79.8,Catania,10,Artistico
CTSD02000E,MIMI' MARIA LAZZARO,VIA GENERALE AMEGLIO 15,http://www.liceoartisticoct.it,0,87,19,87015,Catania,0,,,,,,0.0,,,,,,Catania,10,Artistico
CTSL020001,IST OMNIC ANGELO MUSCO,VLE DA VERRAZZANO 101,http://www.musco.edu.it/,0,87,19,87015,Catania,0,,,,,,0.0,,,,,,Catania,10,Artistico
CTTD03401V,DE FELICE GIUFFRIDA - OLIVETTI,PZZA ROMA 4,http://www.defeliceolivetti.gov.it/,0,87,19,87015,Catania,84,61.83,55.47,69.33,60.52,25.58,4.34,43.31,56.69,11.02,87.77,74.88,Catania,10,Tecnico - Economico
CTTD045008,SAVOIA,VLE VITTORIO VENETO 1,http://www.istitutosavoia.it/,1,87,19,87015,Catania,0,,,,,,0.0,,,,,,Catania,10,Tecnico - Economico
CTTD145005,PITAGORA (IS VALDISAVOIA),VIA VALDISAVOIA 7,http://www.valdisavoia.it,1,87,19,87015,Catania,0,,,,,,0.0,,,,,,Catania,10,Tecnico - Economico
CTTD34500V,MORAVIA,VIA TRIESTE 25,http://www.moravia.it,1,87,19,87015,Catania,11,,,,,,0.0,,,,,,Catania,10,Tecnico - Economico
CTTE01500X,FRANCESCA MORVILLO,VIA BIANCAVILLA 10,http://www.irissmorvillo.it/,1,87,19,87015,Catania,12,,,,,,0.0,,,,,,Catania,10,Tecnico - Economico
CTTN01500A,VIRGILIO (IS VALDISAVOIA),VIA VALDISAVOIA 7,http://www.valdisavoia.it,1,87,19,87015,Catania,0,,,,,,0.0,,,,,,Catania,10,Tecnico - Economico
CTTN02301A,CARLO GEMMELLARO,CORSO INDIPENDENZA 229,http://www.iis-gemmellaro.gov.it/,0,87,19,87015,Catania,89,,,,,,4.78,,,,,,Catania,10,Tecnico - Economico
CTTF01701B,GIOVAN BATTISTA VACCARINI,VIA ORCHIDEA 9,http://www.vaccarinict.gov.it,0,87,19,87015,Catania,46,59.46,51.41,68.91,58.81,25.21,4.35,47.48,52.52,12.95,87.05,76.56,Catania,10,Tecnico - Tecnologico
CTTF01000G,ARCHIMEDE,VLE REGINA MARGHERITA 22,http://www.itarchimede.it/,0,87,19,87015,Catania,181,53.85,49.41,59.08,59.21,23.82,5.08,46.32,53.68,11.4,88.99,75.96,Catania,10,Tecnico - Tecnologico
CTTF050002,MARCONI - MANGANO,VIA VESCOVO MAURIZIO 82,http://www.iismarconi-mangano.edu.it/,0,87,19,87015,Catania,120,52.48,47.41,58.71,52.21,24.33,5.84,50.83,49.17,15.56,86.6,74.01,Catania,10,Tecnico - Tecnologico
CTTA00301R,FERMI - EREDIA,VIA PASSO GRAVINA 197,http://ipsiafermicatania.altervista.org/,0,87,19,87015,Catania,28,47.18,36.28,62.37,55.27,22.69,4.87,41.18,58.82,18.82,83.14,75.13,Catania,10,Tecnico - Tecnologico
CTTB01000A,ARTURO FERRARIN,VIA GALERMO 172,http://www.itaerferrarin.gov.it/,0,87,19,87015,Catania,100,43.82,37.63,52.02,42.31,23.44,5.0,38.54,61.46,16.28,86.01,76.76,Catania,10,Tecnico - Tecnologico
CTTF01500P,SAVOIA,VLE VITTORIO VENETO 1,http://www.istitutosavoia.it/,1,87,19,87015,Catania,0,,,,,,0.0,,,,,,Catania,10,Tecnico - Tecnologico
CTTF02301P,CARLO GEMMELLARO,CORSO INDIPENDENZA 229,http://www.iis-gemmellaro.gov.it/,0,87,19,87015,Catania,23,,,,,,3.89,,,,,,Catania,10,Tecnico - Tecnologico
CTTF03000R,STANISLAO CANNIZZARO,VIA CARLO PISACANE 1,http://www.cannizzaroct.gov.it/,0,87,19,87015,Catania,82,,,,,,2.72,,,,,,Catania,10,Tecnico - Tecnologico
CTTF04500E,VIRGILIO (IS VALDISAVOIA),VIA VALDISAVOIA 7,http://www.valdisavoia.it,1,87,19,87015,Catania,0,,,,,,0.0,,,,,,Catania,10,Tecnico - Tecnologico
CTTH007018,IS DUCA DEGLI ABRUZZI,VIA ARTALE ALAGONA 99,http://www.politecnicodelmare.gov.it,0,87,19,87015,Catania,98,,,,,,5.78,,,,,,Catania,10,Tecnico - Tecnologico
ENPC06000P,MEDI - VACCALUZZO,VIA CAPRA 117,http://www.istitutomedi.gov.it/,0,86,19,86011,Leonforte,20,75.5,66.92,84.65,81.8,26.3,8.06,93.55,6.45,9.68,89.43,87.25,Enna,10,Classico
ENPC01101E,NAPOLEONE COLAJANNI,VIA MAZZA,http://www.iisnapoleonecolajannienna.gov.it/,0,86,19,86009,Enna,30,73.86,66.45,82.16,70.6,27.25,8.06,87.78,12.22,14.44,93.78,87.91,Enna,10,Classico
ENPS11000N,MEDI - VACCALUZZO,VIA VIVALDI,http://www.istitutomedi.gov.it/,0,86,19,86011,Leonforte,57,79.23,73.72,85.18,85.11,26.8,6.65,88.95,11.05,11.05,89.78,79.79,Enna,10,Scientifico
ENPM01701N,LEONARDO DA VINCI,VIA PADOVA 50,http://www.iisdavinciarmerina.edu.it/,0,86,19,86014,Piazza Armerina,0,,,,,,0.0,,,,,,Enna,10,Scienze Umane - Economico sociale
ENPL025009,ABRAMO LINCOLN,VIA SANT'INGRA' 4,http://www.iisabramolincolnenna.it/,0,86,19,86009,Enna,50,63.99,57.27,71.29,69.7,24.99,6.9,64.9,35.1,7.95,88.2,78.32,Enna,10,Linguistico
ENSD01500A,LUIGI E MARIANO CASCIO ENNA,VIA VITTORIO EMANUELE 101,http://www.liceoartisticoenna.it/,1,86,19,86009,Enna,0,,,,,,0.0,,,,,,Enna,10,Artistico
ENTD021014,ABRAMO LINCOLN,VIA SALVATORE MAZZA 35,http://www.iisabramolincolnenna.it/,0,86,19,86009,Enna,12,,,,,,4.65,,,,,,Enna,10,Tecnico - Economico
ENTD01701C,LEONARDO DA VINCI,VIA ALFIERI 6,http://www.iisdavinciarmerina.edu.it/,0,86,19,86014,Piazza Armerina,11,,,,,,4.29,,,,,,Enna,10,Tecnico - Economico
ENTE007019,MAJORANA - CASCINO,PIAZZA SENATORE MARESCALCHI 2,http://www.itispiazza.edu.it/,0,86,19,86014,Piazza Armerina,17,,,,,,3.19,,,,,,Enna,10,Tecnico - Economico
ENTF007014,MAJORANA - CASCINO,PIAZZA SENATORE MARESCALCHI 2,http://www.itispiazza.edu.it/,0,86,19,86014,Piazza Armerina,72,61.16,53.75,69.87,68.62,24.44,4.25,36.41,63.59,7.83,90.11,73.45,Enna,10,Tecnico - Tecnologico
ENTL01401B,ABRAMO LINCOLN,VIA SALVATORE BASSA 35,http://www.iisabramolincolnenna.edu.it/,0,86,19,86009,Enna,48,42.19,32.91,53.17,47.98,22.37,6.1,34.03,65.97,6.94,84.92,73.49,Enna,10,Tecnico - Tecnologico
MEPC05000G,FRANCESCO MAUROLICO,CSO CAVOUR 63,http://www.maurolicomessina.gov.it/,0,83,19,83048,Messina,82,76.21,71.59,81.38,73.5,27.47,8.13,93.9,6.1,18.7,92.83,90.4,Messina,10,Classico
MEPC02601Q,LA FARINA - BASILE,VIA ORATORIO DELLA PACE 5,http://www.iislafarinabasile.it/,0,83,19,83048,Messina,119,73.17,69.21,77.56,74.81,26.58,8.6,95.53,4.47,17.32,89.91,84.5,Messina,10,Classico
MEPS010008,ARCHIMEDE,VLE REGINA MARGHERITA 3,http://liceoarchimedeme.it/,0,83,19,83048,Messina,122,88.09,84.12,92.43,91.08,28.21,8.04,92.9,7.1,13.93,92.39,88.77,Messina,10,Scientifico
MEPS03000D,GIUSEPPE SEGUENZA,VIA SANT'AGOSTINO 1,http://www.seguenza.it/,0,83,19,83048,Messina,120,80.54,76.56,84.91,84.38,27.2,7.76,93.63,6.37,14.96,89.76,80.57,Messina,10,Scientifico
MEPS01301R,FELICE BISAZZA,VLE ANNUNZIATA 10A,http://www.liceobisazza.it/,0,83,19,83048,Messina,24,73.31,64.87,82.74,74.16,26.69,7.68,82.19,17.81,16.44,89.55,77.77,Messina,10,Scientifico
MEPS009026,GIACOMO MINUTOLI,CONTRADA FUCILE,http://www.istitutosuperioreminutoli.gov.it/,0,83,19,83048,Messina,31,71.51,63.67,80.61,74.36,26.24,7.2,75.27,24.73,19.35,91.89,75.19,Messina,10,Scientifico
MEPS01500B,SANT'IGNAZIO,VIA IGNATIANUM,http://www.collegiosignazio.it/,1,83,19,83048,Messina,10,45.32,32.71,60.08,46.91,23.25,0.0,86.67,13.33,20.0,86.04,75.75,Messina,10,Scientifico
MEPS045007,EMPEDOCLE,VIA RAIMONDO ANSOLONE 2,http://www.scuolaempedocle.it/,1,83,19,83048,Messina,18,63.33,54.32,75.19,61.42,25.83,8.06,92.86,7.14,39.29,90.35,82.0,Messina,10,Scientifico - Scienze applicate
RCPM036017,NOSTRO - REPACI,VIA MARCONI 77,http://www.nostrorepaci.it/,0,80,18,80096,Villa San Giovanni,0,,,,,,0.0,,,,,,Messina,10,Scientifico - Sportivo
MEPS435000,S IGNAZIO,VIA IGNATIUM 23,http://www.collegiosignazio.it/,1,83,19,83048,Messina,0,,,,,,0.0,,,,,,Messina,10,Scientifico - Sportivo
MEPM01301T,FELICE BISAZZA,VLE ANNUNZIATA 10A,http://www.liceobisazza.it/,0,83,19,83048,Messina,31,62.47,54.35,72.01,64.94,25.2,6.87,68.42,31.58,16.84,85.42,75.93,Messina,10,Scienze Umane
MEPM010009,EMILIO AINIS,VIA ANTONELLO FRERI,http://www.ainis.it/,0,83,19,83048,Messina,48,57.41,50.94,64.77,58.41,24.77,6.24,72.6,27.4,16.44,87.94,77.55,Messina,10,Scienze Umane
MEPMEB500L,SANT' IGNAZIO,VIA IGNATIUM 23,http://www.collegiosignazio.it/,1,83,19,83048,Messina,11,49.93,37.99,66.01,51.39,23.82,8.57,87.88,12.12,39.39,85.62,84.25,Messina,10,Scienze Umane - Economico sociale
MEPLZL500L,STELIO VITALE MODICA,VIA I SETTEMBRE 119,http://www.istitutomodica.it/,1,83,19,83048,Messina,19,48.95,32.96,71.57,42.56,24.64,0.0,42.11,57.89,18.42,87.88,78.59,Messina,10,Linguistico
MESD03101R,LA FARINA - BASILE,VIA FIORE,http://www.iislafarinabasile.it/,0,83,19,83048,Messina,88,52.05,45.24,61.38,47.9,24.74,6.26,35.61,64.39,15.91,86.93,82.83,Messina,10,Artistico
METD04000X,ANTONIO MARIA JACI,VIA BATTISTI 88,http://www.jaci.gov.it/wordpress/,0,83,19,83048,Messina,96,46.28,40.83,53.57,45.03,23.7,4.86,53.47,46.53,22.92,86.99,78.2,Messina,10,Tecnico - Economico
METD009011,GIACOMO MINUTOLI,VIA GIUSEPPE MOTTA,http://www.istitutosuperioreminutoli.gov.it,0,83,19,83048,Messina,40,,,,,,3.86,,,,,,Messina,10,Tecnico - Economico
MERC019018,IS ANTONELLO,VLE GIOSTRA 2,http://www.iisantonellomessina.it/,0,83,19,83048,Messina,11,,,,,,3.24,,,,,,Messina,10,Tecnico - Economico
METL00901B,GIACOMO MINUTOLI,VIA 38A CONTRADA FUCILE,http://www.istitutosuperioreminutoli.gov.it,0,83,19,83048,Messina,136,51.32,45.98,58.62,50.42,24.27,5.1,39.27,60.73,16.59,88.9,76.14,Messina,10,Tecnico - Tecnologico
METF02701R,IS VERONA TRENTO,VIA UGO BASSI 148,http://www.veronatrento.it,0,83,19,83048,Messina,139,50.5,45.73,56.5,48.68,24.28,5.16,50.24,49.76,18.18,88.29,77.25,Messina,10,Tecnico - Tecnologico
METH01000T,CAIO DUILIO,VIA GIUSEPPE LA FARINA 70,http://www.nauticomessina.gov.it/,0,83,19,83048,Messina,168,,,,,,6.83,,,,,,Messina,10,Tecnico - Tecnologico
RGPC00101X,GALILEI - CAMPAILLA,CSO UMBERTO I 172,http://www.galileicampaillamodica.it/,0,88,19,88006,Modica,36,73.15,66.49,80.33,75.73,26.47,8.52,90.91,9.09,12.73,90.51,83.2,Ragusa,10,Classico
RGPC00301G,GIOSUE' CARDUCCI,VIA ROMA,http://www.istitutocarducci.gov.it/,0,88,19,88003,Comiso,45,68.77,62.77,75.34,72.5,25.81,8.59,91.97,8.03,15.33,86.78,77.55,Ragusa,10,Classico
RGPC00701V,IS VICO - UMBERTO I - GAGLIARDI,VIA ORLANDO 7,http://www.vicoumbertogagliardi.it/,0,88,19,88009,Ragusa,77,65.99,61.11,71.22,68.42,25.63,8.69,87.55,12.45,11.59,85.9,82.72,Ragusa,10,Classico
RGPS01000R,ENRICO FERMI,VLE EUROPA,http://www.liceofermirg.gov.it/,0,88,19,88009,Ragusa,87,79.04,74.54,83.96,82.45,27.08,7.85,94.66,5.34,15.27,89.79,72.64,Ragusa,10,Scientifico
RGPS02000B,GALILEI - CAMPAILLA,PZZA BADEN POWELL 10,http://www.galileicampaillamodica.it/,0,88,19,88006,Modica,89,72.12,67.61,77.12,75.09,26.3,8.6,91.79,8.21,16.79,86.67,80.86,Ragusa,10,Scientifico
RGPM01000T,IS VICO - UMBERTO I - GAGLIARDI,VIA POMPEI 2,http://www.vicoumbertogagliardi.it/,0,88,19,88009,Ragusa,54,67.66,61.7,74.2,72.14,25.58,6.53,78.05,21.95,11.59,85.01,76.08,Ragusa,10,Scienze Umane
RGPM0A500T,GIOVANNI PASCOLI,VIA PSAUMIDA 15BIS,http://www.istitutopascoliragusa.it/,1,88,19,88009,Ragusa,15,41.03,27.03,58.18,43.82,22.59,0.0,45.65,54.35,13.04,78.95,74.04,Ragusa,10,Scienze Umane
RGPM00401G,GIOVANNI VERGA,PLE BADEN POWELL 1,http://www.istitutoverga.edu.it/,0,88,19,88006,Modica,14,40.93,28.77,57.0,49.02,21.94,5.41,66.67,33.33,26.19,82.5,80.14,Ragusa,10,Scienze Umane - Economico sociale
RGSL01601N,GALILEI - CAMPAILLA,VIA SORDA-SAMPIERI 911,http://www.galileicampailla.it/,0,88,19,88006,Modica,0,,,,,,0.0,,,,,,Ragusa,10,Artistico
RGSD003015,GIOSUE' CARDUCCI,VIALE DELLA RESISTENZA 90,http://www.istitutocarducci.gov.it/,0,88,19,88003,Comiso,0,,,,,,0.0,,,,,,Ragusa,10,Artistico
RGSL013016,GALILEO FERRARIS,VIA NICCOLO' TOMMASEO 5,http://istitutoferraris.it/,0,88,19,88009,Ragusa,0,,,,,,0.0,,,,,,Ragusa,10,Artistico
RGTD03000T,FABIO BESTA,VIA ALDO MORO 2,http://www.itcbesta.gov.it/,0,88,19,88009,Ragusa,85,54.24,48.98,60.2,64.89,23.23,4.93,66.02,33.98,13.67,84.23,73.8,Ragusa,10,Tecnico - Economico
RGTD105002,DANTE ALIGHIERI,VIA DEGLI ACERI 137,http://www.istitutodanteragusa.it,1,88,19,88009,Ragusa,12,,,,,,0.0,,,,,,Ragusa,10,Tecnico - Economico
RGTDCA500P,ISTITUTO PASCOLI,VIA CARDUCCI 30,http://www.istitutopascoliragusa.it/,1,88,19,88009,Ragusa,0,,,,,,0.0,,,,,,Ragusa,10,Tecnico - Economico
RGTL01801P,IS VICO - UMBERTO I - GAGLIARDI,VLE DEI PLATANI 180,http://www.vicoumbertogagliardi.it/,0,88,19,88009,Ragusa,23,58.03,47.11,70.7,65.14,24.11,5.17,50.0,50.0,12.86,81.03,74.97,Ragusa,10,Tecnico - Tecnologico
RGTF01000V,GALILEO FERRARIS,VIA NENNI,http://www.istitutoferraris.gov.it/,0,88,19,88009,Ragusa,95,55.12,49.77,61.3,61.65,23.83,3.92,56.45,43.55,12.89,85.09,75.42,Ragusa,10,Tecnico - Tecnologico
SRPC04000A,TOMMASO GARGALLO,VIA LUIGI MONTI 23,http://www.liceogargallo.gov.it/,0,89,19,89017,Siracusa,58,70.2,64.84,76.04,73.85,25.99,7.21,93.68,6.32,14.37,89.96,89.09,Siracusa,10,Classico
SRPM01000P,MARCO FABIO QUINTILIANO,VIA TISIA 49,http://www.liceoquintiliano.edu.it/,0,89,19,89017,Siracusa,19,64.24,54.95,75.22,63.69,25.77,7.83,85.96,14.04,24.56,84.18,75.0,Siracusa,10,Classico
SRPS050004,ORSO MARIO CORBINO,VLE REGINA MARGHERITA 16,http://www.liceocorbinosiracusa.it/,0,89,19,89017,Siracusa,106,71.0,66.79,75.64,76.69,25.84,7.71,91.85,8.15,15.36,92.86,82.92,Siracusa,10,Scientifico
SRPS04000D,LUIGI EINAUDI,VIA PITIA 46,http://www.istitutoeinaudi.edu.it/,0,89,19,89017,Siracusa,67,66.59,61.54,72.17,73.64,25.14,7.66,93.03,6.97,13.93,90.37,88.14,Siracusa,10,Scientifico
SRPS395007,QUASIMODO,PZZA SAN GIUSEPPE 13,http://istitutoquasimodosr.it/,1,89,19,89017,Siracusa,0,,,,,,0.0,,,,,,Siracusa,10,Scientifico
SRPM475001,SACRO CUORE,VLE TEOCRITO 40,http://sacrocuoresr.net/,1,89,19,89017,Siracusa,15,35.88,22.76,51.46,29.06,23.12,0.0,51.06,48.94,12.77,92.92,82.83,Siracusa,10,Scienze Umane
SRPL005001,SACRO CUORE,VLE TEOCRITO 40,http://sacrocuoresr.net/,1,89,19,89017,Siracusa,0,,,,,,0.0,,,,,,Siracusa,10,Linguistico
SRSD016014,MATTEO RAELI,VIA PITAGORA,http://www.istitutoraelinoto.edu.it/,0,89,19,89013,Noto,0,,,,,,0.0,,,,,,Siracusa,10,Artistico
SRSD02201B,ANTONELLO GAGINI,VIA PIAZZA ARMERINA 1,http://www.iissgagini.gov.it/,0,89,19,89017,Siracusa,0,,,,,,0.0,,,,,,Siracusa,10,Artistico
SRTD02401C,ALESSANDRO RIZZA,VLE ARMANDO DIAZ 12,http://www.istitutorizza.gov.it,0,89,19,89017,Siracusa,62,54.62,47.38,63.2,58.09,24.14,4.55,44.62,55.38,11.29,84.72,74.69,Siracusa,10,Tecnico - Economico
SRTD004017,FILADELFO INSOLERA,VIA MODICA 66,http://www.istitutoinsolera.gov.it/,0,89,19,89017,Siracusa,48,50.44,42.21,60.64,55.37,23.46,4.36,43.15,56.85,14.38,87.06,74.42,Siracusa,10,Tecnico - Economico
SRTDRP500U,QUASIMODO,PZZA SAN GIUSEPPE 13,http://www.istitutoquasimodo.it/,1,89,19,89017,Siracusa,24,,,,,,0.0,,,,,,Siracusa,10,Tecnico - Economico
SRTF01000Q,ENRICO FERMI,VIA TORINO 137,http://www.itifermisiracusa.gov.it/,0,89,19,89017,Siracusa,139,57.31,52.73,62.81,62.97,24.2,5.08,55.61,44.39,15.51,86.09,76.56,Siracusa,10,Tecnico - Tecnologico
SRTE022018,ANTONELLO GAGINI,PZZA ARMERINA 1,http://www.iissgagini.gov.it/,0,89,19,89017,Siracusa,13,,,,,,4.37,,,,,,Siracusa,10,Tecnico - Tecnologico
SRTH024016,ALESSANDRO RIZZA,VLE ARMANDO DIAZ 12,http://www.istitutorizza.gov.it,0,89,19,89017,Siracusa,102,,,,,,4.51,,,,,,Siracusa,10,Tecnico - Tecnologico
SRTL029012,LUIGI EINAUDI,VIALE SANTA PANAGIA 131,http://www.istitutoeinaudi.edu.it/,0,89,19,89017,Siracusa,15,,,,,,7.14,,,,,,Siracusa,10,Tecnico - Tecnologico
SRTL49500I,QUASIMODO,PZZA SAN GIUSEPPE 13,http://istitutoquasimodosr.it/,1,89,19,89017,Siracusa,12,,,,,,0.0,,,,,,Siracusa,10,Tecnico - Tecnologico
SRRC00401X,FILADELFO INSOLERA,VIA MODICA 66,http://www.istitutoinsolera.edu.it/,0,89,19,89017,Siracusa,18,,,,,,3.0,,,,,,Siracusa,10,Tecnico - Tecnologico
TPPC02301D,FARDELLA - XIMENES,VLE DUCA D'AOSTA 8,http://www.liceofardella.gov.it/,0,81,19,81021,Trapani,66,69.11,63.96,74.68,71.05,26.06,8.77,90.4,9.6,11.62,89.33,87.11,Trapani,10,Classico
TPPC05000R,GIOVANNI XXIII - COSENTINO,VIA LOMBARDI 18,http://www.isgiovannixxiiicosentino.gov.it/wp/,0,81,19,81011,Marsala,73,65.21,60.26,70.63,70.08,25.24,7.88,89.5,10.5,11.42,88.32,79.83,Trapani,10,Classico
TPPS10000Q,PIETRO RUGGIERI,VIA FALCONE 14,http://www.liceoruggierimarsala.gov.it/,0,81,19,81011,Marsala,95,76.68,72.32,81.44,80.66,26.72,8.25,93.36,6.64,13.99,89.71,81.0,Trapani,10,Scientifico
TPPS03000P,FARDELLA - XIMENES,VIA GARIBALDI 83,http://www.liceofardella.gov.it/,0,81,19,81021,Trapani,156,71.75,68.11,75.76,74.55,26.27,8.42,92.09,7.91,14.1,87.36,83.54,Trapani,10,Scientifico
TPPM03000Q,PASCASINO - GIOVANNI XXIII,VIA VACCARI 5,http://www.liceopascasinomarsala.gov.it/,0,81,19,81011,Marsala,57,64.3,57.84,71.37,70.55,24.97,6.63,61.85,38.15,10.4,87.92,80.92,Trapani,10,Scienze Umane
TPPM04000A,ROSINA SALVO,VIA MARINELLA 1,http://www.rosinasalvo.gov.it/,0,81,19,81021,Trapani,50,62.58,56.28,69.48,67.51,24.92,6.86,74.83,25.17,10.6,87.52,79.03,Trapani,10,Scienze Umane
TPTD040005,CALVINO - AMICO,VIA SALEMI 49,http://www.iscalvinoamico.gov.it/,0,81,19,81021,Trapani,35,52.81,44.31,62.34,57.97,23.72,5.38,55.66,44.34,10.38,84.97,71.94,Trapani,10,Tecnico - Economico
TPTD02202N,SCIASCIA - BUFALINO,VIA CESARO' 36,http://www.sciascia-erice.gov.it/,0,81,19,81008,Erice,79,46.78,39.37,55.49,43.26,24.04,4.48,33.05,66.95,7.95,86.47,78.32,Trapani,10,Tecnico - Economico
TPTF018017,DA VINCI - TORRE,PZZA XXI APRILE,http://www.isdavincitorre.eu,0,81,19,81021,Trapani,196,60.07,55.36,65.38,62.08,24.97,5.54,37.35,62.65,7.3,86.66,76.24,Trapani,10,Tecnico - Tecnologico
TPTL028012,CALVINO - AMICO,VIA SALEMI 49,http://www.iscalvinoamico.gov.it/,0,81,19,81021,Trapani,21,,,,,,5.92,,,,,,Trapani,10,Tecnico - Tecnologico
CAPC03000V,GIOVANNI MARIA DETTORI,VIA CUGIA 2,http://www.liceoclassicodettori.it/,0,92,20,92009,Cagliari,132,68.43,64.54,72.72,67.5,26.32,6.73,90.66,9.34,14.14,86.11,85.38,Cagliari,10,Classico
CAPC08000X,VITTORIO EMANUELE II,VIA MANNO 14,http://www.convittocagliari.gov.it/,0,92,20,92009,Cagliari,79,67.87,63.04,73.09,69.1,26.0,7.1,87.03,12.97,10.46,86.81,83.26,Cagliari,10,Classico
CAPC050004,GIOVANNI SIOTTO PINTOR,VLE TRENTO 103,http://liceosiotto.vargiuscuola.it/,0,92,20,92009,Cagliari,141,66.12,62.33,70.27,65.24,26.04,6.57,91.06,8.94,14.12,86.84,78.84,Cagliari,10,Classico
CAPS13000V,EUCLIDE,VIA LIGAS,http://www.liceoeuclide.it/,0,92,20,92009,Cagliari,33,62.47,55.26,70.32,63.79,25.34,6.85,84.0,16.0,12.0,83.62,80.06,Cagliari,10,Classico
CAPC005006,DON BOSCO,VIA SANT'IGNAZIO 64,http://www.cagliari-donbosco.it/Objects/Home1.asp,1,92,20,92009,Cagliari,9,56.19,44.23,69.62,51.66,25.29,6.41,100.0,0.0,20.69,83.14,,Cagliari,10,Classico
CAPS050007,ANTONIO PACINOTTI,VIA LIGURIA 9,http://pacinotti.gov.it/,0,92,20,92009,Cagliari,183,82.42,78.96,86.04,86.96,27.35,5.11,92.9,7.1,6.56,85.42,80.46,Cagliari,10,Scientifico
CAPS005009,DON BOSCO,VIA SANT'IGNAZIO 64,http://www.cagliari-donbosco.it/Objects/Home1.asp,1,92,20,92009,Cagliari,13,75.94,64.53,88.14,83.7,26.18,5.85,78.05,21.95,7.32,84.53,84.22,Cagliari,10,Scientifico
CAPS02000B,LEON BATTISTA ALBERTI,VLE COLOMBO 37,http://www.liceoalberti.it/,0,92,20,92009,Cagliari,63,75.88,70.59,81.58,83.95,26.14,7.18,87.96,12.04,11.52,83.79,69.65,Cagliari,10,Scientifico
CAPS04000L,MICHELANGELO,VIA DEI DONORATICO,http://www.liceomichelangelo.it/,0,92,20,92009,Cagliari,96,69.08,64.6,73.85,71.92,25.95,5.94,86.9,13.1,10.0,82.45,74.74,Cagliari,10,Scientifico
CAPS02500E,DANTE ALIGHIERI,VIA PASQUALE CUGIA 24,http://www.istituto-dantealighieri.it/,1,92,20,92009,Cagliari,13,32.89,21.34,51.45,11.54,24.51,0.0,79.49,20.51,48.72,77.52,67.5,Cagliari,10,Scientifico
CATF04000P,MICHELE GIUA,VIA MONTECASSINO,http://www.giua.gov.it,0,92,20,92009,Cagliari,37,50.15,42.74,58.66,52.34,23.76,5.21,69.91,30.09,15.04,81.63,67.74,Cagliari,10,Scientifico - Scienze applicate
CAPM02000C,ELEONORA D'ARBOREA,VIA CARBONI BOY 1,http://www.liceoeleonora.gov.it/,0,92,20,92009,Cagliari,80,44.77,39.26,51.64,42.0,23.7,4.71,62.92,37.08,20.42,84.54,76.98,Cagliari,10,Scienze Umane
CAPM030003,DE SANCTIS - DELEDDA,VIA CORNALIAS 169,http://liceodesanctiscagliari.gov.it/,0,92,20,92009,Cagliari,53,40.8,34.24,49.22,39.23,23.09,3.58,64.15,35.85,22.64,80.32,78.57,Cagliari,10,Scienze Umane
CAPQ00500E,NICCOLO' TOMMASEO,VIA MACOMER 29,http://www.niccolotommaseo.it/,1,92,20,92009,Cagliari,17,31.15,19.59,47.24,21.97,22.84,0.0,60.78,39.22,29.41,84.06,82.42,Cagliari,10,Scienze Umane
CAPC09000E,BACHISIO RAIMONDO MOTZO,VIA CABOTO 7,http://www.liceomotzo.gov.it/,0,92,20,92051,Quartu Sant'Elena,21,32.83,20.89,50.02,25.92,22.77,3.76,44.62,55.38,23.08,87.52,73.83,Cagliari,10,Scienze Umane - Economico sociale
CATE010004,DE SANCTIS - DELEDDA,VIA SULCIS,http://liceodesanctiscagliari.gov.it/,0,92,20,92009,Cagliari,61,43.13,37.29,50.07,45.83,22.85,4.38,72.68,27.32,19.13,82.77,76.28,Cagliari,10,Linguistico
CASL01000N,FOISO FOIS,VIA SANT'EUSEBIO 4,http://liceoartisticocagliari.gov.it/,0,92,20,92009,Cagliari,128,38.65,33.3,45.47,27.69,23.95,5.43,41.82,58.18,16.1,86.65,80.44,Cagliari,10,Artistico
CASL01701D,GIUSEPPE BROTZU,VIA SCARLATTI 2,http://www.liceoscientificoartisticobrotzu.gov.it/,0,92,20,92051,Quartu Sant'Elena,35,35.86,25.64,49.96,19.6,24.25,4.01,37.38,62.62,17.76,83.6,78.38,Cagliari,10,Artistico
CATD01601L,PRIMO LEVI,VIA PITZ' E SERRA,http://www.itclevi.it/,0,92,20,92051,Quartu Sant'Elena,86,52.19,46.25,59.05,51.62,24.33,3.0,49.42,50.58,11.97,84.65,75.92,Cagliari,10,Tecnico - Economico
CATD10000V,MEUCCI - MATTEI,VIA UGO FOSCOLO 48,http://www.iismeuccimattei.edu.it/,0,92,20,92015,Decimomannu,59,50.7,42.96,59.72,50.07,24.16,3.1,40.68,59.32,10.73,83.86,74.32,Cagliari,10,Tecnico - Economico
CATD00701T,SERGIO ATZENI,VIA TREXENTA,http://www.iisatzeni.edu.it/,0,92,20,92011,Capoterra,20,48.04,36.63,61.2,49.71,23.56,2.21,52.46,47.54,11.48,86.44,72.32,Cagliari,10,Tecnico - Economico
CATD08000V,PIETRO MARTINI,VIA SANT'EUSEBIO 10,http://itemartini.altervista.org/,0,92,20,92009,Cagliari,141,44.41,39.89,50.05,40.62,23.78,3.93,56.74,43.26,18.91,84.01,75.13,Cagliari,10,Tecnico - Economico
CATA01401E,AGRARIO ELMAS,VIA ACQUEDOTTO ROMANO,http://www.agrarioelmas.it/,0,92,20,92108,Elmas,66,59.05,51.69,67.56,66.44,24.2,3.51,40.4,59.6,9.09,86.96,76.37,Cagliari,10,Tecnico - Tecnologico
CATF050009,BUCCARI - MARCONI (MARCONI),VIA VALERIO PISANO 7,http://www.buccarimarconi.gov.it/,0,92,20,92009,Cagliari,42,49.02,39.26,61.49,42.86,24.62,3.11,34.65,65.35,13.39,86.45,75.39,Cagliari,10,Tecnico - Tecnologico
CATF01000V,SCANO - BACAREDDA,VIA CABRAS,http://www.iisdionigiscano.edu.it/,0,92,20,92009,Cagliari,130,48.79,43.7,55.37,44.09,24.42,2.96,46.04,53.96,17.65,80.76,71.54,Cagliari,10,Tecnico - Tecnologico
CATH01000A,BUCCARI - MARCONI (BUCCARI),VLE COLOMBO 60,http://www.buccarimarconi.gov.it/,0,92,20,92009,Cagliari,78,,,,,,2.76,,,,,,Cagliari,10,Tecnico - Tecnologico
CARC00201B,DOMENICO ALBERTO AZUNI,VIA IS MAGLIAS 132,http://azunicagliari.edu.it/,0,92,20,92009,Cagliari,21,,,,,,6.0,,,,,,Cagliari,10,Tecnico - Tecnologico
NUPC010006,GIORGIO ASPRONI,VIA DANTE 42,http://www.liceoginnasioasproni.it/,0,91,20,91051,Nuoro,53,63.19,57.22,69.83,63.69,25.52,5.57,79.38,20.62,12.5,84.17,76.61,Nuoro,10,Linguistico
NUPS090006,ENRICO FERMI,VIA VENETO 31,http://www.liceoferminuoro.gov.it/,0,91,20,91051,Nuoro,39,59.84,52.92,67.49,63.6,24.73,7.68,78.63,21.37,9.4,86.87,80.84,Nuoro,10,Linguistico
NUTD090002,SALVATORE SATTA,VIA BISCOLLAI 1,http://www.itcsatta.nu.it/,0,91,20,91051,Nuoro,70,40.88,34.39,48.62,44.35,22.49,3.3,49.53,50.47,13.68,85.33,74.09,Nuoro,10,Tecnico - Economico
NUTD010005,GIAMPIETRO CHIRONI,VIA TOSCANA 29,http://chironi.gov.it/,0,91,20,91051,Nuoro,37,37.9,29.27,48.47,40.2,22.27,5.12,50.44,49.56,15.04,84.7,77.61,Nuoro,10,Tecnico - Economico
NUTL00301D,FRANCESCO CIUSA,VLE COSTITUZIONE 33,http://www.ciusa.gov.it/,0,91,20,91051,Nuoro,33,56.3,47.51,66.6,58.87,24.45,3.74,54.46,45.54,13.86,85.09,72.65,Nuoro,10,Tecnico - Tecnologico
NUTA01000P,VOLTA - BRAU,VIA PIETRO MASTINO 50,http://www.iisvoltanuoro.it/,0,91,20,91051,Nuoro,46,44.92,37.14,54.39,54.43,22.25,2.76,51.08,48.92,15.83,81.37,70.29,Nuoro,10,Tecnico - Tecnologico
ORPS01201D,MARIANO IV D'ARBOREA (ORISTANO),VIA MESSINA 19,http://iismarianoquartodarborea.edupa.it/,0,95,20,95038,Oristano,81,70.79,65.97,75.95,76.2,25.85,6.63,86.42,13.58,10.29,89.06,75.15,Oristano,10,Scientifico
ORPS01101N,DE CASTRO - CONTINI,VIA RIO MOGORO 55,http://www.liceodecastro.edu.it/,0,95,20,95065,Terralba,19,65.23,55.85,75.39,70.39,25.21,6.83,81.36,18.64,10.17,92.46,75.18,Oristano,10,Scientifico
ORPM01000T,BENEDETTO CROCE,VIA GABRIELE D'ANNUNZIO 4,http://www.magicroce.gov.it/home.php,0,95,20,95038,Oristano,74,61.45,55.93,67.51,65.67,24.87,5.54,68.47,31.53,9.91,87.39,78.24,Oristano,10,Linguistico
ORPS01202E,MARIANO IV D'ARBOREA,VIA VOLTA 1,http://iismarianoquartodarborea.edupa.it/,0,95,20,95021,Ghilarza,23,44.27,34.88,54.68,55.34,21.98,5.98,67.61,32.39,11.27,84.94,78.96,Oristano,10,Linguistico
ORTF01000V,OTHOCA,VIA ZARA,http://www.itisothoca.edu.it/,0,95,20,95038,Oristano,104,43.27,37.25,50.46,45.51,22.92,3.93,39.62,60.38,10.86,86.72,75.26,Oristano,10,Tecnico - Tecnologico
ORTD006012,LORENZO MOSSA,VIA CARBONI 10,http://www.isislorenzomossa.gov.it/pvw/app/ORII0006/pvw_sito.php,0,95,20,95038,Oristano,36,,,,,,4.57,,,,,,Oristano,10,Tecnico - Tecnologico
SSPC02000L,DOMENICO ALBERTO AZUNI,VIA ROLANDO 4,http://liceoazuni.gov.it/it,0,90,20,90064,Sassari,91,69.39,64.91,74.2,66.07,26.73,7.52,91.61,8.39,11.68,87.88,79.48,Sassari,10,Classico
SSPC010002,CONVITTO CANOPOLENO,VIA LUNA E SOLE 44,http://www.convittocanopoleno.gov.it/,0,90,20,90064,Sassari,73,66.83,61.81,72.29,63.55,26.41,7.47,86.76,13.24,13.7,88.76,79.62,Sassari,10,Classico
SSPS040001,GIOVANNI SPANO,VIA MONTE GRAPPA 2,http://www.liceospano.sassari.it/,0,90,20,90064,Sassari,101,70.89,66.58,75.6,69.17,26.71,7.57,90.46,9.54,14.14,86.13,78.14,Sassari,10,Scientifico
SSPS060006,GUGLIELMO MARCONI,VIA SOLARI 2,http://www.scientifico2.gov.it/,0,90,20,90064,Sassari,53,69.84,64.18,75.93,70.09,26.35,6.82,90.57,9.43,10.69,89.57,82.73,Sassari,10,Scientifico
SSPS00500N,ISTITUTO EUROPA,VIA FORLANINI 18,,1,90,20,90064,Sassari,0,,,,,,0.0,,,,,,Sassari,10,Scientifico
SSPSNU500Q,ISTITUTO EUROPA,VIA FORLANINI 18,,1,90,20,90064,Sassari,0,,,,,,0.0,,,,,,Sassari,10,Scientifico - Sportivo
SSPM010006,MARGHERITA DI CASTELVI',VIA MANNO 56,http://www.liceocastelvi.it/,0,90,20,90064,Sassari,111,48.02,43.54,53.08,51.59,23.33,5.55,74.25,25.75,14.97,83.43,75.81,Sassari,10,Scienze Umane
SSPM9L500Q,ISTITUTO EUROPA,VIA FORLANINI 18,http://www.istitutoeuropasassari.it/,1,90,20,90064,Sassari,0,,,,,,0.0,,,,,,Sassari,10,Scienze Umane
SSPQC7500O,KENNEDY,VIA COPPINO 13,,1,90,20,90064,Sassari,0,,,,,,0.0,,,,,,Sassari,10,Scienze Umane
SSPL015003,ISTITUTO EUROPA,VIA FORLANINI 18,http://www.istitutoeuropasassari.it/,1,90,20,90064,Sassari,0,,,,,,0.0,,,,,,Sassari,10,Linguistico
SSSD020006,FILIPPO FIGARI,PZZA D'ARMI 16,http://www.liceoartisticosassari.gov.it/home/,0,90,20,90064,Sassari,0,,,,,,0.0,,,,,,Sassari,10,Artistico
SSSD027012,ENRICO FERMI,VIA I MAGGIO,http://www.liceoalghero.it,0,90,20,90003,Alghero,0,,,,,,0.0,,,,,,Sassari,10,Artistico
SSTD150008,DEVILLA - DESSI' - LA MARMORA,VIA MONTE GRAPPA 2,http://www.itgdevilla.gov.it/,0,90,20,90064,Sassari,27,46.35,37.47,55.96,40.96,24.21,4.41,65.06,34.94,8.43,83.72,69.43,Sassari,10,Tecnico - Economico
SSTD015004,ISTITUTO EUROPA,VIA FORLANINI 18,http://www.istitutoeuropasassari.it/,1,90,20,90064,Sassari,0,,,,,,0.0,,,,,,Sassari,10,Tecnico - Economico
SSTD02500P,KENNEDY,VIA COPPINO 13,http://www.kennedyss.it/,1,90,20,90064,Sassari,14,,,,,,0.0,,,,,,Sassari,10,Tecnico - Economico
SSTE01000C,SALVATOR RUJU,VIA PORCELLANA 30,http://www.itasruiu.it/,0,90,20,90064,Sassari,30,42.31,33.29,53.15,41.37,23.19,2.16,57.14,42.86,15.38,80.12,72.46,Sassari,10,Tecnico - Tecnologico
SSTF010007,GIOVANNI MARIA ANGIOY,VIA PRINCIPESSA MAFALDA,http://www.itiangioy.gov.it/,0,90,20,90064,Sassari,204,41.23,37.32,45.96,43.54,22.67,4.16,56.51,43.49,17.43,81.88,73.09,Sassari,10,Tecnico - Tecnologico
SSTL01000B,DEVILLA - DESSI' - LA MARMORA,VIA MONTE GRAPPA 2,http://www.itgdevilla.gov.it/,0,90,20,90064,Sassari,38,39.52,30.07,52.48,31.64,23.69,3.05,40.52,59.48,18.97,83.38,70.62,Sassari,10,Tecnico - Tecnologico
SSTA00301C,NICOLO' PELLEGRINI,VIA BELLINI 5,http://www.iispellegrini.edu.it/,0,90,20,90064,Sassari,42,38.41,29.72,50.48,33.3,23.22,3.04,44.09,55.91,21.26,77.5,74.46,Sassari,10,Tecnico - Tecnologico
SSTL01500E,ISTITUTO EUROPA,VIA FORLANINI 18,http://www.istitutoeuropasassari.it/,1,90,20,90064,Sassari,0,,,,,,0.0,,,,,,Sassari,10,Tecnico - Tecnologico
CAPS001013,GRAMSCI - AMALDI,VIA DELLE CERNITRICI,http://www.gramsciamaldi.gov.it/,0,111,20,111009,Carbonia,55,74.17,68.54,80.05,84.11,25.71,5.88,88.48,11.52,6.67,90.95,81.26,Carbonia,10,Scientifico
CAPS013019,GIORGIO ASPRONI,LOC SU PARDU,http://www.liceoasproni.gov.it/,0,111,20,111035,Iglesias,35,66.95,60.06,74.41,68.13,25.89,6.42,88.57,11.43,12.38,87.68,79.25,Carbonia,10,Scientifico
CATD020007,GIOVANNI MARIA ANGIOJ,VIA COSTITUENTE 59,http://www.istitutoangioj.gov.it/,0,111,20,111009,Carbonia,36,53.41,45.55,61.82,63.6,23.19,4.27,64.81,35.19,7.41,85.41,69.53,Carbonia,10,Scientifico - Scienze applicate
CAPS06000T,ISTITUTO GLOBALE SANT'ANTIOCO,VIA BOLZANO 36,http://liceolussu.gov.it/,0,111,20,111071,Sant'Antioco,21,53.06,43.17,63.87,65.04,22.93,7.35,68.25,31.75,9.52,92.81,76.65,Carbonia,10,Scientifico - Scienze applicate
CAPS8T5007,SCUOLE BOCCACCIO,VIALE VITTORIO VENETO 1,http://www.scuoleboccaccio.edu.it,1,111,20,111035,Iglesias,0,,,,,,0.0,,,,,,Carbonia,10,Scientifico - Sportivo
CAPM04000N,CARLO BAUDI DI VESME,VIA MONSIGNOR AGOSTINO SABA,http://www.liceobaudi.vargiuscuola.it/,0,111,20,111035,Iglesias,25,39.16,30.38,50.16,36.34,23.04,5.45,73.33,26.67,25.33,88.89,82.6,Carbonia,10,Scienze Umane
CAPC00101X,GRAMSCI - AMALDI,VIA DELLE CERNITRICI,http://www.gramsciamaldi.gov.it/,0,111,20,111009,Carbonia,42,54.06,47.11,61.66,58.95,23.9,4.87,71.65,28.35,11.02,88.37,74.69,Carbonia,10,Linguistico
CASL013016,GIORGIO ASPRONI,LOC SU PARDU,http://www.liceoasproni.gov.it/,0,111,20,111035,Iglesias,0,,,,,,0.0,,,,,,Carbonia,10,Artistico
CATD027013,ASPRONI - FERMI,VIA FALCONE 7,http://www.asproni-fermi.gov.it/,0,111,20,111035,Iglesias,25,47.07,37.19,58.9,44.87,23.91,3.83,56.58,43.42,17.11,86.63,72.24,Carbonia,10,Tecnico - Economico
CATD01101D,BECCARIA - LOI,VIA UMBRIA 27,http://www.iisbeccaria.it/,0,111,20,111009,Carbonia,30,26.34,17.25,38.2,27.09,21.07,3.86,56.04,43.96,21.98,84.8,75.42,Carbonia,10,Tecnico - Economico
CATH012013,ISTITUTO GLOBALE CARLOFORTE,CSO DEI BATTELLIERI 32,http://istitutoglobalecarloforte.edu.it/,0,111,20,111010,Carloforte,30,55.27,43.69,68.71,56.8,24.45,4.13,34.07,65.93,7.69,88.81,80.67,Carbonia,10,Tecnico - Tecnologico
CATF027019,ASPRONI - FERMI,VIA ROMA 45,http://www.asproni-fermi.gov.it/,0,111,20,111035,Iglesias,64,54.28,47.94,61.52,59.23,23.92,4.89,57.22,42.78,12.37,84.29,74.12,Carbonia,10,Tecnico - Tecnologico
CATF955004,SCUOLE BOCCACCIO,VLE VITTORIO VENETO 1,http://www.scuolaprivataiglesias.it/,1,111,20,111035,Iglesias,0,,,,,,0.0,,,,,,Carbonia,10,Tecnico - Tecnologico
