cod_scuola,tasso_precariato_docenti_pct,pct_tempo_indeterminato,fasce_eta_tempo_determinato,fasce_eta_tempo_indeterminato,anno_scolastico_personale,trasferiti_pct_scuola,trasferiti_pct_regione,trasferiti_pct_italia,pensionati_pct_scuola,pensionati_pct_regione,pensionati_pct_italia
TOPC01000C,19.2,80.8,"[6.4, 8.0, 4.0, 0.8]","[3.2, 12.8, 26.4, 38.4]",Docenti per fasce di età (%) (A.S. 2025/26),1.0,5.5,6.0,0.0,3.5,3.6
TOPC090009,8.0,92.1,"[4.4, 1.8, 0.9, 0.9]","[4.4, 10.5, 28.1, 49.1]",Docenti per fasce di età (%) (A.S. 2025/26),1.0,5.5,6.0,3.9,3.5,3.6
TOPC10000P,7.199999999999999,92.8,"[2.9, 2.9, 0.0, 1.4]","[0.0, 2.9, 17.4, 72.5]",Docenti per fasce di età (%) (A.S. 2025/26),3.0,5.5,6.0,4.5,3.5,3.6
TOPC070004,13.3,86.7,"[8.0, 5.3, 0.0, 0.0]","[2.7, 8.0, 36.0, 40.0]",Docenti per fasce di età (%) (A.S. 2025/26),1.6,5.5,6.0,7.9,3.5,3.6
TOPC075007,,,,,Docenti per fasce di età (%) (A.S. 2025/26),,,,,,
TOPS20000P,22.3,77.4,"[13.7, 3.7, 1.2, 3.7]","[6.2, 12.5, 27.5, 31.2]",Docenti per fasce di età (%) (A.S. 2025/26),8.1,5.5,6.0,6.3,3.5,3.6
TOPC06500L,,,,,Docenti per fasce di età (%) (A.S. 2025/26),,,,,,
TOPS034015,25.2,74.8,"[6.1, 8.9, 6.5, 3.7]","[2.8, 15.9, 22.9, 33.2]",Docenti per fasce di età (%) (A.S. 2025/26),6.3,5.5,6.0,6.5,3.5,3.6
TOPS04500E,,,,,Docenti per fasce di età (%) (A.S. 2025/26),,,,,,
TOPS270001,18.7,81.4,"[4.0, 6.7, 6.7, 1.3]","[4.0, 10.7, 30.7, 36.0]",Docenti per fasce di età (%) (A.S. 2025/26),0.0,5.5,6.0,1.6,3.5,3.6
TOPS04000B,6.8,93.3,"[5.8, 1.0, 0.0, 0.0]","[1.0, 10.7, 27.2, 54.4]",Docenti per fasce di età (%) (A.S. 2025/26),2.1,5.5,6.0,4.2,3.5,3.6
TOPS120003,11.5,88.5,"[3.3, 6.6, 1.6, 0.0]","[0.8, 13.1, 23.0, 51.6]",Docenti per fasce di età (%) (A.S. 2025/26),3.6,5.5,6.0,4.4,3.5,3.6
TOPS064011,24.3,75.7,"[10.4, 10.9, 2.0, 1.0]","[5.9, 13.9, 17.8, 38.1]",Docenti per fasce di età (%) (A.S. 2025/26),3.3,5.5,6.0,5.3,3.5,3.6
TOPS018017,25.7,74.1,"[8.6, 10.9, 3.1, 3.1]","[3.9, 15.6, 23.4, 31.2]",Docenti per fasce di età (%) (A.S. 2025/26),3.0,5.5,6.0,6.3,3.5,3.6
TOPS340002,14.4,85.6,"[3.1, 6.2, 4.1, 1.0]","[2.1, 17.5, 28.9, 37.1]",Docenti per fasce di età (%) (A.S. 2025/26),6.0,5.5,6.0,3.6,3.5,3.6
TOPS07500A,,,,,Docenti per fasce di età (%) (A.S. 2025/26),,,,,,
TOPS020006,16.9,83.19999999999999,"[3.9, 7.8, 2.6, 2.6]","[0.0, 6.5, 33.8, 42.9]",Docenti per fasce di età (%) (A.S. 2025/26),3.0,5.5,6.0,7.4,3.5,3.6
TOPS00301D,17.9,82.1,"[5.0, 8.6, 2.9, 1.4]","[5.8, 21.6, 22.3, 32.4]",Docenti per fasce di età (%) (A.S. 2025/26),3.7,5.5,6.0,3.6,3.5,3.6
TOPS105001,,,,,Docenti per fasce di età (%) (A.S. 2025/26),,,,,,
TOPS30000G,18.9,81.1,"[2.2, 10.0, 6.7, 0.0]","[12.2, 20.0, 21.1, 27.8]",Docenti per fasce di età (%) (A.S. 2025/26),1.5,5.5,6.0,1.6,3.5,3.6
TOPS22000X,20.1,80.0,"[10.5, 5.7, 2.9, 1.0]","[3.8, 25.7, 23.8, 26.7]",Docenti per fasce di età (%) (A.S. 2025/26),6.0,5.5,6.0,4.9,3.5,3.6
TOPS005004,,,,,Docenti per fasce di età (%) (A.S. 2025/26),,,,,,
TOPS09500G,,,,,Docenti per fasce di età (%) (A.S. 2025/26),,,,,,
TOPS76500T,,,,,Docenti per fasce di età (%) (A.S. 2025/26),,,,,,
TOPS01500P,,,,,Docenti per fasce di età (%) (A.S. 2025/26),,,,,,
TOPS05101V,23.1,76.89999999999999,"[5.9, 7.0, 7.5, 2.7]","[2.7, 12.9, 20.4, 40.9]",Docenti per fasce di età (%) (A.S. 2025/26),2.2,5.5,6.0,7.1,3.5,3.6
TOIS061003,34.0,65.9,"[19.0, 6.3, 7.1, 1.6]","[12.7, 14.3, 11.9, 27.0]",Docenti per fasce di età (%) (A.S. 2025/26),18.8,5.5,6.0,3.9,3.5,3.6
TOPS047017,40.5,59.7,"[17.3, 13.5, 7.1, 2.6]","[10.3, 16.7, 16.7, 16.0]",Docenti per fasce di età (%) (A.S. 2025/26),3.5,5.5,6.0,3.6,3.5,3.6
TOTF043012,25.5,74.5,"[10.5, 9.0, 4.5, 1.5]","[5.3, 21.8, 21.8, 25.6]",Docenti per fasce di età (%) (A.S. 2025/26),6.5,5.5,6.0,5.3,3.5,3.6
TOPS20500T,,,,,Docenti per fasce di età (%) (A.S. 2025/26),,,,,,
TOPSQB5003,,,,,Docenti per fasce di età (%) (A.S. 2025/26),,,,,,
TOPM120004,19.2,80.8,"[4.3, 11.2, 2.5, 1.2]","[3.7, 16.8, 22.4, 37.9]",Docenti per fasce di età (%) (A.S. 2025/26),4.5,5.5,6.0,3.3,3.5,3.6
TOPM034016,25.2,74.8,"[6.1, 8.9, 6.5, 3.7]","[2.8, 15.9, 22.9, 33.2]",Docenti per fasce di età (%) (A.S. 2025/26),6.3,5.5,6.0,6.5,3.5,3.6
TOPM018018,25.7,74.1,"[8.6, 10.9, 3.1, 3.1]","[3.9, 15.6, 23.4, 31.2]",Docenti per fasce di età (%) (A.S. 2025/26),3.0,5.5,6.0,6.3,3.5,3.6
TOPM050003,24.1,76.0,"[7.0, 10.7, 5.3, 1.1]","[7.0, 16.6, 25.7, 26.7]",Docenti per fasce di età (%) (A.S. 2025/26),4.3,5.5,6.0,5.0,3.5,3.6
TOPM035001,,,,,Docenti per fasce di età (%) (A.S. 2025/26),,,,,,
TOTE058011,28.7,71.2,"[9.4, 10.6, 6.2, 2.5]","[3.1, 10.0, 22.5, 35.6]",Docenti per fasce di età (%) (A.S. 2025/26),3.5,5.5,6.0,5.2,3.5,3.6
TOPQ04500Q,,,,,Docenti per fasce di età (%) (A.S. 2025/26),,,,,,
TOPQ475003,,,,,Docenti per fasce di età (%) (A.S. 2025/26),,,,,,
TOPMP2500E,,,,,Docenti per fasce di età (%) (A.S. 2025/26),,,,,,
TOPL20500L,,,,,Docenti per fasce di età (%) (A.S. 2025/26),,,,,,
TOPL03500P,,,,,Docenti per fasce di età (%) (A.S. 2025/26),,,,,,
TOSL020003,32.6,67.5,"[11.4, 12.6, 5.7, 2.9]","[2.9, 12.0, 20.6, 32.0]",Docenti per fasce di età (%) (A.S. 2025/26),2.6,5.5,6.0,4.1,3.5,3.6
TOSL01000C,26.0,74.0,"[6.0, 14.7, 3.3, 2.0]","[6.7, 17.3, 24.0, 26.0]",Docenti per fasce di età (%) (A.S. 2025/26),5.8,5.5,6.0,2.8,3.5,3.6
TOSD02000L,28.1,71.8,"[9.4, 10.7, 6.0, 2.0]","[5.4, 6.7, 31.5, 28.2]",Docenti per fasce di età (%) (A.S. 2025/26),6.5,5.5,6.0,3.6,3.5,3.6
TOTD090008,23.0,77.10000000000001,"[4.2, 11.5, 3.1, 4.2]","[1.0, 9.4, 24.0, 42.7]",Docenti per fasce di età (%) (A.S. 2025/26),8.3,5.5,6.0,4.2,3.5,3.6
TOTD034022,25.2,74.8,"[6.1, 8.9, 6.5, 3.7]","[2.8, 15.9, 22.9, 33.2]",Docenti per fasce di età (%) (A.S. 2025/26),6.3,5.5,6.0,6.5,3.5,3.6
TOTD067018,28.7,71.3,"[13.7, 7.8, 5.2, 2.0]","[4.6, 19.0, 21.6, 26.1]",Docenti per fasce di età (%) (A.S. 2025/26),5.4,5.5,6.0,4.8,3.5,3.6
TOTD06401R,24.3,75.7,"[10.4, 10.9, 2.0, 1.0]","[5.9, 13.9, 17.8, 38.1]",Docenti per fasce di età (%) (A.S. 2025/26),3.3,5.5,6.0,5.3,3.5,3.6
TOTD05301A,34.3,65.6,"[15.4, 11.2, 5.9, 1.8]","[4.7, 15.4, 18.9, 26.6]",Docenti per fasce di età (%) (A.S. 2025/26),6.6,5.5,6.0,0.9,3.5,3.6
TOTD003019,17.9,82.1,"[5.0, 8.6, 2.9, 1.4]","[5.8, 21.6, 22.3, 32.4]",Docenti per fasce di età (%) (A.S. 2025/26),3.7,5.5,6.0,3.6,3.5,3.6
TOTD05201E,34.6,65.6,"[13.2, 11.1, 7.7, 2.6]","[8.5, 14.5, 17.9, 24.7]",Docenti per fasce di età (%) (A.S. 2025/26),4.5,5.5,6.0,6.7,3.5,3.6
TOTD03701C,37.9,62.2,"[11.4, 16.6, 7.8, 2.1]","[11.4, 16.6, 14.0, 20.2]",Docenti per fasce di età (%) (A.S. 2025/26),8.3,5.5,6.0,3.9,3.5,3.6
TOTD068014,41.6,58.5,"[18.3, 14.4, 7.9, 1.0]","[11.4, 12.9, 10.4, 23.8]",Docenti per fasce di età (%) (A.S. 2025/26),3.5,5.5,6.0,4.6,3.5,3.6
TOTD06602D,37.8,62.2,"[18.9, 11.4, 4.0, 3.5]","[5.5, 14.4, 15.4, 26.9]",Docenti per fasce di età (%) (A.S. 2025/26),4.9,5.5,6.0,1.7,3.5,3.6
TOTD04201X,36.8,63.2,"[11.0, 14.1, 8.6, 3.1]","[10.4, 12.9, 19.0, 20.9]",Docenti per fasce di età (%) (A.S. 2025/26),6.5,5.5,6.0,1.0,3.5,3.6
TOTD054016,46.0,53.9,"[15.5, 16.0, 8.6, 5.9]","[5.3, 14.4, 14.4, 19.8]",Docenti per fasce di età (%) (A.S. 2025/26),4.3,5.5,6.0,3.1,3.5,3.6
TOTF051011,23.1,76.89999999999999,"[5.9, 7.0, 7.5, 2.7]","[2.7, 12.9, 20.4, 40.9]",Docenti per fasce di età (%) (A.S. 2025/26),2.2,5.5,6.0,7.1,3.5,3.6
TOTL03401B,25.2,74.8,"[6.1, 8.9, 6.5, 3.7]","[2.8, 15.9, 22.9, 33.2]",Docenti per fasce di età (%) (A.S. 2025/26),6.3,5.5,6.0,6.5,3.5,3.6
TOTL06801E,41.6,58.5,"[18.3, 14.4, 7.9, 1.0]","[11.4, 12.9, 10.4, 23.8]",Docenti per fasce di età (%) (A.S. 2025/26),3.5,5.5,6.0,4.6,3.5,3.6
TOTF06601P,37.8,62.2,"[18.9, 11.4, 4.0, 3.5]","[5.5, 14.4, 15.4, 26.9]",Docenti per fasce di età (%) (A.S. 2025/26),4.9,5.5,6.0,1.7,3.5,3.6
TOTL03701V,37.9,62.2,"[11.4, 16.6, 7.8, 2.1]","[11.4, 16.6, 14.0, 20.2]",Docenti per fasce di età (%) (A.S. 2025/26),8.3,5.5,6.0,3.9,3.5,3.6
TOTF06101G,34.0,65.9,"[19.0, 6.3, 7.1, 1.6]","[12.7, 14.3, 11.9, 27.0]",Docenti per fasce di età (%) (A.S. 2025/26),18.8,5.5,6.0,3.9,3.5,3.6
TOTF10000X,34.4,65.5,"[11.9, 9.4, 8.7, 4.4]","[6.2, 14.4, 13.7, 31.2]",Docenti per fasce di età (%) (A.S. 2025/26),2.7,5.5,6.0,4.3,3.5,3.6
TOTF01500R,,,,,Docenti per fasce di età (%) (A.S. 2025/26),,,,,,
TOTF14000A,34.4,65.5,"[20.1, 7.1, 3.6, 3.6]","[13.8, 13.8, 19.2, 18.7]",Docenti per fasce di età (%) (A.S. 2025/26),14.6,5.5,6.0,4.9,3.5,3.6
TOTF047019,40.5,59.7,"[17.3, 13.5, 7.1, 2.6]","[10.3, 16.7, 16.7, 16.0]",Docenti per fasce di età (%) (A.S. 2025/26),3.5,5.5,6.0,3.6,3.5,3.6
TOTF013016,41.7,58.4,"[10.2, 20.3, 7.6, 3.6]","[7.6, 16.8, 19.3, 14.7]",Docenti per fasce di età (%) (A.S. 2025/26),4.6,5.5,6.0,0.0,3.5,3.6
TOTF048015,41.1,59.1,"[21.0, 12.4, 6.7, 1.0]","[8.6, 8.6, 17.1, 24.8]",Docenti per fasce di età (%) (A.S. 2025/26),5.7,5.5,6.0,1.9,3.5,3.6
ALPS050005,20.6,79.3,"[6.9, 6.0, 6.0, 1.7]","[8.6, 15.5, 25.0, 30.2]",Docenti per fasce di età (%) (A.S. 2025/26),5.5,5.5,6.0,4.5,3.5,3.6
ALPC01601G,37.1,63.1,"[13.9, 8.7, 8.7, 5.8]","[8.7, 7.7, 15.9, 30.8]",Docenti per fasce di età (%) (A.S. 2025/26),4.1,5.5,6.0,3.3,3.5,3.6
ALPS020009,28.0,72.0,"[4.7, 7.0, 9.3, 7.0]","[7.0, 11.6, 17.4, 36.0]",Docenti per fasce di età (%) (A.S. 2025/26),5.0,5.5,6.0,3.3,3.5,3.6
ALPS01000P,21.0,79.0,"[11.3, 1.6, 6.5, 1.6]","[4.8, 12.9, 12.9, 48.4]",Docenti per fasce di età (%) (A.S. 2025/26),6.1,5.5,6.0,4.3,3.5,3.6
ALPS005007,,,,,Docenti per fasce di età (%) (A.S. 2025/26),,,,,,
ALTF01000R,25.5,74.5,"[6.2, 8.3, 5.5, 5.5]","[6.9, 13.1, 20.7, 33.8]",Docenti per fasce di età (%) (A.S. 2025/26),8.0,5.5,6.0,1.1,3.5,3.6
ALPS00401C,39.2,60.7,"[15.0, 11.2, 6.5, 6.5]","[13.1, 22.4, 14.0, 11.2]",Docenti per fasce di età (%) (A.S. 2025/26),21.5,5.5,6.0,3.3,3.5,3.6
ALPM01601Q,37.1,63.1,"[13.9, 8.7, 8.7, 5.8]","[8.7, 7.7, 15.9, 30.8]",Docenti per fasce di età (%) (A.S. 2025/26),4.1,5.5,6.0,3.3,3.5,3.6
ALPMQR5008,,,,,Docenti per fasce di età (%) (A.S. 2025/26),,,,,,
ALSD00101B,32.1,67.9,"[12.3, 5.7, 13.2, 0.9]","[8.5, 9.4, 17.9, 32.1]",Docenti per fasce di età (%) (A.S. 2025/26),6.5,5.5,6.0,2.8,3.5,3.6
ALSL004019,39.2,60.7,"[15.0, 11.2, 6.5, 6.5]","[13.1, 22.4, 14.0, 11.2]",Docenti per fasce di età (%) (A.S. 2025/26),21.5,5.5,6.0,3.3,3.5,3.6
PVSLMT5003,,,,,Docenti per fasce di età (%) (A.S. 2025/26),,,,,,
ALTD004018,39.2,60.7,"[15.0, 11.2, 6.5, 6.5]","[13.1, 22.4, 14.0, 11.2]",Docenti per fasce di età (%) (A.S. 2025/26),21.5,5.5,6.0,3.3,3.5,3.6
ALTD00601X,44.7,55.3,"[19.4, 11.8, 10.0, 3.5]","[7.6, 13.5, 12.4, 21.8]",Docenti per fasce di età (%) (A.S. 2025/26),6.6,5.5,6.0,8.5,3.5,3.6
ALTL00601A,44.7,55.3,"[19.4, 11.8, 10.0, 3.5]","[7.6, 13.5, 12.4, 21.8]",Docenti per fasce di età (%) (A.S. 2025/26),6.6,5.5,6.0,8.5,3.5,3.6
CNPC007015,35.800000000000004,64.2,"[9.8, 16.1, 5.4, 4.5]","[8.9, 7.1, 24.1, 24.1]",Docenti per fasce di età (%) (A.S. 2025/26),6.7,5.5,6.0,5.8,3.5,3.6
ATPC00301E,37.0,63.0,"[12.2, 11.6, 8.8, 4.4]","[10.5, 13.3, 16.0, 23.2]",Docenti per fasce di età (%) (A.S. 2025/26),6.5,5.5,6.0,1.0,3.5,3.6
ATPS01000Q,5.699999999999999,94.3,"[1.4, 0.0, 2.9, 1.4]","[11.4, 18.6, 24.3, 40.0]",Docenti per fasce di età (%) (A.S. 2025/26),1.6,5.5,6.0,4.8,3.5,3.6
ATPS00201T,33.0,67.0,"[13.8, 7.3, 6.4, 5.5]","[6.4, 14.7, 15.6, 30.3]",Docenti per fasce di età (%) (A.S. 2025/26),8.0,5.5,6.0,6.8,3.5,3.6
ATPM01000R,24.6,75.4,"[10.3, 6.3, 3.2, 4.8]","[3.2, 17.5, 19.8, 34.9]",Docenti per fasce di età (%) (A.S. 2025/26),3.4,5.5,6.0,4.3,3.5,3.6
ATPS715002,,,,,Docenti per fasce di età (%) (A.S. 2025/26),,,,,,
CNPM04000X,28.8,71.3,"[11.4, 7.6, 5.3, 4.5]","[6.1, 12.1, 20.5, 32.6]",Docenti per fasce di età (%) (A.S. 2025/26),5.6,5.5,6.0,0.0,3.5,3.6
ATPL01500N,,,,,Docenti per fasce di età (%) (A.S. 2025/26),,,,,,
CNSL007015,35.800000000000004,64.2,"[9.8, 16.1, 5.4, 4.5]","[8.9, 7.1, 24.1, 24.1]",Docenti per fasce di età (%) (A.S. 2025/26),6.7,5.5,6.0,5.8,3.5,3.6
ATSD003014,37.0,63.0,"[12.2, 11.6, 8.8, 4.4]","[10.5, 13.3, 16.0, 23.2]",Docenti per fasce di età (%) (A.S. 2025/26),6.5,5.5,6.0,1.0,3.5,3.6
ATTD01001L,,,,,,,,,,,
ATTD00201N,33.0,67.0,"[13.8, 7.3, 6.4, 5.5]","[6.4, 14.7, 15.6, 30.3]",Docenti per fasce di età (%) (A.S. 2025/26),8.0,5.5,6.0,6.8,3.5,3.6
ATTD01000G,,,,,,,,,,,
ATTF01001V,38.7,61.1,"[12.9, 12.9, 8.8, 4.1]","[10.0, 17.6, 14.1, 19.4]",Docenti per fasce di età (%) (A.S. 2025/26),10.3,5.5,6.0,4.0,3.5,3.6
ATTA00401V,39.6,60.6,"[12.8, 10.5, 11.6, 4.7]","[7.0, 14.0, 10.5, 29.1]",Docenti per fasce di età (%) (A.S. 2025/26),8.8,5.5,6.0,1.8,3.5,3.6
TOPC020003,23.9,76.0,"[8.7, 6.5, 5.4, 3.3]","[5.4, 7.6, 31.5, 31.5]",Docenti per fasce di età (%) (A.S. 2025/26),4.2,5.5,6.0,1.5,3.5,3.6
BIPC00101R,20.0,80.1,"[1.7, 7.5, 7.5, 3.3]","[2.5, 14.2, 26.7, 36.7]",Docenti per fasce di età (%) (A.S. 2025/26),1.1,5.5,6.0,2.2,3.5,3.6
BIPS00401B,14.3,85.39999999999999,"[4.3, 1.4, 7.2, 1.4]","[7.2, 17.4, 27.5, 33.3]",Docenti per fasce di età (%) (A.S. 2025/26),5.5,5.5,6.0,0.0,3.5,3.6
BIPS01000N,15.8,84.2,"[3.5, 7.9, 4.4, 0.0]","[3.5, 7.0, 27.2, 46.5]",Docenti per fasce di età (%) (A.S. 2025/26),4.0,5.5,6.0,4.0,3.5,3.6
BITF01000Q,24.3,75.6,"[6.8, 8.5, 7.3, 1.7]","[6.8, 14.1, 19.7, 35.0]",Docenti per fasce di età (%) (A.S. 2025/26),6.5,5.5,6.0,3.3,3.5,3.6
TOPS01000G,24.8,75.2,"[13.3, 5.3, 2.7, 3.5]","[6.2, 16.8, 16.8, 35.4]",Docenti per fasce di età (%) (A.S. 2025/26),5.8,5.5,6.0,3.7,3.5,3.6
VCSL00101T,22.4,77.6,"[8.8, 4.1, 6.8, 2.7]","[2.7, 12.8, 18.2, 43.9]",Docenti per fasce di età (%) (A.S. 2025/26),0.0,5.5,6.0,6.0,3.5,3.6
TOSD02601L,44.2,55.9,"[12.6, 14.7, 12.1, 4.8]","[7.4, 19.5, 13.0, 16.0]",Docenti per fasce di età (%) (A.S. 2025/26),5.0,5.5,6.0,6.4,3.5,3.6
BISL00101R,20.0,80.1,"[1.7, 7.5, 7.5, 3.3]","[2.5, 14.2, 26.7, 36.7]",Docenti per fasce di età (%) (A.S. 2025/26),1.1,5.5,6.0,2.2,3.5,3.6
BITD00601V,37.2,62.8,"[12.2, 12.2, 9.9, 2.9]","[5.8, 15.7, 18.6, 22.7]",Docenti per fasce di età (%) (A.S. 2025/26),2.2,5.5,6.0,4.3,3.5,3.6
TOTD02401A,41.3,58.6,"[10.1, 18.1, 10.9, 2.2]","[10.1, 7.2, 19.6, 21.7]",Docenti per fasce di età (%) (A.S. 2025/26),6.8,5.5,6.0,4.5,3.5,3.6
BITA007018,43.0,56.9,"[9.2, 15.0, 11.5, 7.3]","[2.3, 8.8, 24.6, 21.2]",Docenti per fasce di età (%) (A.S. 2025/26),4.9,5.5,6.0,4.2,3.5,3.6
CNPC060001,,,,,,,,,,,
CNPS07000P,29.6,70.4,"[8.2, 13.3, 7.1, 1.0]","[10.2, 16.3, 19.4, 24.5]",Docenti per fasce di età (%) (A.S. 2025/26),5.3,5.5,6.0,3.9,3.5,3.6
CNPS010003,32.5,67.6,"[20.3, 5.4, 1.4, 5.4]","[8.1, 12.2, 20.3, 27.0]",Docenti per fasce di età (%) (A.S. 2025/26),10.6,5.5,6.0,0.0,3.5,3.6
CNPS02000N,8.6,91.4,"[2.6, 2.6, 3.4, 0.0]","[5.1, 6.8, 26.5, 53.0]",Docenti per fasce di età (%) (A.S. 2025/26),2.9,5.5,6.0,5.5,3.5,3.6
CNTF017022,17.2,82.8,"[6.5, 4.2, 5.6, 0.9]","[11.2, 15.8, 27.4, 28.4]",Docenti per fasce di età (%) (A.S. 2025/26),1.7,5.5,6.0,1.2,3.5,3.6
CNTF029017,26.8,73.2,"[8.9, 10.2, 4.5, 3.2]","[7.0, 19.7, 16.6, 29.9]",Docenti per fasce di età (%) (A.S. 2025/26),5.4,5.5,6.0,1.9,3.5,3.6
CNPM010004,18.2,81.8,"[7.6, 4.5, 5.3, 0.8]","[6.8, 8.3, 28.8, 37.9]",Docenti per fasce di età (%) (A.S. 2025/26),1.9,5.5,6.0,2.8,3.5,3.6
CNSL02401V,29.8,70.10000000000001,"[11.8, 9.3, 5.0, 3.7]","[2.5, 9.9, 21.1, 36.6]",Docenti per fasce di età (%) (A.S. 2025/26),4.7,5.5,6.0,0.9,3.5,3.6
CNSD021011,27.4,72.6,"[9.7, 10.5, 3.2, 4.0]","[9.7, 19.4, 18.5, 25.0]",Docenti per fasce di età (%) (A.S. 2025/26),1.2,5.5,6.0,0.0,3.5,3.6
CNTD04000P,34.8,65.1,"[13.5, 13.5, 5.6, 2.2]","[2.2, 9.0, 10.1, 43.8]",Docenti per fasce di età (%) (A.S. 2025/26),1.9,5.5,6.0,9.6,3.5,3.6
CNRC00301D,39.3,60.7,"[15.2, 11.4, 8.9, 3.8]","[10.1, 17.3, 15.2, 18.1]",Docenti per fasce di età (%) (A.S. 2025/26),5.1,5.5,6.0,1.5,3.5,3.6
CNTF010005,23.3,76.7,"[10.1, 6.9, 5.0, 1.3]","[8.8, 13.8, 20.8, 33.3]",Docenti per fasce di età (%) (A.S. 2025/26),4.5,5.5,6.0,0.9,3.5,3.6
CNTL024018,29.8,70.10000000000001,"[11.8, 9.3, 5.0, 3.7]","[2.5, 9.9, 21.1, 36.6]",Docenti per fasce di età (%) (A.S. 2025/26),4.7,5.5,6.0,0.9,3.5,3.6
CNTA02801P,29.9,70.1,"[16.8, 5.8, 6.6, 0.7]","[8.0, 13.9, 19.0, 29.2]",Docenti per fasce di età (%) (A.S. 2025/26),6.6,5.5,6.0,1.1,3.5,3.6
NOPC07000L,15.4,84.5,"[6.2, 1.5, 4.6, 3.1]","[1.5, 9.2, 16.9, 56.9]",Docenti per fasce di età (%) (A.S. 2025/26),6.6,5.5,6.0,4.8,3.5,3.6
VCPC00101T,22.4,77.6,"[8.8, 4.1, 6.8, 2.7]","[2.7, 12.8, 18.2, 43.9]",Docenti per fasce di età (%) (A.S. 2025/26),0.0,5.5,6.0,6.0,3.5,3.6
PVPC010006,13.5,86.60000000000001,"[2.9, 5.8, 1.9, 2.9]","[4.8, 15.4, 30.8, 35.6]",Docenti per fasce di età (%) (A.S. 2025/26),1.2,5.4,6.0,0.0,3.5,3.6
NOPS010004,7.699999999999999,92.5,"[5.1, 1.3, 1.3, 0.0]","[8.9, 16.5, 24.1, 43.0]",Docenti per fasce di età (%) (A.S. 2025/26),2.9,5.5,6.0,4.3,3.5,3.6
NOPS002016,28.0,72.0,"[10.0, 9.0, 7.0, 2.0]","[6.0, 10.0, 21.0, 35.0]",Docenti per fasce di età (%) (A.S. 2025/26),5.4,5.5,6.0,4.2,3.5,3.6
NOPS07000Q,10.0,90.0,"[6.0, 4.0, 0.0, 0.0]","[18.0, 28.0, 18.0, 26.0]",Docenti per fasce di età (%) (A.S. 2025/26),5.3,5.5,6.0,2.5,3.5,3.6
NOPS03500C,,,,,Docenti per fasce di età (%) (A.S. 2025/26),,,,,,
NOPSUI500C,,,,,Docenti per fasce di età (%) (A.S. 2025/26),,,,,,
VCPS021016,30.2,69.7,"[12.1, 9.8, 5.3, 3.0]","[9.1, 15.9, 15.9, 28.8]",Docenti per fasce di età (%) (A.S. 2025/26),2.2,5.5,6.0,4.4,3.5,3.6
PVPSTA500Q,,,,,Docenti per fasce di età (%) (A.S. 2025/26),,,,,,
NOPM010005,17.3,82.7,"[6.7, 4.0, 5.3, 1.3]","[10.7, 22.7, 20.0, 29.3]",Docenti per fasce di età (%) (A.S. 2025/26),11.1,5.5,6.0,8.6,3.5,3.6
PVPM025004,,,,,Docenti per fasce di età (%) (A.S. 2025/26),,,,,,
NOPL015002,,,,,Docenti per fasce di età (%) (A.S. 2025/26),,,,,,
NOSL010001,32.5,67.60000000000001,"[11.5, 7.0, 12.1, 1.9]","[3.2, 16.6, 24.2, 23.6]",Docenti per fasce di età (%) (A.S. 2025/26),6.3,5.5,6.0,2.8,3.5,3.6
NOSL015004,,,,,Docenti per fasce di età (%) (A.S. 2025/26),,,,,,
NOTD002012,28.0,72.0,"[10.0, 9.0, 7.0, 2.0]","[6.0, 10.0, 21.0, 35.0]",Docenti per fasce di età (%) (A.S. 2025/26),5.4,5.5,6.0,4.2,3.5,3.6
NOTD09000R,24.3,75.6,"[7.2, 5.4, 8.1, 3.6]","[9.0, 27.9, 18.0, 20.7]",Docenti per fasce di età (%) (A.S. 2025/26),5.4,5.5,6.0,2.7,3.5,3.6
NOTD035008,,,,,Docenti per fasce di età (%) (A.S. 2025/26),,,,,,
NOTF040002,45.2,54.8,"[13.9, 16.0, 10.4, 4.9]","[6.2, 12.5, 16.7, 19.4]",Docenti per fasce di età (%) (A.S. 2025/26),9.5,5.5,6.0,8.8,3.5,3.6
NOTF03000B,31.2,68.8,"[10.2, 9.2, 8.2, 3.6]","[5.6, 11.7, 21.9, 29.6]",Docenti per fasce di età (%) (A.S. 2025/26),7.3,5.5,6.0,2.3,3.5,3.6
NOTA00301B,49.4,50.5,"[17.2, 18.7, 10.9, 2.6]","[5.2, 12.5, 13.0, 19.8]",Docenti per fasce di età (%) (A.S. 2025/26),4.8,5.5,6.0,2.1,3.5,3.6
NOTB12500G,,,,,Docenti per fasce di età (%) (A.S. 2025/26),,,,,,
NOTL00601Q,45.9,53.9,"[13.7, 16.1, 11.4, 4.7]","[9.0, 13.7, 11.8, 19.4]",Docenti per fasce di età (%) (A.S. 2025/26),13.2,5.5,6.0,1.0,3.5,3.6
VBPS02000P,26.8,73.3,"[12.8, 8.1, 4.7, 1.2]","[4.7, 15.1, 11.6, 41.9]",Docenti per fasce di età (%) (A.S. 2025/26),1.7,5.5,6.0,1.7,3.5,3.6
NOPS00401T,15.1,84.89999999999999,"[6.2, 4.4, 2.7, 1.8]","[5.3, 16.8, 27.4, 35.4]",Docenti per fasce di età (%) (A.S. 2025/26),4.6,5.5,6.0,3.6,3.5,3.6
VAPC020001,14.3,85.8,"[4.3, 5.7, 4.3, 0.0]","[2.9, 10.0, 14.3, 58.6]",Docenti per fasce di età (%) (A.S. 2025/26),0.0,5.4,6.0,5.5,3.5,3.6
VBPS00101A,34.7,65.2,"[20.0, 8.4, 6.3, 0.0]","[6.3, 10.5, 18.9, 29.5]",Docenti per fasce di età (%) (A.S. 2025/26),7.8,5.5,6.0,1.6,3.5,3.6
VAPS11000A,24.0,76.0,"[14.0, 6.0, 2.0, 2.0]","[8.0, 15.0, 21.0, 32.0]",Docenti per fasce di età (%) (A.S. 2025/26),5.2,5.4,6.0,1.3,3.5,3.6
VBTF00701B,19.1,81.0,"[7.7, 4.5, 4.5, 2.4]","[9.7, 15.0, 25.9, 30.4]",Docenti per fasce di età (%) (A.S. 2025/26),3.3,5.5,6.0,1.6,3.5,3.6
VAPS012016,34.2,65.8,"[7.8, 15.0, 8.8, 2.6]","[8.3, 12.4, 17.6, 27.5]",Docenti per fasce di età (%) (A.S. 2025/26),1.7,5.4,6.0,6.0,3.5,3.6
VAPSDE500S,,,,,Docenti per fasce di età (%) (A.S. 2025/26),,,,,,
VAPM01000E,26.2,73.8,"[9.0, 6.9, 3.4, 6.9]","[3.4, 9.0, 19.3, 42.1]",Docenti per fasce di età (%) (A.S. 2025/26),4.6,5.4,6.0,4.6,3.5,3.6
VAPQ02500C,,,,,,,,,,,
VAPL095008,,,,,,,,,,,
VBIS00100X,34.7,65.2,"[20.0, 8.4, 6.3, 0.0]","[6.3, 10.5, 18.9, 29.5]",Docenti per fasce di età (%) (A.S. 2025/26),7.8,5.5,6.0,1.6,3.5,3.6
VASL02801L,,,,,,,,,,,
VASLQ8500T,,,,,Docenti per fasce di età (%) (A.S. 2025/26),,,,,,
VBTD002012,46.3,53.7,"[19.4, 11.9, 9.4, 5.6]","[5.6, 13.1, 13.1, 21.9]",Docenti per fasce di età (%) (A.S. 2025/26),5.1,5.5,6.0,3.9,3.5,3.6
VATD05500V,,,,,Docenti per fasce di età (%) (A.S. 2025/26),,,,,,
PVPS00101G,32.4,67.60000000000001,"[11.8, 7.8, 6.9, 5.9]","[9.8, 18.6, 19.6, 19.6]",Docenti per fasce di età (%) (A.S. 2025/26),10.2,5.4,6.0,1.6,3.5,3.6
PVTD00101B,32.4,67.60000000000001,"[11.8, 7.8, 6.9, 5.9]","[9.8, 18.6, 19.6, 19.6]",Docenti per fasce di età (%) (A.S. 2025/26),10.2,5.4,6.0,1.6,3.5,3.6
VCTD013013,38.1,62.0,"[12.9, 15.1, 7.9, 2.2]","[2.9, 9.4, 20.9, 28.8]",Docenti per fasce di età (%) (A.S. 2025/26),2.3,5.5,6.0,4.3,3.5,3.6
VCTF019018,30.8,69.2,"[10.5, 8.7, 8.7, 2.9]","[9.9, 8.7, 21.5, 29.1]",Docenti per fasce di età (%) (A.S. 2025/26),7.4,5.5,6.0,3.6,3.5,3.6
VCTA01201R,42.5,57.5,"[14.4, 16.1, 10.3, 1.7]","[6.9, 12.1, 14.4, 24.1]",Docenti per fasce di età (%) (A.S. 2025/26),6.7,5.5,6.0,3.1,3.5,3.6
MIPC05000V,5.4,94.6,"[1.8, 1.8, 1.8, 0.0]","[0.0, 7.1, 26.8, 60.7]",Docenti per fasce di età (%) (A.S. 2025/26),10.3,5.4,6.0,0.0,3.5,3.6
MIPC06500L,,,,,Docenti per fasce di età (%) (A.S. 2025/26),,,,,,
MIPC03000N,12.3,87.6,"[2.2, 3.4, 4.5, 2.2]","[3.4, 15.7, 28.1, 40.4]",Docenti per fasce di età (%) (A.S. 2025/26),4.9,5.4,6.0,5.1,3.5,3.6
MIPC005001,,,,,Docenti per fasce di età (%) (A.S. 2025/26),,,,,,
MIPC040008,5.699999999999999,94.1,"[2.9, 1.4, 0.0, 1.4]","[1.4, 2.9, 30.4, 59.4]",Docenti per fasce di età (%) (A.S. 2025/26),3.0,5.4,6.0,0.0,3.5,3.6
MIPC01000C,11.5,88.3,"[5.8, 2.9, 1.4, 1.4]","[1.4, 7.2, 37.7, 42.0]",Docenti per fasce di età (%) (A.S. 2025/26),7.6,5.4,6.0,4.5,3.5,3.6
MIPC170001,5.0,95.0,"[2.5, 2.5, 0.0, 0.0]","[7.6, 11.4, 34.2, 41.8]",Docenti per fasce di età (%) (A.S. 2025/26),1.4,5.4,6.0,2.7,3.5,3.6
MIPC110009,16.3,83.8,"[7.0, 2.3, 4.7, 2.3]","[4.7, 0.0, 23.3, 55.8]",Docenti per fasce di età (%) (A.S. 2025/26),0.0,5.4,6.0,5.6,3.5,3.6
MIPC20000G,16.3,83.7,"[6.5, 2.2, 4.3, 3.3]","[6.5, 22.8, 26.1, 28.3]",Docenti per fasce di età (%) (A.S. 2025/26),6.6,5.4,6.0,2.7,3.5,3.6
MIPC125003,,,,,Docenti per fasce di età (%) (A.S. 2025/26),,,,,,
MIPC15500V,,,,,Docenti per fasce di età (%) (A.S. 2025/26),,,,,,
MIPC18500P,,,,,Docenti per fasce di età (%) (A.S. 2025/26),,,,,,
MIPS02201V,16.9,83.10000000000001,"[3.4, 6.7, 3.4, 3.4]","[2.2, 13.5, 30.3, 37.1]",Docenti per fasce di età (%) (A.S. 2025/26),6.8,5.4,6.0,5.3,3.5,3.6
MIPC10500T,,,,,Docenti per fasce di età (%) (A.S. 2025/26),,,,,,
MIPC039015,16.7,83.3,"[8.3, 5.6, 2.8, 0.0]","[8.3, 19.4, 30.6, 25.0]",Docenti per fasce di età (%) (A.S. 2025/26),7.4,5.4,6.0,3.8,3.5,3.6
MIPM050003,9.5,90.5,"[4.5, 2.5, 1.9, 0.6]","[5.1, 9.6, 28.0, 47.8]",Docenti per fasce di età (%) (A.S. 2025/26),1.4,5.4,6.0,2.8,3.5,3.6
MIPC16500D,,,,,Docenti per fasce di età (%) (A.S. 2025/26),,,,,,
MIPC09500C,,,,,Docenti per fasce di età (%) (A.S. 2025/26),,,,,,
MIPC075007,,,,,Docenti per fasce di età (%) (A.S. 2025/26),,,,,,
MIPC04500B,,,,,Docenti per fasce di età (%) (A.S. 2025/26),,,,,,
MIPS08000T,12.2,87.7,"[2.2, 6.7, 3.3, 0.0]","[4.4, 8.9, 30.0, 44.4]",Docenti per fasce di età (%) (A.S. 2025/26),2.7,5.4,6.0,5.3,3.5,3.6
MIPS03000R,7.3,92.7,"[2.4, 3.7, 1.2, 0.0]","[3.7, 22.0, 20.7, 46.3]",Docenti per fasce di età (%) (A.S. 2025/26),2.7,5.4,6.0,1.4,3.5,3.6
MIPS375001,,,,,Docenti per fasce di età (%) (A.S. 2025/26),,,,,,
MIPS18000P,12.9,87.2,"[5.8, 4.7, 1.2, 1.2]","[4.7, 9.3, 33.7, 39.5]",Docenti per fasce di età (%) (A.S. 2025/26),1.4,5.4,6.0,4.2,3.5,3.6
MIPSR85009,,,,,Docenti per fasce di età (%) (A.S. 2025/26),,,,,,
MIPS01000G,12.8,87.30000000000001,"[5.3, 1.1, 3.2, 3.2]","[4.2, 16.8, 22.1, 44.2]",Docenti per fasce di età (%) (A.S. 2025/26),1.2,5.4,6.0,6.0,3.5,3.6
MIPS070007,10.7,89.3,"[5.8, 2.9, 1.0, 1.0]","[8.7, 16.5, 26.2, 37.9]",Docenti per fasce di età (%) (A.S. 2025/26),6.5,5.4,6.0,5.4,3.5,3.6
MIPS295009,,,,,Docenti per fasce di età (%) (A.S. 2025/26),,,,,,
MIPS026016,17.0,83.0,"[6.5, 6.5, 2.0, 2.0]","[7.2, 11.8, 22.2, 41.8]",Docenti per fasce di età (%) (A.S. 2025/26),1.6,5.4,6.0,8.1,3.5,3.6
MIPS16500L,,,,,Docenti per fasce di età (%) (A.S. 2025/26),,,,,,
MIPS43500B,,,,,Docenti per fasce di età (%) (A.S. 2025/26),,,,,,
MIPS16000D,19.0,81.1,"[5.3, 8.4, 4.2, 1.1]","[3.2, 9.5, 31.6, 36.8]",Docenti per fasce di età (%) (A.S. 2025/26),4.1,5.4,6.0,5.3,3.5,3.6
MIPS07201X,22.2,77.8,"[6.5, 9.8, 3.9, 2.0]","[5.9, 16.3, 24.2, 31.4]",Docenti per fasce di età (%) (A.S. 2025/26),7.1,5.4,6.0,2.6,3.5,3.6
MIPS37000T,11.7,88.3,"[4.3, 2.1, 2.1, 3.2]","[8.5, 24.5, 22.3, 33.0]",Docenti per fasce di età (%) (A.S. 2025/26),6.0,5.4,6.0,2.4,3.5,3.6
MIPS05701T,16.1,83.8,"[3.0, 6.1, 3.0, 4.0]","[4.0, 14.1, 25.3, 40.4]",Docenti per fasce di età (%) (A.S. 2025/26),3.5,5.4,6.0,3.6,3.5,3.6
MIPS20500T,,,,,Docenti per fasce di età (%) (A.S. 2025/26),,,,,,
MIPS09500G,,,,,Docenti per fasce di età (%) (A.S. 2025/26),,,,,,
MIPS26000A,16.6,83.3,"[4.4, 6.7, 3.3, 2.2]","[2.2, 20.0, 31.1, 30.0]",Docenti per fasce di età (%) (A.S. 2025/26),2.7,5.4,6.0,4.1,3.5,3.6
MIPS175007,,,,,Docenti per fasce di età (%) (A.S. 2025/26),,,,,,
MIPS15000V,17.099999999999998,83.0,"[6.1, 3.7, 6.1, 1.2]","[4.9, 15.9, 31.7, 30.5]",Docenti per fasce di età (%) (A.S. 2025/26),1.6,5.4,6.0,4.8,3.5,3.6
MIPS039018,16.7,83.3,"[8.3, 5.6, 2.8, 0.0]","[8.3, 19.4, 30.6, 25.0]",Docenti per fasce di età (%) (A.S. 2025/26),7.4,5.4,6.0,3.8,3.5,3.6
MITE01000V,21.2,78.8,"[8.8, 8.0, 3.5, 0.9]","[6.2, 15.9, 24.8, 31.9]",Docenti per fasce di età (%) (A.S. 2025/26),5.7,5.4,6.0,1.1,3.5,3.6
MIPS01500P,,,,,Docenti per fasce di età (%) (A.S. 2025/26),,,,,,
MIPS085001,,,,,Docenti per fasce di età (%) (A.S. 2025/26),,,,,,
MIPS02301P,20.9,79.1,"[5.4, 7.4, 5.4, 2.7]","[8.1, 17.6, 27.7, 25.7]",Docenti per fasce di età (%) (A.S. 2025/26),11.3,5.4,6.0,4.5,3.5,3.6
MIPS74500L,,,,,Docenti per fasce di età (%) (A.S. 2025/26),,,,,,
MIPS735002,,,,,Docenti per fasce di età (%) (A.S. 2025/26),,,,,,
MIPS535008,,,,,Docenti per fasce di età (%) (A.S. 2025/26),,,,,,
MIPS415006,,,,,,,,,,,
MIPSPS500G,,,,,Docenti per fasce di età (%) (A.S. 2025/26),,,,,,
MIPS06500Q,,,,,Docenti per fasce di età (%) (A.S. 2025/26),,,,,,
MIPS54500V,,,,,Docenti per fasce di età (%) (A.S. 2025/26),,,,,,
MIPS055005,,,,,Docenti per fasce di età (%) (A.S. 2025/26),,,,,,
MIPS04500E,,,,,Docenti per fasce di età (%) (A.S. 2025/26),,,,,,
MIPSEN500E,,,,,Docenti per fasce di età (%) (A.S. 2025/26),,,,,,
MITF28000N,,,,,,,,,,,
MIPS42500R,,,,,Docenti per fasce di età (%) (A.S. 2025/26),,,,,,
MITF070009,21.7,78.39999999999999,"[5.4, 9.5, 5.4, 1.4]","[6.8, 16.2, 18.9, 36.5]",Docenti per fasce di età (%) (A.S. 2025/26),2.9,5.4,6.0,5.7,3.5,3.6
MITF11000E,18.0,81.8,"[7.2, 7.2, 2.9, 0.7]","[4.3, 18.8, 27.5, 31.2]",Docenti per fasce di età (%) (A.S. 2025/26),0.9,5.4,6.0,1.9,3.5,3.6
MITF00801P,23.3,76.7,"[7.8, 8.5, 6.2, 0.8]","[9.3, 20.9, 22.5, 24.0]",Docenti per fasce di età (%) (A.S. 2025/26),7.7,5.4,6.0,0.0,3.5,3.6
MITF01701D,23.700000000000003,76.4,"[8.4, 7.9, 3.7, 3.7]","[6.8, 18.8, 26.7, 24.1]",Docenti per fasce di età (%) (A.S. 2025/26),4.0,5.4,6.0,5.6,3.5,3.6
MITF093013,25.5,74.4,"[7.1, 8.9, 7.7, 1.8]","[12.5, 13.1, 20.2, 28.6]",Docenti per fasce di età (%) (A.S. 2025/26),10.3,5.4,6.0,1.7,3.5,3.6
MITF05401C,26.4,73.6,"[8.8, 8.8, 5.1, 3.7]","[8.1, 16.2, 20.6, 28.7]",Docenti per fasce di età (%) (A.S. 2025/26),7.4,5.4,6.0,2.2,3.5,3.6
MITF30000N,,,,,,,,,,,
MITF290008,34.9,65.1,"[11.3, 12.3, 7.5, 3.8]","[11.3, 12.3, 17.0, 24.5]",Docenti per fasce di età (%) (A.S. 2025/26),21.3,5.4,6.0,2.9,3.5,3.6
MITF03801E,27.6,72.2,"[8.9, 9.4, 7.0, 2.3]","[7.0, 19.2, 18.8, 27.2]",Docenti per fasce di età (%) (A.S. 2025/26),4.8,5.4,6.0,2.8,3.5,3.6
MIPSVC500V,,,,,Docenti per fasce di età (%) (A.S. 2025/26),,,,,,
MIPSE7500I,,,,,Docenti per fasce di età (%) (A.S. 2025/26),,,,,,
MIPSRF5008,,,,,Docenti per fasce di età (%) (A.S. 2025/26),,,,,,
MIPSQ55000,,,,,Docenti per fasce di età (%) (A.S. 2025/26),,,,,,
MIPS10101P,27.2,72.7,"[11.8, 1.8, 9.1, 4.5]","[4.5, 19.1, 19.1, 30.0]",Docenti per fasce di età (%) (A.S. 2025/26),9.9,5.4,6.0,3.8,3.5,3.6
MIPSQV500F,,,,,Docenti per fasce di età (%) (A.S. 2025/26),,,,,,
MIPSO8500I,,,,,Docenti per fasce di età (%) (A.S. 2025/26),,,,,,
MIPSQB5007,,,,,Docenti per fasce di età (%) (A.S. 2025/26),,,,,,
MIPSIG500R,,,,,Docenti per fasce di età (%) (A.S. 2025/26),,,,,,
MIPS79500P,,,,,Docenti per fasce di età (%) (A.S. 2025/26),,,,,,
MIPM1R500Q,,,,,Docenti per fasce di età (%) (A.S. 2025/26),,,,,,
MIPMEO500H,,,,,Docenti per fasce di età (%) (A.S. 2025/26),,,,,,
MIPM58500Q,,,,,Docenti per fasce di età (%) (A.S. 2025/26),,,,,,
MIPM070008,17.3,82.6,"[2.7, 9.3, 5.3, 0.0]","[1.3, 10.7, 41.3, 29.3]",Docenti per fasce di età (%) (A.S. 2025/26),4.7,5.4,6.0,3.1,3.5,3.6
MIPM11000D,17.4,82.6,"[4.6, 8.7, 2.9, 1.2]","[5.8, 15.0, 25.4, 36.4]",Docenti per fasce di età (%) (A.S. 2025/26),3.8,5.4,6.0,1.6,3.5,3.6
MIPM03000T,21.9,78.2,"[5.3, 12.0, 3.8, 0.8]","[4.5, 11.3, 26.3, 36.1]",Docenti per fasce di età (%) (A.S. 2025/26),13.6,5.4,6.0,1.0,3.5,3.6
MIPS03601R,29.6,70.4,"[10.4, 11.3, 7.0, 0.9]","[9.6, 13.0, 19.1, 28.7]",Docenti per fasce di età (%) (A.S. 2025/26),17.0,5.4,6.0,4.4,3.5,3.6
MIPM01500Q,,,,,Docenti per fasce di età (%) (A.S. 2025/26),,,,,,
MIPQ01500X,,,,,Docenti per fasce di età (%) (A.S. 2025/26),,,,,,
MIPMZS500F,,,,,Docenti per fasce di età (%) (A.S. 2025/26),,,,,,
MIPS04301X,24.5,75.4,"[1.9, 9.4, 9.4, 3.8]","[4.7, 13.2, 24.5, 33.0]",Docenti per fasce di età (%) (A.S. 2025/26),4.6,5.4,6.0,4.9,3.5,3.6
MIPM04500G,,,,,Docenti per fasce di età (%) (A.S. 2025/26),,,,,,
MIPMU4500Z,,,,,Docenti per fasce di età (%) (A.S. 2025/26),,,,,,
MIPMRI500E,,,,,Docenti per fasce di età (%) (A.S. 2025/26),,,,,,
MIPMGC500D,,,,,Docenti per fasce di età (%) (A.S. 2025/26),,,,,,
MIPS05801N,45.0,54.9,"[14.0, 19.9, 7.3, 3.8]","[7.7, 12.9, 16.8, 17.5]",Docenti per fasce di età (%) (A.S. 2025/26),7.4,5.4,6.0,2.6,3.5,3.6
MIPL125001,,,,,Docenti per fasce di età (%) (A.S. 2025/26),,,,,,
MIPS05401A,26.4,73.6,"[8.8, 8.8, 5.1, 3.7]","[8.1, 16.2, 20.6, 28.7]",Docenti per fasce di età (%) (A.S. 2025/26),7.4,5.4,6.0,2.2,3.5,3.6
MIPS08101P,13.6,86.3,"[2.9, 5.8, 3.9, 1.0]","[1.9, 13.6, 25.2, 45.6]",Docenti per fasce di età (%) (A.S. 2025/26),2.3,5.4,6.0,3.4,3.5,3.6
MIPS05101V,16.1,83.8,"[4.0, 9.1, 3.0, 0.0]","[5.1, 22.2, 23.2, 33.3]",Docenti per fasce di età (%) (A.S. 2025/26),4.7,5.4,6.0,7.5,3.5,3.6
MIPL30500D,,,,,Docenti per fasce di età (%) (A.S. 2025/26),,,,,,
MITN03000E,25.2,74.9,"[8.4, 9.1, 4.9, 2.8]","[9.1, 14.0, 21.0, 30.8]",Docenti per fasce di età (%) (A.S. 2025/26),7.1,5.4,6.0,2.0,3.5,3.6
MIPL08500Q,,,,,Docenti per fasce di età (%) (A.S. 2025/26),,,,,,
MIPS09901X,22.5,77.5,"[3.4, 9.0, 5.6, 4.5]","[9.0, 13.5, 21.3, 33.7]",Docenti per fasce di età (%) (A.S. 2025/26),7.7,5.4,6.0,1.6,3.5,3.6
MIPL15500R,,,,,Docenti per fasce di età (%) (A.S. 2025/26),,,,,,
MIPL335009,,,,,Docenti per fasce di età (%) (A.S. 2025/26),,,,,,
MITN02000X,27.2,73.1,"[12.2, 9.5, 4.1, 1.4]","[9.5, 17.6, 20.3, 25.7]",Docenti per fasce di età (%) (A.S. 2025/26),7.4,5.4,6.0,1.9,3.5,3.6
MIPLVI500L,,,,,Docenti per fasce di età (%) (A.S. 2025/26),,,,,,
MIPL0Z500D,,,,,Docenti per fasce di età (%) (A.S. 2025/26),,,,,,
MISL025006,,,,,Docenti per fasce di età (%) (A.S. 2025/26),,,,,,
MISL04500B,,,,,Docenti per fasce di età (%) (A.S. 2025/26),,,,,,
MISL01000C,12.4,87.5,"[3.1, 4.4, 3.7, 1.2]","[3.1, 20.0, 29.4, 35.0]",Docenti per fasce di età (%) (A.S. 2025/26),3.7,5.4,6.0,5.2,3.5,3.6
MISL020003,22.8,77.2,"[6.1, 7.0, 4.4, 5.3]","[2.6, 16.7, 30.7, 27.2]",Docenti per fasce di età (%) (A.S. 2025/26),7.1,5.4,6.0,4.8,3.5,3.6
MISL047014,22.4,77.5,"[8.3, 5.8, 5.8, 2.5]","[5.8, 18.3, 19.2, 34.2]",Docenti per fasce di età (%) (A.S. 2025/26),4.5,5.4,6.0,1.2,3.5,3.6
MISL03000N,12.2,88.0,"[3.8, 6.1, 0.8, 1.5]","[6.1, 9.1, 31.1, 41.7]",Docenti per fasce di età (%) (A.S. 2025/26),5.3,5.4,6.0,5.4,3.5,3.6
MISL075007,,,,,Docenti per fasce di età (%) (A.S. 2025/26),,,,,,
MITD5V500H,,,,,Docenti per fasce di età (%) (A.S. 2025/26),,,,,,
MITD08101E,13.6,86.3,"[2.9, 5.8, 3.9, 1.0]","[1.9, 13.6, 25.2, 45.6]",Docenti per fasce di età (%) (A.S. 2025/26),2.3,5.4,6.0,3.4,3.5,3.6
MITD09301R,25.5,74.4,"[7.1, 8.9, 7.7, 1.8]","[12.5, 13.1, 20.2, 28.6]",Docenti per fasce di età (%) (A.S. 2025/26),10.3,5.4,6.0,1.7,3.5,3.6
MITD05701N,16.1,83.8,"[3.0, 6.1, 3.0, 4.0]","[4.0, 14.1, 25.3, 40.4]",Docenti per fasce di età (%) (A.S. 2025/26),3.5,5.4,6.0,3.6,3.5,3.6
MITN05101L,16.1,83.8,"[4.0, 9.1, 3.0, 0.0]","[5.1, 22.2, 23.2, 33.3]",Docenti per fasce di età (%) (A.S. 2025/26),4.7,5.4,6.0,7.5,3.5,3.6
MITD13500L,,,,,Docenti per fasce di età (%) (A.S. 2025/26),,,,,,
MITD04301Q,24.5,75.4,"[1.9, 9.4, 9.4, 3.8]","[4.7, 13.2, 24.5, 33.0]",Docenti per fasce di età (%) (A.S. 2025/26),4.6,5.4,6.0,4.9,3.5,3.6
MITD260006,,,,,,,,,,,
MITD03601L,29.6,70.4,"[10.4, 11.3, 7.0, 0.9]","[9.6, 13.0, 19.1, 28.7]",Docenti per fasce di età (%) (A.S. 2025/26),17.0,5.4,6.0,4.4,3.5,3.6
MITD026012,17.0,83.0,"[6.5, 6.5, 2.0, 2.0]","[7.2, 11.8, 22.2, 41.8]",Docenti per fasce di età (%) (A.S. 2025/26),1.6,5.4,6.0,8.1,3.5,3.6
MITD500005,,,,,,,,,,,
MITD02301E,20.9,79.1,"[5.4, 7.4, 5.4, 2.7]","[8.1, 17.6, 27.7, 25.7]",Docenti per fasce di età (%) (A.S. 2025/26),11.3,5.4,6.0,4.5,3.5,3.6
MITD02201P,16.9,83.10000000000001,"[3.4, 6.7, 3.4, 3.4]","[2.2, 13.5, 30.3, 37.1]",Docenti per fasce di età (%) (A.S. 2025/26),6.8,5.4,6.0,5.3,3.5,3.6
MITD004015,24.5,75.4,"[5.9, 7.6, 6.8, 4.2]","[4.2, 17.8, 22.9, 30.5]",Docenti per fasce di età (%) (A.S. 2025/26),3.8,5.4,6.0,1.4,3.5,3.6
MITN09401E,33.6,66.5,"[11.8, 11.8, 7.6, 2.4]","[11.2, 20.6, 14.1, 20.6]",Docenti per fasce di età (%) (A.S. 2025/26),6.1,5.4,6.0,3.3,3.5,3.6
MITD047013,22.4,77.5,"[8.3, 5.8, 5.8, 2.5]","[5.8, 18.3, 19.2, 34.2]",Docenti per fasce di età (%) (A.S. 2025/26),4.5,5.4,6.0,1.2,3.5,3.6
MITN03500N,,,,,Docenti per fasce di età (%) (A.S. 2025/26),,,,,,
MITN102018,,,,,,,,,,,
MITNUQ500H,,,,,Docenti per fasce di età (%) (A.S. 2025/26),,,,,,
MITD125002,,,,,,,,,,,
MITD08500R,,,,,,,,,,,
MITD11500B,,,,,Docenti per fasce di età (%) (A.S. 2025/26),,,,,,
MITD25500P,,,,,Docenti per fasce di età (%) (A.S. 2025/26),,,,,,
MITDGN5002,,,,,Docenti per fasce di età (%) (A.S. 2025/26),,,,,,
MITL00401G,24.5,75.4,"[5.9, 7.6, 6.8, 4.2]","[4.2, 17.8, 22.9, 30.5]",Docenti per fasce di età (%) (A.S. 2025/26),3.8,5.4,6.0,1.4,3.5,3.6
MITF24500A,,,,,,,,,,,
MITF035002,,,,,Docenti per fasce di età (%) (A.S. 2025/26),,,,,,
MITF11500N,,,,,Docenti per fasce di età (%) (A.S. 2025/26),,,,,,
MITF08201L,29.3,70.7,"[5.1, 10.7, 8.4, 5.1]","[2.2, 16.3, 21.9, 30.3]",Docenti per fasce di età (%) (A.S. 2025/26),6.1,5.4,6.0,4.2,3.5,3.6
MITF005006,,,,,Docenti per fasce di età (%) (A.S. 2025/26),,,,,,
MITB025006,,,,,Docenti per fasce di età (%) (A.S. 2025/26),,,,,,
MITF077015,36.2,63.8,"[10.6, 15.3, 7.7, 2.6]","[10.6, 17.9, 20.0, 15.3]",Docenti per fasce di età (%) (A.S. 2025/26),16.8,5.4,6.0,0.6,3.5,3.6
MITF105003,,,,,Docenti per fasce di età (%) (A.S. 2025/26),,,,,,
MITF19000B,23.5,76.4,"[8.4, 10.1, 2.8, 2.2]","[10.6, 22.3, 15.6, 27.9]",Docenti per fasce di età (%) (A.S. 2025/26),0.8,5.4,6.0,1.6,3.5,3.6
MITL035006,,,,,Docenti per fasce di età (%) (A.S. 2025/26),,,,,,
MITF07901R,30.9,69.2,"[10.1, 14.9, 4.8, 1.1]","[8.0, 21.8, 21.8, 17.6]",Docenti per fasce di età (%) (A.S. 2025/26),8.6,5.4,6.0,3.8,3.5,3.6
BGPC02000C,4.1,95.8,"[4.1, 0.0, 0.0, 0.0]","[0.0, 12.2, 36.7, 46.9]",Docenti per fasce di età (%) (A.S. 2025/26),4.0,5.4,6.0,10.0,3.5,3.6
BGPC02500G,,,,,Docenti per fasce di età (%) (A.S. 2025/26),,,,,,
BGPS028017,,,,,,,,,,,
BGPS05000B,6.5,93.3,"[3.9, 2.6, 0.0, 0.0]","[3.9, 7.9, 27.6, 53.9]",Docenti per fasce di età (%) (A.S. 2025/26),8.3,5.4,6.0,7.2,3.5,3.6
BGPS02000G,5.9,94.1,"[4.2, 1.7, 0.0, 0.0]","[2.5, 14.3, 28.6, 48.7]",Docenti per fasce di età (%) (A.S. 2025/26),0.0,5.4,6.0,7.1,3.5,3.6
BGPS135006,,,,,Docenti per fasce di età (%) (A.S. 2025/26),,,,,,
BGPS02500P,,,,,Docenti per fasce di età (%) (A.S. 2025/26),,,,,,
BGPS12500G,,,,,Docenti per fasce di età (%) (A.S. 2025/26),,,,,,
BGPS03201V,7.9,92.0,"[3.3, 1.3, 2.0, 1.3]","[4.6, 20.5, 23.2, 43.7]",Docenti per fasce di età (%) (A.S. 2025/26),1.5,5.4,6.0,1.5,3.5,3.6
BGPS01702T,23.8,76.1,"[8.1, 8.1, 4.9, 2.7]","[9.7, 21.6, 20.5, 24.3]",Docenti per fasce di età (%) (A.S. 2025/26),7.5,5.4,6.0,1.4,3.5,3.6
BGPSBT5004,,,,,Docenti per fasce di età (%) (A.S. 2025/26),,,,,,
BGPSQZ500T,,,,,Docenti per fasce di età (%) (A.S. 2025/26),,,,,,
BGPS0D500U,,,,,Docenti per fasce di età (%) (A.S. 2025/26),,,,,,
BGPSDM500A,,,,,Docenti per fasce di età (%) (A.S. 2025/26),,,,,,
BGPSRR5006,,,,,Docenti per fasce di età (%) (A.S. 2025/26),,,,,,
BGPM010002,19.3,80.6,"[4.4, 6.2, 7.5, 1.2]","[2.5, 11.2, 21.9, 45.0]",Docenti per fasce di età (%) (A.S. 2025/26),2.3,5.4,6.0,3.0,3.5,3.6
BGPM03500A,,,,,,,,,,,
BGPQ235008,,,,,Docenti per fasce di età (%) (A.S. 2025/26),,,,,,
BGPM02601L,27.9,72.1,"[7.5, 8.2, 6.8, 5.4]","[5.4, 17.0, 21.8, 27.9]",Docenti per fasce di età (%) (A.S. 2025/26),8.6,5.4,6.0,3.7,3.5,3.6
BGPMVO500T,,,,,Docenti per fasce di età (%) (A.S. 2025/26),,,,,,
BGPM02000L,14.0,85.9,"[6.2, 2.3, 3.9, 1.6]","[0.8, 8.6, 28.1, 48.4]",Docenti per fasce di età (%) (A.S. 2025/26),1.8,5.4,6.0,8.1,3.5,3.6
BGPL04500P,,,,,Docenti per fasce di età (%) (A.S. 2025/26),,,,,,
BGPL055009,,,,,Docenti per fasce di età (%) (A.S. 2025/26),,,,,,
BGSD01500E,,,,,Docenti per fasce di età (%) (A.S. 2025/26),,,,,,
BGSL01000T,14.2,85.9,"[3.4, 7.4, 2.7, 0.7]","[4.7, 17.4, 33.6, 30.2]",Docenti per fasce di età (%) (A.S. 2025/26),4.8,5.4,6.0,2.4,3.5,3.6
BGTD03901D,12.4,87.7,"[5.7, 2.9, 3.8, 0.0]","[1.0, 10.5, 26.7, 49.5]",Docenti per fasce di età (%) (A.S. 2025/26),8.4,5.4,6.0,2.2,3.5,3.6
BGTF01701V,23.8,76.1,"[8.1, 8.1, 4.9, 2.7]","[9.7, 21.6, 20.5, 24.3]",Docenti per fasce di età (%) (A.S. 2025/26),7.5,5.4,6.0,1.4,3.5,3.6
BGTD030002,18.0,81.9,"[7.2, 6.5, 3.6, 0.7]","[3.6, 11.6, 26.8, 39.9]",Docenti per fasce di età (%) (A.S. 2025/26),4.7,5.4,6.0,7.3,3.5,3.6
BGTD085006,,,,,Docenti per fasce di età (%) (A.S. 2025/26),,,,,,
BGTD01500X,,,,,,,,,,,
BGTF032011,7.9,92.0,"[3.3, 1.3, 2.0, 1.3]","[4.6, 20.5, 23.2, 43.7]",Docenti per fasce di età (%) (A.S. 2025/26),1.5,5.4,6.0,1.5,3.5,3.6
BGTA03101C,16.7,83.4,"[5.0, 4.2, 5.8, 1.7]","[11.7, 15.0, 19.2, 37.5]",Docenti per fasce di età (%) (A.S. 2025/26),3.3,5.4,6.0,3.4,3.5,3.6
BGTL02000T,36.0,64.0,"[12.4, 9.0, 6.7, 7.9]","[1.1, 15.7, 14.6, 32.6]",Docenti per fasce di età (%) (A.S. 2025/26),5.8,5.4,6.0,3.9,3.5,3.6
BGTF010003,12.5,87.6,"[3.4, 5.1, 3.4, 0.6]","[8.5, 14.1, 31.1, 33.9]",Docenti per fasce di età (%) (A.S. 2025/26),3.8,5.4,6.0,5.7,3.5,3.6
BGTL025001,,,,,,,,,,,
BGTB015001,,,,,Docenti per fasce di età (%) (A.S. 2025/26),,,,,,
BGTF029015,32.3,67.7,"[11.2, 13.0, 6.2, 1.9]","[14.3, 21.1, 19.9, 12.4]",Docenti per fasce di età (%) (A.S. 2025/26),8.4,5.4,6.0,3.0,3.5,3.6
BGTFE7500I,,,,,,,,,,,
BSPC01500D,,,,,Docenti per fasce di età (%) (A.S. 2025/26),,,,,,
BSPC01000A,8.9,91.2,"[3.5, 1.8, 1.8, 1.8]","[0.0, 14.0, 24.6, 52.6]",Docenti per fasce di età (%) (A.S. 2025/26),1.9,5.4,6.0,1.9,3.5,3.6
BSPS01000D,7.8,92.2,"[5.6, 0.0, 1.1, 1.1]","[4.5, 9.0, 23.6, 55.1]",Docenti per fasce di età (%) (A.S. 2025/26),2.4,5.4,6.0,5.9,3.5,3.6
BSPS070005,9.4,90.6,"[4.7, 1.9, 0.9, 1.9]","[3.7, 13.1, 18.7, 55.1]",Docenti per fasce di età (%) (A.S. 2025/26),0.0,5.4,6.0,4.1,3.5,3.6
BSPSTZ5004,,,,,,,,,,,
BSPS08500V,,,,,Docenti per fasce di età (%) (A.S. 2025/26),,,,,,
BSPS025007,,,,,,,,,,,
BSPS075008,,,,,Docenti per fasce di età (%) (A.S. 2025/26),,,,,,
BSPS01500L,,,,,Docenti per fasce di età (%) (A.S. 2025/26),,,,,,
BSPS11000A,5.5,94.5,"[0.6, 3.1, 0.6, 1.2]","[2.5, 22.2, 24.1, 45.7]",Docenti per fasce di età (%) (A.S. 2025/26),0.7,5.4,6.0,7.3,3.5,3.6
BSPSS1500O,,,,,Docenti per fasce di età (%) (A.S. 2025/26),,,,,,
BSPSB05000,,,,,Docenti per fasce di età (%) (A.S. 2025/26),,,,,,
BSPS6Z5004,,,,,Docenti per fasce di età (%) (A.S. 2025/26),,,,,,
BSPSO5500G,,,,,Docenti per fasce di età (%) (A.S. 2025/26),,,,,,
BSPM020005,14.0,85.9,"[5.6, 4.9, 2.8, 0.7]","[4.9, 12.0, 17.6, 51.4]",Docenti per fasce di età (%) (A.S. 2025/26),4.1,5.4,6.0,10.8,3.5,3.6
BSPM04000A,15.7,84.3,"[6.6, 3.3, 4.1, 1.7]","[3.3, 7.4, 27.3, 46.3]",Docenti per fasce di età (%) (A.S. 2025/26),1.0,5.4,6.0,4.1,3.5,3.6
BSPM025008,,,,,,,,,,,
BSPMS9500M,,,,,Docenti per fasce di età (%) (A.S. 2025/26),,,,,,
BSPME1500B,,,,,Docenti per fasce di età (%) (A.S. 2025/26),,,,,,
BSPM57500D,,,,,Docenti per fasce di età (%) (A.S. 2025/26),,,,,,
BSPS02401C,9.8,90.3,"[2.1, 4.9, 2.1, 0.7]","[3.5, 14.6, 24.3, 47.9]",Docenti per fasce di età (%) (A.S. 2025/26),2.4,5.4,6.0,6.3,3.5,3.6
BSPLMR500P,,,,,Docenti per fasce di età (%) (A.S. 2025/26),,,,,,
BSSL03601G,21.1,78.9,"[9.7, 5.7, 4.0, 1.7]","[4.5, 13.1, 29.5, 31.8]",Docenti per fasce di età (%) (A.S. 2025/26),7.4,5.4,6.0,3.5,3.5,3.6
BSSL01500D,,,,,Docenti per fasce di età (%) (A.S. 2025/26),,,,,,
BSTD024018,9.8,90.3,"[2.1, 4.9, 2.1, 0.7]","[3.5, 14.6, 24.3, 47.9]",Docenti per fasce di età (%) (A.S. 2025/26),2.4,5.4,6.0,6.3,3.5,3.6
BSTD15000L,17.6,82.4,"[4.8, 6.4, 3.2, 3.2]","[5.6, 14.4, 20.8, 41.6]",Docenti per fasce di età (%) (A.S. 2025/26),6.1,5.4,6.0,5.1,3.5,3.6
BSTD03101B,25.9,74.0,"[8.6, 10.3, 5.9, 1.1]","[3.2, 17.3, 25.9, 27.6]",Docenti per fasce di età (%) (A.S. 2025/26),0.7,5.4,6.0,7.5,3.5,3.6
BSTD01500C,,,,,Docenti per fasce di età (%) (A.S. 2025/26),,,,,,
BSTD02901B,20.0,79.9,"[8.5, 6.1, 4.2, 1.2]","[10.3, 22.4, 24.8, 22.4]",Docenti per fasce di età (%) (A.S. 2025/26),7.2,5.4,6.0,4.3,3.5,3.6
BSTN01500A,,,,,Docenti per fasce di età (%) (A.S. 2025/26),,,,,,
BSTD02801G,25.6,74.5,"[9.7, 6.9, 6.9, 2.1]","[10.3, 15.2, 19.3, 29.7]",Docenti per fasce di età (%) (A.S. 2025/26),7.4,5.4,6.0,4.3,3.5,3.6
BSTD355007,,,,,Docenti per fasce di età (%) (A.S. 2025/26),,,,,,
BSTL036022,21.1,78.9,"[9.7, 5.7, 4.0, 1.7]","[4.5, 13.1, 29.5, 31.8]",Docenti per fasce di età (%) (A.S. 2025/26),7.4,5.4,6.0,3.5,3.5,3.6
BSTA01000V,19.1,80.9,"[7.3, 9.1, 1.8, 0.9]","[8.2, 14.5, 19.1, 39.1]",Docenti per fasce di età (%) (A.S. 2025/26),5.2,5.4,6.0,6.2,3.5,3.6
BSTF03701L,7.5,92.5,"[1.9, 1.9, 2.8, 0.9]","[2.3, 9.4, 29.6, 51.2]",Docenti per fasce di età (%) (A.S. 2025/26),4.4,5.4,6.0,3.9,3.5,3.6
BSTF01500P,,,,,Docenti per fasce di età (%) (A.S. 2025/26),,,,,,
BSTL01500V,,,,,Docenti per fasce di età (%) (A.S. 2025/26),,,,,,
BSTF4M5001,,,,,Docenti per fasce di età (%) (A.S. 2025/26),,,,,,
COPC020007,13.0,87.1,"[6.5, 2.6, 2.6, 1.3]","[6.5, 16.9, 14.3, 49.4]",Docenti per fasce di età (%) (A.S. 2025/26),0.0,5.4,6.0,9.7,3.5,3.6
COPS04000G,10.6,89.4,"[4.7, 3.5, 0.0, 2.4]","[3.5, 17.6, 22.4, 45.9]",Docenti per fasce di età (%) (A.S. 2025/26),1.3,5.4,6.0,2.8,3.5,3.6
COPS030001,3.3,96.7,"[2.5, 0.0, 0.8, 0.0]","[2.5, 10.8, 26.7, 56.7]",Docenti per fasce di età (%) (A.S. 2025/26),2.6,5.4,6.0,6.0,3.5,3.6
COPS055009,,,,,Docenti per fasce di età (%) (A.S. 2025/26),,,,,,
COPS02500D,,,,,,,,,,,
COPS007011,16.599999999999998,83.5,"[5.1, 4.0, 4.6, 2.9]","[4.6, 18.9, 24.0, 36.0]",Docenti per fasce di età (%) (A.S. 2025/26),5.8,5.4,6.0,1.4,3.5,3.6
COPSZG500O,,,,,Docenti per fasce di età (%) (A.S. 2025/26),,,,,,
COPSUC5004,,,,,Docenti per fasce di età (%) (A.S. 2025/26),,,,,,
COPSIS500Q,,,,,Docenti per fasce di età (%) (A.S. 2025/26),,,,,,
COPM02000B,16.4,83.6,"[5.5, 5.5, 3.1, 2.3]","[8.6, 12.5, 28.9, 33.6]",Docenti per fasce di età (%) (A.S. 2025/26),2.9,5.4,6.0,2.9,3.5,3.6
COPM02500E,,,,,Docenti per fasce di età (%) (A.S. 2025/26),,,,,,
COPM030002,10.8,89.2,"[2.7, 0.0, 5.4, 2.7]","[6.8, 18.9, 28.4, 35.1]",Docenti per fasce di età (%) (A.S. 2025/26),3.2,5.4,6.0,1.6,3.5,3.6
COPL08500X,,,,,Docenti per fasce di età (%) (A.S. 2025/26),,,,,,
COPL025008,,,,,Docenti per fasce di età (%) (A.S. 2025/26),,,,,,
COSD02000R,20.9,79.2,"[7.0, 3.5, 7.8, 2.6]","[6.1, 16.5, 27.0, 29.6]",Docenti per fasce di età (%) (A.S. 2025/26),2.4,5.4,6.0,4.8,3.5,3.6
COSLAN5003,,,,,,,,,,,
COTD01000G,23.8,76.3,"[7.7, 9.1, 4.2, 2.8]","[4.2, 20.3, 16.8, 35.0]",Docenti per fasce di età (%) (A.S. 2025/26),4.5,5.4,6.0,3.7,3.5,3.6
COTD105001,,,,,Docenti per fasce di età (%) (A.S. 2025/26),,,,,,
COTF01000T,12.4,87.6,"[2.5, 3.7, 5.6, 0.6]","[6.8, 20.5, 22.4, 37.9]",Docenti per fasce di età (%) (A.S. 2025/26),0.8,5.4,6.0,4.7,3.5,3.6
COTF007013,16.599999999999998,83.5,"[5.1, 4.0, 4.6, 2.9]","[4.6, 18.9, 24.0, 36.0]",Docenti per fasce di età (%) (A.S. 2025/26),5.8,5.4,6.0,1.4,3.5,3.6
COTB01500Q,,,,,Docenti per fasce di età (%) (A.S. 2025/26),,,,,,
COTL045001,,,,,Docenti per fasce di età (%) (A.S. 2025/26),,,,,,
COTF00901P,34.7,65.3,"[8.6, 15.7, 9.0, 1.4]","[9.0, 14.8, 21.0, 20.5]",Docenti per fasce di età (%) (A.S. 2025/26),7.6,5.4,6.0,3.5,3.5,3.6
CRPC02000A,20.0,80.1,"[8.6, 5.7, 1.4, 4.3]","[5.7, 12.9, 18.6, 42.9]",Docenti per fasce di età (%) (A.S. 2025/26),6.8,5.4,6.0,1.7,3.5,3.6
CRPC035004,,,,,Docenti per fasce di età (%) (A.S. 2025/26),,,,,,
CRPS01000V,9.8,90.4,"[3.7, 3.7, 1.2, 1.2]","[3.7, 15.9, 23.2, 47.6]",Docenti per fasce di età (%) (A.S. 2025/26),2.7,5.4,6.0,2.7,3.5,3.6
CRPS00500B,,,,,Docenti per fasce di età (%) (A.S. 2025/26),,,,,,
CRPS00401L,28.0,71.9,"[11.4, 7.9, 4.8, 3.9]","[11.4, 13.2, 24.1, 23.2]",Docenti per fasce di età (%) (A.S. 2025/26),2.0,5.4,6.0,6.1,3.5,3.6
CRPSVN500C,,,,,Docenti per fasce di età (%) (A.S. 2025/26),,,,,,
BSPS013012,30.0,70.1,"[8.8, 15.0, 4.8, 1.4]","[10.2, 17.7, 23.8, 18.4]",Docenti per fasce di età (%) (A.S. 2025/26),11.5,5.4,6.0,5.3,3.5,3.6
PCPS004011,35.1,64.9,"[10.6, 13.9, 6.0, 4.6]","[8.6, 13.9, 22.5, 19.9]",Docenti per fasce di età (%) (A.S. 2025/26),9.2,5.5,6.0,1.1,3.1,3.6
CRPM02000E,13.8,86.3,"[5.3, 3.2, 3.2, 2.1]","[13.7, 14.7, 28.4, 29.5]",Docenti per fasce di età (%) (A.S. 2025/26),7.2,5.4,6.0,2.4,3.5,3.6
BSPS01103C,31.0,69.1,"[9.8, 12.9, 5.7, 2.6]","[15.5, 17.5, 16.0, 20.1]",Docenti per fasce di età (%) (A.S. 2025/26),7.9,5.4,6.0,1.6,3.5,3.6
MNPS008015,30.700000000000003,69.1,"[14.3, 8.8, 6.0, 1.6]","[11.5, 15.9, 22.5, 19.2]",Docenti per fasce di età (%) (A.S. 2025/26),8.9,5.4,6.0,3.4,3.5,3.6
CRPL01500R,,,,,Docenti per fasce di età (%) (A.S. 2025/26),,,,,,
CRSL00801R,33.5,66.4,"[11.7, 8.4, 7.3, 6.1]","[3.9, 8.9, 22.3, 31.3]",Docenti per fasce di età (%) (A.S. 2025/26),2.6,5.4,6.0,0.9,3.5,3.6
CRSL01601Q,17.4,82.4,"[8.0, 5.8, 2.9, 0.7]","[10.9, 19.7, 22.6, 29.2]",Docenti per fasce di età (%) (A.S. 2025/26),8.7,5.4,6.0,1.8,3.5,3.6
PCSL007019,39.1,61.0,"[10.6, 10.1, 12.3, 6.1]","[1.7, 9.5, 20.7, 29.1]",Docenti per fasce di età (%) (A.S. 2025/26),2.0,5.5,6.0,3.0,3.1,3.6
CRTD00301L,20.7,79.10000000000001,"[6.2, 6.2, 6.2, 2.1]","[3.1, 10.4, 22.9, 42.7]",Docenti per fasce di età (%) (A.S. 2025/26),0.0,5.4,6.0,1.6,3.5,3.6
CRTF00601A,39.9,60.1,"[11.3, 14.9, 10.1, 3.6]","[6.0, 13.7, 19.0, 21.4]",Docenti per fasce di età (%) (A.S. 2025/26),9.8,5.4,6.0,1.1,3.5,3.6
CRTL003013,20.7,79.10000000000001,"[6.2, 6.2, 6.2, 2.1]","[3.1, 10.4, 22.9, 42.7]",Docenti per fasce di età (%) (A.S. 2025/26),0.0,5.4,6.0,1.6,3.5,3.6
CRTF00401P,28.0,71.9,"[11.4, 7.9, 4.8, 3.9]","[11.4, 13.2, 24.1, 23.2]",Docenti per fasce di età (%) (A.S. 2025/26),2.0,5.4,6.0,6.1,3.5,3.6
CRTA00201A,33.9,66.2,"[11.8, 14.7, 5.9, 1.5]","[12.5, 16.2, 12.5, 25.0]",Docenti per fasce di età (%) (A.S. 2025/26),8.5,5.4,6.0,5.1,3.5,3.6
LCPC01000A,13.5,86.6,"[6.0, 6.0, 0.0, 1.5]","[1.5, 9.0, 31.3, 44.8]",Docenti per fasce di età (%) (A.S. 2025/26),1.7,5.4,6.0,0.0,3.5,3.6
LCPC00500V,,,,,Docenti per fasce di età (%) (A.S. 2025/26),,,,,,
LCPS01000D,24.3,75.7,"[7.8, 6.8, 3.9, 5.8]","[1.9, 21.4, 20.4, 32.0]",Docenti per fasce di età (%) (A.S. 2025/26),3.8,5.4,6.0,2.5,3.5,3.6
LCPS00801E,36.1,63.8,"[16.5, 12.4, 4.1, 3.1]","[8.2, 14.4, 17.5, 23.7]",Docenti per fasce di età (%) (A.S. 2025/26),3.4,5.4,6.0,0.0,3.5,3.6
LCPS025007,,,,,Docenti per fasce di età (%) (A.S. 2025/26),,,,,,
LCPS01500L,,,,,Docenti per fasce di età (%) (A.S. 2025/26),,,,,,
LCPS00901A,11.4,88.6,"[6.1, 4.4, 0.9, 0.0]","[3.5, 16.7, 26.3, 42.1]",Docenti per fasce di età (%) (A.S. 2025/26),2.1,5.4,6.0,4.2,3.5,3.6
LCPSG9500D,,,,,Docenti per fasce di età (%) (A.S. 2025/26),,,,,,
LCPS00201G,14.9,85.2,"[7.9, 5.0, 0.0, 2.0]","[9.9, 17.8, 22.8, 34.7]",Docenti per fasce di età (%) (A.S. 2025/26),1.2,5.4,6.0,3.6,3.5,3.6
LCPSU45004,,,,,Docenti per fasce di età (%) (A.S. 2025/26),,,,,,
LCPM00601X,18.2,81.8,"[10.6, 3.0, 3.8, 0.8]","[7.6, 13.6, 28.0, 32.6]",Docenti per fasce di età (%) (A.S. 2025/26),2.9,5.4,6.0,2.8,3.5,3.6
LCPMEE500S,,,,,Docenti per fasce di età (%) (A.S. 2025/26),,,,,,
LCPS020004,9.9,89.9,"[4.4, 2.2, 1.1, 2.2]","[4.4, 13.3, 32.2, 40.0]",Docenti per fasce di età (%) (A.S. 2025/26),0.0,5.4,6.0,5.1,3.5,3.6
MBSL12000R,17.2,82.7,"[1.9, 6.7, 6.7, 1.9]","[6.7, 15.4, 29.8, 30.8]",Docenti per fasce di età (%) (A.S. 2025/26),2.4,5.4,6.0,0.0,3.5,3.6
LCSL01301V,24.4,75.5,"[6.4, 7.4, 7.4, 3.2]","[9.6, 22.3, 17.0, 26.6]",Docenti per fasce di età (%) (A.S. 2025/26),3.0,5.4,6.0,3.1,3.5,3.6
MBPS00601T,27.5,72.5,"[10.0, 10.8, 2.5, 4.2]","[4.2, 15.8, 21.7, 30.8]",Docenti per fasce di età (%) (A.S. 2025/26),4.5,5.4,6.0,5.9,3.5,3.6
LCTD00801A,36.1,63.8,"[16.5, 12.4, 4.1, 3.1]","[8.2, 14.4, 17.5, 23.7]",Docenti per fasce di età (%) (A.S. 2025/26),3.4,5.4,6.0,0.0,3.5,3.6
LCTD011016,22.5,77.6,"[12.4, 2.3, 7.0, 0.8]","[10.1, 20.2, 17.8, 29.5]",Docenti per fasce di età (%) (A.S. 2025/26),2.3,5.4,6.0,3.4,3.5,3.6
LCTDVP5000,,,,,Docenti per fasce di età (%) (A.S. 2025/26),,,,,,
LCTF00901C,11.4,88.6,"[6.1, 4.4, 0.9, 0.0]","[3.5, 16.7, 26.3, 42.1]",Docenti per fasce di età (%) (A.S. 2025/26),2.1,5.4,6.0,4.2,3.5,3.6
LCTL013018,24.4,75.5,"[6.4, 7.4, 7.4, 3.2]","[9.6, 22.3, 17.0, 26.6]",Docenti per fasce di età (%) (A.S. 2025/26),3.0,5.4,6.0,3.1,3.5,3.6
LCTB00500V,,,,,Docenti per fasce di età (%) (A.S. 2025/26),,,,,,
LCTL02500D,,,,,Docenti per fasce di età (%) (A.S. 2025/26),,,,,,
LCTF012018,23.7,76.2,"[7.2, 7.9, 5.0, 3.6]","[14.4, 18.7, 23.7, 19.4]",Docenti per fasce di età (%) (A.S. 2025/26),6.5,5.4,6.0,3.4,3.5,3.6
LCTF66500Z,,,,,Docenti per fasce di età (%) (A.S. 2025/26),,,,,,
LOPS010007,18.6,81.4,"[10.3, 3.1, 5.2, 0.0]","[5.2, 17.5, 24.7, 34.0]",Docenti per fasce di età (%) (A.S. 2025/26),0.0,5.4,6.0,4.0,3.5,3.6
CRPC01000Q,,,,,,,,,,,
LOPS01500A,,,,,Docenti per fasce di età (%) (A.S. 2025/26),,,,,,
CRPS00901Q,17.5,82.5,"[6.4, 4.1, 4.7, 2.3]","[11.7, 17.0, 25.7, 28.1]",Docenti per fasce di età (%) (A.S. 2025/26),7.5,5.4,6.0,2.3,3.5,3.6
LOTF004013,24.700000000000003,75.4,"[9.9, 7.4, 4.9, 2.5]","[3.1, 14.2, 23.5, 34.6]",Docenti per fasce di età (%) (A.S. 2025/26),7.4,5.4,6.0,6.6,3.5,3.6
LOTD002015,48.2,51.8,"[20.4, 14.2, 11.7, 1.9]","[4.3, 13.6, 19.1, 14.8]",Docenti per fasce di età (%) (A.S. 2025/26),4.9,5.4,6.0,5.2,3.5,3.6
CRPS014017,28.5,71.5,"[9.7, 9.7, 5.6, 3.5]","[9.0, 17.4, 19.4, 25.7]",Docenti per fasce di età (%) (A.S. 2025/26),14.7,5.4,6.0,4.0,3.5,3.6
BGPS1G5008,,,,,Docenti per fasce di età (%) (A.S. 2025/26),,,,,,
LOPM010008,32.1,67.8,"[9.9, 10.7, 7.4, 4.1]","[1.7, 7.4, 30.6, 28.1]",Docenti per fasce di età (%) (A.S. 2025/26),1.3,5.4,6.0,2.7,3.5,3.6
MIPS021013,35.3,64.8,"[16.2, 5.7, 10.5, 2.9]","[6.7, 14.3, 16.2, 27.6]",Docenti per fasce di età (%) (A.S. 2025/26),1.6,5.4,6.0,3.3,3.5,3.6
CRPL02500B,,,,,,,,,,,
LOSL002016,48.2,51.8,"[20.4, 14.2, 11.7, 1.9]","[4.3, 13.6, 19.1, 14.8]",Docenti per fasce di età (%) (A.S. 2025/26),4.9,5.4,6.0,5.2,3.5,3.6
LOTD010003,29.1,70.8,"[13.2, 6.9, 6.2, 2.8]","[0.7, 9.7, 24.3, 36.1]",Docenti per fasce di età (%) (A.S. 2025/26),3.0,5.4,6.0,3.0,3.5,3.6
CRTD020009,,,,,,,,,,,
MITD02102X,35.3,64.8,"[16.2, 5.7, 10.5, 2.9]","[6.7, 14.3, 16.2, 27.6]",Docenti per fasce di età (%) (A.S. 2025/26),1.6,5.4,6.0,3.3,3.5,3.6
CRTF01102V,45.8,54.3,"[18.4, 15.9, 8.6, 2.9]","[8.6, 14.3, 15.9, 15.5]",Docenti per fasce di età (%) (A.S. 2025/26),10.1,5.4,6.0,2.5,3.5,3.6
MNPC02000G,16.7,83.3,"[8.3, 4.2, 1.4, 2.8]","[11.1, 12.5, 27.8, 31.9]",Docenti per fasce di età (%) (A.S. 2025/26),3.6,5.4,6.0,1.9,3.5,3.6
MNPC015004,,,,,Docenti per fasce di età (%) (A.S. 2025/26),,,,,,
MNPS010004,12.7,87.2,"[5.5, 3.6, 1.8, 1.8]","[3.6, 12.7, 23.6, 47.3]",Docenti per fasce di età (%) (A.S. 2025/26),4.3,5.4,6.0,10.9,3.5,3.6
MNPS00500L,,,,,Docenti per fasce di età (%) (A.S. 2025/26),,,,,,
MNPS011011,19.3,80.7,"[8.6, 6.0, 3.4, 1.3]","[10.3, 18.0, 26.2, 26.2]",Docenti per fasce di età (%) (A.S. 2025/26),5.6,5.4,6.0,3.4,3.5,3.6
MNPM00101B,21.9,78.2,"[3.0, 10.9, 5.0, 3.0]","[11.9, 18.8, 19.8, 27.7]",Docenti per fasce di età (%) (A.S. 2025/26),11.1,5.4,6.0,5.1,3.5,3.6
MNPM009012,22.5,77.5,"[8.5, 4.5, 7.0, 2.5]","[11.6, 14.6, 30.2, 21.1]",Docenti per fasce di età (%) (A.S. 2025/26),6.5,5.4,6.0,2.1,3.5,3.6
MNPL02500L,,,,,Docenti per fasce di età (%) (A.S. 2025/26),,,,,,
MNSD012028,,,,,,,,,,,
VRRC00702A,29.4,70.8,"[12.0, 7.2, 9.0, 1.2]","[7.8, 18.0, 22.2, 22.8]",Docenti per fasce di età (%) (A.S. 2025/26),6.8,5.8,6.0,0.9,3.8,3.6
MNSL00601A,39.2,60.8,"[13.5, 10.1, 9.5, 6.1]","[11.5, 11.5, 18.2, 19.6]",Docenti per fasce di età (%) (A.S. 2025/26),8.1,5.4,6.0,6.6,3.5,3.6
MNSL010012,32.4,67.4,"[10.6, 11.9, 7.9, 2.0]","[7.9, 18.5, 20.5, 20.5]",Docenti per fasce di età (%) (A.S. 2025/26),4.2,5.4,6.0,1.1,3.5,3.6
MNTD01000X,28.2,71.8,"[9.0, 11.5, 5.1, 2.6]","[9.0, 11.5, 19.2, 32.1]",Docenti per fasce di età (%) (A.S. 2025/26),7.0,5.4,6.0,6.9,3.5,3.6
MNTE01000B,24.700000000000003,75.2,"[7.9, 7.9, 6.9, 2.0]","[6.9, 18.8, 21.8, 27.7]",Docenti per fasce di età (%) (A.S. 2025/26),3.0,5.4,6.0,1.5,3.5,3.6
MNTF011013,19.3,80.7,"[8.6, 6.0, 3.4, 1.3]","[10.3, 18.0, 26.2, 26.2]",Docenti per fasce di età (%) (A.S. 2025/26),5.6,5.4,6.0,3.4,3.5,3.6
MNTL009017,22.5,77.5,"[8.5, 4.5, 7.0, 2.5]","[11.6, 14.6, 30.2, 21.1]",Docenti per fasce di età (%) (A.S. 2025/26),6.5,5.4,6.0,2.1,3.5,3.6
MBPS240002,13.2,86.7,"[7.2, 3.6, 2.4, 0.0]","[3.6, 18.1, 30.1, 34.9]",Docenti per fasce di età (%) (A.S. 2025/26),2.9,5.4,6.0,5.8,3.5,3.6
MBPC02000X,22.2,77.7,"[12.1, 4.0, 6.1, 0.0]","[2.0, 14.1, 18.2, 43.4]",Docenti per fasce di età (%) (A.S. 2025/26),0.0,5.4,6.0,1.3,3.5,3.6
MIPC00101P,11.7,88.4,"[3.6, 4.5, 2.7, 0.9]","[1.8, 17.9, 20.5, 48.2]",Docenti per fasce di età (%) (A.S. 2025/26),1.0,5.4,6.0,5.0,3.5,3.6
MBPC215006,,,,,Docenti per fasce di età (%) (A.S. 2025/26),,,,,,
MBPS05000V,6.1,93.6,"[1.2, 3.7, 1.2, 0.0]","[3.7, 13.7, 25.0, 51.2]",Docenti per fasce di età (%) (A.S. 2025/26),7.4,5.4,6.0,3.7,3.5,3.6
MBPS00701N,18.5,81.5,"[6.5, 3.3, 5.4, 3.3]","[8.7, 16.3, 30.4, 26.1]",Docenti per fasce di età (%) (A.S. 2025/26),3.8,5.4,6.0,5.2,3.5,3.6
MIPS36500A,,,,,,,,,,,
MBPSFH500F,,,,,Docenti per fasce di età (%) (A.S. 2025/26),,,,,,
MIPS00101T,11.7,88.4,"[3.6, 4.5, 2.7, 0.9]","[1.8, 17.9, 20.5, 48.2]",Docenti per fasce di età (%) (A.S. 2025/26),1.0,5.4,6.0,5.0,3.5,3.6
MBTD41000Q,14.7,85.2,"[4.3, 5.2, 3.5, 1.7]","[5.2, 16.5, 26.1, 37.4]",Docenti per fasce di età (%) (A.S. 2025/26),3.2,5.4,6.0,5.3,3.5,3.6
MBTF410002,21.8,78.2,"[7.3, 8.9, 3.9, 1.7]","[9.5, 13.4, 22.9, 32.4]",Docenti per fasce di età (%) (A.S. 2025/26),7.1,5.4,6.0,3.7,3.5,3.6
MBPS67500C,,,,,Docenti per fasce di età (%) (A.S. 2025/26),,,,,,
MBTF10601R,17.5,82.60000000000001,"[4.2, 4.9, 5.6, 2.8]","[11.1, 23.6, 24.3, 23.6]",Docenti per fasce di età (%) (A.S. 2025/26),6.3,5.4,6.0,2.8,3.5,3.6
MBPSUD500O,,,,,Docenti per fasce di età (%) (A.S. 2025/26),,,,,,
MITF270003,29.5,70.6,"[7.8, 12.4, 7.0, 2.3]","[14.0, 15.5, 16.3, 24.8]",Docenti per fasce di età (%) (A.S. 2025/26),13.6,5.4,6.0,2.6,3.5,3.6
MBPS098011,19.0,81.0,"[7.4, 4.1, 5.0, 2.5]","[11.6, 18.2, 26.4, 24.8]",Docenti per fasce di età (%) (A.S. 2025/26),4.5,5.4,6.0,3.5,3.5,3.6
MBPS8T500R,,,,,Docenti per fasce di età (%) (A.S. 2025/26),,,,,,
MITD330007,22.5,77.6,"[7.5, 6.0, 7.5, 1.5]","[9.7, 11.9, 15.7, 40.3]",Docenti per fasce di età (%) (A.S. 2025/26),5.4,5.4,6.0,7.8,3.5,3.6
MBPM145009,,,,,Docenti per fasce di età (%) (A.S. 2025/26),,,,,,
MBPM06000E,18.7,81.3,"[5.2, 6.2, 3.1, 4.2]","[4.2, 14.6, 17.7, 44.8]",Docenti per fasce di età (%) (A.S. 2025/26),2.6,5.4,6.0,2.7,3.5,3.6
MBPM005002,,,,,Docenti per fasce di età (%) (A.S. 2025/26),,,,,,
MBPQ035002,,,,,Docenti per fasce di età (%) (A.S. 2025/26),,,,,,
MBPM02401C,36.8,63.3,"[10.3, 12.8, 7.7, 6.0]","[11.1, 15.4, 17.1, 19.7]",Docenti per fasce di età (%) (A.S. 2025/26),11.1,5.4,6.0,0.0,3.5,3.6
MBPS05301B,19.9,80.1,"[5.6, 7.1, 5.6, 1.6]","[9.5, 14.3, 24.6, 31.7]",Docenti per fasce di età (%) (A.S. 2025/26),3.2,5.4,6.0,3.3,3.5,3.6
MBPS068015,21.4,78.5,"[10.7, 6.0, 2.7, 2.0]","[5.4, 13.4, 23.5, 36.2]",Docenti per fasce di età (%) (A.S. 2025/26),4.8,5.4,6.0,7.3,3.5,3.6
MBPL20500D,,,,,Docenti per fasce di età (%) (A.S. 2025/26),,,,,,
MBPS084013,26.0,73.8,"[6.5, 6.5, 9.3, 3.7]","[12.1, 16.8, 13.1, 31.8]",Docenti per fasce di età (%) (A.S. 2025/26),2.7,5.4,6.0,6.9,3.5,3.6
MBSL05500V,,,,,Docenti per fasce di età (%) (A.S. 2025/26),,,,,,
MBSL06301V,28.7,71.4,"[9.8, 11.6, 5.5, 1.8]","[7.9, 22.6, 22.6, 18.3]",Docenti per fasce di età (%) (A.S. 2025/26),1.0,5.4,6.0,3.2,3.5,3.6
MBSL13000B,16.6,83.3,"[2.5, 8.3, 3.3, 2.5]","[5.8, 20.8, 26.7, 30.0]",Docenti per fasce di età (%) (A.S. 2025/26),2.0,5.4,6.0,2.9,3.5,3.6
MBTD00701D,18.5,81.5,"[6.5, 3.3, 5.4, 3.3]","[8.7, 16.3, 30.4, 26.1]",Docenti per fasce di età (%) (A.S. 2025/26),3.8,5.4,6.0,5.2,3.5,3.6
MBTD053017,19.9,80.1,"[5.6, 7.1, 5.6, 1.6]","[9.5, 14.3, 24.6, 31.7]",Docenti per fasce di età (%) (A.S. 2025/26),3.2,5.4,6.0,3.3,3.5,3.6
MBTD068011,21.4,78.5,"[10.7, 6.0, 2.7, 2.0]","[5.4, 13.4, 23.5, 36.2]",Docenti per fasce di età (%) (A.S. 2025/26),4.8,5.4,6.0,7.3,3.5,3.6
MBTD08401V,26.0,73.8,"[6.5, 6.5, 9.3, 3.7]","[12.1, 16.8, 13.1, 31.8]",Docenti per fasce di età (%) (A.S. 2025/26),2.7,5.4,6.0,6.9,3.5,3.6
MITD02801N,28.3,71.7,"[11.2, 10.5, 4.6, 2.0]","[7.9, 17.8, 17.1, 28.9]",Docenti per fasce di età (%) (A.S. 2025/26),6.0,5.4,6.0,2.2,3.5,3.6
MITD35500G,,,,,,,,,,,
MBTF063014,28.7,71.4,"[9.8, 11.6, 5.5, 1.8]","[7.9, 22.6, 22.6, 18.3]",Docenti per fasce di età (%) (A.S. 2025/26),1.0,5.4,6.0,3.2,3.5,3.6
MBTF104015,37.1,62.9,"[7.1, 15.0, 10.6, 4.4]","[10.6, 20.4, 13.3, 18.6]",Docenti per fasce di età (%) (A.S. 2025/26),13.1,5.4,6.0,3.6,3.5,3.6
PVPC011013,25.7,74.3,"[10.3, 6.3, 7.4, 1.7]","[8.0, 15.4, 20.0, 30.9]",Docenti per fasce di età (%) (A.S. 2025/26),7.7,5.4,6.0,7.1,3.5,3.6
PVPS02000X,,,,,,,,,,,
PVPS011016,25.7,74.3,"[10.3, 6.3, 7.4, 1.7]","[8.0, 15.4, 20.0, 30.9]",Docenti per fasce di età (%) (A.S. 2025/26),7.7,5.4,6.0,7.1,3.5,3.6
PVPS05000Q,6.2,93.7,"[1.0, 4.2, 1.0, 0.0]","[10.4, 18.7, 22.9, 41.7]",Docenti per fasce di età (%) (A.S. 2025/26),1.1,5.4,6.0,3.4,3.5,3.6
PVPS01500C,,,,,Docenti per fasce di età (%) (A.S. 2025/26),,,,,,
PVTF01000B,18.1,81.9,"[7.3, 5.9, 3.9, 1.0]","[12.2, 14.6, 26.8, 28.3]",Docenti per fasce di età (%) (A.S. 2025/26),3.7,5.4,6.0,1.3,3.5,3.6
PVPS5H500G,,,,,Docenti per fasce di età (%) (A.S. 2025/26),,,,,,
PVPS775003,,,,,Docenti per fasce di età (%) (A.S. 2025/26),,,,,,
PVPM01000A,19.5,80.39999999999999,"[8.4, 4.7, 5.3, 1.1]","[4.7, 12.6, 24.2, 38.9]",Docenti per fasce di età (%) (A.S. 2025/26),6.0,5.4,6.0,3.3,3.5,3.6
PVPMF55003,,,,,Docenti per fasce di età (%) (A.S. 2025/26),,,,,,
PVPL045003,,,,,Docenti per fasce di età (%) (A.S. 2025/26),,,,,,
PVSL00601G,19.4,80.5,"[9.4, 5.0, 4.4, 0.6]","[10.1, 15.1, 27.0, 28.3]",Docenti per fasce di età (%) (A.S. 2025/26),4.4,5.4,6.0,0.0,3.5,3.6
PVSL015009,,,,,Docenti per fasce di età (%) (A.S. 2025/26),,,,,,
PVTD010005,28.4,71.6,"[8.9, 13.0, 4.9, 1.6]","[4.1, 11.4, 24.4, 31.7]",Docenti per fasce di età (%) (A.S. 2025/26),1.1,5.4,6.0,4.5,3.5,3.6
PVTD065009,,,,,Docenti per fasce di età (%) (A.S. 2025/26),,,,,,
PVTL006022,19.4,80.5,"[9.4, 5.0, 4.4, 0.6]","[10.1, 15.1, 27.0, 28.3]",Docenti per fasce di età (%) (A.S. 2025/26),4.4,5.4,6.0,0.0,3.5,3.6
PVTBDH500G,,,,,Docenti per fasce di età (%) (A.S. 2025/26),,,,,,
SOPS01000E,,,,,,,,,,,
SOPS00801G,39.4,60.6,"[16.2, 7.7, 9.9, 5.6]","[6.3, 16.2, 12.7, 25.4]",Docenti per fasce di età (%) (A.S. 2025/26),4.7,5.4,6.0,4.8,3.5,3.6
SOPS050001,19.4,80.7,"[10.2, 4.1, 2.0, 3.1]","[7.1, 13.3, 27.6, 32.7]",Docenti per fasce di età (%) (A.S. 2025/26),4.0,5.4,6.0,2.7,3.5,3.6
BSPS00701P,34.300000000000004,65.4,"[14.9, 10.3, 5.7, 3.4]","[10.3, 14.9, 16.1, 24.1]",Docenti per fasce di età (%) (A.S. 2025/26),5.6,5.4,6.0,7.8,3.5,3.6
SOPM01101C,,,,,,,,,,,
SOTD01301V,37.4,62.6,"[13.0, 13.0, 9.8, 1.6]","[4.1, 14.6, 17.9, 26.0]",Docenti per fasce di età (%) (A.S. 2025/26),10.8,5.4,6.0,5.1,3.5,3.6
SOTD004014,,,,,,,,,,,
SOTD00801B,39.4,60.6,"[16.2, 7.7, 9.9, 5.6]","[6.3, 16.2, 12.7, 25.4]",Docenti per fasce di età (%) (A.S. 2025/26),4.7,5.4,6.0,4.8,3.5,3.6
SOTF01000L,9.7,90.3,"[4.3, 3.2, 2.2, 0.0]","[2.2, 16.1, 21.5, 50.5]",Docenti per fasce di età (%) (A.S. 2025/26),3.4,5.4,6.0,4.6,3.5,3.6
SOTA01000X,41.7,58.3,"[14.6, 14.6, 8.3, 4.2]","[8.3, 14.6, 12.5, 22.9]",Docenti per fasce di età (%) (A.S. 2025/26),10.3,5.4,6.0,3.1,3.5,3.6
SOTL00401E,,,,,,,,,,,
VAPC02701R,17.4,82.6,"[8.7, 5.8, 1.0, 1.9]","[4.9, 10.7, 26.2, 40.8]",Docenti per fasce di età (%) (A.S. 2025/26),4.8,5.4,6.0,1.2,3.5,3.6
VAPC00101L,11.8,88.2,"[4.2, 5.9, 1.7, 0.0]","[9.2, 17.6, 26.9, 34.5]",Docenti per fasce di età (%) (A.S. 2025/26),6.6,5.4,6.0,6.7,3.5,3.6
VAPS004017,35.7,64.5,"[12.9, 15.8, 5.0, 2.0]","[13.9, 11.9, 5.0, 33.7]",Docenti per fasce di età (%) (A.S. 2025/26),11.6,5.4,6.0,0.0,3.5,3.6
VAPS03000P,12.7,87.3,"[5.9, 2.9, 2.9, 1.0]","[6.9, 5.9, 22.5, 52.0]",Docenti per fasce di età (%) (A.S. 2025/26),1.2,5.4,6.0,4.7,3.5,3.6
VAPS785001,,,,,Docenti per fasce di età (%) (A.S. 2025/26),,,,,,
VAPSQ4500H,,,,,Docenti per fasce di età (%) (A.S. 2025/26),,,,,,
VAPLDB5003,,,,,Docenti per fasce di età (%) (A.S. 2025/26),,,,,,
VATD004013,35.7,64.5,"[12.9, 15.8, 5.0, 2.0]","[13.9, 11.9, 5.0, 33.7]",Docenti per fasce di età (%) (A.S. 2025/26),11.6,5.4,6.0,0.0,3.5,3.6
VATD018011,18.2,81.89999999999999,"[6.1, 6.1, 3.0, 3.0]","[6.1, 16.2, 26.3, 33.3]",Docenti per fasce di età (%) (A.S. 2025/26),2.4,5.4,6.0,0.0,3.5,3.6
VATD01301T,30.2,69.8,"[14.2, 11.3, 4.7, 0.0]","[5.7, 13.2, 13.2, 37.7]",Docenti per fasce di età (%) (A.S. 2025/26),1.3,5.4,6.0,2.6,3.5,3.6
VATL013018,30.2,69.8,"[14.2, 11.3, 4.7, 0.0]","[5.7, 13.2, 13.2, 37.7]",Docenti per fasce di età (%) (A.S. 2025/26),1.3,5.4,6.0,2.6,3.5,3.6
VATF018017,18.2,81.89999999999999,"[6.1, 6.1, 3.0, 3.0]","[6.1, 16.2, 26.3, 33.3]",Docenti per fasce di età (%) (A.S. 2025/26),2.4,5.4,6.0,0.0,3.5,3.6
VATF01701B,31.0,68.89999999999999,"[9.1, 9.9, 8.6, 3.4]","[7.3, 20.7, 12.5, 28.4]",Docenti per fasce di età (%) (A.S. 2025/26),5.5,5.4,6.0,2.8,3.5,3.6
VATB215007,,,,,Docenti per fasce di età (%) (A.S. 2025/26),,,,,,
TNPC04000G,19.6,80.4,"[10.9, 2.2, 6.5, 0.0]","[0.0, 4.3, 26.1, 50.0]",Docenti per fasce di età (%) (A.S. 2025/26),2.9,5.0,6.0,2.6,2.5,3.6
TNPC01500V,,,,,Docenti per fasce di età (%) (A.S. 2025/26),,,,,,
TNPS01000V,20.5,79.60000000000001,"[8.6, 7.5, 2.2, 2.2]","[2.2, 10.8, 29.0, 37.6]",Docenti per fasce di età (%) (A.S. 2025/26),0.0,5.0,6.0,1.4,2.5,3.6
TNPS02000D,19.9,80.1,"[7.6, 6.4, 4.1, 1.8]","[4.7, 19.3, 25.7, 30.4]",Docenti per fasce di età (%) (A.S. 2025/26),4.4,5.0,6.0,0.7,2.5,3.6
TNPS015002,,,,,Docenti per fasce di età (%) (A.S. 2025/26),,,,,,
TNPC02000A,18.7,81.3,"[4.7, 7.5, 3.7, 2.8]","[0.0, 2.8, 27.1, 51.4]",Docenti per fasce di età (%) (A.S. 2025/26),0.0,5.0,6.0,3.5,2.5,3.6
TNPS00301R,36.9,63.2,"[15.8, 9.2, 9.9, 2.0]","[9.9, 19.1, 21.7, 12.5]",Docenti per fasce di età (%) (A.S. 2025/26),4.8,5.0,6.0,2.4,2.5,3.6
TNPM01000X,37.5,62.5,"[15.0, 8.1, 12.5, 1.9]","[1.9, 7.5, 24.4, 28.7]",Docenti per fasce di età (%) (A.S. 2025/26),5.4,5.0,6.0,3.2,2.5,3.6
TNPM015003,,,,,Docenti per fasce di età (%) (A.S. 2025/26),,,,,,
TNPS00401L,36.6,63.4,"[13.7, 12.4, 7.2, 3.3]","[1.3, 8.5, 27.5, 26.1]",Docenti per fasce di età (%) (A.S. 2025/26),4.3,5.0,6.0,4.1,2.5,3.6
TNPS11000Q,28.6,71.39999999999999,"[9.2, 9.2, 5.1, 5.1]","[1.0, 5.1, 22.4, 42.9]",Docenti per fasce di età (%) (A.S. 2025/26),4.4,5.0,6.0,4.2,2.5,3.6
TNSD02000X,29.7,70.4,"[9.9, 9.9, 7.5, 2.4]","[3.2, 12.6, 28.1, 26.5]",Docenti per fasce di età (%) (A.S. 2025/26),5.2,5.0,6.0,1.7,2.5,3.6
TNSD020011,29.7,70.4,"[9.9, 9.9, 7.5, 2.4]","[3.2, 12.6, 28.1, 26.5]",Docenti per fasce di età (%) (A.S. 2025/26),5.2,5.0,6.0,1.7,2.5,3.6
TNTD18000T,30.9,69.1,"[6.8, 11.7, 9.3, 3.1]","[3.1, 8.6, 24.1, 33.3]",Docenti per fasce di età (%) (A.S. 2025/26),2.1,5.0,6.0,3.1,2.5,3.6
TNTN01500Q,,,,,Docenti per fasce di età (%) (A.S. 2025/26),,,,,,
TNTD37500F,,,,,Docenti per fasce di età (%) (A.S. 2025/26),,,,,,
TNIS013001,,,,,Docenti per fasce di età (%) (A.S. 2025/26),,,,,,
TNTE045005,,,,,Docenti per fasce di età (%) (A.S. 2025/26),,,,,,
IBPC040008,,,,,Docenti per fasce di età (%) (A.S. 2025/26),,,,,,
IBPS09000C,,,,,Docenti per fasce di età (%) (A.S. 2025/26),,,,,,
IBPS01000G,,,,,Docenti per fasce di età (%) (A.S. 2025/26),,,,,,
IBPS005004,,,,,Docenti per fasce di età (%) (A.S. 2025/26),,,,,,
IBTF020008,,,,,Docenti per fasce di età (%) (A.S. 2025/26),,,,,,
IBPQ02500E,,,,,Docenti per fasce di età (%) (A.S. 2025/26),,,,,,
IBPM020007,,,,,Docenti per fasce di età (%) (A.S. 2025/26),,,,,,
IBTE015002,,,,,Docenti per fasce di età (%) (A.S. 2025/26),,,,,,
IBPL01500D,,,,,Docenti per fasce di età (%) (A.S. 2025/26),,,,,,
TNSD010009,57.9,41.9,"[26.1, 14.5, 15.9, 1.4]","[1.4, 15.9, 11.6, 13.0]",Docenti per fasce di età (%) (A.S. 2025/26),3.3,5.0,6.0,3.1,2.5,3.6
IBTD040007,,,,,Docenti per fasce di età (%) (A.S. 2025/26),,,,,,
IBTD025005,,,,,Docenti per fasce di età (%) (A.S. 2025/26),,,,,,
IBTL01000T,,,,,Docenti per fasce di età (%) (A.S. 2025/26),,,,,,
VEPC001013,,,,,,,,,,,
VEPC04000L,,,,,,,,,,,
VEPC01000R,9.8,90.2,"[1.6, 4.9, 3.3, 0.0]","[6.6, 9.8, 21.3, 52.5]",Docenti per fasce di età (%) (A.S. 2025/26),5.4,5.8,6.0,5.4,3.8,3.6
VEPC02500E,,,,,Docenti per fasce di età (%) (A.S. 2025/26),,,,,,
VEPS05000A,14.8,85.0,"[5.7, 3.4, 2.3, 3.4]","[8.0, 18.4, 27.6, 31.0]",Docenti per fasce di età (%) (A.S. 2025/26),6.3,5.8,6.0,6.5,3.8,3.6
VEPS023013,18.1,81.9,"[5.0, 6.9, 5.6, 0.6]","[6.9, 17.5, 29.4, 28.1]",Docenti per fasce di età (%) (A.S. 2025/26),0.0,5.8,6.0,4.8,3.8,3.6
VEPS01000X,,,,,,,,,,,
VEPS00500C,,,,,Docenti per fasce di età (%) (A.S. 2025/26),,,,,,
VEPS015003,,,,,Docenti per fasce di età (%) (A.S. 2025/26),,,,,,
VEPM02000G,20.4,79.6,"[7.5, 5.4, 4.8, 2.7]","[12.2, 8.2, 19.7, 39.5]",Docenti per fasce di età (%) (A.S. 2025/26),2.7,5.8,6.0,6.5,3.8,3.6
VEPM001017,,,,,,,,,,,
PDPM002011,25.9,74.1,"[11.8, 4.1, 6.5, 3.5]","[10.0, 14.7, 24.1, 25.3]",Docenti per fasce di età (%) (A.S. 2025/26),0.9,5.8,6.0,2.6,3.8,3.6
TVPM010001,14.4,85.8,"[3.6, 3.6, 3.6, 3.6]","[4.8, 11.9, 29.8, 39.3]",Docenti per fasce di età (%) (A.S. 2025/26),7.7,5.8,6.0,6.3,3.8,3.6
TVTD09000L,11.9,88.2,"[1.6, 5.5, 2.4, 2.4]","[6.3, 12.6, 24.4, 44.9]",Docenti per fasce di età (%) (A.S. 2025/26),4.6,5.8,6.0,3.8,3.8,3.6
TVPC48500H,,,,,Docenti per fasce di età (%) (A.S. 2025/26),,,,,,
VEPL01500T,,,,,Docenti per fasce di età (%) (A.S. 2025/26),,,,,,
VEPL4H500R,,,,,Docenti per fasce di età (%) (A.S. 2025/26),,,,,,
VESL01000R,,,,,,,,,,,
VESD020001,35.5,64.4,"[10.7, 11.4, 9.4, 4.0]","[4.0, 9.4, 15.4, 35.6]",Docenti per fasce di età (%) (A.S. 2025/26),5.2,5.8,6.0,4.2,3.8,3.6
VETN01601N,20.3,79.60000000000001,"[7.6, 5.1, 5.9, 1.7]","[3.4, 7.6, 14.4, 54.2]",Docenti per fasce di età (%) (A.S. 2025/26),2.2,5.8,6.0,8.6,3.8,3.6
VETN018019,19.2,80.8,"[6.4, 5.3, 4.3, 3.2]","[6.4, 13.8, 22.3, 38.3]",Docenti per fasce di età (%) (A.S. 2025/26),6.2,5.8,6.0,9.0,3.8,3.6
VETD00401D,46.4,53.5,"[18.8, 11.6, 10.9, 5.1]","[7.2, 15.9, 13.0, 17.4]",Docenti per fasce di età (%) (A.S. 2025/26),15.1,5.8,6.0,4.4,3.8,3.6
VETN745000,,,,,Docenti per fasce di età (%) (A.S. 2025/26),,,,,,
VETF04000T,29.5,70.4,"[11.3, 5.2, 10.4, 2.6]","[6.1, 10.4, 20.9, 33.0]",Docenti per fasce di età (%) (A.S. 2025/26),10.5,5.8,6.0,4.7,3.8,3.6
VETE008018,35.6,64.4,"[12.4, 12.4, 7.2, 3.6]","[9.8, 14.4, 19.6, 20.6]",Docenti per fasce di età (%) (A.S. 2025/26),12.0,5.8,6.0,1.7,3.8,3.6
VETF008013,35.6,64.4,"[12.4, 12.4, 7.2, 3.6]","[9.8, 14.4, 19.6, 20.6]",Docenti per fasce di età (%) (A.S. 2025/26),12.0,5.8,6.0,1.7,3.8,3.6
VETF01901D,31.1,68.8,"[11.9, 7.3, 5.5, 6.4]","[5.5, 10.1, 25.7, 27.5]",Docenti per fasce di età (%) (A.S. 2025/26),2.8,5.8,6.0,2.9,3.8,3.6
VETF015005,,,,,Docenti per fasce di età (%) (A.S. 2025/26),,,,,,
VETH00801E,35.6,64.4,"[12.4, 12.4, 7.2, 3.6]","[9.8, 14.4, 19.6, 20.6]",Docenti per fasce di età (%) (A.S. 2025/26),12.0,5.8,6.0,1.7,3.8,3.6
VETFO1500N,,,,,Docenti per fasce di età (%) (A.S. 2025/26),,,,,,
BLPC00701N,3.0,97.1,"[0.0, 3.0, 0.0, 0.0]","[7.5, 9.0, 20.9, 59.7]",Docenti per fasce di età (%) (A.S. 2025/26),5.9,5.8,6.0,4.4,3.8,3.6
BLPC01500G,,,,,Docenti per fasce di età (%) (A.S. 2025/26),,,,,,
BLPS020006,19.7,80.3,"[7.9, 7.9, 3.9, 0.0]","[3.9, 14.5, 31.6, 30.3]",Docenti per fasce di età (%) (A.S. 2025/26),1.7,5.8,6.0,5.1,3.8,3.6
BLPS00701R,3.0,97.1,"[0.0, 3.0, 0.0, 0.0]","[7.5, 9.0, 20.9, 59.7]",Docenti per fasce di età (%) (A.S. 2025/26),5.9,5.8,6.0,4.4,3.8,3.6
BLPS006011,51.7,48.4,"[25.3, 16.5, 9.9, 0.0]","[8.8, 11.0, 13.2, 15.4]",Docenti per fasce di età (%) (A.S. 2025/26),10.6,5.8,6.0,4.3,3.8,3.6
TVPC120008,15.8,84.2,"[6.1, 4.9, 2.4, 2.4]","[4.9, 23.2, 30.5, 25.6]",Docenti per fasce di età (%) (A.S. 2025/26),0.0,5.8,6.0,1.6,3.8,3.6
TVPSN55005,,,,,Docenti per fasce di età (%) (A.S. 2025/26),,,,,,
BLPSD7500D,,,,,Docenti per fasce di età (%) (A.S. 2025/26),,,,,,
BLPS54500H,,,,,Docenti per fasce di età (%) (A.S. 2025/26),,,,,,
BLPM01000L,26.0,74.0,"[10.9, 4.3, 7.2, 3.6]","[2.2, 11.6, 22.5, 37.7]",Docenti per fasce di età (%) (A.S. 2025/26),2.0,5.8,6.0,0.0,3.8,3.6
BLPM01500Q,,,,,Docenti per fasce di età (%) (A.S. 2025/26),,,,,,
BLPMMN5000,,,,,Docenti per fasce di età (%) (A.S. 2025/26),,,,,,
TVSD01000A,19.2,80.8,"[9.0, 3.8, 3.8, 2.6]","[9.0, 12.8, 23.1, 35.9]",Docenti per fasce di età (%) (A.S. 2025/26),7.7,5.8,6.0,6.6,3.8,3.6
BLSL012015,31.5,68.5,"[10.0, 10.0, 8.6, 2.9]","[6.4, 17.1, 15.0, 30.0]",Docenti per fasce di età (%) (A.S. 2025/26),4.5,5.8,6.0,1.1,3.8,3.6
BLTD020002,,,,,,,,,,,
BLTD00801C,31.8,68.10000000000001,"[13.0, 6.5, 8.4, 3.9]","[5.2, 9.7, 20.1, 33.1]",Docenti per fasce di età (%) (A.S. 2025/26),3.5,5.8,6.0,1.1,3.8,3.6
TVTD007011,35.0,65.0,"[10.2, 10.2, 12.4, 2.2]","[9.5, 11.7, 19.7, 24.1]",Docenti per fasce di età (%) (A.S. 2025/26),3.3,5.8,6.0,10.6,3.8,3.6
BLTA00901T,33.9,66.0,"[15.5, 6.8, 5.8, 5.8]","[8.7, 14.6, 19.4, 23.3]",Docenti per fasce di età (%) (A.S. 2025/26),12.9,5.8,6.0,1.6,3.8,3.6
BLTF006013,51.7,48.4,"[25.3, 16.5, 9.9, 0.0]","[8.8, 11.0, 13.2, 15.4]",Docenti per fasce di età (%) (A.S. 2025/26),10.6,5.8,6.0,4.3,3.8,3.6
BLTF01101E,29.2,70.7,"[11.7, 7.8, 7.1, 2.6]","[5.8, 13.0, 20.1, 31.8]",Docenti per fasce di età (%) (A.S. 2025/26),4.9,5.8,6.0,3.9,3.8,3.6
BLTF00801P,31.8,68.10000000000001,"[13.0, 6.5, 8.4, 3.9]","[5.2, 9.7, 20.1, 33.1]",Docenti per fasce di età (%) (A.S. 2025/26),3.5,5.8,6.0,1.1,3.8,3.6
TVTF007017,35.0,65.0,"[10.2, 10.2, 12.4, 2.2]","[9.5, 11.7, 19.7, 24.1]",Docenti per fasce di età (%) (A.S. 2025/26),3.3,5.8,6.0,10.6,3.8,3.6
PDPC001011,18.6,81.3,"[8.3, 4.8, 4.1, 1.4]","[6.2, 11.7, 26.2, 37.2]",Docenti per fasce di età (%) (A.S. 2025/26),1.9,5.8,6.0,1.9,3.8,3.6
PDPC03000X,9.6,90.5,"[3.2, 4.8, 1.6, 0.0]","[1.6, 7.9, 27.0, 54.0]",Docenti per fasce di età (%) (A.S. 2025/26),7.8,5.8,6.0,9.4,3.8,3.6
PDPC01500T,,,,,Docenti per fasce di età (%) (A.S. 2025/26),,,,,,
PDPS02000C,4.5,95.4,"[1.5, 0.0, 1.5, 1.5]","[4.6, 6.2, 27.7, 56.9]",Docenti per fasce di età (%) (A.S. 2025/26),1.7,5.8,6.0,5.0,3.8,3.6
PDPS030003,10.1,89.8,"[2.9, 2.9, 4.3, 0.0]","[2.9, 15.9, 29.0, 42.0]",Docenti per fasce di età (%) (A.S. 2025/26),3.2,5.8,6.0,6.3,3.8,3.6
PDPS01000T,9.7,90.2,"[1.2, 6.1, 1.2, 1.2]","[2.4, 18.3, 32.9, 36.6]",Docenti per fasce di età (%) (A.S. 2025/26),2.7,5.8,6.0,6.7,3.8,3.6
PDPS77500P,,,,,Docenti per fasce di età (%) (A.S. 2025/26),,,,,,
PDPS06000V,12.6,87.3,"[2.3, 6.9, 2.3, 1.1]","[2.3, 14.9, 27.6, 42.5]",Docenti per fasce di età (%) (A.S. 2025/26),0.0,5.8,6.0,3.8,3.8,3.6
PDPS02500G,,,,,Docenti per fasce di età (%) (A.S. 2025/26),,,,,,
PDPS035006,,,,,Docenti per fasce di età (%) (A.S. 2025/26),,,,,,
PDPS065002,,,,,Docenti per fasce di età (%) (A.S. 2025/26),,,,,,
VEPS07000G,15.5,84.4,"[5.8, 2.9, 1.0, 5.8]","[11.7, 22.3, 8.7, 41.7]",Docenti per fasce di età (%) (A.S. 2025/26),4.6,5.8,6.0,3.5,3.8,3.6
PDPS014016,19.1,80.9,"[6.8, 5.0, 5.5, 1.8]","[6.8, 21.4, 18.6, 34.1]",Docenti per fasce di età (%) (A.S. 2025/26),3.5,5.8,6.0,2.9,3.8,3.6
PDPS00500A,,,,,Docenti per fasce di età (%) (A.S. 2025/26),,,,,,
PDPM01000V,14.4,85.5,"[8.4, 1.2, 2.4, 2.4]","[4.8, 10.8, 20.5, 49.4]",Docenti per fasce di età (%) (A.S. 2025/26),4.3,5.8,6.0,2.9,3.8,3.6
PDPM00500B,,,,,Docenti per fasce di età (%) (A.S. 2025/26),,,,,,
PDPM001015,18.6,81.3,"[8.3, 4.8, 4.1, 1.4]","[6.2, 11.7, 26.2, 37.2]",Docenti per fasce di età (%) (A.S. 2025/26),1.9,5.8,6.0,1.9,3.8,3.6
PDTE029017,14.6,85.3,"[5.1, 2.5, 3.2, 3.8]","[5.7, 17.2, 25.5, 36.9]",Docenti per fasce di età (%) (A.S. 2025/26),2.3,5.8,6.0,7.9,3.8,3.6
PDPL04500G,,,,,Docenti per fasce di età (%) (A.S. 2025/26),,,,,,
PDPL02500A,,,,,Docenti per fasce di età (%) (A.S. 2025/26),,,,,,
PDSL01000P,15.5,84.5,"[3.3, 5.6, 4.4, 2.2]","[3.3, 15.6, 25.6, 40.0]",Docenti per fasce di età (%) (A.S. 2025/26),5.3,5.8,6.0,2.7,3.8,3.6
PDSL028011,31.8,68.2,"[11.5, 12.1, 5.7, 2.5]","[8.9, 21.7, 21.7, 15.9]",Docenti per fasce di età (%) (A.S. 2025/26),9.5,5.8,6.0,6.9,3.8,3.6
PDSD03000D,23.5,76.5,"[5.9, 10.1, 5.0, 2.5]","[1.7, 16.8, 22.7, 35.3]",Docenti per fasce di età (%) (A.S. 2025/26),6.5,5.8,6.0,7.5,3.8,3.6
PDTD01000N,17.9,82.1,"[5.7, 4.7, 2.8, 4.7]","[4.7, 14.2, 17.9, 45.3]",Docenti per fasce di età (%) (A.S. 2025/26),4.5,5.8,6.0,4.5,3.8,3.6
PDTD20000R,20.3,79.8,"[7.6, 7.6, 3.8, 1.3]","[5.7, 10.8, 12.7, 50.6]",Docenti per fasce di età (%) (A.S. 2025/26),2.5,5.8,6.0,11.4,3.8,3.6
PDTD01500R,,,,,Docenti per fasce di età (%) (A.S. 2025/26),,,,,,
PDTD02801X,31.8,68.2,"[11.5, 12.1, 5.7, 2.5]","[8.9, 21.7, 21.7, 15.9]",Docenti per fasce di età (%) (A.S. 2025/26),9.5,5.8,6.0,6.9,3.8,3.6
PDTD027014,38.4,61.5,"[14.1, 7.7, 11.5, 5.1]","[10.3, 11.5, 14.1, 25.6]",Docenti per fasce di età (%) (A.S. 2025/26),13.8,5.8,6.0,2.0,3.8,3.6
PDTF04000Q,8.1,91.8,"[2.7, 3.6, 1.8, 0.0]","[11.7, 17.1, 26.1, 36.9]",Docenti per fasce di età (%) (A.S. 2025/26),3.3,5.8,6.0,5.6,3.8,3.6
PDTL010004,28.8,71.2,"[8.2, 5.5, 11.0, 4.1]","[5.5, 12.3, 20.5, 32.9]",Docenti per fasce di età (%) (A.S. 2025/26),9.8,5.8,6.0,0.0,3.8,3.6
PDTA00601L,19.8,80.0,"[6.6, 7.2, 4.2, 1.8]","[7.8, 11.4, 23.5, 37.3]",Docenti per fasce di età (%) (A.S. 2025/26),5.8,5.8,6.0,4.0,3.8,3.6
PDTF02000E,16.4,83.5,"[7.5, 5.2, 2.2, 1.5]","[9.7, 13.4, 21.6, 38.8]",Docenti per fasce di età (%) (A.S. 2025/26),9.1,5.8,6.0,2.8,3.8,3.6
PDTF015003,,,,,Docenti per fasce di età (%) (A.S. 2025/26),,,,,,
PDTF022017,26.7,73.3,"[13.0, 4.8, 5.5, 3.4]","[13.0, 8.2, 13.7, 38.4]",Docenti per fasce di età (%) (A.S. 2025/26),10.4,5.8,6.0,3.0,3.8,3.6
PDPC02301T,14.7,85.2,"[2.2, 5.9, 4.4, 2.2]","[6.7, 25.9, 22.2, 30.4]",Docenti per fasce di età (%) (A.S. 2025/26),0.9,5.8,6.0,0.9,3.8,3.6
ROPC00101T,23.0,77.0,"[9.0, 7.0, 6.0, 1.0]","[11.0, 9.0, 26.0, 31.0]",Docenti per fasce di età (%) (A.S. 2025/26),8.2,5.8,6.0,4.2,3.8,3.6
ROPM01000Q,17.7,82.4,"[7.3, 5.6, 4.8, 0.0]","[7.3, 21.0, 21.0, 33.1]",Docenti per fasce di età (%) (A.S. 2025/26),8.3,5.8,6.0,7.4,3.8,3.6
ROPS01000P,12.5,87.5,"[4.7, 3.1, 4.7, 0.0]","[6.2, 12.5, 26.6, 42.2]",Docenti per fasce di età (%) (A.S. 2025/26),1.8,5.8,6.0,0.0,3.8,3.6
ROPS001011,23.0,77.0,"[9.0, 7.0, 6.0, 1.0]","[11.0, 9.0, 26.0, 31.0]",Docenti per fasce di età (%) (A.S. 2025/26),8.2,5.8,6.0,4.2,3.8,3.6
PDPS00301Q,19.0,81.0,"[4.7, 6.8, 6.1, 1.4]","[10.1, 18.9, 27.0, 25.0]",Docenti per fasce di età (%) (A.S. 2025/26),9.9,5.8,6.0,2.8,3.8,3.6
PDPS01101P,,,,,,,,,,,
ROPS007021,19.7,80.3,"[5.8, 7.3, 4.4, 2.2]","[9.5, 14.6, 25.5, 30.7]",Docenti per fasce di età (%) (A.S. 2025/26),5.9,5.8,6.0,4.0,3.8,3.6
FEPC020005,10.700000000000001,89.4,"[1.8, 3.5, 2.7, 2.7]","[1.8, 9.7, 28.3, 49.6]",Docenti per fasce di età (%) (A.S. 2025/26),5.7,5.5,6.0,7.4,3.1,3.6
FEPM00701X,22.0,77.9,"[8.0, 8.5, 3.5, 2.0]","[6.0, 10.1, 28.6, 33.2]",Docenti per fasce di età (%) (A.S. 2025/26),4.2,5.5,6.0,4.3,3.1,3.6
PDSD02301B,14.700000000000001,85.2,"[2.2, 5.9, 4.4, 2.2]","[6.7, 25.9, 22.2, 30.4]",Docenti per fasce di età (%) (A.S. 2025/26),0.9,5.8,6.0,0.9,3.8,3.6
ROTD01101B,22.2,77.8,"[9.5, 4.0, 6.3, 2.4]","[9.5, 16.7, 23.8, 27.8]",Docenti per fasce di età (%) (A.S. 2025/26),7.8,5.8,6.0,2.7,3.8,3.6
PDTD00701V,26.0,74.1,"[9.9, 6.9, 6.1, 3.1]","[7.6, 17.6, 27.5, 21.4]",Docenti per fasce di età (%) (A.S. 2025/26),9.7,5.8,6.0,5.4,3.8,3.6
PDTD02401L,30.8,69.2,"[12.3, 10.8, 1.5, 6.2]","[4.6, 12.3, 13.8, 38.5]",Docenti per fasce di età (%) (A.S. 2025/26),8.5,5.8,6.0,2.1,3.8,3.6
ROTD00801G,33.1,66.8,"[14.5, 7.6, 8.7, 2.3]","[8.7, 11.6, 19.8, 26.7]",Docenti per fasce di età (%) (A.S. 2025/26),3.8,5.8,6.0,3.7,3.8,3.6
PDTD01101E,,,,,,,,,,,
ROTF01000R,,,,,,,,,,,
ROTA01201R,17.799999999999997,82.10000000000001,"[5.6, 6.6, 4.6, 1.0]","[6.1, 16.3, 25.0, 34.7]",Docenti per fasce di età (%) (A.S. 2025/26),0.7,5.8,6.0,7.3,3.8,3.6
ROTL01201N,17.799999999999997,82.10000000000001,"[5.6, 6.6, 4.6, 1.0]","[6.1, 16.3, 25.0, 34.7]",Docenti per fasce di età (%) (A.S. 2025/26),0.7,5.8,6.0,7.3,3.8,3.6
TVPC01000R,12.2,87.7,"[1.0, 5.1, 5.1, 1.0]","[1.0, 8.2, 21.4, 57.1]",Docenti per fasce di età (%) (A.S. 2025/26),3.5,5.8,6.0,2.3,3.8,3.6
TVPC01500X,,,,,Docenti per fasce di età (%) (A.S. 2025/26),,,,,,
TVPS01000X,10.8,89.2,"[4.5, 4.5, 1.8, 0.0]","[6.3, 7.2, 24.3, 51.4]",Docenti per fasce di età (%) (A.S. 2025/26),2.0,5.8,6.0,5.9,3.8,3.6
TVPS015003,,,,,Docenti per fasce di età (%) (A.S. 2025/26),,,,,,
TVTF04000T,16.8,83.3,"[8.4, 2.8, 2.8, 2.8]","[6.3, 16.1, 25.2, 35.7]",Docenti per fasce di età (%) (A.S. 2025/26),2.6,5.8,6.0,3.6,3.8,3.6
TVPS57500F,,,,,Docenti per fasce di età (%) (A.S. 2025/26),,,,,,
TVPM02000G,27.400000000000002,72.60000000000001,"[8.8, 11.5, 6.2, 0.9]","[2.7, 22.1, 17.7, 30.1]",Docenti per fasce di età (%) (A.S. 2025/26),7.7,5.8,6.0,1.3,3.8,3.6
TVPS04000Q,17.0,83.0,"[4.0, 8.0, 3.0, 2.0]","[1.0, 16.0, 23.0, 43.0]",Docenti per fasce di età (%) (A.S. 2025/26),1.2,5.8,6.0,3.7,3.8,3.6
VEPMLV5000,,,,,Docenti per fasce di età (%) (A.S. 2025/26),,,,,,
TVPL08500G,,,,,Docenti per fasce di età (%) (A.S. 2025/26),,,,,,
TVPL005007,,,,,Docenti per fasce di età (%) (A.S. 2025/26),,,,,,
TVSL01000R,13.1,86.9,"[3.0, 5.1, 4.0, 1.0]","[2.0, 19.2, 29.3, 36.4]",Docenti per fasce di età (%) (A.S. 2025/26),0.0,5.8,6.0,3.5,3.8,3.6
TVTN01000N,14.7,85.2,"[7.7, 4.5, 1.9, 0.6]","[2.6, 13.5, 23.9, 45.2]",Docenti per fasce di età (%) (A.S. 2025/26),3.2,5.8,6.0,4.0,3.8,3.6
TVTF010002,,,,,,,,,,,
TVTB205003,,,,,Docenti per fasce di età (%) (A.S. 2025/26),,,,,,
TVTL01901N,28.400000000000002,71.5,"[10.9, 8.8, 5.8, 2.9]","[11.7, 12.4, 19.7, 27.7]",Docenti per fasce di età (%) (A.S. 2025/26),3.3,5.8,6.0,3.4,3.8,3.6
VRPC020003,8.1,91.8,"[3.1, 2.0, 2.0, 1.0]","[2.0, 8.2, 20.4, 61.2]",Docenti per fasce di età (%) (A.S. 2025/26),3.4,5.8,6.0,3.3,3.8,3.6
VRPC03000N,12.5,87.5,"[6.8, 2.3, 0.0, 3.4]","[3.4, 12.5, 22.7, 48.9]",Docenti per fasce di età (%) (A.S. 2025/26),1.3,5.8,6.0,1.3,3.8,3.6
VRPC01500G,,,,,Docenti per fasce di età (%) (A.S. 2025/26),,,,,,
VRPC04500B,,,,,Docenti per fasce di età (%) (A.S. 2025/26),,,,,,
VRPC025006,,,,,Docenti per fasce di età (%) (A.S. 2025/26),,,,,,
VRPS020006,12.5,87.6,"[4.8, 4.8, 1.9, 1.0]","[3.8, 16.2, 30.5, 37.1]",Docenti per fasce di età (%) (A.S. 2025/26),2.3,5.8,6.0,6.8,3.8,3.6
VRPS04000B,7.5,92.5,"[2.1, 1.1, 4.3, 0.0]","[7.4, 10.6, 20.2, 54.3]",Docenti per fasce di età (%) (A.S. 2025/26),2.3,5.8,6.0,4.4,3.8,3.6
VRPS03000R,11.700000000000001,88.3,"[3.2, 2.1, 3.2, 3.2]","[3.2, 17.0, 18.1, 50.0]",Docenti per fasce di età (%) (A.S. 2025/26),11.0,5.8,6.0,2.4,3.8,3.6
VRPS055005,,,,,Docenti per fasce di età (%) (A.S. 2025/26),,,,,,
VRPS11000C,,,,,,,,,,,
VRPS025009,,,,,Docenti per fasce di età (%) (A.S. 2025/26),,,,,,
VRPS005004,,,,,Docenti per fasce di età (%) (A.S. 2025/26),,,,,,
VRPS09500G,,,,,Docenti per fasce di età (%) (A.S. 2025/26),,,,,,
VRPS01500P,,,,,Docenti per fasce di età (%) (A.S. 2025/26),,,,,,
VRPSEM5005,,,,,Docenti per fasce di età (%) (A.S. 2025/26),,,,,,
VRPS3P500M,,,,,Docenti per fasce di età (%) (A.S. 2025/26),,,,,,
VRPM01000L,21.5,78.5,"[6.6, 9.4, 4.4, 1.1]","[3.3, 14.9, 26.0, 34.3]",Docenti per fasce di età (%) (A.S. 2025/26),2.9,5.8,6.0,3.5,3.8,3.6
VRPM27500E,,,,,Docenti per fasce di età (%) (A.S. 2025/26),,,,,,
VRPM01500Q,,,,,Docenti per fasce di età (%) (A.S. 2025/26),,,,,,
VRPM055006,,,,,Docenti per fasce di età (%) (A.S. 2025/26),,,,,,
VRPL06500E,,,,,Docenti per fasce di età (%) (A.S. 2025/26),,,,,,
VRPL01500D,,,,,Docenti per fasce di età (%) (A.S. 2025/26),,,,,,
VRSL03000N,24.8,75.1,"[5.9, 11.2, 4.7, 3.0]","[4.1, 10.7, 20.7, 39.6]",Docenti per fasce di età (%) (A.S. 2025/26),6.2,5.8,6.0,6.2,3.8,3.6
VRSL01500G,,,,,Docenti per fasce di età (%) (A.S. 2025/26),,,,,,
VRTD06000C,,,,,,,,,,,
VRTD10000N,25.7,74.4,"[7.0, 10.5, 7.0, 1.2]","[0.0, 15.1, 16.3, 43.0]",Docenti per fasce di età (%) (A.S. 2025/26),4.9,5.8,6.0,6.5,3.8,3.6
VRTD05000T,13.299999999999999,86.6,"[6.1, 2.4, 2.4, 2.4]","[2.4, 15.9, 31.7, 36.6]",Docenti per fasce di età (%) (A.S. 2025/26),1.4,5.8,6.0,2.7,3.8,3.6
VRTD13000D,16.0,83.89999999999999,"[6.9, 2.3, 3.4, 3.4]","[4.6, 8.0, 23.0, 48.3]",Docenti per fasce di età (%) (A.S. 2025/26),5.4,5.8,6.0,5.6,3.8,3.6
VRTD04500A,,,,,Docenti per fasce di età (%) (A.S. 2025/26),,,,,,
VRTN01500C,,,,,Docenti per fasce di età (%) (A.S. 2025/26),,,,,,
VRTL01000T,29.7,70.2,"[7.7, 8.9, 10.7, 2.4]","[14.9, 14.3, 21.4, 19.6]",Docenti per fasce di età (%) (A.S. 2025/26),5.2,5.8,6.0,2.1,3.8,3.6
VRTF03000V,17.9,82.1,"[4.7, 6.3, 3.7, 3.2]","[6.8, 19.5, 23.2, 32.6]",Docenti per fasce di età (%) (A.S. 2025/26),7.3,5.8,6.0,2.1,3.8,3.6
VRTF01000N,,,,,,,,,,,
VRTF265002,,,,,Docenti per fasce di età (%) (A.S. 2025/26),,,,,,
VRTF005006,,,,,Docenti per fasce di età (%) (A.S. 2025/26),,,,,,
VIPC02000P,17.700000000000003,82.2,"[3.7, 5.2, 4.4, 4.4]","[14.8, 14.8, 20.0, 32.6]",Docenti per fasce di età (%) (A.S. 2025/26),5.1,5.8,6.0,4.0,3.8,3.6
VIPC010004,16.7,83.3,"[4.2, 8.3, 2.8, 1.4]","[3.5, 11.8, 21.5, 46.5]",Docenti per fasce di età (%) (A.S. 2025/26),0.0,5.8,6.0,6.1,3.8,3.6
PDPS01301A,19.2,80.9,"[10.1, 3.0, 6.1, 0.0]","[10.1, 17.2, 27.3, 26.3]",Docenti per fasce di età (%) (A.S. 2025/26),5.0,5.8,6.0,2.6,3.8,3.6
VIPS02000T,7.9,92.2,"[4.7, 1.6, 0.0, 1.6]","[9.4, 17.2, 23.4, 42.2]",Docenti per fasce di età (%) (A.S. 2025/26),3.6,5.8,6.0,5.4,3.8,3.6
VIPS05000N,13.7,86.4,"[6.0, 3.4, 2.6, 1.7]","[2.6, 10.3, 25.6, 47.9]",Docenti per fasce di età (%) (A.S. 2025/26),2.0,5.8,6.0,5.9,3.8,3.6
VIPS3I500B,,,,,Docenti per fasce di età (%) (A.S. 2025/26),,,,,,
VIPM010008,12.3,87.8,"[6.9, 2.3, 2.3, 0.8]","[6.1, 16.0, 27.5, 38.2]",Docenti per fasce di età (%) (A.S. 2025/26),6.3,5.8,6.0,2.6,3.8,3.6
VIPS01500A,,,,,Docenti per fasce di età (%) (A.S. 2025/26),,,,,,
VIPM01500B,,,,,Docenti per fasce di età (%) (A.S. 2025/26),,,,,,
VIPLVN5005,,,,,Docenti per fasce di età (%) (A.S. 2025/26),,,,,,
VIPL015005,,,,,Docenti per fasce di età (%) (A.S. 2025/26),,,,,,
VISL01901G,14.6,85.4,"[6.1, 4.9, 3.0, 0.6]","[5.5, 20.7, 23.2, 36.0]",Docenti per fasce di età (%) (A.S. 2025/26),4.9,5.8,6.0,2.9,3.8,3.6
VISL01301L,40.2,59.8,"[9.9, 14.1, 11.3, 4.9]","[2.1, 16.2, 22.5, 19.0]",Docenti per fasce di età (%) (A.S. 2025/26),4.8,5.8,6.0,0.0,3.8,3.6
VITD09000X,20.2,79.7,"[7.1, 7.1, 4.0, 2.0]","[3.0, 11.1, 22.2, 43.4]",Docenti per fasce di età (%) (A.S. 2025/26),1.5,5.8,6.0,3.1,3.8,3.6
VITD010003,18.0,82.1,"[3.0, 4.5, 7.5, 3.0]","[1.5, 11.9, 26.9, 41.8]",Docenti per fasce di età (%) (A.S. 2025/26),6.1,5.8,6.0,7.7,3.8,3.6
VITD016013,32.7,67.4,"[12.8, 10.7, 6.1, 3.1]","[8.2, 16.3, 18.9, 24.0]",Docenti per fasce di età (%) (A.S. 2025/26),3.1,5.8,6.0,3.3,3.8,3.6
VITF02000X,15.1,85.0,"[6.5, 3.3, 2.0, 3.3]","[3.3, 13.7, 22.2, 45.8]",Docenti per fasce di età (%) (A.S. 2025/26),0.8,5.8,6.0,3.2,3.8,3.6
VITE019012,14.6,85.4,"[6.1, 4.9, 3.0, 0.6]","[5.5, 20.7, 23.2, 36.0]",Docenti per fasce di età (%) (A.S. 2025/26),4.9,5.8,6.0,2.9,3.8,3.6
VITL013012,40.2,59.8,"[9.9, 14.1, 11.3, 4.9]","[2.1, 16.2, 22.5, 19.0]",Docenti per fasce di età (%) (A.S. 2025/26),4.8,5.8,6.0,0.0,3.8,3.6
VITL03500T,,,,,,,,,,,
TSPC00401R,22.599999999999998,77.4,"[6.7, 8.7, 4.1, 3.1]","[6.7, 16.9, 25.6, 28.2]",Docenti per fasce di età (%) (A.S. 2025/26),4.9,4.7,6.0,0.0,3.6,3.6
TSPC02000N,15.299999999999999,84.8,"[3.8, 5.1, 1.3, 5.1]","[2.5, 6.3, 16.5, 59.5]",Docenti per fasce di età (%) (A.S. 2025/26),1.5,4.7,6.0,5.9,3.6,3.6
TSPS010006,20.6,79.5,"[2.6, 2.6, 10.3, 5.1]","[7.7, 7.7, 20.5, 43.6]",Docenti per fasce di età (%) (A.S. 2025/26),0.0,4.7,6.0,3.0,3.6,3.6
TSPS03000B,9.5,90.6,"[4.7, 1.2, 1.2, 2.4]","[7.1, 10.6, 23.5, 49.4]",Docenti per fasce di età (%) (A.S. 2025/26),0.0,4.7,6.0,5.1,3.6,3.6
TSPS02000R,9.8,90.2,"[4.9, 3.7, 1.2, 0.0]","[6.2, 17.3, 24.7, 42.0]",Docenti per fasce di età (%) (A.S. 2025/26),2.8,4.7,6.0,6.7,3.6,3.6
GOPS009017,17.7,82.4,"[5.9, 5.9, 3.5, 2.4]","[1.2, 20.0, 16.5, 44.7]",Docenti per fasce di età (%) (A.S. 2025/26),1.5,4.7,6.0,4.4,3.6,3.6
TSPM004011,22.599999999999998,77.4,"[6.7, 8.7, 4.1, 3.1]","[6.7, 16.9, 25.6, 28.2]",Docenti per fasce di età (%) (A.S. 2025/26),4.9,4.7,6.0,0.0,3.6,3.6
TSPM02000T,33.3,66.6,"[11.1, 14.8, 3.7, 3.7]","[0.0, 18.5, 22.2, 25.9]",Docenti per fasce di età (%) (A.S. 2025/26),0.0,4.7,6.0,6.3,3.6,3.6
GOSD007012,29.8,70.2,"[13.5, 9.6, 3.8, 2.9]","[2.9, 13.5, 28.8, 25.0]",Docenti per fasce di età (%) (A.S. 2025/26),7.7,4.7,6.0,6.5,3.6,3.6
TSSD01000L,24.7,75.2,"[6.8, 11.0, 5.5, 1.4]","[2.7, 16.4, 20.5, 35.6]",Docenti per fasce di età (%) (A.S. 2025/26),6.1,4.7,6.0,2.0,3.6,3.6
TSTD001018,21.3,78.69999999999999,"[6.3, 7.5, 2.9, 4.6]","[4.0, 13.2, 24.7, 36.8]",Docenti per fasce di età (%) (A.S. 2025/26),4.4,4.7,6.0,2.3,3.6,3.6
TSTD030007,58.3,41.599999999999994,"[37.5, 8.3, 0.0, 12.5]","[0.0, 8.3, 0.0, 33.3]",Docenti per fasce di età (%) (A.S. 2025/26),8.3,4.7,6.0,8.3,3.6,3.6
TSTL01000C,,,,,,,,,,,
TSTF003016,30.400000000000002,69.5,"[19.6, 6.5, 4.3, 0.0]","[4.3, 19.6, 23.9, 21.7]",Docenti per fasce di età (%) (A.S. 2025/26),3.1,4.7,6.0,0.0,3.6,3.6
TSTF010008,20.1,79.9,"[9.7, 3.2, 4.0, 3.2]","[8.1, 12.9, 27.4, 31.5]",Docenti per fasce di età (%) (A.S. 2025/26),1.2,4.7,6.0,1.2,3.6,3.6
TSTH00201T,30.9,69.0,"[9.7, 7.1, 8.8, 5.3]","[8.8, 12.4, 23.0, 24.8]",Docenti per fasce di età (%) (A.S. 2025/26),6.4,4.7,6.0,3.9,3.6,3.6
GOPC00101D,13.3,86.7,"[6.2, 4.4, 0.9, 1.8]","[5.3, 7.1, 27.4, 46.9]",Docenti per fasce di età (%) (A.S. 2025/26),1.1,4.7,6.0,4.3,3.6,3.6
GOPC002019,27.799999999999997,72.3,"[19.4, 2.8, 5.6, 0.0]","[8.3, 5.6, 30.6, 27.8]",Docenti per fasce di età (%) (A.S. 2025/26),0.0,4.7,6.0,0.0,3.6,3.6
UDPS01301R,27.6,72.4,"[8.5, 8.5, 6.8, 3.8]","[7.7, 20.0, 20.0, 24.7]",Docenti per fasce di età (%) (A.S. 2025/26),4.0,4.7,6.0,3.4,3.6,3.6
GOPS00101L,13.3,86.7,"[6.2, 4.4, 0.9, 1.8]","[5.3, 7.1, 27.4, 46.9]",Docenti per fasce di età (%) (A.S. 2025/26),1.1,4.7,6.0,4.3,3.6,3.6
GOTE00701V,29.8,70.2,"[13.5, 9.6, 3.8, 2.9]","[2.9, 13.5, 28.8, 25.0]",Docenti per fasce di età (%) (A.S. 2025/26),7.7,4.7,6.0,6.5,3.6,3.6
GOPM00201D,27.799999999999997,72.3,"[19.4, 2.8, 5.6, 0.0]","[8.3, 5.6, 30.6, 27.8]",Docenti per fasce di età (%) (A.S. 2025/26),0.0,4.7,6.0,0.0,3.6,3.6
GOPM00101N,13.3,86.7,"[6.2, 4.4, 0.9, 1.8]","[5.3, 7.1, 27.4, 46.9]",Docenti per fasce di età (%) (A.S. 2025/26),1.1,4.7,6.0,4.3,3.6,3.6
GOTD008017,,,,,,,,,,,
GOTD00401X,31.599999999999998,68.6,"[22.9, 2.9, 2.9, 2.9]","[11.4, 5.7, 22.9, 28.6]",Docenti per fasce di età (%) (A.S. 2025/26),4.2,4.7,6.0,4.3,3.6,3.6
GOTF00801D,,,,,,,,,,,
GOTF004016,31.599999999999998,68.6,"[22.9, 2.9, 2.9, 2.9]","[11.4, 5.7, 22.9, 28.6]",Docenti per fasce di età (%) (A.S. 2025/26),4.2,4.7,6.0,4.3,3.6,3.6
TVPC01101N,33.8,66.2,"[14.6, 9.9, 7.3, 2.0]","[12.6, 16.6, 13.2, 23.8]",Docenti per fasce di età (%) (A.S. 2025/26),11.5,5.8,6.0,7.0,3.8,3.6
PNPC00101B,15.4,84.6,"[7.7, 4.5, 2.6, 0.6]","[7.7, 6.4, 29.5, 41.0]",Docenti per fasce di età (%) (A.S. 2025/26),0.8,4.7,6.0,3.9,3.6,3.6
VEPC050007,23.9,76.1,"[10.6, 7.1, 4.4, 1.8]","[6.2, 10.6, 25.7, 33.6]",Docenti per fasce di età (%) (A.S. 2025/26),3.8,5.8,6.0,2.5,3.8,3.6
PNPS010008,14.5,85.5,"[3.8, 4.6, 3.8, 2.3]","[2.3, 11.5, 29.0, 42.7]",Docenti per fasce di età (%) (A.S. 2025/26),0.9,4.7,6.0,0.9,3.6,3.6
PNPS03500L,,,,,Docenti per fasce di età (%) (A.S. 2025/26),,,,,,
PNPS00101E,15.4,84.6,"[7.7, 4.5, 2.6, 0.6]","[7.7, 6.4, 29.5, 41.0]",Docenti per fasce di età (%) (A.S. 2025/26),0.8,4.7,6.0,3.9,3.6,3.6
PNPS9G5000,,,,,Docenti per fasce di età (%) (A.S. 2025/26),,,,,,
PNPS003016,35.2,64.9,"[14.9, 5.4, 9.5, 5.4]","[9.5, 18.9, 20.3, 16.2]",Docenti per fasce di età (%) (A.S. 2025/26),6.8,4.7,6.0,2.4,3.6,3.6
TVPS035008,,,,,Docenti per fasce di età (%) (A.S. 2025/26),,,,,,
PNPQ00201G,16.8,83.2,"[5.9, 3.0, 5.9, 2.0]","[7.9, 12.9, 22.8, 39.6]",Docenti per fasce di età (%) (A.S. 2025/26),4.8,4.7,6.0,2.4,3.6,3.6
VEPM030006,22.900000000000002,77.1,"[3.1, 10.4, 5.2, 4.2]","[3.1, 11.5, 22.9, 39.6]",Docenti per fasce di età (%) (A.S. 2025/26),2.5,5.8,6.0,7.6,3.8,3.6
PNPM00201B,16.8,83.2,"[5.9, 3.0, 5.9, 2.0]","[7.9, 12.9, 22.8, 39.6]",Docenti per fasce di età (%) (A.S. 2025/26),4.8,4.7,6.0,2.4,3.6,3.6
TVSL006016,,,,,,,,,,,
PNSD020009,36.6,63.6,"[8.6, 14.0, 10.8, 3.2]","[1.1, 10.8, 23.7, 28.0]",Docenti per fasce di età (%) (A.S. 2025/26),0.0,4.7,6.0,2.0,3.6,3.6
PNTD01201R,32.8,67.3,"[11.7, 9.3, 6.2, 5.6]","[6.8, 9.9, 17.9, 32.7]",Docenti per fasce di età (%) (A.S. 2025/26),6.8,4.7,6.0,7.1,3.6,3.6
PNTN008013,35.8,64.2,"[17.2, 10.4, 5.2, 3.0]","[5.2, 9.0, 24.6, 25.4]",Docenti per fasce di età (%) (A.S. 2025/26),9.6,4.7,6.0,0.0,3.6,3.6
PNTF01000A,10.5,89.4,"[3.7, 3.7, 2.5, 0.6]","[5.0, 11.8, 24.8, 47.8]",Docenti per fasce di età (%) (A.S. 2025/26),2.1,4.7,6.0,5.7,3.6,3.6
PNTL01000E,,,,,,,,,,,
PNTF009017,42.5,57.5,"[14.2, 13.2, 9.4, 5.7]","[7.5, 11.3, 15.1, 23.6]",Docenti per fasce di età (%) (A.S. 2025/26),18.2,4.7,6.0,3.1,3.6,3.6
UDPC010005,6.4,93.7,"[2.1, 4.3, 0.0, 0.0]","[0.0, 6.4, 27.7, 59.6]",Docenti per fasce di età (%) (A.S. 2025/26),2.3,4.7,6.0,6.8,3.6,3.6
UDPM040005,25.1,74.7,"[11.0, 6.3, 4.7, 3.1]","[4.7, 12.6, 28.3, 29.1]",Docenti per fasce di età (%) (A.S. 2025/26),3.3,4.7,6.0,4.4,3.6,3.6
UDPC00500N,,,,,Docenti per fasce di età (%) (A.S. 2025/26),,,,,,
UDPS05000P,5.0,95.0,"[0.0, 1.0, 3.0, 1.0]","[1.0, 6.9, 27.7, 59.4]",Docenti per fasce di età (%) (A.S. 2025/26),5.0,4.7,6.0,2.0,3.6,3.6
UDPS010008,5.5,94.4,"[2.8, 0.9, 1.8, 0.0]","[7.3, 11.9, 37.6, 37.6]",Docenti per fasce di età (%) (A.S. 2025/26),1.0,4.7,6.0,5.9,3.6,3.6
UDPS016018,10.6,89.4,"[2.7, 3.1, 2.4, 2.4]","[4.5, 9.6, 26.8, 48.5]",Docenti per fasce di età (%) (A.S. 2025/26),1.2,4.7,6.0,4.3,3.6,3.6
UDPS0G500U,,,,,Docenti per fasce di età (%) (A.S. 2025/26),,,,,,
UDPSBD500N,,,,,Docenti per fasce di età (%) (A.S. 2025/26),,,,,,
UDPM010009,21.9,78.0,"[5.8, 7.3, 4.4, 4.4]","[3.6, 9.5, 22.6, 42.3]",Docenti per fasce di età (%) (A.S. 2025/26),1.9,4.7,6.0,4.7,3.6,3.6
UDPLO3500Z,,,,,Docenti per fasce di età (%) (A.S. 2025/26),,,,,,
UDTD010004,12.399999999999999,87.6,"[4.1, 3.3, 2.5, 2.5]","[0.0, 12.4, 24.8, 50.4]",Docenti per fasce di età (%) (A.S. 2025/26),1.9,4.7,6.0,7.7,3.6,3.6
UDTD02000P,,,,,,,,,,,
UDTN01701T,28.0,72.0,"[8.2, 11.1, 5.8, 2.9]","[1.2, 14.6, 19.9, 36.3]",Docenti per fasce di età (%) (A.S. 2025/26),2.4,4.7,6.0,4.0,3.6,3.6
UDTL01000E,27.7,72.3,"[8.0, 8.6, 8.6, 2.5]","[5.5, 13.5, 28.8, 24.5]",Docenti per fasce di età (%) (A.S. 2025/26),9.7,4.7,6.0,3.0,3.6,3.6
UDTF01601A,10.6,89.4,"[2.7, 3.1, 2.4, 2.4]","[4.5, 9.6, 26.8, 48.5]",Docenti per fasce di età (%) (A.S. 2025/26),1.2,4.7,6.0,4.3,3.6,3.6
UDTF00500V,,,,,Docenti per fasce di età (%) (A.S. 2025/26),,,,,,
GEPC020009,15.600000000000001,84.3,"[5.2, 5.2, 4.2, 1.0]","[5.2, 14.6, 20.8, 43.7]",Docenti per fasce di età (%) (A.S. 2025/26),3.7,5.3,6.0,2.5,3.5,3.6
GEPC04000E,27.0,73.0,"[9.0, 7.0, 8.0, 3.0]","[4.0, 15.0, 20.0, 34.0]",Docenti per fasce di età (%) (A.S. 2025/26),5.6,5.3,6.0,5.5,3.5,3.6
GEPC01000P,6.5,93.4,"[2.6, 1.3, 0.0, 2.6]","[0.0, 19.7, 17.1, 56.6]",Docenti per fasce di età (%) (A.S. 2025/26),4.1,5.3,6.0,4.1,3.5,3.6
GEPS07000D,10.2,89.69999999999999,"[3.1, 1.0, 5.1, 1.0]","[7.1, 19.4, 21.4, 41.8]",Docenti per fasce di età (%) (A.S. 2025/26),3.4,5.3,6.0,4.7,3.5,3.6
GEPS030003,7.3,92.4,"[3.7, 1.2, 1.2, 1.2]","[1.2, 16.2, 15.0, 60.0]",Docenti per fasce di età (%) (A.S. 2025/26),2.7,5.3,6.0,4.1,3.5,3.6
GEPS080004,27.4,72.7,"[6.6, 12.3, 8.5, 0.0]","[8.5, 10.4, 25.5, 28.3]",Docenti per fasce di età (%) (A.S. 2025/26),2.8,5.3,6.0,0.0,3.5,3.6
GEPS050008,6.4,93.8,"[1.1, 1.1, 4.2, 0.0]","[7.4, 23.2, 27.4, 35.8]",Docenti per fasce di età (%) (A.S. 2025/26),2.2,5.3,6.0,3.3,3.5,3.6
GEPS02000C,18.5,81.4,"[5.7, 5.7, 5.7, 1.4]","[11.4, 15.7, 25.7, 28.6]",Docenti per fasce di età (%) (A.S. 2025/26),1.8,5.3,6.0,8.9,3.5,3.6
GEPS04500R,,,,,Docenti per fasce di età (%) (A.S. 2025/26),,,,,,
GEPS01000T,18.9,81.0,"[5.4, 0.0, 8.1, 5.4]","[5.4, 10.8, 29.7, 35.1]",Docenti per fasce di età (%) (A.S. 2025/26),0.0,5.3,6.0,0.0,3.5,3.6
GEPS70500C,,,,,Docenti per fasce di età (%) (A.S. 2025/26),,,,,,
GEPM05500C,,,,,,,,,,,
GEPS07500L,,,,,Docenti per fasce di età (%) (A.S. 2025/26),,,,,,
GETF014018,19.9,80.2,"[6.3, 4.8, 5.6, 3.2]","[15.1, 12.7, 23.8, 28.6]",Docenti per fasce di età (%) (A.S. 2025/26),1.1,5.3,6.0,4.4,3.5,3.6
GETF01801G,27.0,73.0,"[4.6, 11.2, 6.6, 4.6]","[5.9, 17.8, 18.4, 30.9]",Docenti per fasce di età (%) (A.S. 2025/26),3.8,5.3,6.0,3.0,3.5,3.6
GEPC085004,,,,,,,,,,,
GEPM030004,25.2,74.9,"[9.8, 9.1, 3.5, 2.8]","[5.6, 16.8, 21.0, 31.5]",Docenti per fasce di età (%) (A.S. 2025/26),5.9,5.3,6.0,1.0,3.5,3.6
GEPM04000P,40.699999999999996,59.300000000000004,"[13.6, 14.0, 9.7, 3.4]","[9.3, 21.6, 13.1, 15.3]",Docenti per fasce di età (%) (A.S. 2025/26),5.2,5.3,6.0,3.1,3.5,3.6
GEPMN4500Z,,,,,Docenti per fasce di età (%) (A.S. 2025/26),,,,,,
GEPMAH500O,,,,,Docenti per fasce di età (%) (A.S. 2025/26),,,,,,
GETL007019,24.5,75.4,"[4.4, 10.5, 6.1, 3.5]","[8.8, 17.5, 21.9, 27.2]",Docenti per fasce di età (%) (A.S. 2025/26),5.7,5.3,6.0,4.1,3.5,3.6
GEPL01500Q,,,,,Docenti per fasce di età (%) (A.S. 2025/26),,,,,,
GETD00301G,20.299999999999997,79.7,"[2.3, 12.2, 4.1, 1.7]","[4.7, 16.3, 20.9, 37.8]",Docenti per fasce di età (%) (A.S. 2025/26),3.8,5.3,6.0,6.0,3.5,3.6
SVSL00801R,16.6,83.4,"[5.0, 5.8, 2.5, 3.3]","[2.5, 14.0, 19.8, 47.1]",Docenti per fasce di età (%) (A.S. 2025/26),4.1,5.3,6.0,5.9,3.5,3.6
GESL01000P,28.2,71.8,"[3.9, 12.5, 7.1, 4.7]","[4.3, 16.9, 24.3, 26.3]",Docenti per fasce di età (%) (A.S. 2025/26),3.4,5.3,6.0,1.7,3.5,3.6
GESD010008,,,,,,,,,,,
GETN00701R,24.5,75.4,"[4.4, 10.5, 6.1, 3.5]","[8.8, 17.5, 21.9, 27.2]",Docenti per fasce di età (%) (A.S. 2025/26),5.7,5.3,6.0,4.1,3.5,3.6
GETD022011,,,,,,,,,,,
GETD00401B,44.7,55.400000000000006,"[17.2, 12.3, 8.8, 6.4]","[10.3, 12.3, 14.2, 18.6]",Docenti per fasce di età (%) (A.S. 2025/26),5.9,5.3,6.0,4.0,3.5,3.6
GETD006013,35.7,64.3,"[11.9, 8.1, 10.2, 5.5]","[7.7, 14.0, 20.0, 22.6]",Docenti per fasce di età (%) (A.S. 2025/26),5.0,5.3,6.0,2.9,3.5,3.6
GETF01601X,27.6,72.3,"[10.7, 7.9, 6.2, 2.8]","[6.2, 22.0, 19.2, 24.9]",Docenti per fasce di età (%) (A.S. 2025/26),3.6,5.3,6.0,2.7,3.5,3.6
GETA01201X,46.4,53.599999999999994,"[13.3, 18.7, 9.6, 4.8]","[10.2, 19.9, 13.3, 10.2]",Docenti per fasce di età (%) (A.S. 2025/26),13.9,5.3,6.0,6.7,3.5,3.6
GETH020002,31.1,68.7,"[12.7, 7.5, 6.9, 4.0]","[9.2, 12.1, 16.8, 30.6]",Docenti per fasce di età (%) (A.S. 2025/26),6.2,5.3,6.0,3.8,3.5,3.6
GETF00401N,44.7,55.400000000000006,"[17.2, 12.3, 8.8, 6.4]","[10.3, 12.3, 14.2, 18.6]",Docenti per fasce di età (%) (A.S. 2025/26),5.9,5.3,6.0,4.0,3.5,3.6
IMPS010009,15.4,84.60000000000001,"[10.8, 0.0, 4.6, 0.0]","[3.1, 4.6, 29.2, 47.7]",Docenti per fasce di età (%) (A.S. 2025/26),5.5,5.3,6.0,5.5,3.5,3.6
IMPC040002,32.8,67.2,"[14.6, 7.3, 5.8, 5.1]","[8.8, 7.3, 14.6, 36.5]",Docenti per fasce di età (%) (A.S. 2025/26),3.5,5.3,6.0,1.2,3.5,3.6
SVPS030004,32.9,67.1,"[11.7, 10.6, 5.6, 5.0]","[6.1, 12.2, 19.4, 29.4]",Docenti per fasce di età (%) (A.S. 2025/26),7.8,5.3,6.0,0.9,3.5,3.6
SVPS015002,,,,,Docenti per fasce di età (%) (A.S. 2025/26),,,,,,
IMPS00701E,37.4,62.7,"[10.8, 9.4, 12.9, 4.3]","[5.8, 9.4, 18.7, 28.8]",Docenti per fasce di età (%) (A.S. 2025/26),5.1,5.3,6.0,2.5,3.5,3.6
IMPS00702G,37.4,62.7,"[10.8, 9.4, 12.9, 4.3]","[5.8, 9.4, 18.7, 28.8]",Docenti per fasce di età (%) (A.S. 2025/26),5.1,5.3,6.0,2.5,3.5,3.6
IMPM009028,34.3,65.6,"[12.7, 8.9, 10.2, 2.5]","[7.6, 10.2, 17.2, 30.6]",Docenti per fasce di età (%) (A.S. 2025/26),4.1,5.3,6.0,5.1,3.5,3.6
SVPM02500N,,,,,Docenti per fasce di età (%) (A.S. 2025/26),,,,,,
IMPM009017,34.3,65.6,"[12.7, 8.9, 10.2, 2.5]","[7.6, 10.2, 17.2, 30.6]",Docenti per fasce di età (%) (A.S. 2025/26),4.1,5.3,6.0,5.1,3.5,3.6
IMSD00901L,34.3,65.6,"[12.7, 8.9, 10.2, 2.5]","[7.6, 10.2, 17.2, 30.6]",Docenti per fasce di età (%) (A.S. 2025/26),4.1,5.3,6.0,5.1,3.5,3.6
IMTD00601E,26.4,73.4,"[5.4, 6.1, 8.8, 6.1]","[8.8, 19.0, 15.0, 30.6]",Docenti per fasce di età (%) (A.S. 2025/26),9.8,5.3,6.0,0.0,3.5,3.6
IMTD00702B,37.4,62.7,"[10.8, 9.4, 12.9, 4.3]","[5.8, 9.4, 18.7, 28.8]",Docenti per fasce di età (%) (A.S. 2025/26),5.1,5.3,6.0,2.5,3.5,3.6
IMTN00402T,36.3,63.7,"[12.5, 7.5, 11.9, 4.4]","[3.1, 14.4, 16.2, 30.0]",Docenti per fasce di età (%) (A.S. 2025/26),6.6,5.3,6.0,5.1,3.5,3.6
IMTF00201D,41.2,58.7,"[12.8, 9.5, 13.5, 5.4]","[8.1, 10.1, 16.2, 24.3]",Docenti per fasce di età (%) (A.S. 2025/26),5.9,5.3,6.0,2.5,3.5,3.6
SPPC02000X,,,,,,,,,,,
SPPC010009,11.2,88.8,"[3.2, 0.0, 3.2, 4.8]","[6.3, 7.9, 25.4, 49.2]",Docenti per fasce di età (%) (A.S. 2025/26),1.8,5.3,6.0,1.7,3.5,3.6
SPPS01000C,9.1,90.7,"[1.3, 1.3, 2.6, 3.9]","[10.5, 18.4, 26.3, 35.5]",Docenti per fasce di età (%) (A.S. 2025/26),5.8,5.3,6.0,5.7,3.5,3.6
MSPS020002,6.300000000000001,93.7,"[0.0, 4.2, 0.0, 2.1]","[6.2, 22.9, 29.2, 35.4]",Docenti per fasce di età (%) (A.S. 2025/26),2.4,5.2,6.0,9.3,3.3,3.6
MSPS012014,25.0,74.9,"[7.9, 5.3, 7.9, 3.9]","[2.6, 18.4, 26.3, 27.6]",Docenti per fasce di età (%) (A.S. 2025/26),3.5,5.2,6.0,3.4,3.3,3.6
MSTF018015,18.7,81.4,"[6.7, 2.7, 8.0, 1.3]","[6.7, 12.0, 20.0, 42.7]",Docenti per fasce di età (%) (A.S. 2025/26),16.9,5.2,6.0,1.5,3.3,3.6
SPTF00601X,21.7,78.2,"[3.5, 8.7, 6.5, 3.0]","[11.3, 13.0, 20.0, 33.9]",Docenti per fasce di età (%) (A.S. 2025/26),1.3,5.3,6.0,2.0,3.5,3.6
MSPS01000B,11.2,88.9,"[4.8, 0.0, 3.2, 3.2]","[7.9, 9.5, 28.6, 42.9]",Docenti per fasce di età (%) (A.S. 2025/26),7.4,5.2,6.0,0.0,3.3,3.6
MSPSI35008,,,,,Docenti per fasce di età (%) (A.S. 2025/26),,,,,,
MSPM00201E,17.9,82.2,"[3.9, 6.2, 3.9, 3.9]","[3.1, 11.6, 23.3, 44.2]",Docenti per fasce di età (%) (A.S. 2025/26),4.0,5.2,6.0,5.9,3.3,3.6
SPPM01000D,13.299999999999999,86.5,"[3.8, 3.8, 3.8, 1.9]","[7.7, 10.6, 26.9, 41.3]",Docenti per fasce di età (%) (A.S. 2025/26),1.1,5.3,6.0,3.4,3.5,3.6
MSPM00101P,19.6,80.3,"[6.2, 7.2, 2.1, 4.1]","[8.2, 8.2, 21.6, 42.3]",Docenti per fasce di età (%) (A.S. 2025/26),2.6,5.2,6.0,6.8,3.3,3.6
SPSL00201B,38.8,61.099999999999994,"[10.0, 14.4, 10.0, 4.4]","[3.9, 10.6, 19.4, 27.2]",Docenti per fasce di età (%) (A.S. 2025/26),1.0,5.3,6.0,4.9,3.5,3.6
MSSL01401L,39.7,60.300000000000004,"[10.9, 13.6, 9.2, 6.0]","[2.2, 10.3, 21.2, 26.6]",Docenti per fasce di età (%) (A.S. 2025/26),5.7,5.2,6.0,3.8,3.3,3.6
MSSD014016,39.7,60.300000000000004,"[10.9, 13.6, 9.2, 6.0]","[2.2, 10.3, 21.2, 26.6]",Docenti per fasce di età (%) (A.S. 2025/26),5.7,5.2,6.0,3.8,3.3,3.6
SPTD110005,25.2,74.7,"[7.6, 5.0, 6.7, 5.9]","[5.0, 17.6, 18.5, 33.6]",Docenti per fasce di età (%) (A.S. 2025/26),7.3,5.3,6.0,4.9,3.5,3.6
SPTD008019,,,,,,,,,,,
SPTL00201R,38.8,61.099999999999994,"[10.0, 14.4, 10.0, 4.4]","[3.9, 10.6, 19.4, 27.2]",Docenti per fasce di età (%) (A.S. 2025/26),1.0,5.3,6.0,4.9,3.5,3.6
SPTH00601B,21.7,78.2,"[3.5, 8.7, 6.5, 3.0]","[11.3, 13.0, 20.0, 33.9]",Docenti per fasce di età (%) (A.S. 2025/26),1.3,5.3,6.0,2.0,3.5,3.6
SVPC00801R,16.6,83.4,"[5.0, 5.8, 2.5, 3.3]","[2.5, 14.0, 19.8, 47.1]",Docenti per fasce di età (%) (A.S. 2025/26),4.1,5.3,6.0,5.9,3.5,3.6
SVPC030001,14.600000000000001,85.4,"[4.2, 2.1, 6.2, 2.1]","[6.2, 10.4, 41.7, 27.1]",Docenti per fasce di età (%) (A.S. 2025/26),2.6,5.3,6.0,10.0,3.5,3.6
SVPS01000V,16.3,83.8,"[3.5, 3.5, 5.8, 3.5]","[3.5, 10.5, 27.9, 41.9]",Docenti per fasce di età (%) (A.S. 2025/26),1.6,5.3,6.0,1.6,3.5,3.6
SVPS02000D,,,,,,,,,,,
SVPM01000X,19.6,80.5,"[9.3, 2.8, 5.6, 1.9]","[10.2, 13.9, 23.1, 33.3]",Docenti per fasce di età (%) (A.S. 2025/26),7.3,5.3,6.0,3.8,3.5,3.6
SVTD01101G,,,,,,,,,,,
SVTD00301L,31.1,68.9,"[8.1, 12.6, 7.4, 3.0]","[8.1, 14.1, 21.5, 25.2]",Docenti per fasce di età (%) (A.S. 2025/26),8.2,5.3,6.0,2.4,3.5,3.6
SVTL011012,,,,,,,,,,,
SVTF00901T,27.3,72.7,"[7.3, 7.3, 5.9, 6.8]","[7.3, 14.1, 21.5, 29.8]",Docenti per fasce di età (%) (A.S. 2025/26),4.4,5.3,6.0,2.2,3.5,3.6
BOPC02000A,19.6,80.5,"[4.2, 2.8, 7.7, 4.9]","[0.0, 11.9, 24.5, 44.1]",Docenti per fasce di età (%) (A.S. 2025/26),3.6,5.5,6.0,3.5,3.1,3.6
BOPC030001,3.5999999999999996,96.5,"[1.2, 2.4, 0.0, 0.0]","[0.0, 11.8, 37.6, 47.1]",Docenti per fasce di età (%) (A.S. 2025/26),2.4,5.5,6.0,7.0,3.1,3.6
BOPS030004,11.3,88.8,"[2.3, 6.0, 3.0, 0.0]","[3.8, 16.5, 27.1, 41.4]",Docenti per fasce di età (%) (A.S. 2025/26),1.7,5.5,6.0,4.8,3.1,3.6
BOPS02000D,7.2,92.8,"[2.7, 3.6, 0.9, 0.0]","[0.9, 19.6, 33.9, 38.4]",Docenti per fasce di età (%) (A.S. 2025/26),1.0,5.5,6.0,6.7,3.1,3.6
BOPS01000V,12.6,87.3,"[3.4, 2.5, 4.2, 2.5]","[2.5, 10.2, 37.3, 37.3]",Docenti per fasce di età (%) (A.S. 2025/26),4.0,5.5,6.0,1.0,3.1,3.6
BOPS525001,,,,,Docenti per fasce di età (%) (A.S. 2025/26),,,,,,
BOPS080005,20.1,79.89999999999999,"[6.9, 9.0, 3.5, 0.7]","[2.1, 14.6, 36.8, 26.4]",Docenti per fasce di età (%) (A.S. 2025/26),2.6,5.5,6.0,2.6,3.1,3.6
BOPS04000P,10.0,90.0,"[2.0, 4.0, 3.3, 0.7]","[4.0, 18.5, 38.4, 29.1]",Docenti per fasce di età (%) (A.S. 2025/26),5.3,5.5,6.0,3.0,3.1,3.6
BOPS05500C,,,,,Docenti per fasce di età (%) (A.S. 2025/26),,,,,,
BOPS02500L,,,,,Docenti per fasce di età (%) (A.S. 2025/26),,,,,,
BOPSR2500M,,,,,Docenti per fasce di età (%) (A.S. 2025/26),,,,,,
BOPSPI500D,,,,,Docenti per fasce di età (%) (A.S. 2025/26),,,,,,
BOPM030005,14.600000000000001,85.3,"[4.2, 4.7, 4.7, 1.0]","[1.0, 15.2, 27.7, 41.4]",Docenti per fasce di età (%) (A.S. 2025/26),4.3,5.5,6.0,4.5,3.1,3.6
BOPMNL500M,,,,,Docenti per fasce di età (%) (A.S. 2025/26),,,,,,
BOPM8F500M,,,,,Docenti per fasce di età (%) (A.S. 2025/26),,,,,,
BOPL02500B,,,,,Docenti per fasce di età (%) (A.S. 2025/26),,,,,,
BOPL57500R,,,,,Docenti per fasce di età (%) (A.S. 2025/26),,,,,,
BOSL01101L,,,,,,,,,,,
FESD009011,29.9,70.0,"[11.1, 7.7, 8.5, 2.6]","[5.1, 6.8, 23.1, 35.0]",Docenti per fasce di età (%) (A.S. 2025/26),3.8,5.5,6.0,6.5,3.1,3.6
BOTD080001,33.3,66.6,"[13.1, 13.1, 5.6, 1.5]","[7.6, 14.1, 22.7, 22.2]",Docenti per fasce di età (%) (A.S. 2025/26),4.2,5.5,6.0,2.7,3.1,3.6
BOTD028011,17.7,82.4,"[2.8, 5.6, 7.4, 1.9]","[5.6, 19.4, 22.2, 35.2]",Docenti per fasce di età (%) (A.S. 2025/26),1.3,5.5,6.0,8.2,3.1,3.6
BOTD027015,30.6,69.3,"[9.6, 9.6, 7.2, 4.2]","[6.0, 18.7, 21.7, 22.9]",Docenti per fasce di età (%) (A.S. 2025/26),5.6,5.5,6.0,2.7,3.1,3.6
BOTD01601P,26.5,73.6,"[10.3, 9.7, 5.2, 1.3]","[3.9, 14.2, 31.0, 24.5]",Docenti per fasce di età (%) (A.S. 2025/26),1.0,5.5,6.0,2.9,3.1,3.6
BOTA00601N,34.0,65.9,"[12.9, 12.9, 5.3, 2.9]","[10.6, 14.1, 20.0, 21.2]",Docenti per fasce di età (%) (A.S. 2025/26),3.7,5.5,6.0,4.6,3.1,3.6
BOTF023014,21.5,78.3,"[6.8, 6.8, 4.7, 3.2]","[8.9, 20.0, 26.8, 22.6]",Docenti per fasce di età (%) (A.S. 2025/26),5.7,5.5,6.0,3.6,3.1,3.6
BOTF2S5000,,,,,Docenti per fasce di età (%) (A.S. 2025/26),,,,,,
BOTF01901C,18.5,81.6,"[2.5, 8.7, 5.1, 2.2]","[6.1, 19.9, 28.5, 27.1]",Docenti per fasce di età (%) (A.S. 2025/26),10.5,5.5,6.0,2.5,3.1,3.6
BOTB02500D,,,,,Docenti per fasce di età (%) (A.S. 2025/26),,,,,,
FEPC01000E,28.6,71.1,"[5.7, 10.3, 8.0, 4.6]","[3.4, 14.9, 24.1, 28.7]",Docenti per fasce di età (%) (A.S. 2025/26),4.8,5.5,6.0,0.0,3.1,3.6
FEPS01000N,10.0,90.1,"[5.0, 2.5, 0.8, 1.7]","[5.0, 15.7, 27.3, 42.1]",Docenti per fasce di età (%) (A.S. 2025/26),5.5,5.5,6.0,6.7,3.1,3.6
MOPS04000L,22.4,77.6,"[9.0, 5.6, 5.6, 2.2]","[12.4, 12.4, 31.5, 21.3]",Docenti per fasce di età (%) (A.S. 2025/26),1.5,5.5,6.0,3.0,3.1,3.6
FEPLL35007,,,,,,,,,,,
ROSD003013,45.0,54.9,"[15.3, 19.8, 6.1, 3.8]","[7.6, 16.0, 15.3, 16.0]",Docenti per fasce di età (%) (A.S. 2025/26),9.1,5.8,6.0,7.0,3.8,3.6
FETD08000Q,24.5,75.60000000000001,"[6.4, 8.5, 6.4, 3.2]","[4.3, 13.8, 21.3, 36.2]",Docenti per fasce di età (%) (A.S. 2025/26),4.4,5.5,6.0,4.2,3.1,3.6
FETD00101Q,40.0,60.0,"[11.4, 14.3, 10.5, 3.8]","[9.5, 14.3, 14.3, 21.9]",Docenti per fasce di età (%) (A.S. 2025/26),11.9,5.5,6.0,1.8,3.1,3.6
FETA01101X,25.400000000000002,74.7,"[7.4, 7.4, 8.8, 1.8]","[7.4, 15.7, 22.1, 29.5]",Docenti per fasce di età (%) (A.S. 2025/26),6.2,5.5,6.0,5.7,3.1,3.6
FETL00901R,29.9,70.0,"[11.1, 7.7, 8.5, 2.6]","[5.1, 6.8, 23.1, 35.0]",Docenti per fasce di età (%) (A.S. 2025/26),3.8,5.5,6.0,6.5,3.1,3.6
FETF01201C,21.0,78.9,"[6.4, 6.0, 5.6, 3.0]","[10.3, 15.0, 23.6, 30.0]",Docenti per fasce di età (%) (A.S. 2025/26),6.8,5.5,6.0,2.3,3.1,3.6
FETF013018,31.6,68.39999999999999,"[15.3, 10.7, 4.6, 1.0]","[6.1, 17.9, 20.9, 23.5]",Docenti per fasce di età (%) (A.S. 2025/26),12.7,5.5,6.0,4.4,3.1,3.6
FOPC04000V,20.2,79.9,"[6.7, 3.4, 7.6, 2.5]","[3.4, 16.8, 28.6, 31.1]",Docenti per fasce di età (%) (A.S. 2025/26),3.4,5.5,6.0,4.3,3.1,3.6
RAPC04000C,21.7,78.4,"[9.4, 5.3, 4.7, 2.3]","[6.4, 12.3, 31.0, 28.7]",Docenti per fasce di età (%) (A.S. 2025/26),3.0,5.5,6.0,3.0,3.1,3.6
FOPS040002,13.0,87.1,"[4.6, 3.7, 2.8, 1.9]","[7.4, 14.8, 34.3, 30.6]",Docenti per fasce di età (%) (A.S. 2025/26),4.3,5.5,6.0,3.3,3.1,3.6
RAPS01000Q,11.8,88.2,"[4.3, 3.2, 3.2, 1.1]","[6.5, 9.7, 20.4, 51.6]",Docenti per fasce di età (%) (A.S. 2025/26),1.2,5.5,6.0,2.5,3.1,3.6
FOPM002019,29.3,70.5,"[8.7, 12.5, 7.5, 0.6]","[10.6, 15.0, 23.7, 21.2]",Docenti per fasce di età (%) (A.S. 2025/26),4.6,5.5,6.0,5.7,3.1,3.6
RAPC01000L,19.8,80.2,"[6.0, 4.3, 5.2, 4.3]","[9.5, 9.5, 27.6, 33.6]",Docenti per fasce di età (%) (A.S. 2025/26),5.1,5.5,6.0,1.1,3.1,3.6
FOSD020007,37.0,63.099999999999994,"[8.0, 13.8, 12.3, 2.9]","[8.7, 5.8, 23.2, 25.4]",Docenti per fasce di età (%) (A.S. 2025/26),6.9,5.5,6.0,3.5,3.1,3.6
FOTD010002,15.100000000000001,85.0,"[4.3, 2.2, 5.4, 3.2]","[5.4, 9.7, 32.3, 37.6]",Docenti per fasce di età (%) (A.S. 2025/26),5.1,5.5,6.0,7.8,3.1,3.6
RATD01000G,23.7,76.3,"[8.1, 5.4, 6.1, 4.1]","[6.1, 14.2, 32.4, 23.6]",Docenti per fasce di età (%) (A.S. 2025/26),2.8,5.5,6.0,4.5,3.1,3.6
FOTE00701P,,,,,,,,,,,
FOTF03000D,20.2,79.8,"[6.2, 3.1, 7.0, 3.9]","[8.5, 11.6, 25.6, 34.1]",Docenti per fasce di età (%) (A.S. 2025/26),5.7,5.5,6.0,2.9,3.1,3.6
FOTB00901X,28.5,71.3,"[11.6, 6.2, 8.0, 2.7]","[8.9, 19.6, 21.4, 21.4]",Docenti per fasce di età (%) (A.S. 2025/26),5.4,5.5,6.0,0.0,3.1,3.6
MOPC020008,17.8,82.3,"[7.4, 6.7, 1.5, 2.2]","[3.0, 10.4, 27.4, 41.5]",Docenti per fasce di età (%) (A.S. 2025/26),5.4,5.5,6.0,5.3,3.1,3.6
MOPC005006,,,,,Docenti per fasce di età (%) (A.S. 2025/26),,,,,,
MOPS02000B,19.8,80.2,"[9.9, 5.9, 4.0, 0.0]","[9.9, 14.9, 18.8, 36.6]",Docenti per fasce di età (%) (A.S. 2025/26),0.0,5.5,6.0,5.1,3.1,3.6
MOPS050007,17.0,83.2,"[5.3, 7.4, 3.2, 1.1]","[2.1, 21.1, 31.6, 28.4]",Docenti per fasce di età (%) (A.S. 2025/26),2.5,5.5,6.0,4.9,3.1,3.6
MOPS02500E,,,,,Docenti per fasce di età (%) (A.S. 2025/26),,,,,,
MOPS01500X,,,,,Docenti per fasce di età (%) (A.S. 2025/26),,,,,,
MOPS01801C,18.6,81.3,"[5.7, 7.7, 3.3, 1.9]","[8.1, 11.0, 22.5, 39.7]",Docenti per fasce di età (%) (A.S. 2025/26),2.3,5.5,6.0,1.8,3.1,3.6
MOPS030002,20.5,79.4,"[12.4, 6.5, 1.1, 0.5]","[8.6, 21.1, 23.2, 26.5]",Docenti per fasce di età (%) (A.S. 2025/26),8.0,5.5,6.0,1.5,3.1,3.6
MOPS0N500H,,,,,Docenti per fasce di età (%) (A.S. 2025/26),,,,,,
MOPM01000T,23.4,76.5,"[10.3, 9.0, 4.1, 0.0]","[4.1, 11.0, 27.6, 33.8]",Docenti per fasce di età (%) (A.S. 2025/26),0.0,5.5,6.0,0.0,3.1,3.6
MOTE010004,,,,,,,,,,,
REPS016016,23.2,76.8,"[5.2, 8.4, 7.7, 1.9]","[4.5, 16.8, 26.5, 29.0]",Docenti per fasce di età (%) (A.S. 2025/26),1.7,5.5,6.0,0.9,3.1,3.6
MOSD02201E,29.8,70.2,"[12.8, 9.8, 6.8, 0.4]","[5.1, 17.0, 25.5, 22.6]",Docenti per fasce di età (%) (A.S. 2025/26),4.4,5.5,6.0,1.3,3.1,3.6
RESD01000L,32.9,67.1,"[8.9, 13.9, 7.6, 2.5]","[4.4, 13.9, 28.5, 20.3]",Docenti per fasce di età (%) (A.S. 2025/26),5.0,5.5,6.0,3.0,3.1,3.6
MOTD03000T,27.4,72.6,"[5.9, 8.1, 10.4, 3.0]","[3.7, 12.6, 22.2, 34.1]",Docenti per fasce di età (%) (A.S. 2025/26),11.5,5.5,6.0,3.1,3.1,3.6
MOTD02500A,,,,,Docenti per fasce di età (%) (A.S. 2025/26),,,,,,
MOTD04500G,,,,,Docenti per fasce di età (%) (A.S. 2025/26),,,,,,
MOTD01500Q,,,,,Docenti per fasce di età (%) (A.S. 2025/26),,,,,,
MOTF080005,13.799999999999999,86.1,"[2.9, 5.1, 2.9, 2.9]","[7.4, 9.6, 20.6, 48.5]",Docenti per fasce di età (%) (A.S. 2025/26),2.7,5.5,6.0,0.9,3.1,3.6
MOTL023016,28.1,71.9,"[7.9, 12.4, 5.6, 2.2]","[9.0, 21.3, 13.5, 28.1]",Docenti per fasce di età (%) (A.S. 2025/26),1.6,5.5,6.0,0.0,3.1,3.6
MOTF01000V,,,,,,,,,,,
PRPC010001,16.5,83.5,"[4.4, 7.7, 1.1, 3.3]","[3.3, 7.7, 22.0, 50.5]",Docenti per fasce di età (%) (A.S. 2025/26),2.7,5.5,6.0,1.4,3.1,3.6
PRPC030006,20.5,79.4,"[2.9, 5.9, 8.8, 2.9]","[0.0, 14.7, 23.5, 41.2]",Docenti per fasce di età (%) (A.S. 2025/26),0.0,5.5,6.0,3.8,3.1,3.6
PRPS04000X,9.4,90.5,"[4.2, 4.2, 1.0, 0.0]","[6.2, 15.6, 31.2, 37.5]",Docenti per fasce di età (%) (A.S. 2025/26),5.3,5.5,6.0,2.1,3.1,3.6
PRPS030009,16.5,83.5,"[6.6, 6.6, 2.0, 1.3]","[3.3, 7.3, 31.8, 41.1]",Docenti per fasce di età (%) (A.S. 2025/26),1.6,5.5,6.0,6.3,3.1,3.6
PRPS05000E,29.4,70.7,"[14.0, 7.7, 5.6, 2.1]","[2.1, 11.2, 27.3, 30.1]",Docenti per fasce di età (%) (A.S. 2025/26),2.9,5.5,6.0,5.9,3.1,3.6
PRPS015007,,,,,Docenti per fasce di età (%) (A.S. 2025/26),,,,,,
PRPS010004,33.4,66.6,"[4.8, 4.8, 19.0, 4.8]","[4.8, 9.5, 19.0, 33.3]",Docenti per fasce di età (%) (A.S. 2025/26),0.0,5.5,6.0,7.7,3.1,3.6
PRPM010005,18.5,81.5,"[8.6, 4.9, 2.5, 2.5]","[6.2, 11.7, 29.0, 34.6]",Docenti per fasce di età (%) (A.S. 2025/26),5.3,5.5,6.0,0.9,3.1,3.6
REPM7R500G,,,,,Docenti per fasce di età (%) (A.S. 2025/26),,,,,,
MNPS007019,30.4,69.6,"[10.1, 10.1, 6.1, 4.1]","[7.4, 14.2, 22.3, 25.7]",Docenti per fasce di età (%) (A.S. 2025/26),4.8,5.4,6.0,3.0,3.5,3.6
CRPC001012,40.3,59.7,"[16.3, 11.6, 6.2, 6.2]","[8.5, 18.6, 18.6, 14.0]",Docenti per fasce di età (%) (A.S. 2025/26),5.6,5.4,6.0,4.3,3.5,3.6
PRSD01000E,24.2,75.8,"[9.8, 3.8, 7.6, 3.0]","[2.3, 9.8, 22.0, 41.7]",Docenti per fasce di età (%) (A.S. 2025/26),2.1,5.5,6.0,2.1,3.1,3.6
PRTD02000E,11.600000000000001,88.5,"[4.2, 3.2, 2.1, 2.1]","[3.2, 17.9, 26.3, 41.1]",Docenti per fasce di età (%) (A.S. 2025/26),7.6,5.5,6.0,5.1,3.1,3.6
PRTD04000Q,27.5,72.4,"[10.3, 10.3, 2.3, 4.6]","[5.7, 13.8, 23.0, 29.9]",Docenti per fasce di età (%) (A.S. 2025/26),8.5,5.5,6.0,5.2,3.1,3.6
PRTD00401N,31.8,68.2,"[9.8, 11.0, 9.2, 1.8]","[4.9, 20.9, 20.9, 21.5]",Docenti per fasce di età (%) (A.S. 2025/26),5.4,5.5,6.0,1.9,3.1,3.6
PRTF010006,20.0,80.10000000000001,"[7.1, 7.6, 4.3, 1.0]","[6.7, 13.8, 22.9, 36.7]",Docenti per fasce di età (%) (A.S. 2025/26),4.2,5.5,6.0,3.6,3.1,3.6
PRTA00201G,24.6,75.3,"[7.5, 9.6, 7.0, 0.5]","[3.7, 20.3, 20.3, 31.0]",Docenti per fasce di età (%) (A.S. 2025/26),4.1,5.5,6.0,2.1,3.1,3.6
PRTL01000A,,,,,,,,,,,
PCPC010004,15.6,84.4,"[3.3, 3.3, 4.9, 4.1]","[1.6, 9.8, 18.9, 54.1]",Docenti per fasce di età (%) (A.S. 2025/26),4.6,5.5,6.0,7.5,3.1,3.6
LOPS02000T,23.2,76.9,"[9.0, 9.0, 2.6, 2.6]","[3.8, 15.4, 28.2, 29.5]",Docenti per fasce di età (%) (A.S. 2025/26),0.0,5.4,6.0,1.7,3.5,3.6
PCPS02000T,14.9,85.2,"[7.9, 1.0, 4.0, 2.0]","[5.0, 6.9, 31.7, 41.6]",Docenti per fasce di età (%) (A.S. 2025/26),0.0,5.5,6.0,1.2,3.1,3.6
PCPS01500A,,,,,Docenti per fasce di età (%) (A.S. 2025/26),,,,,,
PCPM010008,13.4,86.5,"[2.5, 5.9, 4.2, 0.8]","[2.5, 14.3, 27.7, 42.0]",Docenti per fasce di età (%) (A.S. 2025/26),0.0,5.5,6.0,0.0,3.1,3.6
PCPSD7500T,,,,,Docenti per fasce di età (%) (A.S. 2025/26),,,,,,
PCPS00101D,37.9,62.1,"[12.1, 7.6, 12.1, 6.1]","[6.8, 9.8, 19.7, 25.8]",Docenti per fasce di età (%) (A.S. 2025/26),4.9,5.5,6.0,2.7,3.1,3.6
PCPM79500U,,,,,Docenti per fasce di età (%) (A.S. 2025/26),,,,,,
PCTD003011,31.299999999999997,68.6,"[7.1, 9.1, 9.1, 6.0]","[7.5, 12.7, 21.8, 26.6]",Docenti per fasce di età (%) (A.S. 2025/26),5.2,5.5,6.0,4.9,3.1,3.6
PCTD015006,,,,,Docenti per fasce di età (%) (A.S. 2025/26),,,,,,
PCTF00601P,23.599999999999998,76.5,"[8.7, 5.1, 6.2, 3.6]","[10.3, 14.9, 22.1, 29.2]",Docenti per fasce di età (%) (A.S. 2025/26),9.5,5.5,6.0,3.3,3.1,3.6
PCTA00201P,35.8,64.1,"[11.7, 13.7, 6.7, 3.7]","[3.7, 13.7, 20.0, 26.7]",Docenti per fasce di età (%) (A.S. 2025/26),5.8,5.5,6.0,3.3,3.1,3.6
PCTL00701P,39.1,61.0,"[10.6, 10.1, 12.3, 6.1]","[1.7, 9.5, 20.7, 29.1]",Docenti per fasce di età (%) (A.S. 2025/26),2.0,5.5,6.0,3.0,3.1,3.6
RAPS030001,24.0,76.0,"[12.8, 3.2, 5.6, 2.4]","[5.6, 8.0, 30.4, 32.0]",Docenti per fasce di età (%) (A.S. 2025/26),5.0,5.5,6.0,9.9,3.1,3.6
RASL006012,,,,,,,,,,,
RATD00301D,43.5,56.5,"[15.1, 13.4, 10.0, 5.0]","[9.2, 17.2, 15.5, 14.6]",Docenti per fasce di età (%) (A.S. 2025/26),19.0,5.5,6.0,4.5,3.1,3.6
RATD03000R,19.299999999999997,80.6,"[4.1, 7.1, 7.1, 1.0]","[11.2, 14.3, 23.5, 31.6]",Docenti per fasce di età (%) (A.S. 2025/26),9.6,5.5,6.0,2.7,3.1,3.6
RATF01000T,18.0,81.89999999999999,"[4.3, 4.3, 5.8, 3.6]","[4.3, 13.8, 22.5, 41.3]",Docenti per fasce di età (%) (A.S. 2025/26),6.7,5.5,6.0,2.9,3.1,3.6
RATL008013,,,,,,,,,,,
RNPC01000V,13.2,86.7,"[0.8, 6.6, 5.0, 0.8]","[5.8, 10.7, 23.1, 47.1]",Docenti per fasce di età (%) (A.S. 2025/26),5.7,5.5,6.0,2.8,3.1,3.6
RNPC015002,,,,,Docenti per fasce di età (%) (A.S. 2025/26),,,,,,
RNPS001018,,,,,,,,,,,
RNPS02000L,26.1,73.9,"[5.2, 10.4, 7.5, 3.0]","[4.5, 10.4, 25.4, 33.6]",Docenti per fasce di età (%) (A.S. 2025/26),1.1,5.5,6.0,3.3,3.1,3.6
RNPS00500E,,,,,Docenti per fasce di età (%) (A.S. 2025/26),,,,,,
FOPS5G500N,,,,,Docenti per fasce di età (%) (A.S. 2025/26),,,,,,
RNPM015006,,,,,Docenti per fasce di età (%) (A.S. 2025/26),,,,,,
RNPL01500X,,,,,Docenti per fasce di età (%) (A.S. 2025/26),,,,,,
RNSL001015,,,,,,,,,,,
RNPS060003,17.7,82.3,"[3.7, 8.5, 4.3, 1.2]","[5.5, 15.2, 32.3, 29.3]",Docenti per fasce di età (%) (A.S. 2025/26),2.8,5.5,6.0,4.3,3.1,3.6
RNTD01000T,11.4,88.6,"[6.3, 2.5, 1.3, 1.3]","[3.8, 15.2, 21.5, 48.1]",Docenti per fasce di età (%) (A.S. 2025/26),5.9,5.5,6.0,3.0,3.1,3.6
RNTN01000Q,30.4,69.5,"[7.6, 8.9, 10.1, 3.8]","[2.5, 10.1, 31.6, 25.3]",Docenti per fasce di età (%) (A.S. 2025/26),6.8,5.5,6.0,8.9,3.1,3.6
RNTD02500G,,,,,Docenti per fasce di età (%) (A.S. 2025/26),,,,,,
RNTF010004,22.5,77.6,"[6.7, 6.2, 7.9, 1.7]","[7.3, 18.0, 22.5, 29.8]",Docenti per fasce di età (%) (A.S. 2025/26),6.5,5.5,6.0,2.2,3.1,3.6
RNTL025002,,,,,Docenti per fasce di età (%) (A.S. 2025/26),,,,,,
FIPC030003,7.5,92.69999999999999,"[3.7, 1.9, 0.0, 1.9]","[1.9, 5.6, 25.9, 59.3]",Docenti per fasce di età (%) (A.S. 2025/26),6.3,5.2,6.0,4.0,3.3,3.6
FIPC04000N,6.0,94.0,"[2.0, 0.0, 4.0, 0.0]","[0.0, 12.0, 22.0, 60.0]",Docenti per fasce di età (%) (A.S. 2025/26),6.1,5.2,6.0,2.0,3.3,3.6
FIPC180001,27.7,72.3,"[4.3, 10.6, 6.4, 6.4]","[2.1, 6.4, 38.3, 25.5]",Docenti per fasce di età (%) (A.S. 2025/26),5.3,5.2,6.0,7.7,3.3,3.6
FIPC001014,14.9,85.1,"[5.6, 3.1, 5.0, 1.2]","[6.8, 11.2, 28.0, 39.1]",Docenti per fasce di età (%) (A.S. 2025/26),2.9,5.2,6.0,4.2,3.3,3.6
FIPC03201Q,21.3,78.7,"[4.7, 7.3, 6.2, 3.1]","[3.1, 16.6, 26.9, 32.1]",Docenti per fasce di età (%) (A.S. 2025/26),1.4,5.2,6.0,3.4,3.3,3.6
FIPCI25001,,,,,Docenti per fasce di età (%) (A.S. 2025/26),,,,,,
FIPC05500B,,,,,Docenti per fasce di età (%) (A.S. 2025/26),,,,,,
FIPM001018,14.9,85.1,"[5.6, 3.1, 5.0, 1.2]","[6.8, 11.2, 28.0, 39.1]",Docenti per fasce di età (%) (A.S. 2025/26),2.9,5.2,6.0,4.2,3.3,3.6
FIPS028017,22.8,77.10000000000001,"[6.9, 3.7, 8.5, 3.7]","[5.3, 13.3, 22.3, 36.2]",Docenti per fasce di età (%) (A.S. 2025/26),1.3,5.2,6.0,5.3,3.3,3.6
FIPS04000R,7.300000000000001,92.7,"[5.2, 0.0, 2.1, 0.0]","[1.0, 11.3, 25.8, 54.6]",Docenti per fasce di età (%) (A.S. 2025/26),3.3,5.2,6.0,3.3,3.3,3.6
FIPS030006,16.0,84.10000000000001,"[3.2, 6.4, 4.3, 2.1]","[1.1, 12.8, 36.2, 34.0]",Docenti per fasce di età (%) (A.S. 2025/26),0.0,5.2,6.0,6.1,3.3,3.6
FIPS00901T,18.8,81.2,"[2.5, 6.4, 8.4, 1.5]","[2.0, 14.9, 29.2, 35.1]",Docenti per fasce di età (%) (A.S. 2025/26),3.7,5.2,6.0,2.5,3.3,3.6
FIPS100007,17.3,82.4,"[6.2, 6.2, 3.7, 1.2]","[2.5, 21.2, 30.0, 28.7]",Docenti per fasce di età (%) (A.S. 2025/26),1.6,5.2,6.0,3.2,3.3,3.6
FIPS21000P,13.0,87.10000000000001,"[6.5, 3.2, 2.2, 1.1]","[3.2, 22.6, 30.1, 31.2]",Docenti per fasce di età (%) (A.S. 2025/26),6.0,5.2,6.0,1.2,3.3,3.6
FIPS08500A,,,,,Docenti per fasce di età (%) (A.S. 2025/26),,,,,,
FIPS04500X,,,,,Docenti per fasce di età (%) (A.S. 2025/26),,,,,,
FIPS065005,,,,,Docenti per fasce di età (%) (A.S. 2025/26),,,,,,
FIPS02500P,,,,,Docenti per fasce di età (%) (A.S. 2025/26),,,,,,
FIPL005008,,,,,Docenti per fasce di età (%) (A.S. 2025/26),,,,,,
FIPS00500D,,,,,Docenti per fasce di età (%) (A.S. 2025/26),,,,,,
FIPM02000L,21.1,78.8,"[1.9, 14.4, 4.8, 0.0]","[2.9, 4.8, 29.8, 41.3]",Docenti per fasce di età (%) (A.S. 2025/26),3.7,5.2,6.0,2.5,3.3,3.6
FIPM01901D,20.7,79.2,"[6.3, 5.4, 5.4, 3.6]","[3.6, 14.4, 32.4, 28.8]",Docenti per fasce di età (%) (A.S. 2025/26),6.6,5.2,6.0,3.3,3.3,3.6
FIPM00401Q,28.0,72.1,"[6.7, 10.4, 9.3, 1.6]","[7.3, 15.5, 24.9, 24.4]",Docenti per fasce di età (%) (A.S. 2025/26),6.5,5.2,6.0,3.7,3.3,3.6
FIPM00901V,18.8,81.2,"[2.5, 6.4, 8.4, 1.5]","[2.0, 14.9, 29.2, 35.1]",Docenti per fasce di età (%) (A.S. 2025/26),3.7,5.2,6.0,2.5,3.3,3.6
FIPMT8500I,,,,,Docenti per fasce di età (%) (A.S. 2025/26),,,,,,
FIPMP9500U,,,,,Docenti per fasce di età (%) (A.S. 2025/26),,,,,,
FIPMRR500G,,,,,Docenti per fasce di età (%) (A.S. 2025/26),,,,,,
FITD028013,22.8,77.10000000000001,"[6.9, 3.7, 8.5, 3.7]","[5.3, 13.3, 22.3, 36.2]",Docenti per fasce di età (%) (A.S. 2025/26),1.3,5.2,6.0,5.3,3.3,3.6
FITN01000P,22.9,77.2,"[5.6, 5.6, 8.6, 3.1]","[0.6, 13.0, 35.2, 28.4]",Docenti per fasce di età (%) (A.S. 2025/26),2.4,5.2,6.0,4.0,3.3,3.6
FIPM03301Q,31.2,68.7,"[7.0, 10.2, 7.8, 6.2]","[3.9, 17.2, 24.2, 23.4]",Docenti per fasce di età (%) (A.S. 2025/26),6.8,5.2,6.0,8.2,3.3,3.6
FIPL085005,,,,,Docenti per fasce di età (%) (A.S. 2025/26),,,,,,
FIPL8A500L,,,,,Docenti per fasce di età (%) (A.S. 2025/26),,,,,,
FIPLZD500L,,,,,Docenti per fasce di età (%) (A.S. 2025/26),,,,,,
FIPLV0500F,,,,,Docenti per fasce di età (%) (A.S. 2025/26),,,,,,
FISL03201Q,21.3,78.7,"[4.7, 7.3, 6.2, 3.1]","[3.1, 16.6, 26.9, 32.1]",Docenti per fasce di età (%) (A.S. 2025/26),1.4,5.2,6.0,3.4,3.3,3.6
FISD03000L,21.8,78.2,"[4.7, 4.0, 10.7, 2.4]","[5.1, 15.4, 27.7, 30.0]",Docenti per fasce di età (%) (A.S. 2025/26),2.1,5.2,6.0,0.5,3.3,3.6
FITD019018,20.7,79.2,"[6.3, 5.4, 5.4, 3.6]","[3.6, 14.4, 32.4, 28.8]",Docenti per fasce di età (%) (A.S. 2025/26),6.6,5.2,6.0,3.3,3.3,3.6
FITD00901N,18.8,81.2,"[2.5, 6.4, 8.4, 1.5]","[2.0, 14.9, 29.2, 35.1]",Docenti per fasce di età (%) (A.S. 2025/26),3.7,5.2,6.0,2.5,3.3,3.6
FITD013019,21.4,78.7,"[2.8, 10.2, 5.6, 2.8]","[3.7, 16.7, 22.2, 36.1]",Docenti per fasce di età (%) (A.S. 2025/26),2.3,5.2,6.0,1.2,3.3,3.6
FITD03301E,31.2,68.7,"[7.0, 10.2, 7.8, 6.2]","[3.9, 17.2, 24.2, 23.4]",Docenti per fasce di età (%) (A.S. 2025/26),6.8,5.2,6.0,8.2,3.3,3.6
FITN02901R,34.0,66.0,"[7.7, 10.9, 10.0, 5.4]","[9.5, 17.6, 14.9, 24.0]",Docenti per fasce di età (%) (A.S. 2025/26),6.9,5.2,6.0,2.9,3.3,3.6
FITL01301Q,21.4,78.7,"[2.8, 10.2, 5.6, 2.8]","[3.7, 16.7, 22.2, 36.1]",Docenti per fasce di età (%) (A.S. 2025/26),2.3,5.2,6.0,1.2,3.3,3.6
FITA00701G,45.4,54.7,"[16.3, 16.9, 9.3, 2.9]","[4.1, 8.1, 19.2, 23.3]",Docenti per fasce di età (%) (A.S. 2025/26),4.2,5.2,6.0,5.3,3.3,3.6
FITE004012,28.0,72.1,"[6.7, 10.4, 9.3, 1.6]","[7.3, 15.5, 24.9, 24.4]",Docenti per fasce di età (%) (A.S. 2025/26),6.5,5.2,6.0,3.7,3.3,3.6
FITF010003,16.9,83.10000000000001,"[4.1, 6.1, 4.7, 2.0]","[3.4, 15.5, 33.1, 31.1]",Docenti per fasce di età (%) (A.S. 2025/26),2.6,5.2,6.0,0.0,3.3,3.6
FITF01701V,25.6,74.6,"[8.3, 10.4, 4.7, 2.2]","[9.4, 20.9, 21.6, 22.7]",Docenti per fasce di età (%) (A.S. 2025/26),5.0,5.2,6.0,3.6,3.3,3.6
FITF00601C,17.400000000000002,82.5,"[5.4, 8.4, 3.0, 0.6]","[8.4, 21.1, 25.9, 27.1]",Docenti per fasce di età (%) (A.S. 2025/26),5.7,5.2,6.0,2.5,3.3,3.6
FITB015001,,,,,Docenti per fasce di età (%) (A.S. 2025/26),,,,,,
FITF265001,,,,,Docenti per fasce di età (%) (A.S. 2025/26),,,,,,
ARPS01901L,27.099999999999998,73.0,"[8.2, 10.1, 7.5, 1.3]","[6.3, 11.3, 27.7, 27.7]",Docenti per fasce di età (%) (A.S. 2025/26),4.7,5.2,6.0,5.7,3.3,3.6
ARPC010002,21.4,78.6,"[7.8, 1.0, 9.7, 2.9]","[9.7, 16.5, 25.2, 27.2]",Docenti per fasce di età (%) (A.S. 2025/26),3.8,5.2,6.0,0.0,3.3,3.6
ARPC001018,29.299999999999997,70.7,"[8.1, 11.1, 9.1, 1.0]","[3.0, 13.1, 27.3, 27.3]",Docenti per fasce di età (%) (A.S. 2025/26),4.4,5.2,6.0,4.5,3.3,3.6
ARPS002017,20.0,79.89999999999999,"[5.5, 6.2, 6.2, 2.1]","[4.8, 11.7, 25.5, 37.9]",Docenti per fasce di età (%) (A.S. 2025/26),3.7,5.2,6.0,7.1,3.3,3.6
ARPS02000Q,7.2,92.8,"[1.6, 1.6, 2.4, 1.6]","[2.4, 12.0, 33.6, 44.8]",Docenti per fasce di età (%) (A.S. 2025/26),3.5,5.2,6.0,3.4,3.3,3.6
ARPS00401V,23.3,76.8,"[3.5, 5.8, 10.5, 3.5]","[8.1, 10.5, 29.1, 29.1]",Docenti per fasce di età (%) (A.S. 2025/26),1.6,5.2,6.0,1.6,3.3,3.6
ARSD06000L,32.800000000000004,67.2,"[6.4, 12.8, 12.0, 1.6]","[4.8, 15.2, 21.2, 26.0]",Docenti per fasce di età (%) (A.S. 2025/26),3.2,5.2,6.0,2.6,3.3,3.6
ARPM015009,,,,,Docenti per fasce di età (%) (A.S. 2025/26),,,,,,
ARPM03000B,13.5,86.5,"[0.8, 6.3, 4.8, 1.6]","[0.8, 23.0, 31.0, 31.7]",Docenti per fasce di età (%) (A.S. 2025/26),0.0,5.2,6.0,4.3,3.3,3.6
ARPS02101L,30.7,69.2,"[9.2, 9.2, 7.7, 4.6]","[6.2, 16.9, 12.3, 33.8]",Docenti per fasce di età (%) (A.S. 2025/26),4.7,5.2,6.0,4.4,3.3,3.6
ARPM010006,30.0,69.9,"[9.8, 8.7, 9.2, 2.3]","[6.9, 10.4, 26.0, 26.6]",Docenti per fasce di età (%) (A.S. 2025/26),7.8,5.2,6.0,1.8,3.3,3.6
ARRC019015,27.099999999999998,73.0,"[8.2, 10.1, 7.5, 1.3]","[6.3, 11.3, 27.7, 27.7]",Docenti per fasce di età (%) (A.S. 2025/26),4.7,5.2,6.0,5.7,3.3,3.6
ARTD002013,20.0,79.89999999999999,"[5.5, 6.2, 6.2, 2.1]","[4.8, 11.7, 25.5, 37.9]",Docenti per fasce di età (%) (A.S. 2025/26),3.7,5.2,6.0,7.1,3.3,3.6
ARTD01201N,,,,,,,,,,,
ARTD008012,36.6,63.300000000000004,"[10.3, 12.3, 9.5, 4.5]","[7.8, 18.1, 14.8, 22.6]",Docenti per fasce di età (%) (A.S. 2025/26),9.6,5.2,6.0,3.1,3.3,3.6
ARTD001017,29.299999999999997,70.7,"[8.1, 11.1, 9.1, 1.0]","[3.0, 13.1, 27.3, 27.3]",Docenti per fasce di età (%) (A.S. 2025/26),4.4,5.2,6.0,4.5,3.3,3.6
ARTD02000G,,,,,,,,,,,
ARTD001028,,,,,,,,,,,
ARTF02000T,19.6,80.5,"[4.8, 7.4, 4.8, 2.6]","[4.8, 10.1, 25.4, 40.2]",Docenti per fasce di età (%) (A.S. 2025/26),5.6,5.2,6.0,4.3,3.3,3.6
ARTL01301X,27.599999999999998,72.5,"[7.1, 8.7, 8.7, 3.1]","[2.4, 12.6, 29.9, 27.6]",Docenti per fasce di età (%) (A.S. 2025/26),8.9,5.2,6.0,2.2,3.3,3.6
ARRC00701V,30.9,69.10000000000001,"[6.7, 10.1, 8.7, 5.4]","[4.7, 18.8, 23.5, 22.1]",Docenti per fasce di età (%) (A.S. 2025/26),5.2,5.2,6.0,2.0,3.3,3.6
GRPC004014,13.8,86.2,"[4.3, 2.1, 5.3, 2.1]","[2.1, 16.0, 23.4, 44.7]",Docenti per fasce di età (%) (A.S. 2025/26),2.3,5.2,6.0,4.7,3.3,3.6
GRPC64500E,,,,,Docenti per fasce di età (%) (A.S. 2025/26),,,,,,
GRPS004017,13.8,86.2,"[4.3, 2.1, 5.3, 2.1]","[2.1, 16.0, 23.4, 44.7]",Docenti per fasce di età (%) (A.S. 2025/26),2.3,5.2,6.0,4.7,3.3,3.6
GRPS005002,,,,,Docenti per fasce di età (%) (A.S. 2025/26),,,,,,
GRPS013012,19.7,80.4,"[7.7, 7.7, 3.4, 0.9]","[5.1, 12.0, 32.5, 30.8]",Docenti per fasce di età (%) (A.S. 2025/26),1.2,5.2,6.0,3.4,3.3,3.6
GRPM01000E,20.4,79.6,"[4.5, 6.1, 8.3, 1.5]","[5.3, 10.6, 25.8, 37.9]",Docenti per fasce di età (%) (A.S. 2025/26),1.9,5.2,6.0,3.8,3.3,3.6
GRPC009017,35.9,64.1,"[11.5, 12.2, 8.4, 3.8]","[2.3, 11.5, 22.1, 28.2]",Docenti per fasce di età (%) (A.S. 2025/26),7.1,5.2,6.0,4.8,3.3,3.6
GRTD03000E,,,,,,,,,,,
GRTD009016,35.9,64.1,"[11.5, 12.2, 8.4, 3.8]","[2.3, 11.5, 22.1, 28.2]",Docenti per fasce di età (%) (A.S. 2025/26),7.1,5.2,6.0,4.8,3.3,3.6
GRTA006018,24.0,76.1,"[6.3, 5.1, 9.7, 2.9]","[4.6, 8.0, 20.6, 42.9]",Docenti per fasce di età (%) (A.S. 2025/26),5.0,5.2,6.0,4.3,3.3,3.6
GRTL01101L,22.0,78.0,"[6.5, 7.3, 4.9, 3.3]","[6.5, 18.7, 21.1, 31.7]",Docenti per fasce di età (%) (A.S. 2025/26),2.4,5.2,6.0,7.0,3.3,3.6
GRTF012018,33.900000000000006,66.1,"[9.3, 12.3, 7.4, 4.9]","[6.2, 6.8, 27.2, 25.9]",Docenti per fasce di età (%) (A.S. 2025/26),7.8,5.2,6.0,3.0,3.3,3.6
PIPC00701T,17.6,82.39999999999999,"[4.8, 8.0, 2.4, 2.4]","[3.2, 14.4, 22.4, 42.4]",Docenti per fasce di età (%) (A.S. 2025/26),3.0,5.2,6.0,3.9,3.3,3.6
LIPC007014,35.0,65.0,"[7.8, 12.3, 10.4, 4.5]","[5.2, 6.5, 26.0, 27.3]",Docenti per fasce di età (%) (A.S. 2025/26),5.7,5.2,6.0,3.3,3.3,3.6
LIPS030007,16.5,83.6,"[3.5, 6.5, 5.0, 1.5]","[4.5, 14.4, 28.9, 35.8]",Docenti per fasce di età (%) (A.S. 2025/26),4.3,5.2,6.0,2.4,3.3,3.6
LIPS010002,17.5,82.6,"[7.5, 4.2, 3.3, 2.5]","[4.2, 20.0, 31.7, 26.7]",Docenti per fasce di età (%) (A.S. 2025/26),5.2,5.2,6.0,3.1,3.3,3.6
PIPS00401D,23.4,76.5,"[6.1, 10.4, 5.2, 1.7]","[5.2, 20.0, 22.6, 28.7]",Docenti per fasce di età (%) (A.S. 2025/26),1.2,5.2,6.0,1.2,3.3,3.6
LIPS02000L,26.9,73.1,"[7.4, 8.1, 7.4, 4.0]","[6.7, 13.4, 26.8, 26.2]",Docenti per fasce di età (%) (A.S. 2025/26),4.9,5.2,6.0,8.1,3.3,3.6
LIPM007018,35.0,65.0,"[7.8, 12.3, 10.4, 4.5]","[5.2, 6.5, 26.0, 27.3]",Docenti per fasce di età (%) (A.S. 2025/26),5.7,5.2,6.0,3.3,3.3,3.6
PIPM030002,24.3,75.6,"[9.1, 7.9, 6.1, 1.2]","[1.8, 13.4, 22.6, 37.8]",Docenti per fasce di età (%) (A.S. 2025/26),0.9,5.2,6.0,0.8,3.3,3.6
LIRC00801G,32.9,67.1,"[4.6, 15.1, 9.1, 4.1]","[4.1, 16.4, 16.9, 29.7]",Docenti per fasce di età (%) (A.S. 2025/26),5.7,5.2,6.0,3.5,3.3,3.6
LITD00802X,32.9,67.1,"[4.6, 15.1, 9.1, 4.1]","[4.1, 16.4, 16.9, 29.7]",Docenti per fasce di età (%) (A.S. 2025/26),5.7,5.2,6.0,3.5,3.3,3.6
LITD02500G,,,,,Docenti per fasce di età (%) (A.S. 2025/26),,,,,,
LITF030009,16.5,83.5,"[4.8, 5.2, 4.8, 1.7]","[4.4, 16.2, 28.4, 34.5]",Docenti per fasce di età (%) (A.S. 2025/26),5.0,5.2,6.0,3.9,3.3,3.6
LITH00901C,39.7,60.3,"[8.7, 10.3, 15.1, 5.6]","[7.1, 11.9, 11.9, 29.4]",Docenti per fasce di età (%) (A.S. 2025/26),10.7,5.2,6.0,8.8,3.3,3.6
LUPC00101G,29.099999999999998,70.9,"[8.2, 9.2, 6.6, 5.1]","[6.1, 14.8, 27.6, 22.4]",Docenti per fasce di età (%) (A.S. 2025/26),6.3,5.2,6.0,2.4,3.3,3.6
LUPC010009,10.6,89.5,"[1.8, 3.5, 3.5, 1.8]","[0.0, 12.3, 22.8, 54.4]",Docenti per fasce di età (%) (A.S. 2025/26),2.0,5.2,6.0,7.1,3.3,3.6
LUPS00701N,19.5,80.5,"[7.3, 3.3, 7.3, 1.6]","[7.3, 17.1, 29.3, 26.8]",Docenti per fasce di età (%) (A.S. 2025/26),3.3,5.2,6.0,0.0,3.3,3.6
LUPS01000C,8.1,91.89999999999999,"[1.6, 2.4, 3.3, 0.8]","[3.3, 19.5, 22.8, 46.3]",Docenti per fasce di età (%) (A.S. 2025/26),0.9,5.2,6.0,3.5,3.3,3.6
LUPS025006,,,,,Docenti per fasce di età (%) (A.S. 2025/26),,,,,,
LUPS01601C,22.8,77.1,"[3.6, 7.2, 8.7, 3.3]","[2.5, 18.8, 25.0, 30.8]",Docenti per fasce di età (%) (A.S. 2025/26),2.3,5.2,6.0,4.7,3.3,3.6
LUPS02301G,39.0,61.0,"[5.7, 17.0, 11.3, 5.0]","[5.7, 17.7, 14.9, 22.7]",Docenti per fasce di età (%) (A.S. 2025/26),9.0,5.2,6.0,2.5,3.3,3.6
LUPM00101Q,29.099999999999998,70.9,"[8.2, 9.2, 6.6, 5.1]","[6.1, 14.8, 27.6, 22.4]",Docenti per fasce di età (%) (A.S. 2025/26),6.3,5.2,6.0,2.4,3.3,3.6
PTPM02000A,20.9,79.10000000000001,"[3.5, 7.0, 8.1, 2.3]","[4.7, 9.3, 27.9, 37.2]",Docenti per fasce di età (%) (A.S. 2025/26),6.0,5.2,6.0,4.3,3.3,3.6
LUPM00301B,38.6,61.4,"[11.8, 13.7, 8.5, 4.6]","[6.5, 14.4, 25.5, 15.0]",Docenti per fasce di età (%) (A.S. 2025/26),2.2,5.2,6.0,2.2,3.3,3.6
LUPM03000P,,,,,,,,,,,
PTPS03000X,19.8,80.2,"[7.0, 5.8, 3.5, 3.5]","[7.0, 15.1, 20.9, 37.2]",Docenti per fasce di età (%) (A.S. 2025/26),8.5,5.2,6.0,0.0,3.3,3.6
PTPM02500D,,,,,Docenti per fasce di età (%) (A.S. 2025/26),,,,,,
LUPL01500A,,,,,Docenti per fasce di età (%) (A.S. 2025/26),,,,,,
LUSL02000X,38.4,61.8,"[9.5, 14.9, 10.4, 3.6]","[4.1, 8.6, 24.8, 24.3]",Docenti per fasce di età (%) (A.S. 2025/26),3.8,5.2,6.0,2.3,3.3,3.6
LUTD02000V,,,,,,,,,,,
LUTN01201V,37.1,63.0,"[5.6, 15.4, 11.9, 4.2]","[9.8, 15.4, 18.9, 18.9]",Docenti per fasce di età (%) (A.S. 2025/26),14.8,5.2,6.0,2.7,3.3,3.6
LUTF01601E,22.8,77.1,"[3.6, 7.2, 8.7, 3.3]","[2.5, 18.8, 25.0, 30.8]",Docenti per fasce di età (%) (A.S. 2025/26),2.3,5.2,6.0,4.7,3.3,3.6
LUTA00901P,,,,,,,,,,,
MSPC00101E,19.6,80.3,"[6.2, 7.2, 2.1, 4.1]","[8.2, 8.2, 21.6, 42.3]",Docenti per fasce di età (%) (A.S. 2025/26),2.6,5.2,6.0,6.8,3.3,3.6
MSPC00201A,17.9,82.2,"[3.9, 6.2, 3.9, 3.9]","[3.1, 11.6, 23.3, 44.2]",Docenti per fasce di età (%) (A.S. 2025/26),4.0,5.2,6.0,5.9,3.3,3.6
MSTD017013,26.0,74.10000000000001,"[6.5, 6.5, 7.2, 5.8]","[6.5, 14.4, 20.1, 33.1]",Docenti per fasce di età (%) (A.S. 2025/26),6.1,5.2,6.0,5.2,3.3,3.6
MSRC006019,38.5,61.4,"[6.4, 12.4, 12.8, 6.9]","[5.0, 6.4, 21.1, 28.9]",Docenti per fasce di età (%) (A.S. 2025/26),2.6,5.2,6.0,3.5,3.3,3.6
MSRI006023,38.5,61.4,"[6.4, 12.4, 12.8, 6.9]","[5.0, 6.4, 21.1, 28.9]",Docenti per fasce di età (%) (A.S. 2025/26),2.6,5.2,6.0,3.5,3.3,3.6
PIPS02000A,8.8,91.2,"[2.2, 2.2, 3.3, 1.1]","[5.4, 13.0, 34.8, 38.0]",Docenti per fasce di età (%) (A.S. 2025/26),3.6,5.2,6.0,3.5,3.3,3.6
PIPS04000G,9.8,90.1,"[0.8, 4.9, 4.1, 0.0]","[0.8, 20.5, 30.3, 38.5]",Docenti per fasce di età (%) (A.S. 2025/26),2.9,5.2,6.0,3.9,3.3,3.6
PIPS02500D,,,,,Docenti per fasce di età (%) (A.S. 2025/26),,,,,,
PISD05000L,32.0,68.0,"[9.3, 10.7, 6.0, 6.0]","[3.3, 11.3, 22.7, 30.7]",Docenti per fasce di età (%) (A.S. 2025/26),6.1,5.2,6.0,5.1,3.3,3.6
PITD00701R,17.6,82.39999999999999,"[4.8, 8.0, 2.4, 2.4]","[3.2, 14.4, 22.4, 42.4]",Docenti per fasce di età (%) (A.S. 2025/26),3.0,5.2,6.0,3.9,3.3,3.6
PITD004019,23.4,76.5,"[6.1, 10.4, 5.2, 1.7]","[5.2, 20.0, 22.6, 28.7]",Docenti per fasce di età (%) (A.S. 2025/26),1.2,5.2,6.0,1.2,3.3,3.6
PITL00301X,39.1,60.9,"[14.5, 7.8, 11.2, 5.6]","[3.4, 14.5, 20.1, 22.9]",Docenti per fasce di età (%) (A.S. 2025/26),5.4,5.2,6.0,3.5,3.3,3.6
PITF01000T,,,,,,,,,,,
PTPC01000G,21.5,78.5,"[7.9, 6.4, 4.3, 2.9]","[1.4, 10.0, 27.1, 40.0]",Docenti per fasce di età (%) (A.S. 2025/26),0.0,5.2,6.0,1.9,3.3,3.6
POPC001014,24.8,75.1,"[6.4, 9.2, 6.9, 2.3]","[7.5, 17.3, 26.0, 24.3]",Docenti per fasce di età (%) (A.S. 2025/26),4.6,5.2,6.0,4.5,3.3,3.6
POPC02000C,44.4,55.5,"[33.3, 0.0, 0.0, 11.1]","[0.0, 0.0, 22.2, 33.3]",Docenti per fasce di età (%) (A.S. 2025/26),0.0,5.2,6.0,0.0,3.3,3.6
PTPS01000P,6.0,94.0,"[1.2, 1.2, 1.2, 2.4]","[2.4, 14.5, 31.3, 45.8]",Docenti per fasce di età (%) (A.S. 2025/26),2.7,5.2,6.0,0.0,3.3,3.6
PTPS3N5004,,,,,Docenti per fasce di età (%) (A.S. 2025/26),,,,,,
PTTD020005,13.100000000000001,86.89999999999999,"[4.9, 2.5, 5.7, 0.0]","[0.0, 6.6, 32.8, 47.5]",Docenti per fasce di età (%) (A.S. 2025/26),2.9,5.2,6.0,3.8,3.3,3.6
POPM001018,24.8,75.1,"[6.4, 9.2, 6.9, 2.3]","[7.5, 17.3, 26.0, 24.3]",Docenti per fasce di età (%) (A.S. 2025/26),4.6,5.2,6.0,4.5,3.3,3.6
POPS02000G,20.0,80.0,"[8.8, 7.2, 2.4, 1.6]","[2.4, 10.4, 28.8, 38.4]",Docenti per fasce di età (%) (A.S. 2025/26),2.0,5.2,6.0,1.0,3.3,3.6
POPS00301V,22.8,77.2,"[5.8, 10.8, 0.8, 5.4]","[8.7, 21.2, 23.2, 24.1]",Docenti per fasce di età (%) (A.S. 2025/26),5.0,5.2,6.0,0.6,3.3,3.6
POSD003019,22.8,77.2,"[5.8, 10.8, 0.8, 5.4]","[8.7, 21.2, 23.2, 24.1]",Docenti per fasce di età (%) (A.S. 2025/26),5.0,5.2,6.0,0.6,3.3,3.6
PTSD010005,21.7,78.2,"[7.0, 5.6, 4.2, 4.9]","[2.8, 17.6, 32.4, 25.4]",Docenti per fasce di età (%) (A.S. 2025/26),7.3,5.2,6.0,0.9,3.3,3.6
PTTD050001,26.700000000000003,73.4,"[8.9, 6.9, 6.9, 4.0]","[5.0, 13.9, 19.8, 34.7]",Docenti per fasce di età (%) (A.S. 2025/26),5.6,5.2,6.0,1.4,3.3,3.6
POTF010003,19.5,80.5,"[6.2, 7.1, 4.4, 1.8]","[7.6, 15.6, 24.4, 32.9]",Docenti per fasce di età (%) (A.S. 2025/26),3.8,5.2,6.0,2.2,3.3,3.6
PTTF01000R,20.200000000000003,79.7,"[2.6, 6.2, 8.3, 3.1]","[2.6, 15.6, 22.4, 39.1]",Docenti per fasce di età (%) (A.S. 2025/26),2.1,5.2,6.0,2.7,3.3,3.6
POTL002019,29.2,70.8,"[7.9, 10.2, 7.4, 3.7]","[8.3, 16.7, 27.3, 18.5]",Docenti per fasce di età (%) (A.S. 2025/26),8.3,5.2,6.0,2.9,3.3,3.6
PORC01000D,,,,,,,,,,,
POPS002013,29.2,70.8,"[7.9, 10.2, 7.4, 3.7]","[8.3, 16.7, 27.3, 18.5]",Docenti per fasce di età (%) (A.S. 2025/26),8.3,5.2,6.0,2.9,3.3,3.6
POPS010001,43.9,56.2,"[17.1, 8.5, 12.2, 6.1]","[8.5, 15.9, 22.0, 9.8]",Docenti per fasce di età (%) (A.S. 2025/26),2.3,5.2,6.0,0.0,3.3,3.6
POPS00500D,,,,,Docenti per fasce di età (%) (A.S. 2025/26),,,,,,
POPS9T5004,,,,,Docenti per fasce di età (%) (A.S. 2025/26),,,,,,
FIPM01801N,17.1,83.1,"[7.8, 5.4, 2.3, 1.6]","[7.0, 23.3, 26.4, 26.4]",Docenti per fasce di età (%) (A.S. 2025/26),0.0,5.2,6.0,2.8,3.3,3.6
POTD01000R,,,,,,,,,,,
POTD00201V,29.2,70.8,"[7.9, 10.2, 7.4, 3.7]","[8.3, 16.7, 27.3, 18.5]",Docenti per fasce di età (%) (A.S. 2025/26),8.3,5.2,6.0,2.9,3.3,3.6
SIPS010009,9.0,91.1,"[3.0, 1.5, 3.0, 1.5]","[3.0, 16.4, 26.9, 44.8]",Docenti per fasce di età (%) (A.S. 2025/26),1.9,5.2,6.0,1.8,3.3,3.6
SIPC002018,26.1,74.0,"[11.2, 6.4, 4.8, 3.7]","[4.8, 14.4, 24.5, 30.3]",Docenti per fasce di età (%) (A.S. 2025/26),7.1,5.2,6.0,3.6,3.3,3.6
SIPS03000E,8.399999999999999,91.5,"[2.8, 5.6, 0.0, 0.0]","[1.4, 14.1, 36.6, 39.4]",Docenti per fasce di età (%) (A.S. 2025/26),2.9,5.2,6.0,0.0,3.3,3.6
SIPS01500C,,,,,Docenti per fasce di età (%) (A.S. 2025/26),,,,,,
SITF020002,18.5,81.4,"[4.9, 4.9, 6.0, 2.7]","[6.6, 8.7, 32.2, 33.9]",Docenti per fasce di età (%) (A.S. 2025/26),2.7,5.2,6.0,3.4,3.3,3.6
SITF00801C,32.9,67.1,"[7.8, 8.9, 11.2, 5.0]","[5.6, 19.6, 18.4, 23.5]",Docenti per fasce di età (%) (A.S. 2025/26),2.8,5.2,6.0,2.8,3.3,3.6
SIPM003018,26.2,73.8,"[4.2, 6.8, 11.0, 4.2]","[6.8, 10.2, 27.1, 29.7]",Docenti per fasce di età (%) (A.S. 2025/26),7.0,5.2,6.0,3.6,3.3,3.6
SIPM00202D,26.1,74.0,"[11.2, 6.4, 4.8, 3.7]","[4.8, 14.4, 24.5, 30.3]",Docenti per fasce di età (%) (A.S. 2025/26),7.1,5.2,6.0,3.6,3.3,3.6
SITE00401A,32.9,67.1,"[7.0, 10.8, 11.3, 3.8]","[5.2, 15.0, 23.0, 23.9]",Docenti per fasce di età (%) (A.S. 2025/26),4.5,5.2,6.0,2.3,3.3,3.6
SITD011012,26.4,73.5,"[8.1, 8.8, 5.1, 4.4]","[4.4, 12.5, 17.6, 39.0]",Docenti per fasce di età (%) (A.S. 2025/26),4.3,5.2,6.0,1.1,3.3,3.6
SITD008016,32.9,67.1,"[7.8, 8.9, 11.2, 5.0]","[5.6, 19.6, 18.4, 23.5]",Docenti per fasce di età (%) (A.S. 2025/26),2.8,5.2,6.0,2.8,3.3,3.6
SITA01000P,,,,,,,,,,,
PGPC01000X,7.4,92.60000000000001,"[2.1, 4.2, 1.1, 0.0]","[2.1, 7.4, 32.6, 50.5]",Docenti per fasce di età (%) (A.S. 2025/26),3.3,5.7,6.0,4.4,3.3,3.6
PGPC00500C,,,,,Docenti per fasce di età (%) (A.S. 2025/26),,,,,,
PGPS030008,6.8,93.3,"[0.0, 3.4, 3.4, 0.0]","[4.2, 12.6, 32.8, 43.7]",Docenti per fasce di età (%) (A.S. 2025/26),3.8,5.7,6.0,1.9,3.3,3.6
PGPS09000X,9.1,91.0,"[3.0, 5.1, 1.0, 0.0]","[5.1, 12.1, 27.3, 46.5]",Docenti per fasce di età (%) (A.S. 2025/26),3.1,5.7,6.0,4.2,3.3,3.6
PGPS00500G,,,,,Docenti per fasce di età (%) (A.S. 2025/26),,,,,,
PGTE01000A,21.5,78.5,"[3.0, 6.5, 10.0, 2.0]","[1.0, 14.5, 19.0, 44.0]",Docenti per fasce di età (%) (A.S. 2025/26),1.4,5.7,6.0,3.5,3.3,3.6
PGPS02000N,14.9,85.1,"[1.7, 8.3, 4.1, 0.8]","[5.0, 9.1, 28.9, 42.1]",Docenti per fasce di età (%) (A.S. 2025/26),4.2,5.7,6.0,4.2,3.3,3.6
PGPC07000G,29.6,70.5,"[11.4, 6.1, 10.6, 1.5]","[6.1, 10.6, 25.0, 28.8]",Docenti per fasce di età (%) (A.S. 2025/26),1.1,5.7,6.0,6.8,3.3,3.6
PGPM010004,23.3,76.8,"[6.7, 7.4, 8.0, 1.2]","[3.1, 11.7, 23.3, 38.7]",Docenti per fasce di età (%) (A.S. 2025/26),1.7,5.7,6.0,3.2,3.3,3.6
PGSD03000P,29.700000000000003,70.4,"[4.0, 6.9, 15.8, 3.0]","[4.0, 14.9, 22.8, 28.7]",Docenti per fasce di età (%) (A.S. 2025/26),3.2,5.7,6.0,4.4,3.3,3.6
PGSD03601P,39.0,61.1,"[11.1, 20.4, 5.6, 1.9]","[3.7, 16.7, 18.5, 22.2]",Docenti per fasce di età (%) (A.S. 2025/26),0.0,5.7,6.0,0.0,3.3,3.6
PGTD11000Q,28.0,71.9,"[10.5, 8.8, 6.4, 2.3]","[0.6, 9.9, 24.6, 36.8]",Docenti per fasce di età (%) (A.S. 2025/26),2.7,5.7,6.0,3.4,3.3,3.6
PGTDQF500A,,,,,,,,,,,
PGTL02301C,,,,,,,,,,,
PGTF010005,26.0,73.89999999999999,"[5.8, 8.3, 10.1, 1.8]","[6.1, 16.2, 30.7, 20.9]",Docenti per fasce di età (%) (A.S. 2025/26),8.6,5.7,6.0,3.6,3.3,3.6
TRPC020006,,,,,,,,,,,
PGPC02601E,25.4,74.6,"[7.9, 8.7, 4.0, 4.8]","[5.6, 10.3, 21.4, 37.3]",Docenti per fasce di età (%) (A.S. 2025/26),9.5,5.7,6.0,2.2,3.3,3.6
TRPS020009,13.0,87.1,"[2.6, 5.2, 1.3, 3.9]","[2.6, 13.0, 29.9, 41.6]",Docenti per fasce di età (%) (A.S. 2025/26),2.9,5.7,6.0,6.0,3.3,3.6
TRPS03000X,18.1,81.9,"[3.2, 5.3, 6.4, 3.2]","[3.2, 17.0, 25.5, 36.2]",Docenti per fasce di età (%) (A.S. 2025/26),0.0,5.7,6.0,7.2,3.3,3.6
RIPS01000D,,,,,,,,,,,
TRPS001011,23.4,76.5,"[4.5, 9.0, 4.5, 5.4]","[8.1, 11.7, 16.2, 40.5]",Docenti per fasce di età (%) (A.S. 2025/26),3.6,5.7,6.0,5.8,3.3,3.6
TRPM01000Q,21.5,78.6,"[6.4, 7.9, 3.6, 3.6]","[1.4, 7.9, 26.4, 42.9]",Docenti per fasce di età (%) (A.S. 2025/26),3.0,5.7,6.0,6.9,3.3,3.6
TRPM001012,23.4,76.5,"[4.5, 9.0, 4.5, 5.4]","[8.1, 11.7, 16.2, 40.5]",Docenti per fasce di età (%) (A.S. 2025/26),3.6,5.7,6.0,5.8,3.3,3.6
PGSD026025,25.4,74.6,"[7.9, 8.7, 4.0, 4.8]","[5.6, 10.3, 21.4, 37.3]",Docenti per fasce di età (%) (A.S. 2025/26),9.5,5.7,6.0,2.2,3.3,3.6
TRSD011012,19.7,80.3,"[2.3, 6.8, 6.8, 3.8]","[4.5, 12.9, 22.0, 40.9]",Docenti per fasce di età (%) (A.S. 2025/26),3.0,5.7,6.0,1.0,3.3,3.6
TRTD00701Q,35.7,64.3,"[7.9, 12.7, 10.7, 4.4]","[2.8, 12.7, 22.2, 26.6]",Docenti per fasce di età (%) (A.S. 2025/26),6.5,5.7,6.0,1.9,3.3,3.6
TRTD006021,57.6,42.4,"[13.6, 16.9, 20.3, 6.8]","[3.4, 3.4, 15.3, 20.3]",Docenti per fasce di età (%) (A.S. 2025/26),21.4,5.7,6.0,3.6,3.3,3.6
TRTF030002,25.5,74.4,"[7.2, 9.4, 5.6, 3.3]","[2.8, 21.1, 26.1, 24.4]",Docenti per fasce di età (%) (A.S. 2025/26),4.1,5.7,6.0,0.8,3.3,3.6
TRTL001017,23.4,76.5,"[4.5, 9.0, 4.5, 5.4]","[8.1, 11.7, 16.2, 40.5]",Docenti per fasce di età (%) (A.S. 2025/26),3.6,5.7,6.0,5.8,3.3,3.6
ANPS009016,28.7,71.3,"[9.7, 10.3, 6.5, 2.2]","[9.7, 14.6, 25.4, 21.6]",Docenti per fasce di età (%) (A.S. 2025/26),11.2,5.4,6.0,3.5,3.4,3.6
ANPC010006,24.9,75.1,"[5.8, 8.3, 5.8, 5.0]","[6.6, 16.5, 14.0, 38.0]",Docenti per fasce di età (%) (A.S. 2025/26),1.1,5.4,6.0,5.7,3.4,3.6
ANPS03000E,6.0,94.0,"[4.5, 0.0, 1.5, 0.0]","[3.0, 10.4, 32.8, 47.8]",Docenti per fasce di età (%) (A.S. 2025/26),3.1,5.4,6.0,3.1,3.4,3.6
ANPS012012,25.8,74.0,"[9.0, 7.8, 5.4, 3.6]","[5.4, 10.8, 25.9, 31.9]",Docenti per fasce di età (%) (A.S. 2025/26),4.0,5.4,6.0,4.9,3.4,3.6
ANPS00500T,,,,,,,,,,,
ANPS01401N,21.4,78.5,"[6.0, 7.4, 4.7, 3.3]","[8.8, 16.7, 25.6, 27.4]",Docenti per fasce di età (%) (A.S. 2025/26),6.7,5.4,6.0,0.0,3.4,3.6
ANPS040005,6.4,93.8,"[2.1, 3.2, 1.1, 0.0]","[1.1, 11.6, 35.8, 45.3]",Docenti per fasce di età (%) (A.S. 2025/26),2.2,5.4,6.0,3.3,3.4,3.6
ANPS00201B,32.4,67.7,"[5.1, 11.1, 10.1, 6.1]","[6.1, 13.1, 18.2, 30.3]",Docenti per fasce di età (%) (A.S. 2025/26),4.5,5.4,6.0,4.8,3.4,3.6
ANPC060007,18.6,81.1,"[3.7, 3.7, 10.0, 1.2]","[3.7, 21.2, 16.2, 40.0]",Docenti per fasce di età (%) (A.S. 2025/26),1.6,5.4,6.0,5.0,3.4,3.6
MCPC09000R,15.9,84.0,"[6.7, 2.5, 5.0, 1.7]","[1.7, 15.1, 26.9, 40.3]",Docenti per fasce di età (%) (A.S. 2025/26),0.9,5.4,6.0,9.3,3.4,3.6
ANPM3A500M,,,,,,,,,,,
ANTD01201T,25.8,74.0,"[9.0, 7.8, 5.4, 3.6]","[5.4, 10.8, 25.9, 31.9]",Docenti per fasce di età (%) (A.S. 2025/26),4.0,5.4,6.0,4.9,3.4,3.6
ANTD03500D,,,,,,,,,,,
ANTE00401A,22.9,77.0,"[7.9, 3.9, 8.7, 2.4]","[3.9, 22.0, 22.8, 28.3]",Docenti per fasce di età (%) (A.S. 2025/26),3.5,5.4,6.0,0.0,3.4,3.6
ANTF01401Q,21.4,78.5,"[6.0, 7.4, 4.7, 3.3]","[8.8, 16.7, 25.6, 27.4]",Docenti per fasce di età (%) (A.S. 2025/26),6.7,5.4,6.0,0.0,3.4,3.6
ANTF01301X,37.0,63.1,"[8.9, 12.5, 12.0, 3.6]","[7.3, 15.1, 16.7, 24.0]",Docenti per fasce di età (%) (A.S. 2025/26),7.4,5.4,6.0,1.0,3.4,3.6
APPC02000B,12.5,87.6,"[1.0, 4.8, 4.8, 1.9]","[3.8, 13.3, 27.6, 42.9]",Docenti per fasce di età (%) (A.S. 2025/26),4.3,5.4,6.0,4.4,3.4,3.6
TEPC01201L,22.4,77.60000000000001,"[3.2, 11.2, 6.4, 1.6]","[3.2, 8.0, 24.8, 41.6]",Docenti per fasce di età (%) (A.S. 2025/26),2.2,6.3,6.0,3.2,3.5,3.6
APPS01201L,13.100000000000001,86.89999999999999,"[3.6, 4.4, 1.5, 3.6]","[4.4, 11.7, 32.8, 38.0]",Docenti per fasce di età (%) (A.S. 2025/26),1.8,5.4,6.0,3.5,3.4,3.6
TEPS010003,5.2,94.9,"[1.0, 2.1, 2.1, 0.0]","[1.0, 12.4, 35.1, 46.4]",Docenti per fasce di età (%) (A.S. 2025/26),0.0,6.3,6.0,2.2,3.5,3.6
TEPS001019,17.9,82.1,"[4.3, 5.6, 4.9, 3.1]","[3.7, 15.4, 24.1, 38.9]",Docenti per fasce di età (%) (A.S. 2025/26),6.4,6.3,6.0,4.9,3.5,3.6
TEPS04000V,18.7,81.3,"[3.4, 5.1, 6.8, 3.4]","[3.4, 20.3, 35.6, 22.0]",Docenti per fasce di età (%) (A.S. 2025/26),12.0,6.3,6.0,0.0,3.5,3.6
TEPS335003,,,,,Docenti per fasce di età (%) (A.S. 2025/26),,,,,,
TEPM010004,15.600000000000001,84.3,"[1.1, 6.7, 6.7, 1.1]","[3.4, 9.0, 43.8, 28.1]",Docenti per fasce di età (%) (A.S. 2025/26),4.6,6.3,6.0,2.8,3.5,3.6
TESL01201L,22.4,77.60000000000001,"[3.2, 11.2, 6.4, 1.6]","[3.2, 8.0, 24.8, 41.6]",Docenti per fasce di età (%) (A.S. 2025/26),2.2,6.3,6.0,3.2,3.5,3.6
APSD012013,13.100000000000001,86.89999999999999,"[3.6, 4.4, 1.5, 3.6]","[4.4, 11.7, 32.8, 38.0]",Docenti per fasce di età (%) (A.S. 2025/26),1.8,5.4,6.0,3.5,3.4,3.6
APTD013018,13.2,86.8,"[1.8, 3.5, 7.0, 0.9]","[0.9, 11.4, 25.4, 49.1]",Docenti per fasce di età (%) (A.S. 2025/26),2.0,5.4,6.0,5.3,3.4,3.6
APTE01301Q,13.2,86.8,"[1.8, 3.5, 7.0, 0.9]","[0.9, 11.4, 25.4, 49.1]",Docenti per fasce di età (%) (A.S. 2025/26),2.0,5.4,6.0,5.3,3.4,3.6
APTA00801A,30.0,70.0,"[4.3, 12.1, 10.0, 3.6]","[4.3, 15.7, 21.4, 28.6]",Docenti per fasce di età (%) (A.S. 2025/26),9.5,5.4,6.0,2.1,3.4,3.6
APTF01101V,20.6,79.3,"[2.7, 6.5, 8.7, 2.7]","[3.3, 17.9, 29.3, 28.8]",Docenti per fasce di età (%) (A.S. 2025/26),7.0,5.4,6.0,1.4,3.4,3.6
APPC01000R,,,,,,,,,,,
MCPC002012,7.8999999999999995,92.0,"[2.9, 1.4, 2.9, 0.7]","[2.9, 9.4, 37.7, 42.0]",Docenti per fasce di età (%) (A.S. 2025/26),3.3,5.4,6.0,1.6,3.4,3.6
APPS030005,19.5,80.5,"[5.7, 5.7, 6.5, 1.6]","[1.6, 19.5, 29.3, 30.1]",Docenti per fasce di età (%) (A.S. 2025/26),2.1,5.4,6.0,7.2,3.4,3.6
APPS3R5004,,,,,,,,,,,
APPS002023,33.4,66.4,"[4.7, 15.3, 10.9, 2.5]","[2.5, 16.7, 23.6, 23.6]",Docenti per fasce di età (%) (A.S. 2025/26),8.8,5.4,6.0,1.7,3.4,3.6
APPS9N5001,,,,,,,,,,,
APPMOI500F,,,,,,,,,,,
APPC0Q500G,,,,,,,,,,,
APPCU15007,,,,,,,,,,,
MCPS002015,7.8999999999999995,92.0,"[2.9, 1.4, 2.9, 0.7]","[2.9, 9.4, 37.7, 42.0]",Docenti per fasce di età (%) (A.S. 2025/26),3.3,5.4,6.0,1.6,3.4,3.6
APSD00101L,,,,,,,,,,,
APSL001013,,,,,,,,,,,
APTD07000B,23.700000000000003,76.3,"[8.9, 7.9, 5.9, 1.0]","[5.0, 13.9, 18.8, 38.6]",Docenti per fasce di età (%) (A.S. 2025/26),4.0,5.4,6.0,6.8,3.4,3.6
APTD00201T,33.4,66.4,"[4.7, 15.3, 10.9, 2.5]","[2.5, 16.7, 23.6, 23.6]",Docenti per fasce di età (%) (A.S. 2025/26),8.8,5.4,6.0,1.7,3.4,3.6
APTF010002,16.3,83.60000000000001,"[3.4, 6.2, 5.6, 1.1]","[2.3, 13.0, 31.6, 36.7]",Docenti per fasce di età (%) (A.S. 2025/26),4.6,5.4,6.0,5.9,3.4,3.6
MCPC04000Q,19.6,80.3,"[4.7, 6.5, 6.5, 1.9]","[3.7, 10.3, 35.5, 30.8]",Docenti per fasce di età (%) (A.S. 2025/26),0.0,5.4,6.0,8.9,3.4,3.6
MCPS003011,27.8,72.1,"[10.0, 7.8, 5.6, 4.4]","[2.2, 14.4, 22.2, 33.3]",Docenti per fasce di età (%) (A.S. 2025/26),7.9,5.4,6.0,0.0,3.4,3.6
MCPS02000N,8.399999999999999,91.69999999999999,"[2.8, 1.4, 2.8, 1.4]","[1.4, 11.1, 26.4, 52.8]",Docenti per fasce di età (%) (A.S. 2025/26),0.0,5.4,6.0,6.0,3.4,3.6
MCPSL3500U,,,,,Docenti per fasce di età (%) (A.S. 2025/26),,,,,,
MCPC001016,17.1,82.9,"[3.1, 6.2, 3.1, 4.7]","[5.4, 14.7, 30.2, 32.6]",Docenti per fasce di età (%) (A.S. 2025/26),5.8,5.4,6.0,0.0,3.4,3.6
MCTE012013,11.6,88.39999999999999,"[1.7, 4.1, 4.1, 1.7]","[3.3, 10.7, 28.9, 45.5]",Docenti per fasce di età (%) (A.S. 2025/26),1.0,5.4,6.0,2.9,3.4,3.6
MCPM007019,45.0,55.0,"[12.5, 15.0, 12.5, 5.0]","[7.5, 15.0, 12.5, 20.0]",Docenti per fasce di età (%) (A.S. 2025/26),5.0,5.4,6.0,5.6,3.4,3.6
MCPC04001R,19.6,80.3,"[4.7, 6.5, 6.5, 1.9]","[3.7, 10.3, 35.5, 30.8]",Docenti per fasce di età (%) (A.S. 2025/26),0.0,5.4,6.0,8.9,3.4,3.6
MCPM505001,,,,,Docenti per fasce di età (%) (A.S. 2025/26),,,,,,
MCPM0L500Q,,,,,,,,,,,
MCPL5Z500O,,,,,,,,,,,
MCSD01000D,17.9,82.3,"[3.0, 8.9, 5.0, 1.0]","[5.0, 13.9, 32.7, 30.7]",Docenti per fasce di età (%) (A.S. 2025/26),5.0,5.4,6.0,3.5,3.4,3.6
MCTD01000V,15.899999999999999,84.0,"[4.3, 8.7, 2.9, 0.0]","[2.9, 14.5, 30.4, 36.2]",Docenti per fasce di età (%) (A.S. 2025/26),0.0,5.4,6.0,5.8,3.4,3.6
MCTD00500B,,,,,Docenti per fasce di età (%) (A.S. 2025/26),,,,,,
MCTL00801A,,,,,,,,,,,
MCTA009019,23.7,76.2,"[9.9, 5.5, 6.6, 1.7]","[7.2, 11.0, 21.0, 37.0]",Docenti per fasce di età (%) (A.S. 2025/26),4.0,5.4,6.0,2.4,3.4,3.6
PSPC03000N,9.7,90.3,"[3.1, 4.1, 1.5, 1.0]","[5.1, 10.8, 34.9, 39.5]",Docenti per fasce di età (%) (A.S. 2025/26),3.1,5.4,6.0,1.8,3.4,3.6
PSPC01500G,,,,,Docenti per fasce di età (%) (A.S. 2025/26),,,,,,
PSPS020006,14.5,85.4,"[3.0, 5.0, 4.5, 2.0]","[4.0, 17.1, 28.6, 35.7]",Docenti per fasce di età (%) (A.S. 2025/26),3.1,5.4,6.0,3.0,3.4,3.6
PSPS005004,,,,,Docenti per fasce di età (%) (A.S. 2025/26),,,,,,
PSPS01000G,13.399999999999999,86.60000000000001,"[4.1, 2.1, 4.1, 3.1]","[5.2, 17.5, 22.7, 41.2]",Docenti per fasce di età (%) (A.S. 2025/26),9.1,5.4,6.0,3.8,3.4,3.6
PSPC06000D,18.0,82.1,"[3.4, 7.3, 4.5, 2.8]","[4.5, 15.6, 25.7, 36.3]",Docenti per fasce di età (%) (A.S. 2025/26),5.3,5.4,6.0,6.4,3.4,3.6
PSSD01901D,,,,,,,,,,,
PSTD10000N,23.4,76.7,"[6.2, 10.2, 6.2, 0.8]","[5.5, 10.2, 25.8, 35.2]",Docenti per fasce di età (%) (A.S. 2025/26),1.1,5.4,6.0,4.5,3.4,3.6
PSTD003019,37.3,62.8,"[7.7, 13.3, 11.2, 5.1]","[4.6, 18.9, 18.9, 20.4]",Docenti per fasce di età (%) (A.S. 2025/26),9.6,5.4,6.0,3.4,3.4,3.6
PSTA01301D,31.1,68.9,"[8.6, 8.6, 8.0, 5.9]","[5.3, 17.6, 20.9, 25.1]",Docenti per fasce di età (%) (A.S. 2025/26),5.5,5.4,6.0,3.1,3.4,3.6
RMPC080007,7.1,92.9,"[5.3, 1.8, 0.0, 0.0]","[0.0, 7.0, 26.3, 59.6]",Docenti per fasce di età (%) (A.S. 2025/26),3.8,6.5,6.0,9.4,4.0,3.6
RMPC23000X,15.4,84.6,"[3.1, 7.2, 1.0, 4.1]","[3.1, 7.2, 25.8, 48.5]",Docenti per fasce di età (%) (A.S. 2025/26),3.6,6.5,6.0,2.5,4.0,3.6
RMPC250005,7.199999999999999,92.7,"[4.3, 0.0, 2.9, 0.0]","[4.3, 5.8, 20.3, 62.3]",Docenti per fasce di età (%) (A.S. 2025/26),6.1,6.5,6.0,4.5,4.0,3.6
RMPC09000T,3.5999999999999996,96.4,"[0.0, 1.2, 1.2, 1.2]","[0.0, 2.4, 34.5, 59.5]",Docenti per fasce di età (%) (A.S. 2025/26),3.7,6.5,6.0,3.6,4.0,3.6
RMPC12000C,5.699999999999999,94.2,"[3.4, 2.3, 0.0, 0.0]","[4.6, 14.9, 27.6, 47.1]",Docenti per fasce di età (%) (A.S. 2025/26),2.7,6.5,6.0,3.9,4.0,3.6
RMPC280001,8.8,91.3,"[0.0, 5.9, 0.0, 2.9]","[0.0, 26.5, 32.4, 32.4]",Docenti per fasce di età (%) (A.S. 2025/26),6.9,6.5,6.0,3.3,4.0,3.6
RMPC220009,17.1,82.7,"[6.9, 8.0, 1.1, 1.1]","[1.1, 12.6, 13.8, 55.2]",Docenti per fasce di età (%) (A.S. 2025/26),4.2,6.5,6.0,2.9,4.0,3.6
RMPC04000R,10.8,89.3,"[3.1, 3.1, 1.5, 3.1]","[3.1, 7.7, 18.5, 60.0]",Docenti per fasce di età (%) (A.S. 2025/26),0.0,6.5,6.0,9.1,4.0,3.6
RMPC320006,14.4,85.7,"[3.0, 5.4, 4.8, 1.2]","[7.2, 10.2, 23.4, 44.9]",Docenti per fasce di età (%) (A.S. 2025/26),5.2,6.5,6.0,3.9,4.0,3.6
RMPC26500V,,,,,Docenti per fasce di età (%) (A.S. 2025/26),,,,,,
RMPC07000L,,,,,,,,,,,
RMPC31000G,20.5,79.5,"[5.1, 7.7, 5.1, 2.6]","[1.7, 12.8, 28.2, 36.8]",Docenti per fasce di età (%) (A.S. 2025/26),3.3,6.5,6.0,3.3,4.0,3.6
RMPC200004,13.5,86.6,"[1.5, 6.0, 3.0, 3.0]","[6.0, 9.0, 26.1, 45.5]",Docenti per fasce di età (%) (A.S. 2025/26),1.9,6.5,6.0,5.7,4.0,3.6
RMPC150008,7.0,93.0,"[2.0, 3.0, 1.0, 1.0]","[2.0, 15.0, 18.0, 58.0]",Docenti per fasce di età (%) (A.S. 2025/26),3.1,6.5,6.0,5.3,4.0,3.6
RMPC030006,14.7,85.4,"[4.0, 4.7, 6.0, 0.0]","[4.7, 10.7, 27.3, 42.7]",Docenti per fasce di età (%) (A.S. 2025/26),7.6,6.5,6.0,4.0,4.0,3.6
RMPC27000A,14.1,85.8,"[6.5, 4.3, 2.2, 1.1]","[1.1, 14.1, 22.8, 47.8]",Docenti per fasce di età (%) (A.S. 2025/26),8.5,6.5,6.0,0.0,4.0,3.6
RMPC14000N,7.5,92.4,"[0.0, 3.0, 4.5, 0.0]","[3.0, 7.6, 30.3, 51.5]",Docenti per fasce di età (%) (A.S. 2025/26),1.7,6.5,6.0,6.9,4.0,3.6
RMPC17000D,9.8,90.2,"[3.9, 5.9, 0.0, 0.0]","[2.0, 3.9, 17.6, 66.7]",Docenti per fasce di età (%) (A.S. 2025/26),14.8,6.5,6.0,3.9,4.0,3.6
RMPC48000P,12.0,88.0,"[1.7, 5.2, 3.4, 1.7]","[2.6, 9.5, 25.0, 50.9]",Docenti per fasce di età (%) (A.S. 2025/26),1.0,6.5,6.0,4.9,4.0,3.6
RMPC420003,17.6,82.4,"[10.1, 6.7, 0.8, 0.0]","[1.7, 11.8, 24.4, 44.5]",Docenti per fasce di età (%) (A.S. 2025/26),6.7,6.5,6.0,5.0,4.0,3.6
RMPC06901D,16.6,83.39999999999999,"[4.3, 8.0, 2.7, 1.6]","[3.2, 21.4, 29.9, 28.9]",Docenti per fasce di età (%) (A.S. 2025/26),4.4,6.5,6.0,4.5,4.0,3.6
RMPC180004,14.0,86.0,"[6.0, 4.0, 2.0, 2.0]","[5.0, 13.0, 34.0, 34.0]",Docenti per fasce di età (%) (A.S. 2025/26),4.9,6.5,6.0,5.0,4.0,3.6
RMPC06201P,19.1,80.8,"[8.2, 3.8, 4.4, 2.7]","[7.7, 13.2, 22.5, 37.4]",Docenti per fasce di età (%) (A.S. 2025/26),5.0,6.5,6.0,4.3,4.0,3.6
RMPC03201V,24.3,75.6,"[6.5, 8.3, 7.8, 1.7]","[4.8, 16.5, 23.9, 30.4]",Docenti per fasce di età (%) (A.S. 2025/26),3.9,6.5,6.0,2.4,4.0,3.6
RMPC21000P,20.2,79.9,"[3.2, 8.1, 6.5, 2.4]","[3.2, 19.4, 33.1, 24.2]",Docenti per fasce di età (%) (A.S. 2025/26),8.4,6.5,6.0,3.3,4.0,3.6
RMPC525003,,,,,Docenti per fasce di età (%) (A.S. 2025/26),,,,,,
RMPC05000B,14.600000000000001,85.3,"[3.5, 6.9, 4.2, 0.0]","[2.1, 18.7, 31.2, 33.3]",Docenti per fasce di età (%) (A.S. 2025/26),3.4,6.5,6.0,1.7,4.0,3.6
RMPC10500A,,,,,Docenti per fasce di età (%) (A.S. 2025/26),,,,,,
RMPC19500T,,,,,Docenti per fasce di età (%) (A.S. 2025/26),,,,,,
RMPS65000Q,8.5,91.5,"[1.1, 5.3, 0.0, 2.1]","[5.3, 12.8, 20.2, 53.2]",Docenti per fasce di età (%) (A.S. 2025/26),5.9,6.5,6.0,6.0,4.0,3.6
RMPC285004,,,,,Docenti per fasce di età (%) (A.S. 2025/26),,,,,,
RMPQ010009,26.1,74.0,"[6.1, 7.0, 11.3, 1.7]","[5.2, 14.8, 27.0, 27.0]",Docenti per fasce di età (%) (A.S. 2025/26),10.6,6.5,6.0,4.4,4.0,3.6
RMPC06301E,7.8,92.1,"[3.1, 1.6, 0.8, 2.3]","[2.3, 14.8, 28.9, 46.1]",Docenti per fasce di età (%) (A.S. 2025/26),2.5,6.5,6.0,5.0,4.0,3.6
RMPC08500A,,,,,Docenti per fasce di età (%) (A.S. 2025/26),,,,,,
RMPC185007,,,,,Docenti per fasce di età (%) (A.S. 2025/26),,,,,,
RMPC29500P,,,,,Docenti per fasce di età (%) (A.S. 2025/26),,,,,,
RMPC05500E,,,,,Docenti per fasce di età (%) (A.S. 2025/26),,,,,,
RMPC33500X,,,,,Docenti per fasce di età (%) (A.S. 2025/26),,,,,,
RMPC00500D,,,,,Docenti per fasce di età (%) (A.S. 2025/26),,,,,,
RMPC235003,,,,,Docenti per fasce di età (%) (A.S. 2025/26),,,,,,
RMPC545008,,,,,Docenti per fasce di età (%) (A.S. 2025/26),,,,,,
RMPC065005,,,,,,,,,,,
RMPC255008,,,,,Docenti per fasce di età (%) (A.S. 2025/26),,,,,,
RMPC44500B,,,,,Docenti per fasce di età (%) (A.S. 2025/26),,,,,,
RMPC24500N,,,,,Docenti per fasce di età (%) (A.S. 2025/26),,,,,,
RMPS280004,10.7,89.3,"[2.9, 2.9, 3.9, 1.0]","[2.0, 6.9, 26.5, 53.9]",Docenti per fasce di età (%) (A.S. 2025/26),5.6,6.5,6.0,2.2,4.0,3.6
RMPS12000G,18.5,81.5,"[4.9, 6.2, 6.2, 1.2]","[2.5, 11.1, 23.5, 44.4]",Docenti per fasce di età (%) (A.S. 2025/26),7.4,6.5,6.0,2.9,4.0,3.6
RMPS060005,14.8,85.3,"[0.0, 11.6, 3.2, 0.0]","[3.2, 18.9, 29.5, 33.7]",Docenti per fasce di età (%) (A.S. 2025/26),7.4,6.5,6.0,1.3,4.0,3.6
RMPS05000E,7.2,92.7,"[1.0, 3.1, 3.1, 0.0]","[5.2, 13.5, 27.1, 46.9]",Docenti per fasce di età (%) (A.S. 2025/26),8.4,6.5,6.0,1.2,4.0,3.6
RMPS030009,11.5,88.60000000000001,"[4.8, 1.9, 3.8, 1.0]","[8.6, 18.1, 25.7, 36.2]",Docenti per fasce di età (%) (A.S. 2025/26),9.8,6.5,6.0,5.4,4.0,3.6
RMPS50000T,7.9,92.0,"[2.3, 1.1, 4.5, 0.0]","[1.1, 17.0, 27.3, 46.6]",Docenti per fasce di età (%) (A.S. 2025/26),1.2,6.5,6.0,1.2,4.0,3.6
RMPS46000L,16.6,83.5,"[5.8, 5.0, 5.0, 0.8]","[3.3, 12.4, 27.3, 40.5]",Docenti per fasce di età (%) (A.S. 2025/26),11.7,6.5,6.0,0.0,4.0,3.6
RMPS450002,16.3,83.8,"[2.7, 6.8, 5.4, 1.4]","[1.4, 16.2, 23.0, 43.2]",Docenti per fasce di età (%) (A.S. 2025/26),4.7,6.5,6.0,1.6,4.0,3.6
RMPS094019,15.1,84.9,"[2.3, 6.4, 5.2, 1.2]","[2.9, 16.9, 24.4, 40.7]",Docenti per fasce di età (%) (A.S. 2025/26),4.3,6.5,6.0,3.7,4.0,3.6
RMPS44000B,12.2,87.89999999999999,"[3.8, 5.3, 2.3, 0.8]","[3.8, 15.0, 29.3, 39.8]",Docenti per fasce di età (%) (A.S. 2025/26),4.0,6.5,6.0,4.0,4.0,3.6
RMPS03500C,,,,,Docenti per fasce di età (%) (A.S. 2025/26),,,,,,
RMPS420006,11.2,88.7,"[1.4, 2.8, 7.0, 0.0]","[4.2, 19.7, 22.5, 42.3]",Docenti per fasce di età (%) (A.S. 2025/26),1.6,6.5,6.0,3.2,4.0,3.6
RMPS180007,16.1,83.9,"[5.9, 2.9, 4.4, 2.9]","[7.4, 10.3, 22.1, 44.1]",Docenti per fasce di età (%) (A.S. 2025/26),17.5,6.5,6.0,0.0,4.0,3.6
RMPS48000T,10.6,89.5,"[3.5, 2.4, 4.7, 0.0]","[2.4, 10.6, 34.1, 42.4]",Docenti per fasce di età (%) (A.S. 2025/26),2.8,6.5,6.0,0.0,4.0,3.6
RMPS27000D,8.6,91.5,"[3.4, 0.9, 2.6, 1.7]","[4.3, 10.3, 23.1, 53.8]",Docenti per fasce di età (%) (A.S. 2025/26),2.9,6.5,6.0,3.9,4.0,3.6
RMPS06901L,16.6,83.39999999999999,"[4.3, 8.0, 2.7, 1.6]","[3.2, 21.4, 29.9, 28.9]",Docenti per fasce di età (%) (A.S. 2025/26),4.4,6.5,6.0,4.5,4.0,3.6
RMPS24000N,12.4,87.60000000000001,"[3.1, 6.2, 1.0, 2.1]","[2.1, 9.4, 27.1, 49.0]",Docenti per fasce di età (%) (A.S. 2025/26),3.5,6.5,6.0,4.8,4.0,3.6
RMPM05500P,,,,,,,,,,,
RMPS090001,20.0,79.9,"[5.6, 7.8, 4.4, 2.2]","[4.4, 13.9, 24.4, 37.2]",Docenti per fasce di età (%) (A.S. 2025/26),3.5,6.5,6.0,2.2,4.0,3.6
RMPS19000T,10.7,89.39999999999999,"[5.3, 4.3, 1.1, 0.0]","[2.1, 16.0, 31.9, 39.4]",Docenti per fasce di età (%) (A.S. 2025/26),0.0,6.5,6.0,5.0,4.0,3.6
RMPS555002,,,,,Docenti per fasce di età (%) (A.S. 2025/26),,,,,,
RMPS520003,16.0,84.0,"[4.0, 7.0, 3.0, 2.0]","[8.0, 18.0, 19.0, 39.0]",Docenti per fasce di età (%) (A.S. 2025/26),1.2,6.5,6.0,7.3,4.0,3.6
RMPS25500B,,,,,Docenti per fasce di età (%) (A.S. 2025/26),,,,,,
RMPS06301N,7.8,92.1,"[3.1, 1.6, 0.8, 2.3]","[2.3, 14.8, 28.9, 46.1]",Docenti per fasce di età (%) (A.S. 2025/26),2.5,6.5,6.0,5.0,4.0,3.6
RMPS17000L,6.8,93.3,"[3.4, 1.1, 2.3, 0.0]","[8.0, 12.5, 20.5, 52.3]",Docenti per fasce di età (%) (A.S. 2025/26),3.8,6.5,6.0,3.8,4.0,3.6
RMPS032012,24.3,75.6,"[6.5, 8.3, 7.8, 1.7]","[4.8, 16.5, 23.9, 30.4]",Docenti per fasce di età (%) (A.S. 2025/26),3.9,6.5,6.0,2.4,4.0,3.6
RMPS010004,18.0,81.9,"[4.1, 8.2, 4.1, 1.6]","[3.3, 18.0, 22.1, 38.5]",Docenti per fasce di età (%) (A.S. 2025/26),2.0,6.5,6.0,4.0,4.0,3.6
RMPS49000C,15.2,84.8,"[7.6, 3.4, 2.5, 1.7]","[4.2, 10.2, 22.9, 47.5]",Docenti per fasce di età (%) (A.S. 2025/26),5.1,6.5,6.0,6.1,4.0,3.6
RMPS11301D,25.8,74.2,"[5.2, 12.9, 6.7, 1.0]","[3.6, 17.0, 23.2, 30.4]",Docenti per fasce di età (%) (A.S. 2025/26),3.7,6.5,6.0,4.6,4.0,3.6
RMPS26000V,13.3,86.6,"[3.3, 4.4, 5.6, 0.0]","[1.1, 8.9, 22.2, 54.4]",Docenti per fasce di età (%) (A.S. 2025/26),4.9,6.5,6.0,1.2,4.0,3.6
RMPS53500R,,,,,Docenti per fasce di età (%) (A.S. 2025/26),,,,,,
RMPS073018,16.7,83.4,"[6.1, 5.3, 4.4, 0.9]","[4.4, 13.2, 29.8, 36.0]",Docenti per fasce di età (%) (A.S. 2025/26),7.0,6.5,6.0,3.4,4.0,3.6
RMPS37000A,18.9,81.0,"[3.6, 6.3, 6.3, 2.7]","[2.7, 18.9, 21.6, 37.8]",Docenti per fasce di età (%) (A.S. 2025/26),3.3,6.5,6.0,4.4,4.0,3.6
RMPM12000L,17.5,82.5,"[7.0, 4.1, 4.1, 2.3]","[2.9, 15.8, 24.6, 39.2]",Docenti per fasce di età (%) (A.S. 2025/26),4.4,6.5,6.0,3.7,4.0,3.6
RMPS21000T,,,,,,,,,,,
RMPS06201T,19.1,80.8,"[8.2, 3.8, 4.4, 2.7]","[7.7, 13.2, 22.5, 37.4]",Docenti per fasce di età (%) (A.S. 2025/26),5.0,6.5,6.0,4.3,4.0,3.6
RMPS27500L,,,,,Docenti per fasce di età (%) (A.S. 2025/26),,,,,,
RMPS36500V,,,,,Docenti per fasce di età (%) (A.S. 2025/26),,,,,,
RMPS695009,,,,,Docenti per fasce di età (%) (A.S. 2025/26),,,,,,
RMPS114019,17.4,82.6,"[2.2, 6.5, 8.7, 0.0]","[6.5, 19.6, 18.5, 38.0]",Docenti per fasce di età (%) (A.S. 2025/26),1.5,6.5,6.0,1.6,4.0,3.6
RMPSE55000,,,,,Docenti per fasce di età (%) (A.S. 2025/26),,,,,,
RMPS24500R,,,,,Docenti per fasce di età (%) (A.S. 2025/26),,,,,,
RMPS08500D,,,,,Docenti per fasce di età (%) (A.S. 2025/26),,,,,,
RMPS97500P,,,,,Docenti per fasce di età (%) (A.S. 2025/26),,,,,,
RMPS10000A,15.4,84.7,"[5.5, 6.6, 2.2, 1.1]","[2.2, 16.5, 25.3, 40.7]",Docenti per fasce di età (%) (A.S. 2025/26),1.2,6.5,6.0,2.6,4.0,3.6
RMPS46500Q,,,,,Docenti per fasce di età (%) (A.S. 2025/26),,,,,,
RMPS235006,,,,,Docenti per fasce di età (%) (A.S. 2025/26),,,,,,
RMPS49500G,,,,,Docenti per fasce di età (%) (A.S. 2025/26),,,,,,
RMPQ06500D,,,,,Docenti per fasce di età (%) (A.S. 2025/26),,,,,,
RMPS265002,,,,,Docenti per fasce di età (%) (A.S. 2025/26),,,,,,
RMPS44500E,,,,,Docenti per fasce di età (%) (A.S. 2025/26),,,,,,
RMPS07500V,,,,,,,,,,,
RMPS505001,,,,,Docenti per fasce di età (%) (A.S. 2025/26),,,,,,
RMPSVA5006,,,,,Docenti per fasce di età (%) (A.S. 2025/26),,,,,,
RMPS135009,,,,,Docenti per fasce di età (%) (A.S. 2025/26),,,,,,
RMPSII500C,,,,,Docenti per fasce di età (%) (A.S. 2025/26),,,,,,
RMPS305007,,,,,Docenti per fasce di età (%) (A.S. 2025/26),,,,,,
RMPS59500C,,,,,Docenti per fasce di età (%) (A.S. 2025/26),,,,,,
RMPS485001,,,,,Docenti per fasce di età (%) (A.S. 2025/26),,,,,,
RMPSCU5007,,,,,,,,,,,
RMPS41500P,,,,,Docenti per fasce di età (%) (A.S. 2025/26),,,,,,
RMPS56500L,,,,,Docenti per fasce di età (%) (A.S. 2025/26),,,,,,
RMPS18500A,,,,,Docenti per fasce di età (%) (A.S. 2025/26),,,,,,
RMPS095004,,,,,,,,,,,
RMPS165005,,,,,Docenti per fasce di età (%) (A.S. 2025/26),,,,,,
RMPS575007,,,,,Docenti per fasce di età (%) (A.S. 2025/26),,,,,,
RMPS72500B,,,,,Docenti per fasce di età (%) (A.S. 2025/26),,,,,,
RMPS455005,,,,,Docenti per fasce di età (%) (A.S. 2025/26),,,,,,
RMPS00500L,,,,,Docenti per fasce di età (%) (A.S. 2025/26),,,,,,
RMPS285007,,,,,Docenti per fasce di età (%) (A.S. 2025/26),,,,,,
RMPM180008,21.7,78.2,"[7.6, 7.6, 4.3, 2.2]","[1.1, 14.1, 38.0, 25.0]",Docenti per fasce di età (%) (A.S. 2025/26),8.1,6.5,6.0,2.9,4.0,3.6
RMTF009013,16.8,83.3,"[4.9, 4.3, 3.8, 3.8]","[4.9, 14.1, 24.3, 40.0]",Docenti per fasce di età (%) (A.S. 2025/26),4.7,6.5,6.0,2.7,4.0,3.6
RMTF10000C,,,,,,,,,,,
RMTF090003,30.9,69.1,"[7.0, 13.7, 8.4, 1.8]","[2.6, 14.1, 17.6, 34.8]",Docenti per fasce di età (%) (A.S. 2025/26),3.7,6.5,6.0,2.7,4.0,3.6
RMPS09402A,15.1,84.9,"[2.3, 6.4, 5.2, 1.2]","[2.9, 16.9, 24.4, 40.7]",Docenti per fasce di età (%) (A.S. 2025/26),4.3,6.5,6.0,3.7,4.0,3.6
RMTF108014,9.2,90.9,"[4.6, 1.8, 2.8, 0.0]","[8.3, 16.5, 20.2, 45.9]",Docenti per fasce di età (%) (A.S. 2025/26),3.0,6.5,6.0,7.1,4.0,3.6
RMTE091015,7.2,92.7,"[1.6, 2.4, 1.6, 1.6]","[4.1, 20.3, 35.0, 33.3]",Docenti per fasce di età (%) (A.S. 2025/26),9.4,6.5,6.0,6.0,4.0,3.6
RMPS5G5003,,,,,Docenti per fasce di età (%) (A.S. 2025/26),,,,,,
RMTF11401B,17.4,82.6,"[2.2, 6.5, 8.7, 0.0]","[6.5, 19.6, 18.5, 38.0]",Docenti per fasce di età (%) (A.S. 2025/26),1.5,6.5,6.0,1.6,4.0,3.6
RMPM160003,24.1,76.0,"[7.0, 8.2, 5.7, 3.2]","[5.7, 15.8, 22.2, 32.3]",Docenti per fasce di età (%) (A.S. 2025/26),5.6,6.5,6.0,5.0,4.0,3.6
RMTF110003,24.2,76.0,"[10.9, 7.8, 3.9, 1.6]","[8.5, 25.6, 16.3, 25.6]",Docenti per fasce di età (%) (A.S. 2025/26),5.6,6.5,6.0,1.2,4.0,3.6
RMTF08401R,16.6,83.3,"[1.9, 9.0, 3.8, 1.9]","[3.2, 16.0, 19.2, 44.9]",Docenti per fasce di età (%) (A.S. 2025/26),8.9,6.5,6.0,1.5,4.0,3.6
RMTF10901X,27.2,72.7,"[7.1, 9.7, 6.5, 3.9]","[10.4, 12.3, 14.3, 35.7]",Docenti per fasce di età (%) (A.S. 2025/26),7.5,6.5,6.0,1.9,4.0,3.6
RMTF081019,30.9,69.1,"[6.8, 13.6, 8.4, 2.1]","[4.7, 12.6, 20.9, 30.9]",Docenti per fasce di età (%) (A.S. 2025/26),7.6,6.5,6.0,4.4,4.0,3.6
RMTF330002,,,,,,,,,,,
RMTF02202E,34.9,65.1,"[9.7, 10.3, 12.0, 2.9]","[5.1, 15.4, 14.9, 29.7]",Docenti per fasce di età (%) (A.S. 2025/26),6.0,6.5,6.0,3.1,4.0,3.6
RMPS8Q500R,,,,,Docenti per fasce di età (%) (A.S. 2025/26),,,,,,
RMPSVP500H,,,,,Docenti per fasce di età (%) (A.S. 2025/26),,,,,,
RMPS655007,,,,,Docenti per fasce di età (%) (A.S. 2025/26),,,,,,
RMPS09201N,76.7,23.4,"[16.7, 28.3, 15.0, 16.7]","[0.0, 6.7, 5.0, 11.7]",Docenti per fasce di età (%) (A.S. 2025/26),0.0,6.5,6.0,0.0,4.0,3.6
RMPSIZ500B,,,,,Docenti per fasce di età (%) (A.S. 2025/26),,,,,,
RMPS4A500Z,,,,,Docenti per fasce di età (%) (A.S. 2025/26),,,,,,
RMPSRQ500V,,,,,Docenti per fasce di età (%) (A.S. 2025/26),,,,,,
RMPSAD500D,,,,,Docenti per fasce di età (%) (A.S. 2025/26),,,,,,
RMPSQP500D,,,,,Docenti per fasce di età (%) (A.S. 2025/26),,,,,,
RMPSI6500C,,,,,Docenti per fasce di età (%) (A.S. 2025/26),,,,,,
RMPSBI5001,,,,,Docenti per fasce di età (%) (A.S. 2025/26),,,,,,
RMPSPG500N,,,,,Docenti per fasce di età (%) (A.S. 2025/26),,,,,,
RMPSP4500S,,,,,,,,,,,
RMPM08000B,11.1,88.9,"[7.1, 2.0, 2.0, 0.0]","[3.0, 12.1, 28.3, 45.5]",Docenti per fasce di età (%) (A.S. 2025/26),3.5,6.5,6.0,2.4,4.0,3.6
RMPM195002,,,,,Docenti per fasce di età (%) (A.S. 2025/26),,,,,,
RMPM02601Q,18.2,81.9,"[1.7, 7.4, 6.6, 2.5]","[1.7, 18.2, 17.4, 44.6]",Docenti per fasce di età (%) (A.S. 2025/26),5.7,6.5,6.0,4.9,4.0,3.6
RMPM040001,26.9,73.2,"[6.5, 9.8, 7.3, 3.3]","[4.9, 10.6, 18.7, 39.0]",Docenti per fasce di età (%) (A.S. 2025/26),3.5,6.5,6.0,2.5,4.0,3.6
RMPM016015,18.6,81.4,"[2.3, 7.8, 8.5, 0.0]","[0.0, 24.0, 25.6, 31.8]",Docenti per fasce di età (%) (A.S. 2025/26),3.0,6.5,6.0,5.1,4.0,3.6
RMPM08500E,,,,,Docenti per fasce di età (%) (A.S. 2025/26),,,,,,
RMPM02701G,25.2,74.7,"[6.3, 8.1, 7.2, 3.6]","[6.3, 19.8, 17.1, 31.5]",Docenti per fasce di età (%) (A.S. 2025/26),4.3,6.5,6.0,1.4,4.0,3.6
RMPMQB5004,,,,,Docenti per fasce di età (%) (A.S. 2025/26),,,,,,
RMPM045004,,,,,Docenti per fasce di età (%) (A.S. 2025/26),,,,,,
RMPMIO5006,,,,,Docenti per fasce di età (%) (A.S. 2025/26),,,,,,
RMPME45007,,,,,Docenti per fasce di età (%) (A.S. 2025/26),,,,,,
RMPM5R5008,,,,,Docenti per fasce di età (%) (A.S. 2025/26),,,,,,
RMPMTS5005,,,,,Docenti per fasce di età (%) (A.S. 2025/26),,,,,,
RMPM17500R,,,,,Docenti per fasce di età (%) (A.S. 2025/26),,,,,,
RMPM01301N,32.6,67.3,"[6.9, 11.9, 7.9, 5.9]","[3.0, 15.8, 19.8, 28.7]",Docenti per fasce di età (%) (A.S. 2025/26),6.3,6.5,6.0,5.0,4.0,3.6
RMPM55500G,,,,,Docenti per fasce di età (%) (A.S. 2025/26),,,,,,
RMPL1M500I,,,,,Docenti per fasce di età (%) (A.S. 2025/26),,,,,,
RMPMT1500R,,,,,Docenti per fasce di età (%) (A.S. 2025/26),,,,,,
RMPMSC500I,,,,,Docenti per fasce di età (%) (A.S. 2025/26),,,,,,
RMPM00500N,,,,,Docenti per fasce di età (%) (A.S. 2025/26),,,,,,
RMPMBG500A,,,,,Docenti per fasce di età (%) (A.S. 2025/26),,,,,,
RMPMPL5008,,,,,Docenti per fasce di età (%) (A.S. 2025/26),,,,,,
RMPM4G5004,,,,,Docenti per fasce di età (%) (A.S. 2025/26),,,,,,
RMPM9P500H,,,,,Docenti per fasce di età (%) (A.S. 2025/26),,,,,,
RMTD38000R,16.900000000000002,83.10000000000001,"[1.8, 6.2, 6.2, 2.7]","[2.7, 14.3, 29.5, 36.6]",Docenti per fasce di età (%) (A.S. 2025/26),8.6,6.5,6.0,6.7,4.0,3.6
RMPL39500D,,,,,Docenti per fasce di età (%) (A.S. 2025/26),,,,,,
RMPLUU500N,,,,,Docenti per fasce di età (%) (A.S. 2025/26),,,,,,
RMTD008011,20.0,80.0,"[4.4, 8.9, 5.2, 1.5]","[3.7, 17.8, 28.1, 30.4]",Docenti per fasce di età (%) (A.S. 2025/26),10.9,6.5,6.0,2.9,4.0,3.6
RMPL07500N,,,,,Docenti per fasce di età (%) (A.S. 2025/26),,,,,,
RMTD030005,26.5,73.4,"[2.0, 9.2, 13.3, 2.0]","[7.1, 16.3, 16.3, 33.7]",Docenti per fasce di età (%) (A.S. 2025/26),7.7,6.5,6.0,4.2,4.0,3.6
RMPLAM500Z,,,,,,,,,,,
RMPL43500P,,,,,Docenti per fasce di età (%) (A.S. 2025/26),,,,,,
RMPL26500R,,,,,Docenti per fasce di età (%) (A.S. 2025/26),,,,,,
RMPLLD5008,,,,,Docenti per fasce di età (%) (A.S. 2025/26),,,,,,
RMPLO35009,,,,,Docenti per fasce di età (%) (A.S. 2025/26),,,,,,
RMPL0L500V,,,,,Docenti per fasce di età (%) (A.S. 2025/26),,,,,,
RMPL00500B,,,,,Docenti per fasce di età (%) (A.S. 2025/26),,,,,,
RMPL50500Q,,,,,Docenti per fasce di età (%) (A.S. 2025/26),,,,,,
RMPLB3500E,,,,,Docenti per fasce di età (%) (A.S. 2025/26),,,,,,
RMPL035007,,,,,Docenti per fasce di età (%) (A.S. 2025/26),,,,,,
RMPL085008,,,,,Docenti per fasce di età (%) (A.S. 2025/26),,,,,,
RMPL22500A,,,,,Docenti per fasce di età (%) (A.S. 2025/26),,,,,,
RMPLOA500A,,,,,Docenti per fasce di età (%) (A.S. 2025/26),,,,,,
RMPLNG500S,,,,,Docenti per fasce di età (%) (A.S. 2025/26),,,,,,
RMSL015004,,,,,Docenti per fasce di età (%) (A.S. 2025/26),,,,,,
RMSL08201X,23.0,77.0,"[4.2, 9.7, 7.3, 1.8]","[7.3, 10.9, 21.2, 37.6]",Docenti per fasce di età (%) (A.S. 2025/26),4.1,6.5,6.0,2.5,4.0,3.6
RMSL07000L,36.5,63.599999999999994,"[6.8, 17.3, 10.5, 1.9]","[1.2, 5.6, 21.0, 35.8]",Docenti per fasce di età (%) (A.S. 2025/26),4.2,6.5,6.0,7.5,4.0,3.6
RMSD06000G,35.1,64.8,"[10.1, 16.0, 6.9, 2.1]","[5.3, 15.4, 20.7, 23.4]",Docenti per fasce di età (%) (A.S. 2025/26),3.2,6.5,6.0,5.0,4.0,3.6
RMSL04000R,,,,,,,,,,,
RMSD10000R,18.0,82.1,"[3.7, 9.3, 3.1, 1.9]","[2.5, 15.4, 28.4, 35.8]",Docenti per fasce di età (%) (A.S. 2025/26),0.8,6.5,6.0,7.4,4.0,3.6
RMSL09701N,27.2,72.8,"[7.6, 9.5, 8.2, 1.9]","[3.8, 11.4, 29.1, 28.5]",Docenti per fasce di età (%) (A.S. 2025/26),5.7,6.5,6.0,0.9,4.0,3.6
RMSL023014,23.2,76.7,"[2.5, 11.9, 5.7, 3.1]","[1.9, 17.0, 30.8, 27.0]",Docenti per fasce di età (%) (A.S. 2025/26),4.4,6.5,6.0,1.8,4.0,3.6
RMSL08901P,29.0,71.10000000000001,"[5.8, 14.5, 5.8, 2.9]","[2.9, 14.5, 26.6, 27.1]",Docenti per fasce di età (%) (A.S. 2025/26),5.4,6.5,6.0,4.8,4.0,3.6
RMSLBH500V,,,,,Docenti per fasce di età (%) (A.S. 2025/26),,,,,,
RMTD41000B,,,,,,,,,,,
RMTD00901R,16.8,83.3,"[4.9, 4.3, 3.8, 3.8]","[4.9, 14.1, 24.3, 40.0]",Docenti per fasce di età (%) (A.S. 2025/26),4.7,6.5,6.0,2.7,4.0,3.6
RMTN02000C,28.8,71.4,"[10.9, 8.9, 5.0, 4.0]","[5.0, 12.9, 21.8, 31.7]",Docenti per fasce di età (%) (A.S. 2025/26),4.9,6.5,6.0,5.1,4.0,3.6
RMTN01000T,,,,,,,,,,,
RMTD10201V,35.1,64.9,"[10.8, 14.1, 7.0, 3.2]","[10.8, 20.0, 14.1, 20.0]",Docenti per fasce di età (%) (A.S. 2025/26),11.8,6.5,6.0,1.9,4.0,3.6
RMTD113019,25.8,74.2,"[5.2, 12.9, 6.7, 1.0]","[3.6, 17.0, 23.2, 30.4]",Docenti per fasce di età (%) (A.S. 2025/26),3.7,6.5,6.0,4.6,4.0,3.6
RMTN073012,16.7,83.4,"[6.1, 5.3, 4.4, 0.9]","[4.4, 13.2, 29.8, 36.0]",Docenti per fasce di età (%) (A.S. 2025/26),7.0,6.5,6.0,3.4,4.0,3.6
RMTD640001,31.5,68.6,"[7.4, 12.0, 10.2, 1.9]","[9.3, 7.4, 17.6, 34.3]",Docenti per fasce di età (%) (A.S. 2025/26),8.1,6.5,6.0,1.7,4.0,3.6
RMTD11801C,39.5,60.5,"[13.8, 15.4, 10.3, 0.0]","[6.7, 13.3, 12.8, 27.7]",Docenti per fasce di età (%) (A.S. 2025/26),17.1,6.5,6.0,1.8,4.0,3.6
RMTD01301C,32.6,67.3,"[6.9, 11.9, 7.9, 5.9]","[3.0, 15.8, 19.8, 28.7]",Docenti per fasce di età (%) (A.S. 2025/26),6.3,6.5,6.0,5.0,4.0,3.6
RMTD03201T,24.3,75.6,"[6.5, 8.3, 7.8, 1.7]","[4.8, 16.5, 23.9, 30.4]",Docenti per fasce di età (%) (A.S. 2025/26),3.9,6.5,6.0,2.4,4.0,3.6
RMTD65000G,,,,,,,,,,,
RMTD03901L,32.5,67.5,"[7.7, 11.1, 11.1, 2.6]","[5.1, 13.7, 15.4, 33.3]",Docenti per fasce di età (%) (A.S. 2025/26),11.3,6.5,6.0,1.4,4.0,3.6
RMTD03401D,24.9,75.2,"[2.7, 11.4, 8.1, 2.7]","[5.4, 13.4, 16.8, 39.6]",Docenti per fasce di età (%) (A.S. 2025/26),6.5,6.5,6.0,3.9,4.0,3.6
RMTD10301P,33.6,66.5,"[12.4, 11.2, 8.2, 1.8]","[5.9, 9.4, 22.4, 28.8]",Docenti per fasce di età (%) (A.S. 2025/26),7.5,6.5,6.0,3.1,4.0,3.6
RMTD08401E,16.6,83.3,"[1.9, 9.0, 3.8, 1.9]","[3.2, 16.0, 19.2, 44.9]",Docenti per fasce di età (%) (A.S. 2025/26),8.9,6.5,6.0,1.5,4.0,3.6
RMTD081013,30.9,69.1,"[6.8, 13.6, 8.4, 2.1]","[4.7, 12.6, 20.9, 30.9]",Docenti per fasce di età (%) (A.S. 2025/26),7.6,6.5,6.0,4.4,4.0,3.6
RMTD43000L,,,,,,,,,,,
RMTD43500Q,,,,,Docenti per fasce di età (%) (A.S. 2025/26),,,,,,
RMTD49500B,,,,,Docenti per fasce di età (%) (A.S. 2025/26),,,,,,
RMTND1500F,,,,,Docenti per fasce di età (%) (A.S. 2025/26),,,,,,
RMTD545007,,,,,Docenti per fasce di età (%) (A.S. 2025/26),,,,,,
RMTD55500T,,,,,Docenti per fasce di età (%) (A.S. 2025/26),,,,,,
RMTD67500X,,,,,Docenti per fasce di età (%) (A.S. 2025/26),,,,,,
RMTD70500E,,,,,Docenti per fasce di età (%) (A.S. 2025/26),,,,,,
RMTD77500R,,,,,Docenti per fasce di età (%) (A.S. 2025/26),,,,,,
RMTD78500B,,,,,Docenti per fasce di età (%) (A.S. 2025/26),,,,,,
RMTN8V500Q,,,,,Docenti per fasce di età (%) (A.S. 2025/26),,,,,,
RMTDOO500A,,,,,Docenti per fasce di età (%) (A.S. 2025/26),,,,,,
RMTDSN500S,,,,,Docenti per fasce di età (%) (A.S. 2025/26),,,,,,
RMTL03401X,24.9,75.2,"[2.7, 11.4, 8.1, 2.7]","[5.4, 13.4, 16.8, 39.6]",Docenti per fasce di età (%) (A.S. 2025/26),6.5,6.5,6.0,3.9,4.0,3.6
RMTL00801B,20.0,80.0,"[4.4, 8.9, 5.2, 1.5]","[3.7, 17.8, 28.1, 30.4]",Docenti per fasce di età (%) (A.S. 2025/26),10.9,6.5,6.0,2.9,4.0,3.6
RMTL00701G,,,,,,,,,,,
RMTF040002,24.400000000000002,75.7,"[3.7, 13.4, 4.9, 2.4]","[3.7, 18.3, 17.1, 36.6]",Docenti per fasce di età (%) (A.S. 2025/26),7.0,6.5,6.0,5.5,4.0,3.6
RMTL039013,32.5,67.5,"[7.7, 11.1, 11.1, 2.6]","[5.1, 13.7, 15.4, 33.3]",Docenti per fasce di età (%) (A.S. 2025/26),11.3,6.5,6.0,1.4,4.0,3.6
RMTF09401B,15.1,84.9,"[2.3, 6.4, 5.2, 1.2]","[2.9, 16.9, 24.4, 40.7]",Docenti per fasce di età (%) (A.S. 2025/26),4.3,6.5,6.0,3.7,4.0,3.6
RMTB010001,,,,,,,,,,,
RMTF04101V,,,,,,,,,,,
RMTA070005,41.4,58.6,"[7.6, 14.1, 13.6, 6.1]","[4.5, 7.1, 18.2, 28.8]",Docenti per fasce di età (%) (A.S. 2025/26),9.5,6.5,6.0,2.8,4.0,3.6
RMTA06000E,44.300000000000004,55.7,"[10.4, 19.8, 10.8, 3.3]","[5.2, 16.0, 13.7, 20.8]",Docenti per fasce di età (%) (A.S. 2025/26),6.8,6.5,6.0,4.8,4.0,3.6
RMTF02000R,24.5,75.39999999999999,"[3.8, 9.2, 4.6, 6.9]","[3.1, 8.5, 20.0, 43.8]",Docenti per fasce di età (%) (A.S. 2025/26),6.7,6.5,6.0,2.0,4.0,3.6
RMTH01000N,,,,,,,,,,,
RMTF350007,35.4,64.7,"[9.1, 12.1, 7.1, 7.1]","[7.1, 17.2, 19.2, 21.2]",Docenti per fasce di età (%) (A.S. 2025/26),16.1,6.5,6.0,8.3,4.0,3.6
RMTB035009,,,,,Docenti per fasce di età (%) (A.S. 2025/26),,,,,,
RMTF115006,,,,,,,,,,,
RMTF145002,,,,,Docenti per fasce di età (%) (A.S. 2025/26),,,,,,
RMTF18500C,,,,,Docenti per fasce di età (%) (A.S. 2025/26),,,,,,
RMTL08500Q,,,,,Docenti per fasce di età (%) (A.S. 2025/26),,,,,,
RMTL395001,,,,,Docenti per fasce di età (%) (A.S. 2025/26),,,,,,
RMTF03301X,40.6,59.5,"[12.6, 13.7, 11.1, 3.2]","[14.7, 13.7, 15.8, 15.3]",Docenti per fasce di età (%) (A.S. 2025/26),16.3,6.5,6.0,0.0,4.0,3.6
RMTE02701T,25.2,74.7,"[6.3, 8.1, 7.2, 3.6]","[6.3, 19.8, 17.1, 31.5]",Docenti per fasce di età (%) (A.S. 2025/26),4.3,6.5,6.0,1.4,4.0,3.6
RMTF09701V,27.2,72.8,"[7.6, 9.5, 8.2, 1.9]","[3.8, 11.4, 29.1, 28.5]",Docenti per fasce di età (%) (A.S. 2025/26),5.7,6.5,6.0,0.9,4.0,3.6
FRPM08000L,17.7,82.4,"[2.4, 7.1, 4.7, 3.5]","[5.9, 7.1, 29.4, 40.0]",Docenti per fasce di età (%) (A.S. 2025/26),5.7,6.5,6.0,1.4,4.0,3.6
FRPC05000L,,,,,,,,,,,
FRPC00101C,29.4,70.5,"[1.3, 17.9, 5.1, 5.1]","[3.8, 9.0, 20.5, 37.2]",Docenti per fasce di età (%) (A.S. 2025/26),8.8,6.5,6.0,1.7,4.0,3.6
FRPC02500X,,,,,Docenti per fasce di età (%) (A.S. 2025/26),,,,,,
FRPS010009,9.6,90.5,"[2.4, 4.8, 1.2, 1.2]","[2.4, 14.3, 25.0, 48.8]",Docenti per fasce di età (%) (A.S. 2025/26),6.8,6.5,6.0,6.7,4.0,3.6
FRPS070001,10.5,89.6,"[6.0, 1.5, 3.0, 0.0]","[1.5, 4.5, 29.9, 53.7]",Docenti per fasce di età (%) (A.S. 2025/26),5.1,6.5,6.0,3.4,4.0,3.6
FRPS02901B,30.0,70.0,"[5.0, 15.0, 6.7, 3.3]","[0.8, 19.2, 22.5, 27.5]",Docenti per fasce di età (%) (A.S. 2025/26),6.3,6.5,6.0,2.4,4.0,3.6
FRPSII500H,,,,,Docenti per fasce di età (%) (A.S. 2025/26),,,,,,
RMPST6500P,,,,,Docenti per fasce di età (%) (A.S. 2025/26),,,,,,
FRPM020001,,,,,,,,,,,
FRPM06000B,,,,,,,,,,,
FRPM02301D,,,,,,,,,,,
FRSL011024,29.3,70.6,"[6.2, 10.0, 8.7, 4.4]","[1.9, 8.7, 23.1, 36.9]",Docenti per fasce di età (%) (A.S. 2025/26),6.5,6.5,6.0,4.6,4.0,3.6
FRSD013018,43.7,56.4,"[9.0, 16.0, 12.8, 5.9]","[3.7, 9.6, 11.2, 31.9]",Docenti per fasce di età (%) (A.S. 2025/26),10.5,6.5,6.0,11.5,4.0,3.6
FRSD021017,23.9,76.1,"[3.3, 10.7, 4.1, 5.8]","[0.0, 8.3, 19.0, 48.8]",Docenti per fasce di età (%) (A.S. 2025/26),2.4,6.5,6.0,4.3,4.0,3.6
FRTD01901L,29.4,70.7,"[5.1, 13.0, 7.3, 4.0]","[1.7, 6.8, 27.7, 34.5]",Docenti per fasce di età (%) (A.S. 2025/26),7.2,6.5,6.0,6.6,4.0,3.6
FRTD017011,,,,,,,,,,,
FRTD00101B,29.4,70.5,"[1.3, 17.9, 5.1, 5.1]","[3.8, 9.0, 20.5, 37.2]",Docenti per fasce di età (%) (A.S. 2025/26),8.8,6.5,6.0,1.7,4.0,3.6
FRTD003013,38.7,61.2,"[5.6, 17.5, 11.2, 4.4]","[3.7, 15.0, 16.9, 25.6]",Docenti per fasce di età (%) (A.S. 2025/26),12.4,6.5,6.0,2.2,4.0,3.6
FRTF018013,22.7,77.4,"[2.0, 10.7, 6.7, 3.3]","[4.7, 12.0, 24.0, 36.7]",Docenti per fasce di età (%) (A.S. 2025/26),9.7,6.5,6.0,8.6,4.0,3.6
FRTA00801Q,30.900000000000002,69.1,"[6.9, 10.3, 10.3, 3.4]","[4.0, 4.0, 13.1, 48.0]",Docenti per fasce di età (%) (A.S. 2025/26),5.4,6.5,6.0,4.8,4.0,3.6
LTPC080004,23.6,76.5,"[2.8, 8.3, 9.7, 2.8]","[4.2, 15.3, 15.3, 41.7]",Docenti per fasce di età (%) (A.S. 2025/26),5.2,6.5,6.0,5.5,4.0,3.6
LTPS001028,40.6,59.6,"[9.5, 18.0, 9.0, 4.1]","[5.0, 10.4, 20.3, 23.9]",Docenti per fasce di età (%) (A.S. 2025/26),12.7,6.5,6.0,1.7,4.0,3.6
LTPS05000B,19.1,80.9,"[6.1, 8.4, 4.6, 0.0]","[1.5, 11.5, 28.2, 39.7]",Docenti per fasce di età (%) (A.S. 2025/26),5.9,6.5,6.0,3.1,4.0,3.6
LTPS02000G,9.0,90.9,"[0.9, 3.6, 4.5, 0.0]","[1.8, 9.0, 32.4, 47.7]",Docenti per fasce di età (%) (A.S. 2025/26),0.0,6.5,6.0,7.0,4.0,3.6
LTTF01301G,27.6,72.39999999999999,"[6.6, 9.9, 9.4, 1.7]","[3.3, 10.5, 24.3, 34.3]",Docenti per fasce di età (%) (A.S. 2025/26),4.9,6.5,6.0,3.4,4.0,3.6
LTPST2500E,,,,,Docenti per fasce di età (%) (A.S. 2025/26),,,,,,
LTPS060002,20.9,79.2,"[5.4, 10.1, 3.4, 2.0]","[11.4, 14.8, 23.5, 29.5]",Docenti per fasce di età (%) (A.S. 2025/26),13.2,6.5,6.0,1.0,4.0,3.6
LTPM030007,23.5,76.7,"[3.3, 8.2, 10.9, 1.1]","[3.3, 8.2, 19.0, 46.2]",Docenti per fasce di età (%) (A.S. 2025/26),5.1,6.5,6.0,2.9,4.0,3.6
RMPC41000C,20.0,80.0,"[8.1, 6.7, 3.0, 2.2]","[4.4, 15.6, 20.0, 40.0]",Docenti per fasce di età (%) (A.S. 2025/26),9.5,6.5,6.0,2.0,4.0,3.6
RMPM22500L,,,,,,,,,,,
LTPMSO5002,,,,,,,,,,,
LTPLCG500C,,,,,Docenti per fasce di età (%) (A.S. 2025/26),,,,,,
LTSL02000C,39.3,60.8,"[9.5, 20.3, 8.1, 1.4]","[4.7, 12.2, 20.9, 23.0]",Docenti per fasce di età (%) (A.S. 2025/26),4.1,6.5,6.0,1.3,4.0,3.6
LTSD003019,43.3,56.7,"[11.6, 14.2, 12.3, 5.2]","[9.0, 14.8, 13.5, 19.4]",Docenti per fasce di età (%) (A.S. 2025/26),9.1,6.5,6.0,4.2,4.0,3.6
LTTD02000B,,,,,,,,,,,
LTTE01301R,27.6,72.39999999999999,"[6.6, 9.9, 9.4, 1.7]","[3.3, 10.5, 24.3, 34.3]",Docenti per fasce di età (%) (A.S. 2025/26),4.9,6.5,6.0,3.4,4.0,3.6
LTTDZG5007,,,,,,,,,,,
LTTD01601R,28.3,71.7,"[6.1, 7.4, 9.6, 5.2]","[3.0, 10.9, 20.4, 37.4]",Docenti per fasce di età (%) (A.S. 2025/26),14.2,6.5,6.0,6.1,4.0,3.6
LTTF01801P,28.8,71.1,"[10.4, 9.2, 7.5, 1.7]","[3.5, 8.1, 27.7, 31.8]",Docenti per fasce di età (%) (A.S. 2025/26),1.9,6.5,6.0,5.7,4.0,3.6
LTTA335002,,,,,Docenti per fasce di età (%) (A.S. 2025/26),,,,,,
LTTD595008,,,,,Docenti per fasce di età (%) (A.S. 2025/26),,,,,,
RIPC003018,,,,,,,,,,,
RIPS070005,18.2,81.89999999999999,"[10.4, 3.9, 2.6, 1.3]","[9.1, 23.4, 24.7, 24.7]",Docenti per fasce di età (%) (A.S. 2025/26),4.4,6.5,6.0,4.5,4.0,3.6
RIPS020004,,,,,,,,,,,
RITF00701R,19.8,80.3,"[0.8, 9.1, 6.1, 3.8]","[1.5, 12.9, 25.0, 40.9]",Docenti per fasce di età (%) (A.S. 2025/26),1.0,6.5,6.0,7.8,4.0,3.6
RIPM01000E,,,,,,,,,,,
RISD00301T,,,,,,,,,,,
RITD00202C,,,,,,,,,,,
RITD00101G,42.199999999999996,57.7,"[7.8, 15.6, 11.7, 7.1]","[5.2, 12.3, 17.5, 22.7]",Docenti per fasce di età (%) (A.S. 2025/26),6.4,6.5,6.0,0.0,4.0,3.6
RITD00601P,24.5,75.6,"[6.7, 6.7, 8.9, 2.2]","[5.2, 11.9, 17.0, 41.5]",Docenti per fasce di età (%) (A.S. 2025/26),6.0,6.5,6.0,6.6,4.0,3.6
RITA006018,24.5,75.6,"[6.7, 6.7, 8.9, 2.2]","[5.2, 11.9, 17.0, 41.5]",Docenti per fasce di età (%) (A.S. 2025/26),6.0,6.5,6.0,6.6,4.0,3.6
VTPC010003,12.5,87.7,"[1.9, 6.7, 2.9, 1.0]","[2.9, 10.5, 26.7, 47.6]",Docenti per fasce di età (%) (A.S. 2025/26),2.3,6.5,6.0,9.2,4.0,3.6
VTPS009013,22.700000000000003,77.2,"[10.3, 6.2, 5.2, 1.0]","[4.1, 24.7, 17.5, 30.9]",Docenti per fasce di età (%) (A.S. 2025/26),9.6,6.5,6.0,1.4,4.0,3.6
VTPS010006,12.100000000000001,87.89999999999999,"[2.2, 4.4, 4.4, 1.1]","[1.1, 11.0, 20.9, 54.9]",Docenti per fasce di età (%) (A.S. 2025/26),6.1,6.5,6.0,1.2,4.0,3.6
VTPS015009,,,,,Docenti per fasce di età (%) (A.S. 2025/26),,,,,,
VTPS01301P,33.8,66.0,"[8.9, 15.3, 5.6, 4.0]","[2.4, 18.5, 18.5, 26.6]",Docenti per fasce di età (%) (A.S. 2025/26),7.1,6.5,6.0,1.5,4.0,3.6
VTPM010007,28.0,72.10000000000001,"[5.9, 10.3, 8.1, 3.7]","[3.7, 13.2, 20.6, 34.6]",Docenti per fasce di età (%) (A.S. 2025/26),6.3,6.5,6.0,7.1,4.0,3.6
VTPS00401X,42.0,58.1,"[8.6, 15.1, 15.1, 3.2]","[6.5, 21.5, 12.9, 17.2]",Docenti per fasce di età (%) (A.S. 2025/26),12.5,6.5,6.0,0.0,4.0,3.6
VTPS017012,49.300000000000004,50.599999999999994,"[10.6, 25.6, 10.0, 3.1]","[6.2, 10.6, 16.9, 16.9]",Docenti per fasce di età (%) (A.S. 2025/26),0.0,6.5,6.0,1.4,4.0,3.6
VTPMI8500B,,,,,Docenti per fasce di età (%) (A.S. 2025/26),,,,,,
VTPLR35005,,,,,Docenti per fasce di età (%) (A.S. 2025/26),,,,,,
TRSD002017,31.1,69.0,"[8.9, 8.9, 10.1, 3.2]","[8.2, 11.4, 20.9, 28.5]",Docenti per fasce di età (%) (A.S. 2025/26),11.2,5.7,6.0,1.0,3.3,3.6
VTSL008014,35.7,64.5,"[8.6, 12.6, 10.4, 4.1]","[2.7, 13.1, 14.9, 33.8]",Docenti per fasce di età (%) (A.S. 2025/26),6.0,6.5,6.0,4.2,4.0,3.6
VTTD07000N,,,,,,,,,,,
VTTD015005,,,,,Docenti per fasce di età (%) (A.S. 2025/26),,,,,,
VTTF010008,20.7,79.3,"[6.9, 6.9, 5.0, 1.9]","[6.3, 12.6, 26.4, 34.0]",Docenti per fasce di età (%) (A.S. 2025/26),0.9,6.5,6.0,4.3,4.0,3.6
VTTD01201P,43.4,56.699999999999996,"[14.0, 12.5, 14.7, 2.2]","[2.2, 16.2, 19.9, 18.4]",Docenti per fasce di età (%) (A.S. 2025/26),8.6,6.5,6.0,7.2,4.0,3.6
AQPS01000E,,,,,,,,,,,
AQPS01601E,25.0,75.1,"[5.4, 12.7, 5.4, 1.5]","[3.9, 12.7, 20.5, 38.0]",Docenti per fasce di età (%) (A.S. 2025/26),4.8,6.3,6.0,5.3,3.5,3.6
AQSD01801L,16.0,84.1,"[4.9, 6.9, 4.2, 0.0]","[0.7, 5.6, 27.8, 50.0]",Docenti per fasce di età (%) (A.S. 2025/26),0.9,6.3,6.0,7.0,3.5,3.6
TESD01000D,39.3,60.8,"[10.7, 10.7, 14.3, 3.6]","[0.0, 17.9, 25.0, 17.9]",Docenti per fasce di età (%) (A.S. 2025/26),7.7,6.3,6.0,6.7,3.5,3.6
AQTD011017,,,,,,,,,,,
RITD090006,27.299999999999997,72.8,"[18.2, 9.1, 0.0, 0.0]","[9.1, 27.3, 9.1, 27.3]",Docenti per fasce di età (%) (A.S. 2025/26),0.0,6.5,6.0,0.0,4.0,3.6
AQTL00301P,,,,,,,,,,,
AQTF01601L,25.0,75.1,"[5.4, 12.7, 5.4, 1.5]","[3.9, 12.7, 20.5, 38.0]",Docenti per fasce di età (%) (A.S. 2025/26),4.8,6.3,6.0,5.3,3.5,3.6
PEPC010009,3.9,96.1,"[0.0, 0.0, 3.9, 0.0]","[0.0, 10.8, 31.4, 53.9]",Docenti per fasce di età (%) (A.S. 2025/26),4.9,6.3,6.0,3.8,3.5,3.6
CHPC00801T,,,,,,,,,,,
PEPC8E500U,,,,,Docenti per fasce di età (%) (A.S. 2025/26),,,,,,
CHPS01000X,5.0,95.0,"[0.0, 1.7, 3.3, 0.0]","[1.7, 10.0, 33.3, 50.0]",Docenti per fasce di età (%) (A.S. 2025/26),1.7,6.3,6.0,0.0,3.5,3.6
PEPS03000N,4.0,96.0,"[1.6, 1.6, 0.8, 0.0]","[0.8, 7.3, 37.9, 50.0]",Docenti per fasce di età (%) (A.S. 2025/26),0.8,6.3,6.0,1.7,3.5,3.6
PEPS01000C,0.9,99.2,"[0.0, 0.0, 0.0, 0.9]","[1.8, 12.3, 29.8, 55.3]",Docenti per fasce di età (%) (A.S. 2025/26),2.8,6.3,6.0,5.5,3.5,3.6
PEPS005001,,,,,Docenti per fasce di età (%) (A.S. 2025/26),,,,,,
PEPS995008,,,,,Docenti per fasce di età (%) (A.S. 2025/26),,,,,,
CHPS01201L,10.3,89.60000000000001,"[1.4, 3.4, 3.4, 2.1]","[0.7, 10.3, 26.9, 51.7]",Docenti per fasce di età (%) (A.S. 2025/26),5.3,6.3,6.0,4.7,3.5,3.6
PEPS00601T,15.0,85.0,"[0.4, 7.5, 4.9, 2.2]","[4.0, 15.9, 35.0, 30.1]",Docenti per fasce di età (%) (A.S. 2025/26),5.2,6.3,6.0,1.0,3.5,3.6
PEPS004016,29.2,70.9,"[1.4, 16.7, 11.1, 0.0]","[12.5, 15.3, 26.4, 16.7]",Docenti per fasce di età (%) (A.S. 2025/26),23.2,6.3,6.0,0.0,3.5,3.6
CHPM02000G,16.2,83.9,"[1.0, 5.7, 7.6, 1.9]","[4.8, 5.7, 28.6, 44.8]",Docenti per fasce di età (%) (A.S. 2025/26),2.7,6.3,6.0,2.6,3.5,3.6
CHPMVZ5007,,,,,Docenti per fasce di età (%) (A.S. 2025/26),,,,,,
PEPM020004,10.9,89.1,"[2.2, 3.8, 3.8, 1.1]","[1.1, 11.5, 33.3, 43.2]",Docenti per fasce di età (%) (A.S. 2025/26),1.4,6.3,6.0,6.7,3.5,3.6
PEPMPL500U,,,,,Docenti per fasce di età (%) (A.S. 2025/26),,,,,,
PESL03000E,28.1,72.0,"[4.8, 10.8, 9.5, 3.0]","[2.2, 10.0, 28.6, 31.2]",Docenti per fasce di età (%) (A.S. 2025/26),4.1,6.3,6.0,4.2,3.5,3.6
CHSD070002,16.4,83.5,"[0.0, 3.3, 13.1, 0.0]","[3.3, 9.8, 39.3, 31.1]",Docenti per fasce di età (%) (A.S. 2025/26),10.9,6.3,6.0,4.2,3.5,3.6
PETD07000X,29.7,70.2,"[3.6, 5.4, 16.2, 4.5]","[1.8, 9.9, 18.9, 39.6]",Docenti per fasce di età (%) (A.S. 2025/26),4.6,6.3,6.0,7.4,3.5,3.6
PETD010008,9.0,91.10000000000001,"[4.1, 2.1, 0.7, 2.1]","[1.4, 3.4, 21.9, 64.4]",Docenti per fasce di età (%) (A.S. 2025/26),2.3,6.3,6.0,6.8,3.5,3.6
CHTD11000L,,,,,,,,,,,
PETN015009,,,,,Docenti per fasce di età (%) (A.S. 2025/26),,,,,,
PETD06500C,,,,,Docenti per fasce di età (%) (A.S. 2025/26),,,,,,
CHTF01201P,10.3,89.60000000000001,"[1.4, 3.4, 3.4, 2.1]","[0.7, 10.3, 26.9, 51.7]",Docenti per fasce di età (%) (A.S. 2025/26),5.3,6.3,6.0,4.7,3.5,3.6
PEPMDE500O,,,,,Docenti per fasce di età (%) (A.S. 2025/26),,,,,,
PETF00601X,15.0,85.0,"[0.4, 7.5, 4.9, 2.2]","[4.0, 15.9, 35.0, 30.1]",Docenti per fasce di età (%) (A.S. 2025/26),5.2,6.3,6.0,1.0,3.5,3.6
PETF005003,,,,,Docenti per fasce di età (%) (A.S. 2025/26),,,,,,
TEPC030005,8.6,91.4,"[1.9, 2.9, 1.9, 1.9]","[1.9, 9.5, 28.6, 51.4]",Docenti per fasce di età (%) (A.S. 2025/26),7.8,6.3,6.0,2.9,3.5,3.6
TEPS02000N,10.4,89.6,"[2.1, 2.1, 3.1, 3.1]","[4.2, 15.6, 36.5, 33.3]",Docenti per fasce di età (%) (A.S. 2025/26),1.3,6.3,6.0,3.7,3.5,3.6
TETD01302C,,,,,,,,,,,
TETD00500B,,,,,Docenti per fasce di età (%) (A.S. 2025/26),,,,,,
TETF009012,27.1,73.0,"[5.2, 7.0, 12.7, 2.2]","[0.9, 14.0, 24.5, 33.6]",Docenti per fasce di età (%) (A.S. 2025/26),4.5,6.3,6.0,6.8,3.5,3.6
TETA00801D,26.1,73.89999999999999,"[5.3, 7.7, 12.1, 1.0]","[2.4, 10.6, 30.0, 30.9]",Docenti per fasce di età (%) (A.S. 2025/26),4.6,6.3,6.0,4.1,3.5,3.6
CBPS01000B,2.4,97.7,"[0.0, 1.2, 1.2, 0.0]","[1.2, 11.6, 25.6, 59.3]",Docenti per fasce di età (%) (A.S. 2025/26),0.0,5.1,6.0,3.6,3.0,3.6
CBPS070003,15.1,84.89999999999999,"[0.0, 3.0, 12.1, 0.0]","[6.1, 24.2, 36.4, 18.2]",Docenti per fasce di età (%) (A.S. 2025/26),4.5,5.1,6.0,0.0,3.0,3.6
CBPM00701N,21.2,78.7,"[4.0, 9.1, 5.1, 3.0]","[4.0, 11.1, 32.3, 31.3]",Docenti per fasce di età (%) (A.S. 2025/26),8.6,5.1,6.0,2.5,3.0,3.6
CBPM040008,19.1,81.10000000000001,"[3.1, 3.7, 8.0, 4.3]","[3.7, 11.7, 30.1, 35.6]",Docenti per fasce di età (%) (A.S. 2025/26),1.8,5.1,6.0,1.7,3.0,3.6
CBPM00301A,29.3,70.7,"[4.6, 10.8, 10.8, 3.1]","[9.2, 20.0, 21.5, 20.0]",Docenti per fasce di età (%) (A.S. 2025/26),10.3,5.1,6.0,0.0,3.0,3.6
CBPC02601V,16.0,84.0,"[2.1, 8.8, 4.1, 1.0]","[2.6, 14.4, 24.7, 42.3]",Docenti per fasce di età (%) (A.S. 2025/26),7.9,5.1,6.0,3.7,3.0,3.6
CBTD03000C,,,,,,,,,,,
CBTD00701C,21.2,78.7,"[4.0, 9.1, 5.1, 3.0]","[4.0, 11.1, 32.3, 31.3]",Docenti per fasce di età (%) (A.S. 2025/26),8.6,5.1,6.0,2.5,3.0,3.6
CBTE026019,16.0,84.0,"[2.1, 8.8, 4.1, 1.0]","[2.6, 14.4, 24.7, 42.3]",Docenti per fasce di età (%) (A.S. 2025/26),7.9,5.1,6.0,3.7,3.0,3.6
CBTF01000D,,,,,,,,,,,
ISPC009018,,,,,,,,,,,
ISPC003019,20.6,79.3,"[4.3, 7.6, 5.4, 3.3]","[7.6, 13.0, 25.0, 33.7]",Docenti per fasce di età (%) (A.S. 2025/26),0.0,5.1,6.0,5.9,3.0,3.6
ISPS020005,,,,,,,,,,,
AQPS00201L,40.2,59.800000000000004,"[10.8, 11.8, 12.7, 4.9]","[3.9, 9.8, 24.5, 21.6]",Docenti per fasce di età (%) (A.S. 2025/26),15.4,6.3,6.0,0.0,3.5,3.6
CEPS060008,13.8,86.3,"[1.1, 3.2, 7.4, 2.1]","[2.1, 12.6, 23.2, 48.4]",Docenti per fasce di età (%) (A.S. 2025/26),1.2,6.3,6.0,1.2,3.7,3.6
ISPM00901C,,,,,,,,,,,
FRPM070002,10.299999999999999,89.60000000000001,"[0.9, 2.8, 3.8, 2.8]","[0.9, 8.5, 33.0, 47.2]",Docenti per fasce di età (%) (A.S. 2025/26),2.5,6.5,6.0,3.3,4.0,3.6
FRPM9G500T,,,,,Docenti per fasce di età (%) (A.S. 2025/26),,,,,,
ISSD014019,23.3,76.7,"[3.0, 10.5, 4.5, 5.3]","[2.3, 6.8, 29.3, 38.3]",Docenti per fasce di età (%) (A.S. 2025/26),1.0,5.1,6.0,2.0,3.0,3.6
FRSL031018,5.4,94.7,"[1.1, 2.1, 1.1, 1.1]","[2.1, 16.0, 30.9, 45.7]",Docenti per fasce di età (%) (A.S. 2025/26),1.3,6.5,6.0,5.9,4.0,3.6
ISTD01000A,,,,,,,,,,,
ISTD003018,20.6,79.3,"[4.3, 7.6, 5.4, 3.3]","[7.6, 13.0, 25.0, 33.7]",Docenti per fasce di età (%) (A.S. 2025/26),0.0,5.1,6.0,5.9,3.0,3.6
ISTF013015,18.4,81.6,"[2.5, 6.7, 5.0, 4.2]","[3.3, 8.3, 33.3, 36.7]",Docenti per fasce di età (%) (A.S. 2025/26),2.0,5.1,6.0,8.9,3.0,3.6
NAPC150009,15.8,84.2,"[3.5, 7.0, 1.8, 3.5]","[3.5, 8.8, 29.8, 42.1]",Docenti per fasce di età (%) (A.S. 2025/26),4.3,6.3,6.0,6.7,3.7,3.6
NAPC11000V,4.5,95.5,"[1.5, 1.5, 1.5, 0.0]","[0.0, 7.6, 19.7, 68.2]",Docenti per fasce di età (%) (A.S. 2025/26),3.0,6.3,6.0,5.9,3.7,3.6
NAPS200008,14.1,86.0,"[0.8, 7.8, 3.9, 1.6]","[3.1, 17.8, 19.4, 45.7]",Docenti per fasce di età (%) (A.S. 2025/26),5.2,6.3,6.0,2.2,3.7,3.6
NAPC14000P,10.1,89.89999999999999,"[1.3, 2.5, 3.8, 2.5]","[0.0, 6.3, 22.8, 60.8]",Docenti per fasce di età (%) (A.S. 2025/26),4.1,6.3,6.0,3.8,3.7,3.6
NAPC40000V,1.5,98.4,"[1.5, 0.0, 0.0, 0.0]","[0.0, 9.2, 21.5, 67.7]",Docenti per fasce di età (%) (A.S. 2025/26),0.0,6.3,6.0,4.6,3.7,3.6
NAPC010002,2.8,97.1,"[0.0, 1.4, 0.0, 1.4]","[2.9, 8.7, 39.1, 46.4]",Docenti per fasce di età (%) (A.S. 2025/26),7.7,6.3,6.0,5.8,3.7,3.6
NAPC180005,5.9,94.19999999999999,"[0.0, 1.5, 1.5, 2.9]","[1.5, 5.9, 16.2, 70.6]",Docenti per fasce di età (%) (A.S. 2025/26),7.5,6.3,6.0,2.9,3.7,3.6
NAPC09000V,7.0,93.0,"[2.0, 2.0, 1.0, 2.0]","[0.0, 8.9, 25.7, 58.4]",Docenti per fasce di età (%) (A.S. 2025/26),5.3,6.3,6.0,5.3,3.7,3.6
NAPC053011,,,,,,,,,,,
NAPC06801P,8.8,91.3,"[3.3, 1.1, 3.3, 1.1]","[0.0, 14.1, 23.9, 53.3]",Docenti per fasce di età (%) (A.S. 2025/26),3.8,6.3,6.0,2.4,3.7,3.6
NAPC08500B,,,,,Docenti per fasce di età (%) (A.S. 2025/26),,,,,,
NAPC095002,,,,,Docenti per fasce di età (%) (A.S. 2025/26),,,,,,
NAPC24500P,,,,,Docenti per fasce di età (%) (A.S. 2025/26),,,,,,
NAPCFD500P,,,,,Docenti per fasce di età (%) (A.S. 2025/26),,,,,,
NAPS05000G,5.699999999999999,94.2,"[2.3, 2.3, 1.1, 0.0]","[0.0, 6.9, 24.1, 63.2]",Docenti per fasce di età (%) (A.S. 2025/26),1.2,6.3,6.0,2.4,3.7,3.6
NAPS010005,,,,,,,,,,,
NAPS22000D,4.4,95.60000000000001,"[0.9, 0.0, 2.6, 0.9]","[0.9, 10.5, 19.3, 64.9]",Docenti per fasce di età (%) (A.S. 2025/26),0.0,6.3,6.0,5.0,3.7,3.6
NAPS060006,6.800000000000001,93.1,"[1.4, 2.7, 2.7, 0.0]","[4.1, 2.7, 28.8, 57.5]",Docenti per fasce di età (%) (A.S. 2025/26),3.0,6.3,6.0,3.0,3.7,3.6
NAPS84000X,12.8,87.2,"[0.0, 5.7, 5.7, 1.4]","[1.4, 2.9, 20.0, 62.9]",Docenti per fasce di età (%) (A.S. 2025/26),8.8,6.3,6.0,4.2,3.7,3.6
NAPS02601Q,16.5,83.5,"[6.3, 5.5, 4.7, 0.0]","[5.5, 12.6, 31.5, 33.9]",Docenti per fasce di età (%) (A.S. 2025/26),7.2,6.3,6.0,2.0,3.7,3.6
NAPM010006,10.299999999999999,89.60000000000001,"[2.3, 2.3, 4.6, 1.1]","[0.0, 6.9, 31.0, 51.7]",Docenti per fasce di età (%) (A.S. 2025/26),0.0,6.3,6.0,8.9,3.7,3.6
NAPS07000R,11.7,88.3,"[2.1, 3.2, 4.3, 2.1]","[3.2, 13.8, 20.2, 51.1]",Docenti per fasce di età (%) (A.S. 2025/26),1.2,6.3,6.0,1.2,3.7,3.6
NAPS02801B,,,,,,,,,,,
NAPS08000B,9.3,90.7,"[1.3, 1.3, 6.7, 0.0]","[0.0, 6.7, 30.7, 53.3]",Docenti per fasce di età (%) (A.S. 2025/26),1.4,6.3,6.0,11.5,3.7,3.6
NAPS053014,,,,,,,,,,,
NAPM02000R,7.0,92.9,"[1.0, 2.0, 2.0, 2.0]","[0.0, 4.0, 16.2, 72.7]",Docenti per fasce di età (%) (A.S. 2025/26),0.0,6.3,6.0,4.1,3.7,3.6
NAPS045004,,,,,Docenti per fasce di età (%) (A.S. 2025/26),,,,,,
NAPM05000L,12.299999999999999,87.6,"[4.1, 4.1, 3.3, 0.8]","[2.5, 2.5, 32.2, 50.4]",Docenti per fasce di età (%) (A.S. 2025/26),2.0,6.3,6.0,5.8,3.7,3.6
NAPS00601E,35.8,64.1,"[9.5, 14.7, 8.4, 3.2]","[8.4, 12.6, 14.7, 28.4]",Docenti per fasce di età (%) (A.S. 2025/26),15.6,6.3,6.0,0.0,3.7,3.6
NAPS68500Q,,,,,Docenti per fasce di età (%) (A.S. 2025/26),,,,,,
NAPS92500P,,,,,Docenti per fasce di età (%) (A.S. 2025/26),,,,,,
NAPS02201C,22.0,78.2,"[4.9, 12.2, 3.7, 1.2]","[3.7, 11.0, 9.8, 53.7]",Docenti per fasce di età (%) (A.S. 2025/26),14.9,6.3,6.0,6.1,3.7,3.6
NAPS02701G,,,,,,,,,,,
NAPS265003,,,,,Docenti per fasce di età (%) (A.S. 2025/26),,,,,,
NAPS09901D,9.8,90.3,"[0.0, 2.2, 2.2, 5.4]","[1.1, 4.3, 20.4, 64.5]",Docenti per fasce di età (%) (A.S. 2025/26),1.2,6.3,6.0,6.0,3.7,3.6
NAPS14101P,12.9,86.9,"[1.1, 6.2, 4.5, 1.1]","[3.4, 10.2, 26.1, 47.2]",Docenti per fasce di età (%) (A.S. 2025/26),3.6,6.3,6.0,5.8,3.7,3.6
NAPS04201N,5.0,95.0,"[0.0, 4.0, 1.0, 0.0]","[4.0, 16.2, 26.3, 48.5]",Docenti per fasce di età (%) (A.S. 2025/26),3.9,6.3,6.0,6.5,3.7,3.6
NAPS7Q5000,,,,,Docenti per fasce di età (%) (A.S. 2025/26),,,,,,
NAPM02601R,16.5,83.5,"[6.3, 5.5, 4.7, 0.0]","[5.5, 12.6, 31.5, 33.9]",Docenti per fasce di età (%) (A.S. 2025/26),7.2,6.3,6.0,2.0,3.7,3.6
NAPSNL500R,,,,,Docenti per fasce di età (%) (A.S. 2025/26),,,,,,
NAPM02801C,,,,,,,,,,,
NAPM160004,3.3000000000000003,96.60000000000001,"[1.1, 1.1, 1.1, 0.0]","[3.3, 12.2, 12.2, 68.9]",Docenti per fasce di età (%) (A.S. 2025/26),1.4,6.3,6.0,2.8,3.7,3.6
NAPM10000C,27.3,72.8,"[3.6, 15.5, 6.4, 1.8]","[5.5, 12.7, 19.1, 35.5]",Docenti per fasce di età (%) (A.S. 2025/26),2.7,6.3,6.0,2.7,3.7,3.6
NAPM06801V,8.8,91.3,"[3.3, 1.1, 3.3, 1.1]","[0.0, 14.1, 23.9, 53.3]",Docenti per fasce di età (%) (A.S. 2025/26),3.8,6.3,6.0,2.4,3.7,3.6
NAPM05500Q,,,,,Docenti per fasce di età (%) (A.S. 2025/26),,,,,,
NAPM02701L,,,,,,,,,,,
NAPMDC5007,,,,,Docenti per fasce di età (%) (A.S. 2025/26),,,,,,
NAPS087017,7.3,92.7,"[1.5, 2.9, 0.7, 2.2]","[0.7, 5.1, 27.0, 59.9]",Docenti per fasce di età (%) (A.S. 2025/26),6.3,6.3,6.0,4.7,3.7,3.6
NAPS860005,12.5,87.5,"[1.5, 2.9, 6.6, 1.5]","[0.7, 12.5, 22.1, 52.2]",Docenti per fasce di età (%) (A.S. 2025/26),2.7,6.3,6.0,5.2,3.7,3.6
NAPL19500R,,,,,Docenti per fasce di età (%) (A.S. 2025/26),,,,,,
NAPS052018,27.2,72.7,"[3.0, 10.1, 11.1, 3.0]","[4.0, 10.1, 17.2, 41.4]",Docenti per fasce di età (%) (A.S. 2025/26),8.1,6.3,6.0,3.9,3.7,3.6
NAPLZL5002,,,,,Docenti per fasce di età (%) (A.S. 2025/26),,,,,,
NAPM015009,,,,,Docenti per fasce di età (%) (A.S. 2025/26),,,,,,
NASL13301L,,,,,,,,,,,
NASL010002,21.2,78.8,"[0.8, 8.3, 7.6, 4.5]","[1.5, 10.6, 21.2, 45.5]",Docenti per fasce di età (%) (A.S. 2025/26),2.0,6.3,6.0,3.9,3.7,3.6
NASD12401B,,,,,,,,,,,
NASL12601D,27.0,73.0,"[3.3, 13.8, 7.9, 2.0]","[3.9, 15.1, 23.7, 30.3]",Docenti per fasce di età (%) (A.S. 2025/26),10.7,6.3,6.0,1.9,3.7,3.6
NATD07000L,,,,,,,,,,,
NATD022018,22.0,78.2,"[4.9, 12.2, 3.7, 1.2]","[3.7, 11.0, 9.8, 53.7]",Docenti per fasce di età (%) (A.S. 2025/26),14.9,6.3,6.0,6.1,3.7,3.6
NATD099019,9.8,90.3,"[0.0, 2.2, 2.2, 5.4]","[1.1, 4.3, 20.4, 64.5]",Docenti per fasce di età (%) (A.S. 2025/26),1.2,6.3,6.0,6.0,3.7,3.6
NATD087013,7.3,92.7,"[1.5, 2.9, 0.7, 2.2]","[0.7, 5.1, 27.0, 59.9]",Docenti per fasce di età (%) (A.S. 2025/26),6.3,6.3,6.0,4.7,3.7,3.6
NATD24000E,,,,,,,,,,,
NATD04201D,5.0,95.0,"[0.0, 4.0, 1.0, 0.0]","[4.0, 16.2, 26.3, 48.5]",Docenti per fasce di età (%) (A.S. 2025/26),3.9,6.3,6.0,6.5,3.7,3.6
NATE02101X,17.900000000000002,82.1,"[1.3, 9.3, 5.3, 2.0]","[3.3, 6.6, 25.8, 46.4]",Docenti per fasce di età (%) (A.S. 2025/26),7.4,6.3,6.0,4.0,3.7,3.6
NATE104013,23.700000000000003,76.3,"[3.0, 11.9, 4.4, 4.4]","[2.2, 11.1, 23.7, 39.3]",Docenti per fasce di età (%) (A.S. 2025/26),9.3,6.3,6.0,4.0,3.7,3.6
NATD33500X,,,,,Docenti per fasce di età (%) (A.S. 2025/26),,,,,,
NATD052014,27.2,72.7,"[3.0, 10.1, 11.1, 3.0]","[4.0, 10.1, 17.2, 41.4]",Docenti per fasce di età (%) (A.S. 2025/26),8.1,6.3,6.0,3.9,3.7,3.6
NATD12601C,27.0,73.0,"[3.3, 13.8, 7.9, 2.0]","[3.9, 15.1, 23.7, 30.3]",Docenti per fasce di età (%) (A.S. 2025/26),10.7,6.3,6.0,1.9,3.7,3.6
NATD865004,,,,,,,,,,,
NATN14101C,12.9,86.9,"[1.1, 6.2, 4.5, 1.1]","[3.4, 10.2, 26.1, 47.2]",Docenti per fasce di età (%) (A.S. 2025/26),3.6,6.3,6.0,5.8,3.7,3.6
NATD11101P,32.2,67.7,"[6.2, 15.5, 9.3, 1.2]","[3.7, 11.8, 23.6, 28.6]",Docenti per fasce di età (%) (A.S. 2025/26),9.4,6.3,6.0,1.0,3.7,3.6
NATD00601A,35.8,64.1,"[9.5, 14.7, 8.4, 3.2]","[8.4, 12.6, 14.7, 28.4]",Docenti per fasce di età (%) (A.S. 2025/26),15.6,6.3,6.0,0.0,3.7,3.6
NATN09801B,24.6,75.5,"[3.7, 11.9, 7.1, 1.9]","[2.6, 13.0, 29.0, 30.9]",Docenti per fasce di età (%) (A.S. 2025/26),6.5,6.3,6.0,2.6,3.7,3.6
NATN12301V,9.7,90.4,"[2.8, 4.0, 2.3, 0.6]","[2.3, 7.9, 20.3, 59.9]",Docenti per fasce di età (%) (A.S. 2025/26),4.8,6.3,6.0,5.0,3.7,3.6
NATN7V500I,,,,,Docenti per fasce di età (%) (A.S. 2025/26),,,,,,
NATA06401X,,,,,,,,,,,
NATL01000B,,,,,,,,,,,
NATF02000T,19.0,81.10000000000001,"[0.7, 11.1, 5.2, 2.0]","[5.9, 11.8, 24.2, 39.2]",Docenti per fasce di età (%) (A.S. 2025/26),0.9,6.3,6.0,4.7,3.7,3.6
NATF05000N,26.1,73.7,"[2.8, 11.3, 9.9, 2.1]","[3.5, 9.9, 22.0, 38.3]",Docenti per fasce di età (%) (A.S. 2025/26),2.9,6.3,6.0,4.4,3.7,3.6
NATF010007,17.7,82.2,"[2.8, 9.3, 4.7, 0.9]","[5.6, 14.0, 18.7, 43.9]",Docenti per fasce di età (%) (A.S. 2025/26),8.4,6.3,6.0,2.5,3.7,3.6
NATF07000V,,,,,,,,,,,
NATF17000Q,19.599999999999998,80.3,"[1.9, 9.7, 6.1, 1.9]","[3.5, 9.4, 22.6, 44.8]",Docenti per fasce di età (%) (A.S. 2025/26),6.0,6.3,6.0,3.4,3.7,3.6
NATF190001,18.1,81.8,"[2.7, 6.7, 6.7, 2.0]","[4.7, 11.4, 22.1, 43.6]",Docenti per fasce di età (%) (A.S. 2025/26),5.9,6.3,6.0,0.0,3.7,3.6
NATF24000R,22.3,77.9,"[2.9, 7.9, 8.6, 2.9]","[4.3, 7.1, 17.9, 48.6]",Docenti per fasce di età (%) (A.S. 2025/26),0.0,6.3,6.0,5.7,3.7,3.6
NATH00301L,19.099999999999998,80.7,"[1.9, 9.6, 3.8, 3.8]","[3.8, 9.6, 22.1, 45.2]",Docenti per fasce di età (%) (A.S. 2025/26),10.2,6.3,6.0,8.0,3.7,3.6
NATL16500C,,,,,Docenti per fasce di età (%) (A.S. 2025/26),,,,,,
NATF05101E,19.799999999999997,80.2,"[2.8, 10.7, 4.0, 2.3]","[1.7, 7.3, 22.0, 49.2]",Docenti per fasce di età (%) (A.S. 2025/26),4.6,6.3,6.0,5.9,3.7,3.6
NATF11801Q,14.3,85.8,"[1.5, 6.0, 5.3, 1.5]","[2.3, 23.3, 27.1, 33.1]",Docenti per fasce di età (%) (A.S. 2025/26),13.8,6.3,6.0,1.8,3.7,3.6
NATF129016,26.3,73.7,"[6.9, 10.6, 6.9, 1.9]","[7.5, 12.5, 28.7, 25.0]",Docenti per fasce di età (%) (A.S. 2025/26),14.8,6.3,6.0,0.0,3.7,3.6
AVPM06000C,3.0,96.9,"[1.0, 1.0, 1.0, 0.0]","[1.0, 16.7, 24.0, 55.2]",Docenti per fasce di età (%) (A.S. 2025/26),4.7,6.3,6.0,3.4,3.7,3.6
AVPC090004,,,,,,,,,,,
AVPC040003,7.1,92.9,"[7.1, 0.0, 0.0, 0.0]","[2.4, 9.5, 31.0, 50.0]",Docenti per fasce di età (%) (A.S. 2025/26),5.4,6.3,6.0,4.9,3.7,3.6
AVPS06001C,,,,,,,,,,,
AVPS12000T,3.2,97.0,"[0.0, 0.0, 1.6, 1.6]","[1.6, 16.3, 31.8, 47.3]",Docenti per fasce di età (%) (A.S. 2025/26),0.0,6.3,6.0,5.5,3.7,3.6
AVPM040007,5.699999999999999,94.3,"[1.4, 2.9, 0.7, 0.7]","[1.4, 10.0, 28.6, 54.3]",Docenti per fasce di età (%) (A.S. 2025/26),1.5,6.3,6.0,7.7,3.7,3.6
AVPS024019,15.7,84.2,"[2.6, 6.1, 7.0, 0.0]","[2.6, 15.8, 25.4, 40.4]",Docenti per fasce di età (%) (A.S. 2025/26),7.1,6.3,6.0,5.7,3.7,3.6
AVPSPT500F,,,,,Docenti per fasce di età (%) (A.S. 2025/26),,,,,,
SAPS06000L,5.0,95.1,"[0.0, 3.0, 1.0, 1.0]","[0.0, 3.0, 21.8, 70.3]",Docenti per fasce di età (%) (A.S. 2025/26),1.1,6.3,6.0,3.2,3.7,3.6
SAPS04000B,7.800000000000001,92.3,"[1.3, 2.6, 1.3, 2.6]","[1.3, 13.0, 33.8, 44.2]",Docenti per fasce di età (%) (A.S. 2025/26),2.9,6.3,6.0,1.5,3.7,3.6
NAPM07103R,,,,,,,,,,,
SAPC00101P,8.8,91.2,"[1.6, 4.0, 2.4, 0.8]","[0.8, 6.5, 27.4, 56.5]",Docenti per fasce di età (%) (A.S. 2025/26),2.7,6.3,6.0,6.1,3.7,3.6
NAPC33001V,3.5999999999999996,96.3,"[0.0, 1.2, 2.4, 0.0]","[0.0, 10.8, 33.7, 51.8]",Docenti per fasce di età (%) (A.S. 2025/26),1.3,6.3,6.0,5.1,3.7,3.6
NAPS02000Q,7.699999999999999,92.3,"[0.0, 4.8, 1.9, 1.0]","[1.9, 11.4, 29.5, 49.5]",Docenti per fasce di età (%) (A.S. 2025/26),4.1,6.3,6.0,1.9,3.7,3.6
NAPS24000P,4.0,96.2,"[0.8, 1.6, 0.8, 0.8]","[3.9, 15.5, 28.7, 48.1]",Docenti per fasce di età (%) (A.S. 2025/26),2.0,6.3,6.0,1.8,3.7,3.6
AVSD01000R,,,,,,,,,,,
SASL054017,,,,,,,,,,,
SAPM07301R,12.200000000000001,87.6,"[4.5, 3.2, 3.2, 1.3]","[7.1, 16.2, 33.8, 30.5]",Docenti per fasce di età (%) (A.S. 2025/26),7.3,6.3,6.0,3.1,3.7,3.6
AVTD03000B,1.7,98.3,"[0.0, 0.0, 1.7, 0.0]","[0.0, 13.0, 27.0, 58.3]",Docenti per fasce di età (%) (A.S. 2025/26),1.9,6.3,6.0,2.8,3.7,3.6
AVTD045005,,,,,Docenti per fasce di età (%) (A.S. 2025/26),,,,,,
AVTD075001,,,,,,,,,,,
AVTDAS5006,,,,,Docenti per fasce di età (%) (A.S. 2025/26),,,,,,
AVTA01000Q,,,,,,,,,,,
AVTF01901X,,,,,,,,,,,
AVTLU25001,,,,,Docenti per fasce di età (%) (A.S. 2025/26),,,,,,
AVTFTA500S,,,,,Docenti per fasce di età (%) (A.S. 2025/26),,,,,,
BNPC02000N,3.3,96.7,"[0.0, 3.3, 0.0, 0.0]","[0.0, 4.9, 31.1, 60.7]",Docenti per fasce di età (%) (A.S. 2025/26),1.7,6.3,6.0,0.0,3.7,3.6
BNPC015006,,,,,Docenti per fasce di età (%) (A.S. 2025/26),,,,,,
BNPS010006,3.3000000000000003,96.6,"[1.1, 0.0, 1.1, 1.1]","[2.2, 10.1, 31.5, 52.8]",Docenti per fasce di età (%) (A.S. 2025/26),1.2,6.3,6.0,9.4,3.7,3.6
BNPS016016,8.8,91.2,"[1.6, 1.6, 2.4, 3.2]","[1.6, 12.0, 20.0, 57.6]",Docenti per fasce di età (%) (A.S. 2025/26),5.7,6.3,6.0,1.9,3.7,3.6
BNTF01401L,2.0999999999999996,97.7,"[0.0, 0.7, 0.7, 0.7]","[1.4, 8.7, 24.6, 63.0]",Docenti per fasce di età (%) (A.S. 2025/26),3.2,6.3,6.0,4.6,3.7,3.6
BNPM02000T,13.7,86.4,"[1.4, 2.9, 6.5, 2.9]","[2.2, 0.7, 22.3, 61.2]",Docenti per fasce di età (%) (A.S. 2025/26),0.9,6.3,6.0,5.8,3.7,3.6
BNPM003015,6.5,93.6,"[0.0, 0.0, 2.8, 3.7]","[2.8, 17.4, 27.5, 45.9]",Docenti per fasce di età (%) (A.S. 2025/26),3.1,6.3,6.0,2.0,3.7,3.6
BNPC002015,5.699999999999999,94.4,"[0.0, 1.9, 1.9, 1.9]","[2.8, 15.9, 16.8, 58.9]",Docenti per fasce di età (%) (A.S. 2025/26),2.0,6.3,6.0,1.0,3.7,3.6
BNIS01100L,,,,,,,,,,,
BNSD02201X,,,,,,,,,,,
AVSD013019,8.299999999999999,91.7,"[1.7, 3.3, 3.3, 0.0]","[1.7, 11.7, 23.3, 55.0]",Docenti per fasce di età (%) (A.S. 2025/26),5.9,6.3,6.0,5.8,3.7,3.6
BNTD01401A,2.0999999999999996,97.7,"[0.0, 0.7, 0.7, 0.7]","[1.4, 8.7, 24.6, 63.0]",Docenti per fasce di età (%) (A.S. 2025/26),3.2,6.3,6.0,4.6,3.7,3.6
BNTD02701C,11.100000000000001,88.9,"[5.9, 2.2, 3.0, 0.0]","[1.5, 16.3, 24.4, 46.7]",Docenti per fasce di età (%) (A.S. 2025/26),10.4,6.3,6.0,1.8,3.7,3.6
BNTL01601C,8.8,91.2,"[1.6, 1.6, 2.4, 3.2]","[1.6, 12.0, 20.0, 57.6]",Docenti per fasce di età (%) (A.S. 2025/26),5.7,6.3,6.0,1.9,3.7,3.6
BNTF010008,4.6,95.5,"[1.3, 1.3, 2.0, 0.0]","[2.0, 17.0, 28.1, 48.4]",Docenti per fasce di età (%) (A.S. 2025/26),3.5,6.3,6.0,2.7,3.7,3.6
BNTF02701P,11.100000000000001,88.9,"[5.9, 2.2, 3.0, 0.0]","[1.5, 16.3, 24.4, 46.7]",Docenti per fasce di età (%) (A.S. 2025/26),10.4,6.3,6.0,1.8,3.7,3.6
CEPC110001,0.0,100.1,"[0.0, 0.0, 0.0, 0.0]","[1.2, 7.1, 29.4, 62.4]",Docenti per fasce di età (%) (A.S. 2025/26),3.8,6.3,6.0,6.3,3.7,3.6
CEPS03000C,2.4000000000000004,97.7,"[0.0, 0.8, 0.8, 0.8]","[1.6, 13.4, 33.1, 49.6]",Docenti per fasce di età (%) (A.S. 2025/26),1.7,6.3,6.0,2.4,3.7,3.6
CEPC05000E,,,,,,,,,,,
CEPC015007,,,,,Docenti per fasce di età (%) (A.S. 2025/26),,,,,,
CEPM010008,5.1,95.0,"[1.1, 1.7, 0.6, 1.7]","[1.7, 17.3, 25.7, 50.3]",Docenti per fasce di età (%) (A.S. 2025/26),3.9,6.3,6.0,3.8,3.7,3.6
CEPC10000A,6.6000000000000005,93.4,"[2.2, 0.0, 2.2, 2.2]","[0.0, 11.1, 35.6, 46.7]",Docenti per fasce di età (%) (A.S. 2025/26),8.1,6.3,6.0,0.0,3.7,3.6
CEPS10000D,,,,,,,,,,,
CEPS010007,2.8,97.1,"[0.7, 1.4, 0.7, 0.0]","[1.4, 5.1, 37.7, 52.9]",Docenti per fasce di età (%) (A.S. 2025/26),2.2,6.3,6.0,7.0,3.7,3.6
CEPS090004,0.0,100.0,"[0.0, 0.0, 0.0, 0.0]","[5.8, 21.4, 31.1, 41.7]",Docenti per fasce di età (%) (A.S. 2025/26),7.1,6.3,6.0,3.9,3.7,3.6
CEPS875001,,,,,Docenti per fasce di età (%) (A.S. 2025/26),,,,,,
CETF02000X,,,,,,,,,,,
CEPS16500H,,,,,,,,,,,
CEPSSR500Q,,,,,Docenti per fasce di età (%) (A.S. 2025/26),,,,,,
CEPQ011019,10.0,89.8,"[0.7, 4.3, 3.6, 1.4]","[5.8, 13.0, 26.1, 44.9]",Docenti per fasce di età (%) (A.S. 2025/26),13.6,6.3,6.0,5.4,3.7,3.6
CEPM07000X,13.0,87.0,"[1.6, 5.7, 4.1, 1.6]","[4.9, 14.6, 23.6, 43.9]",Docenti per fasce di età (%) (A.S. 2025/26),11.0,6.3,6.0,2.8,3.7,3.6
CEPL015005,,,,,Docenti per fasce di età (%) (A.S. 2025/26),,,,,,
CESD020008,,,,,,,,,,,
CESL02101G,,,,,,,,,,,
CESD021015,7.5,92.4,"[2.8, 2.4, 1.4, 0.9]","[6.1, 18.4, 29.7, 38.2]",Docenti per fasce di età (%) (A.S. 2025/26),2.8,6.3,6.0,4.4,3.7,3.6
CESL02201B,5.4,94.7,"[0.8, 1.5, 0.8, 2.3]","[1.5, 15.8, 21.8, 55.6]",Docenti per fasce di età (%) (A.S. 2025/26),3.7,6.3,6.0,5.0,3.7,3.6
CETL06000E,6.2,93.7,"[1.0, 2.1, 2.1, 1.0]","[0.0, 5.2, 32.3, 56.2]",Docenti per fasce di età (%) (A.S. 2025/26),12.8,6.3,6.0,0.0,3.7,3.6
CETD200006,,,,,,,,,,,
CETD04000V,,,,,,,,,,,
CETD03901Q,9.600000000000001,90.39999999999999,"[1.6, 6.4, 0.8, 0.8]","[5.6, 13.6, 22.4, 48.8]",Docenti per fasce di età (%) (A.S. 2025/26),4.4,6.3,6.0,1.0,3.7,3.6
CETD135008,,,,,Docenti per fasce di età (%) (A.S. 2025/26),,,,,,
CETDHG500L,,,,,Docenti per fasce di età (%) (A.S. 2025/26),,,,,,
CETD115003,,,,,,,,,,,
CETDHL500C,,,,,Docenti per fasce di età (%) (A.S. 2025/26),,,,,,
CETB015007,,,,,Docenti per fasce di età (%) (A.S. 2025/26),,,,,,
CETF02101R,7.5,92.4,"[2.8, 2.4, 1.4, 0.9]","[6.1, 18.4, 29.7, 38.2]",Docenti per fasce di età (%) (A.S. 2025/26),2.8,6.3,6.0,4.4,3.7,3.6
CETAVH500S,,,,,Docenti per fasce di età (%) (A.S. 2025/26),,,,,,
CETFQ95001,,,,,Docenti per fasce di età (%) (A.S. 2025/26),,,,,,
CETF6B500H,,,,,,,,,,,
CETL04500C,,,,,,,,,,,
CERI02401B,,,,,,,,,,,
CETF8R5001,,,,,Docenti per fasce di età (%) (A.S. 2025/26),,,,,,
SAPC06000D,,,,,,,,,,,
SAPC12000X,4.199999999999999,95.8,"[0.0, 2.8, 0.0, 1.4]","[1.4, 8.3, 33.3, 52.8]",Docenti per fasce di età (%) (A.S. 2025/26),2.9,6.3,6.0,8.0,3.7,3.6
SAPC040008,3.0,96.89999999999999,"[0.0, 1.5, 0.0, 1.5]","[0.0, 3.0, 10.6, 83.3]",Docenti per fasce di età (%) (A.S. 2025/26),1.6,6.3,6.0,4.8,3.7,3.6
SAPC005001,,,,,Docenti per fasce di età (%) (A.S. 2025/26),,,,,,
SAPS020006,11.9,88.0,"[0.0, 1.5, 10.4, 0.0]","[0.0, 3.0, 11.9, 73.1]",Docenti per fasce di età (%) (A.S. 2025/26),1.6,6.3,6.0,10.4,3.7,3.6
SAPS09000C,5.6,94.10000000000001,"[1.1, 1.1, 2.3, 1.1]","[1.1, 10.3, 24.1, 58.6]",Docenti per fasce di età (%) (A.S. 2025/26),2.4,6.3,6.0,5.7,3.7,3.6
SAPS03000R,,,,,,,,,,,
SAPM020007,11.6,88.4,"[1.4, 3.7, 5.6, 0.9]","[2.3, 13.4, 27.3, 45.4]",Docenti per fasce di età (%) (A.S. 2025/26),1.2,6.3,6.0,5.9,3.7,3.6
SAPM050003,3.9,96.1,"[0.0, 1.0, 2.9, 0.0]","[1.0, 4.9, 28.4, 61.8]",Docenti per fasce di età (%) (A.S. 2025/26),2.2,6.3,6.0,5.3,3.7,3.6
SAPM03000T,,,,,,,,,,,
SAPL025004,,,,,Docenti per fasce di età (%) (A.S. 2025/26),,,,,,
SATD039014,,,,,,,,,,,
SATD06901X,10.9,88.89999999999999,"[1.8, 5.5, 1.8, 1.8]","[0.0, 5.5, 12.8, 70.6]",Docenti per fasce di età (%) (A.S. 2025/26),7.4,6.3,6.0,2.0,3.7,3.6
SATD01000B,,,,,,,,,,,
SATD075006,,,,,Docenti per fasce di età (%) (A.S. 2025/26),,,,,,
SATD125002,,,,,Docenti per fasce di età (%) (A.S. 2025/26),,,,,,
SATF07401N,18.8,81.3,"[4.7, 7.0, 5.5, 1.6]","[0.8, 7.0, 14.1, 59.4]",Docenti per fasce di età (%) (A.S. 2025/26),3.7,6.3,6.0,9.9,3.7,3.6
SATE04801A,,,,,,,,,,,
SATF04601D,8.6,91.2,"[0.0, 3.6, 3.6, 1.4]","[0.7, 6.5, 18.8, 65.2]",Docenti per fasce di età (%) (A.S. 2025/26),1.7,6.3,6.0,3.9,3.7,3.6
SATH00601E,14.7,85.3,"[1.1, 4.5, 8.0, 1.1]","[2.3, 9.1, 27.3, 46.6]",Docenti per fasce di età (%) (A.S. 2025/26),5.5,6.3,6.0,3.7,3.7,3.6
SATL06601V,9.1,91.0,"[0.5, 4.3, 2.7, 1.6]","[2.7, 12.2, 28.2, 47.9]",Docenti per fasce di età (%) (A.S. 2025/26),3.3,6.3,6.0,3.1,3.7,3.6
SATFH5500B,,,,,,,,,,,
BAPC150004,4.3,95.6,"[2.9, 0.0, 0.0, 1.4]","[0.0, 1.4, 23.2, 71.0]",Docenti per fasce di età (%) (A.S. 2025/26),1.5,7.0,6.0,7.5,4.1,3.6
BAPC13000V,3.9000000000000004,96.0,"[0.0, 1.3, 1.3, 1.3]","[1.3, 3.9, 40.8, 50.0]",Docenti per fasce di età (%) (A.S. 2025/26),2.8,7.0,6.0,0.0,4.1,3.6
BAPS02000E,19.4,80.5,"[8.0, 5.7, 4.6, 1.1]","[0.0, 11.5, 25.3, 43.7]",Docenti per fasce di età (%) (A.S. 2025/26),2.7,7.0,6.0,0.0,4.1,3.6
BAPS060001,5.5,94.5,"[2.2, 1.1, 1.1, 1.1]","[1.1, 6.7, 40.0, 46.7]",Docenti per fasce di età (%) (A.S. 2025/26),6.0,7.0,6.0,3.6,4.1,3.6
BAPS05000A,4.5,95.5,"[0.9, 0.9, 1.8, 0.9]","[4.5, 1.8, 24.3, 64.9]",Docenti per fasce di età (%) (A.S. 2025/26),0.0,7.0,6.0,8.5,4.1,3.6
BAPS01000X,9.1,91.0,"[3.4, 0.0, 3.4, 2.3]","[0.0, 5.7, 27.3, 58.0]",Docenti per fasce di età (%) (A.S. 2025/26),1.1,7.0,6.0,7.6,4.1,3.6
BAPS270009,8.0,91.89999999999999,"[2.4, 1.6, 2.4, 1.6]","[0.0, 10.6, 33.3, 48.0]",Docenti per fasce di età (%) (A.S. 2025/26),2.9,7.0,6.0,3.8,4.1,3.6
BAPS12000B,12.1,87.7,"[1.2, 7.3, 1.2, 2.4]","[2.4, 13.4, 25.6, 46.3]",Docenti per fasce di età (%) (A.S. 2025/26),6.8,7.0,6.0,2.8,4.1,3.6
BAPS24000D,20.9,79.1,"[5.2, 7.5, 6.0, 2.2]","[2.2, 16.4, 23.9, 36.6]",Docenti per fasce di età (%) (A.S. 2025/26),1.9,7.0,6.0,3.7,4.1,3.6
BAPS029012,32.4,67.5,"[6.5, 12.5, 12.0, 1.4]","[4.2, 15.7, 23.1, 24.5]",Docenti per fasce di età (%) (A.S. 2025/26),13.4,7.0,6.0,3.2,4.1,3.6
BAPS06301D,14.4,85.5,"[0.8, 7.4, 3.7, 2.5]","[3.3, 11.2, 32.6, 38.4]",Docenti per fasce di età (%) (A.S. 2025/26),4.0,7.0,6.0,6.5,4.1,3.6
BAPSV85002,,,,,Docenti per fasce di età (%) (A.S. 2025/26),,,,,,
BAPM010001,24.4,75.5,"[5.9, 7.8, 7.8, 2.9]","[2.0, 10.8, 28.4, 34.3]",Docenti per fasce di età (%) (A.S. 2025/26),5.6,7.0,6.0,6.9,4.1,3.6
BAPM02000G,12.7,87.4,"[2.1, 5.3, 3.2, 2.1]","[0.0, 10.5, 25.3, 51.6]",Docenti per fasce di età (%) (A.S. 2025/26),1.4,7.0,6.0,3.9,4.1,3.6
BAPS028016,5.0,95.0,"[0.0, 1.0, 2.0, 2.0]","[0.0, 10.0, 30.0, 55.0]",Docenti per fasce di età (%) (A.S. 2025/26),6.4,7.0,6.0,4.2,4.1,3.6
BAPS06801L,31.0,69.0,"[10.3, 11.1, 4.8, 4.8]","[2.4, 9.5, 24.6, 32.5]",Docenti per fasce di età (%) (A.S. 2025/26),8.6,7.0,6.0,7.4,4.1,3.6
BAPS05901T,12.8,87.2,"[1.9, 5.1, 3.2, 2.6]","[1.3, 5.1, 25.0, 55.8]",Docenti per fasce di età (%) (A.S. 2025/26),3.1,7.0,6.0,4.3,4.1,3.6
BATD050006,,,,,,,,,,,
BASL06000T,29.0,71.1,"[8.3, 8.8, 7.5, 4.4]","[1.3, 11.0, 23.7, 35.1]",Docenti per fasce di età (%) (A.S. 2025/26),0.7,7.0,6.0,0.6,4.1,3.6
BATD25000X,,,,,,,,,,,
BATD021017,,,,,,,,,,,
BATD13000T,24.1,76.1,"[3.1, 9.3, 10.1, 1.6]","[3.1, 10.9, 20.2, 41.9]",Docenti per fasce di età (%) (A.S. 2025/26),5.4,7.0,6.0,2.7,4.1,3.6
BATD01500V,,,,,Docenti per fasce di età (%) (A.S. 2025/26),,,,,,
BATD105005,,,,,Docenti per fasce di età (%) (A.S. 2025/26),,,,,,
BATF230001,17.9,82.2,"[4.1, 6.2, 5.5, 2.1]","[2.7, 11.0, 27.4, 41.1]",Docenti per fasce di età (%) (A.S. 2025/26),5.2,7.0,6.0,0.8,4.1,3.6
BATF06301G,14.4,85.5,"[0.8, 7.4, 3.7, 2.5]","[3.3, 11.2, 32.6, 38.4]",Docenti per fasce di età (%) (A.S. 2025/26),4.0,7.0,6.0,6.5,4.1,3.6
BATE04901E,,,,,,,,,,,
BATH040009,,,,,,,,,,,
BATD03701R,24.7,75.3,"[4.3, 7.4, 7.4, 5.6]","[4.9, 13.6, 20.4, 36.4]",Docenti per fasce di età (%) (A.S. 2025/26),9.6,7.0,6.0,5.5,4.1,3.6
BAPC01000R,,,,,,,,,,,
BAPC04000L,,,,,,,,,,,
BAPC21000E,,,,,,,,,,,
FGPC02601Q,,,,,,,,,,,
BAPS150007,,,,,,,,,,,
BAPS080006,,,,,,,,,,,
BAPS11000R,,,,,,,,,,,
FGPS053017,,,,,,,,,,,
FGPS08000E,14.2,85.89999999999999,"[3.0, 5.1, 5.1, 1.0]","[6.1, 15.2, 21.2, 43.4]",Docenti per fasce di età (%) (A.S. 2025/26),7.5,7.0,6.0,9.0,4.1,3.6
BAPM05601B,,,,,,,,,,,
BAPLS4500L,,,,,,,,,,,
BASL04601L,,,,,,,,,,,
BASL044011,,,,,,,,,,,
BAIS07800R,,,,,,,,,,,
BATD07500E,,,,,,,,,,,
BATF060003,,,,,,,,,,,
BATD320001,,,,,,,,,,,
BATD043014,,,,,,,,,,,
BRPC00801X,26.400000000000002,73.6,"[4.4, 10.3, 8.8, 2.9]","[1.5, 10.3, 25.0, 36.8]",Docenti per fasce di età (%) (A.S. 2025/26),12.7,7.0,6.0,3.8,4.1,3.6
LEPC03000R,10.9,89.10000000000001,"[0.8, 6.2, 3.1, 0.8]","[0.8, 4.7, 35.9, 47.7]",Docenti per fasce di età (%) (A.S. 2025/26),1.7,7.0,6.0,5.0,4.1,3.6
BRPC002011,,,,,,,,,,,
BRPC006018,22.9,77.1,"[3.7, 7.3, 6.4, 5.5]","[4.6, 8.3, 24.8, 39.4]",Docenti per fasce di età (%) (A.S. 2025/26),14.6,7.0,6.0,1.2,4.1,3.6
BRPC00401L,,,,,,,,,,,
LEPC04601B,,,,,,,,,,,
BRPS060003,,,,,,,,,,,
BRPS01101V,29.9,70.2,"[2.8, 10.4, 11.1, 5.6]","[3.5, 15.3, 20.8, 30.6]",Docenti per fasce di età (%) (A.S. 2025/26),3.4,7.0,6.0,5.2,4.1,3.6
BRPS01701T,12.3,87.8,"[1.4, 2.2, 6.5, 2.2]","[6.5, 13.7, 34.5, 33.1]",Docenti per fasce di età (%) (A.S. 2025/26),4.4,7.0,6.0,4.5,4.1,3.6
LEPS04401V,6.8999999999999995,93.3,"[1.4, 1.4, 0.0, 4.1]","[0.0, 9.5, 23.0, 60.8]",Docenti per fasce di età (%) (A.S. 2025/26),9.0,7.0,6.0,8.2,4.1,3.6
LEPM01000Q,2.7,97.3,"[0.0, 1.8, 0.0, 0.9]","[1.8, 11.5, 32.7, 51.3]",Docenti per fasce di età (%) (A.S. 2025/26),1.0,7.0,6.0,2.8,4.1,3.6
BRPM010003,16.6,83.3,"[0.8, 5.0, 5.0, 5.8]","[2.5, 12.5, 32.5, 35.8]",Docenti per fasce di età (%) (A.S. 2025/26),2.2,7.0,6.0,9.5,4.1,3.6
LESL041018,,,,,,,,,,,
BRPC04000P,30.4,69.5,"[6.5, 7.1, 12.3, 4.5]","[1.9, 14.3, 28.6, 24.7]",Docenti per fasce di età (%) (A.S. 2025/26),7.8,7.0,6.0,0.0,4.1,3.6
LETD00201L,9.1,90.9,"[2.0, 2.0, 5.1, 0.0]","[1.0, 8.1, 29.3, 52.5]",Docenti per fasce di età (%) (A.S. 2025/26),3.4,7.0,6.0,4.2,4.1,3.6
BRTH020006,25.0,75.0,"[0.9, 12.5, 8.0, 3.6]","[3.6, 11.6, 25.0, 34.8]",Docenti per fasce di età (%) (A.S. 2025/26),4.7,7.0,6.0,3.9,4.1,3.6
BRTD04500A,,,,,Docenti per fasce di età (%) (A.S. 2025/26),,,,,,
BRTF030009,,,,,,,,,,,
BRTF010004,19.4,80.5,"[3.7, 9.7, 6.0, 0.0]","[6.7, 13.4, 14.9, 45.5]",Docenti per fasce di età (%) (A.S. 2025/26),2.7,7.0,6.0,1.0,4.1,3.6
FGPC15000C,7.2,92.7,"[0.0, 0.9, 4.5, 1.8]","[1.8, 9.1, 30.0, 51.8]",Docenti per fasce di età (%) (A.S. 2025/26),4.2,7.0,6.0,4.9,4.1,3.6
FGPC160003,13.3,86.7,"[0.7, 5.2, 4.4, 3.0]","[2.2, 7.4, 19.3, 57.8]",Docenti per fasce di età (%) (A.S. 2025/26),5.0,7.0,6.0,4.2,4.1,3.6
FGPS010008,7.6,92.4,"[0.0, 2.2, 4.3, 1.1]","[2.2, 9.8, 29.3, 51.1]",Docenti per fasce di età (%) (A.S. 2025/26),2.5,7.0,6.0,3.8,4.1,3.6
FGPS040004,4.0,95.9,"[0.0, 2.0, 2.0, 0.0]","[4.1, 9.2, 30.6, 52.0]",Docenti per fasce di età (%) (A.S. 2025/26),2.2,7.0,6.0,7.6,4.1,3.6
FGPM03000E,12.0,87.9,"[1.8, 3.0, 6.0, 1.2]","[3.0, 7.2, 25.3, 52.4]",Docenti per fasce di età (%) (A.S. 2025/26),1.5,7.0,6.0,7.6,4.1,3.6
FGPM10000G,2.7,97.10000000000001,"[0.0, 0.9, 0.9, 0.9]","[3.7, 8.4, 30.8, 54.2]",Docenti per fasce di età (%) (A.S. 2025/26),8.1,7.0,6.0,4.0,4.1,3.6
FGTD08000A,16.6,83.39999999999999,"[1.5, 5.3, 6.8, 3.0]","[1.5, 7.6, 22.0, 52.3]",Docenti per fasce di età (%) (A.S. 2025/26),7.1,7.0,6.0,2.7,4.1,3.6
FGTD21000T,,,,,,,,,,,
FGTDO25007,,,,,,,,,,,
FGTF13000C,18.0,81.9,"[3.0, 6.5, 8.5, 0.0]","[3.0, 8.5, 18.1, 52.3]",Docenti per fasce di età (%) (A.S. 2025/26),6.0,7.0,6.0,3.3,4.1,3.6
FGTF00801B,17.8,82.3,"[1.2, 5.5, 8.7, 2.4]","[2.8, 13.4, 18.9, 47.2]",Docenti per fasce di età (%) (A.S. 2025/26),6.4,7.0,6.0,2.5,4.1,3.6
LEPS01000P,3.0,97.0,"[0.0, 1.0, 2.0, 0.0]","[2.0, 8.0, 23.0, 64.0]",Docenti per fasce di età (%) (A.S. 2025/26),2.1,7.0,6.0,4.3,4.1,3.6
LEPS07000A,1.7,98.3,"[0.0, 0.0, 1.7, 0.0]","[0.8, 6.8, 28.0, 62.7]",Docenti per fasce di età (%) (A.S. 2025/26),2.7,7.0,6.0,0.9,4.1,3.6
LEPS02500C,,,,,,,,,,,
LEPS02901R,,,,,,,,,,,
LEPS04601E,,,,,,,,,,,
LEPS034018,6.2,93.8,"[0.0, 1.9, 3.7, 0.6]","[2.5, 8.7, 26.1, 56.5]",Docenti per fasce di età (%) (A.S. 2025/26),0.8,7.0,6.0,5.5,4.1,3.6
LEPM02901T,,,,,,,,,,,
LESD02601Q,,,,,,,,,,,
LESD02701G,,,,,,,,,,,
LETD08000R,3.0,97.0,"[0.0, 1.0, 1.0, 1.0]","[2.9, 5.9, 33.3, 54.9]",Docenti per fasce di età (%) (A.S. 2025/26),4.7,7.0,6.0,6.9,4.1,3.6
LETE010002,1.4,98.6,"[0.0, 1.4, 0.0, 0.0]","[2.1, 7.6, 24.3, 64.6]",Docenti per fasce di età (%) (A.S. 2025/26),1.5,7.0,6.0,7.8,4.1,3.6
LETD042013,8.4,91.5,"[0.0, 2.8, 3.5, 2.1]","[2.8, 9.9, 28.4, 50.4]",Docenti per fasce di età (%) (A.S. 2025/26),9.6,7.0,6.0,6.7,4.1,3.6
LETD04401P,6.8999999999999995,93.3,"[1.4, 1.4, 0.0, 4.1]","[0.0, 9.5, 23.0, 60.8]",Docenti per fasce di età (%) (A.S. 2025/26),9.0,7.0,6.0,8.2,4.1,3.6
LETD075009,,,,,Docenti per fasce di età (%) (A.S. 2025/26),,,,,,
LETD03101L,6.7,93.3,"[1.8, 1.8, 0.6, 2.5]","[3.1, 13.5, 35.0, 41.7]",Docenti per fasce di età (%) (A.S. 2025/26),13.4,7.0,6.0,0.7,4.1,3.6
LETL04201D,8.4,91.5,"[0.0, 2.8, 3.5, 2.1]","[2.8, 9.9, 28.4, 50.4]",Docenti per fasce di età (%) (A.S. 2025/26),9.6,7.0,6.0,6.7,4.1,3.6
LETA00101A,7.1000000000000005,92.8,"[0.0, 3.2, 1.3, 2.6]","[1.3, 9.7, 28.6, 53.2]",Docenti per fasce di età (%) (A.S. 2025/26),3.9,7.0,6.0,2.9,4.1,3.6
LETF03401A,6.2,93.8,"[0.0, 1.9, 3.7, 0.6]","[2.5, 8.7, 26.1, 56.5]",Docenti per fasce di età (%) (A.S. 2025/26),0.8,7.0,6.0,5.5,4.1,3.6
TAPC10000Q,21.4,78.5,"[4.5, 3.9, 10.4, 2.6]","[4.5, 7.8, 27.9, 38.3]",Docenti per fasce di età (%) (A.S. 2025/26),0.9,7.0,6.0,1.8,4.1,3.6
TAPC13000G,,,,,,,,,,,
TAPC070005,8.4,91.5,"[2.5, 3.4, 2.5, 0.0]","[4.2, 5.1, 27.1, 55.1]",Docenti per fasce di età (%) (A.S. 2025/26),6.3,7.0,6.0,3.7,4.1,3.6
TAPS03000T,12.9,87.2,"[5.9, 5.0, 2.0, 0.0]","[8.9, 14.9, 19.8, 43.6]",Docenti per fasce di età (%) (A.S. 2025/26),14.3,7.0,6.0,6.7,4.1,3.6
TAPS140009,,,,,,,,,,,
TAPS02500A,,,,,Docenti per fasce di età (%) (A.S. 2025/26),,,,,,
TAPS042015,12.7,87.2,"[0.0, 5.1, 5.9, 1.7]","[5.9, 10.2, 18.6, 52.5]",Docenti per fasce di età (%) (A.S. 2025/26),4.4,7.0,6.0,6.7,4.1,3.6
TAPS03801D,27.0,73.1,"[4.1, 8.7, 9.6, 4.6]","[5.9, 8.7, 24.7, 33.8]",Docenti per fasce di età (%) (A.S. 2025/26),11.0,7.0,6.0,5.8,4.1,3.6
TAPM020008,27.0,73.1,"[5.6, 11.9, 7.1, 2.4]","[0.8, 4.8, 17.5, 50.0]",Docenti per fasce di età (%) (A.S. 2025/26),2.2,7.0,6.0,12.2,4.1,3.6
TAIS031008,,,,,,,,,,,
TAPS18000Q,16.2,83.7,"[3.6, 5.4, 6.3, 0.9]","[4.5, 8.1, 29.7, 41.4]",Docenti per fasce di età (%) (A.S. 2025/26),2.1,7.0,6.0,3.3,4.1,3.6
TATE04201C,12.7,87.2,"[0.0, 5.1, 5.9, 1.7]","[5.9, 10.2, 18.6, 52.5]",Docenti per fasce di età (%) (A.S. 2025/26),4.4,7.0,6.0,6.7,4.1,3.6
TATD08000P,29.7,70.2,"[2.7, 10.8, 11.7, 4.5]","[2.7, 7.2, 13.5, 46.8]",Docenti per fasce di età (%) (A.S. 2025/26),6.4,7.0,6.0,7.8,4.1,3.6
TATD055002,,,,,Docenti per fasce di età (%) (A.S. 2025/26),,,,,,
TATD08500T,,,,,Docenti per fasce di età (%) (A.S. 2025/26),,,,,,
TATE00500C,,,,,,,,,,,
TATF02901R,,,,,,,,,,,
TATF01000P,,,,,,,,,,,
TATF02402P,33.300000000000004,66.7,"[5.9, 11.3, 11.3, 4.8]","[3.8, 16.7, 19.9, 26.3]",Docenti per fasce di età (%) (A.S. 2025/26),15.8,7.0,6.0,0.0,4.1,3.6
TATF02500C,,,,,,,,,,,
TATF035003,,,,,Docenti per fasce di età (%) (A.S. 2025/26),,,,,,
TATF034018,,,,,,,,,,,
PZPC040004,1.6,98.4,"[0.0, 1.6, 0.0, 0.0]","[0.0, 3.3, 37.7, 57.4]",Docenti per fasce di età (%) (A.S. 2025/26),3.2,7.1,6.0,3.2,3.6,3.6
PZPC00202B,12.1,87.8,"[3.7, 3.7, 1.9, 2.8]","[1.9, 12.1, 30.8, 43.0]",Docenti per fasce di età (%) (A.S. 2025/26),10.6,7.1,6.0,3.1,3.6,3.6
SAPC013011,18.6,81.3,"[0.8, 8.9, 6.5, 2.4]","[0.8, 16.3, 24.4, 39.8]",Docenti per fasce di età (%) (A.S. 2025/26),5.4,6.3,6.0,2.2,3.7,3.6
PZPS040007,0.0,99.9,"[0.0, 0.0, 0.0, 0.0]","[1.0, 7.1, 29.6, 62.2]",Docenti per fasce di età (%) (A.S. 2025/26),1.1,7.1,6.0,6.3,3.6,3.6
PZPS12000V,4.1,96.0,"[0.0, 0.0, 2.7, 1.4]","[1.4, 9.5, 37.8, 47.3]",Docenti per fasce di età (%) (A.S. 2025/26),8.6,7.1,6.0,2.8,3.6,3.6
PZPM01000C,,,,,,,,,,,
PZPM00201E,12.1,87.8,"[3.7, 3.7, 1.9, 2.8]","[1.9, 12.1, 30.8, 43.0]",Docenti per fasce di età (%) (A.S. 2025/26),10.6,7.1,6.0,3.1,3.6,3.6
PZPS02901D,13.6,86.5,"[1.4, 9.5, 2.7, 0.0]","[6.8, 10.8, 23.0, 45.9]",Docenti per fasce di età (%) (A.S. 2025/26),10.5,7.1,6.0,3.4,3.6,3.6
PZPS01901V,6.8,93.1,"[1.7, 3.4, 1.7, 0.0]","[10.3, 10.3, 25.9, 46.6]",Docenti per fasce di età (%) (A.S. 2025/26),5.8,7.1,6.0,0.0,3.6,3.6
PZTD024038,5.2,94.8,"[0.9, 0.9, 1.7, 1.7]","[0.9, 7.8, 30.4, 55.7]",Docenti per fasce di età (%) (A.S. 2025/26),1.0,7.1,6.0,5.7,3.6,3.6
SAPS027012,21.3,78.8,"[2.4, 10.6, 7.1, 1.2]","[3.5, 20.0, 15.3, 40.0]",Docenti per fasce di età (%) (A.S. 2025/26),18.8,6.3,6.0,3.3,3.7,3.6
PZSD030003,12.2,87.7,"[5.0, 3.6, 2.2, 1.4]","[4.3, 15.8, 28.8, 38.8]",Docenti per fasce di età (%) (A.S. 2025/26),6.3,7.1,6.0,3.1,3.6,3.6
PZSD00201X,12.1,87.8,"[3.7, 3.7, 1.9, 2.8]","[1.9, 12.1, 30.8, 43.0]",Docenti per fasce di età (%) (A.S. 2025/26),10.6,7.1,6.0,3.1,3.6,3.6
PZTL022011,7.2,92.8,"[3.9, 2.0, 1.3, 0.0]","[2.0, 15.8, 34.9, 40.1]",Docenti per fasce di età (%) (A.S. 2025/26),5.8,7.1,6.0,5.0,3.6,3.6
PZTF02203V,7.2,92.8,"[3.9, 2.0, 1.3, 0.0]","[2.0, 15.8, 34.9, 40.1]",Docenti per fasce di età (%) (A.S. 2025/26),5.8,7.1,6.0,5.0,3.6,3.6
BAPC030002,11.0,89.10000000000001,"[3.3, 3.3, 1.1, 3.3]","[5.5, 9.9, 35.2, 38.5]",Docenti per fasce di età (%) (A.S. 2025/26),5.0,7.0,6.0,6.2,4.1,3.6
MTSL01301X,11.9,88.2,"[0.0, 6.5, 3.2, 2.2]","[3.2, 10.8, 26.9, 47.3]",Docenti per fasce di età (%) (A.S. 2025/26),2.5,7.1,6.0,5.1,3.6,3.6
BAPS07000G,13.5,86.4,"[1.7, 4.2, 5.9, 1.7]","[3.4, 16.1, 30.5, 36.4]",Docenti per fasce di età (%) (A.S. 2025/26),9.6,7.0,6.0,2.0,4.1,3.6
BAPS01601X,21.0,78.8,"[2.3, 9.4, 6.2, 3.1]","[2.3, 14.8, 25.8, 35.9]",Docenti per fasce di età (%) (A.S. 2025/26),12.9,7.0,6.0,3.1,4.1,3.6
MTPS01000E,10.5,89.5,"[1.3, 2.6, 5.3, 1.3]","[2.6, 9.2, 30.3, 47.4]",Docenti per fasce di età (%) (A.S. 2025/26),5.6,7.1,6.0,1.4,3.6,3.6
BAPS200003,4.699999999999999,95.3,"[1.2, 0.0, 2.3, 1.2]","[3.5, 15.1, 30.2, 46.5]",Docenti per fasce di età (%) (A.S. 2025/26),3.8,7.0,6.0,5.0,4.1,3.6
TAPS02301Q,,,,,,,,,,,
BAPS035008,,,,,Docenti per fasce di età (%) (A.S. 2025/26),,,,,,
MTPS012017,14.2,85.8,"[1.9, 3.9, 7.1, 1.3]","[2.6, 15.5, 27.1, 40.6]",Docenti per fasce di età (%) (A.S. 2025/26),2.4,7.1,6.0,3.9,3.6,3.6
MTPM01000G,12.8,87.2,"[4.0, 3.2, 2.4, 3.2]","[1.6, 11.2, 32.0, 42.4]",Docenti per fasce di età (%) (A.S. 2025/26),2.9,7.1,6.0,1.0,3.6,3.6
BASL03301E,31.8,68.2,"[4.0, 14.5, 9.8, 3.5]","[3.5, 15.6, 20.2, 28.9]",Docenti per fasce di età (%) (A.S. 2025/26),8.5,7.0,6.0,2.7,4.1,3.6
MTTD06000B,22.5,77.5,"[3.9, 5.9, 9.8, 2.9]","[0.0, 15.7, 20.6, 41.2]",Docenti per fasce di età (%) (A.S. 2025/26),5.5,7.1,6.0,6.6,3.6,3.6
BATD02000A,9.8,90.2,"[1.0, 3.9, 3.9, 1.0]","[1.9, 5.8, 32.0, 50.5]",Docenti per fasce di età (%) (A.S. 2025/26),1.1,7.0,6.0,4.3,4.1,3.6
BATD013018,10.0,89.89999999999999,"[1.3, 2.7, 4.7, 1.3]","[5.3, 7.3, 37.3, 40.0]",Docenti per fasce di età (%) (A.S. 2025/26),4.7,7.0,6.0,3.1,4.1,3.6
BATD01601Q,21.0,78.8,"[2.3, 9.4, 6.2, 3.1]","[2.3, 14.8, 25.8, 35.9]",Docenti per fasce di età (%) (A.S. 2025/26),12.9,7.0,6.0,3.1,4.1,3.6
BATD665005,,,,,Docenti per fasce di età (%) (A.S. 2025/26),,,,,,
MTTF012019,14.2,85.8,"[1.9, 3.9, 7.1, 1.3]","[2.6, 15.5, 27.1, 40.6]",Docenti per fasce di età (%) (A.S. 2025/26),2.4,7.1,6.0,3.9,3.6,3.6
MTTA014018,15.0,85.0,"[1.2, 6.7, 4.6, 2.5]","[2.9, 13.7, 29.2, 39.2]",Docenti per fasce di età (%) (A.S. 2025/26),8.0,7.1,6.0,2.6,3.6,3.6
CZPC060004,,,,,,,,,,,
CZPC030008,,,,,,,,,,,
CZPC00500G,,,,,Docenti per fasce di età (%) (A.S. 2025/26),,,,,,
CZPS00101C,4.9,95.1,"[0.0, 1.4, 2.1, 1.4]","[4.1, 20.5, 26.7, 43.8]",Docenti per fasce di età (%) (A.S. 2025/26),2.4,6.7,6.0,3.8,3.8,3.6
CZPS03000B,,,,,,,,,,,
CZPS08000C,,,,,,,,,,,
CZPS02000R,0.0,100.0,"[0.0, 0.0, 0.0, 0.0]","[6.4, 21.8, 21.8, 50.0]",Docenti per fasce di età (%) (A.S. 2025/26),0.0,6.7,6.0,1.3,3.8,3.6
CZPM009014,,,,,,,,,,,
CZPM00101D,4.9,95.1,"[0.0, 1.4, 2.1, 1.4]","[4.1, 20.5, 26.7, 43.8]",Docenti per fasce di età (%) (A.S. 2025/26),2.4,6.7,6.0,3.8,3.8,3.6
CZPM03000C,,,,,,,,,,,
CZSL00901X,,,,,,,,,,,
CZSD00201P,15.899999999999999,84.1,"[0.0, 9.1, 3.4, 3.4]","[5.7, 22.7, 27.3, 28.4]",Docenti per fasce di età (%) (A.S. 2025/26),11.5,6.7,6.0,6.2,3.8,3.6
CZTD05000C,,,,,,,,,,,
CZTD04000T,,,,,,,,,,,
CZTD12000D,,,,,,,,,,,
CZTE01000D,,,,,,,,,,,
CZTL017018,,,,,,,,,,,
CZTA021035,15.1,85.0,"[1.4, 6.4, 5.0, 2.3]","[7.3, 11.0, 24.2, 42.5]",Docenti per fasce di età (%) (A.S. 2025/26),7.5,6.7,6.0,5.5,3.8,3.6
CZTF010008,8.4,91.7,"[0.6, 1.2, 4.8, 1.8]","[3.6, 19.0, 29.8, 39.3]",Docenti per fasce di età (%) (A.S. 2025/26),5.9,6.7,6.0,3.7,3.8,3.6
CSPC190001,10.5,89.6,"[3.0, 6.0, 0.0, 1.5]","[1.5, 6.0, 25.4, 56.7]",Docenti per fasce di età (%) (A.S. 2025/26),8.2,6.7,6.0,0.0,3.8,3.6
CSPC010007,2.4,97.5,"[1.2, 0.0, 1.2, 0.0]","[0.0, 4.9, 21.0, 71.6]",Docenti per fasce di età (%) (A.S. 2025/26),8.1,6.7,6.0,3.5,3.8,3.6
CSPS04901N,5.9,94.2,"[0.0, 2.0, 2.9, 1.0]","[2.0, 9.8, 27.5, 54.9]",Docenti per fasce di età (%) (A.S. 2025/26),8.1,6.7,6.0,8.2,3.8,3.6
CSPS03000G,2.0,97.9,"[1.0, 1.0, 0.0, 0.0]","[0.0, 6.2, 37.5, 54.2]",Docenti per fasce di età (%) (A.S. 2025/26),2.4,6.7,6.0,3.4,3.8,3.6
CSPS020001,,,,,,,,,,,
CSPS06901V,,,,,,,,,,,
CSPM08101E,7.4,92.7,"[1.0, 3.9, 1.5, 1.0]","[2.9, 9.7, 29.1, 51.0]",Docenti per fasce di età (%) (A.S. 2025/26),5.2,6.7,6.0,2.6,3.8,3.6
CSPM03500Q,,,,,Docenti per fasce di età (%) (A.S. 2025/26),,,,,,
CSTD07000T,,,,,,,,,,,
CSPS18000D,0.7,99.3,"[0.0, 0.7, 0.0, 0.0]","[0.0, 9.2, 43.3, 46.8]",Docenti per fasce di età (%) (A.S. 2025/26),0.0,6.7,6.0,3.7,3.8,3.6
CSSL04101X,,,,,,,,,,,
CSIS07600G,,,,,,,,,,,
CSTD04901D,5.9,94.2,"[0.0, 2.0, 2.9, 1.0]","[2.0, 9.8, 27.5, 54.9]",Docenti per fasce di età (%) (A.S. 2025/26),8.1,6.7,6.0,8.2,3.8,3.6
CSTD06901P,,,,,,,,,,,
CSTD71500B,,,,,Docenti per fasce di età (%) (A.S. 2025/26),,,,,,
CSTDIB500Z,,,,,Docenti per fasce di età (%) (A.S. 2025/26),,,,,,
CSTL069015,,,,,,,,,,,
CSTE051011,6.9,93.10000000000001,"[0.5, 0.5, 4.4, 1.5]","[2.0, 6.4, 26.6, 58.1]",Docenti per fasce di età (%) (A.S. 2025/26),3.7,6.7,6.0,3.7,3.8,3.6
CSTF01000C,4.1,96.0,"[0.6, 1.2, 1.7, 0.6]","[0.6, 5.2, 23.7, 66.5]",Docenti per fasce di età (%) (A.S. 2025/26),1.9,6.7,6.0,7.7,3.8,3.6
CSTA01701G,7.1,92.9,"[0.4, 3.3, 2.1, 1.3]","[0.8, 8.4, 21.8, 61.9]",Docenti per fasce di età (%) (A.S. 2025/26),3.6,6.7,6.0,7.8,3.8,3.6
CSRI07301Q,7.0,93.1,"[0.6, 3.2, 1.9, 1.3]","[3.2, 14.6, 34.8, 40.5]",Docenti per fasce di età (%) (A.S. 2025/26),11.7,6.7,6.0,7.5,3.8,3.6
CSTF6C500B,,,,,Docenti per fasce di età (%) (A.S. 2025/26),,,,,,
KRPC02000L,5.1,95.0,"[1.7, 1.7, 0.0, 1.7]","[0.0, 6.7, 33.3, 55.0]",Docenti per fasce di età (%) (A.S. 2025/26),5.0,6.7,6.0,3.4,3.8,3.6
KRPC010002,12.5,87.5,"[0.0, 8.3, 0.0, 4.2]","[8.3, 8.3, 41.7, 29.2]",Docenti per fasce di età (%) (A.S. 2025/26),8.7,6.7,6.0,0.0,3.8,3.6
KRTD00401P,36.4,63.599999999999994,"[7.1, 11.1, 12.1, 6.1]","[2.0, 10.1, 17.2, 34.3]",Docenti per fasce di età (%) (A.S. 2025/26),8.5,6.7,6.0,5.2,3.8,3.6
KRPS010005,6.0,94.2,"[2.0, 1.0, 1.0, 2.0]","[3.0, 14.9, 31.7, 44.6]",Docenti per fasce di età (%) (A.S. 2025/26),2.4,6.7,6.0,2.4,3.8,3.6
KRPS040001,14.3,85.7,"[0.0, 0.0, 14.3, 0.0]","[7.1, 14.3, 21.4, 42.9]",Docenti per fasce di età (%) (A.S. 2025/26),10.0,6.7,6.0,0.0,3.8,3.6
KRPS03000A,,,,,,,,,,,
KRPM010006,17.4,82.5,"[5.8, 3.6, 7.3, 0.7]","[0.7, 8.8, 31.4, 41.6]",Docenti per fasce di età (%) (A.S. 2025/26),2.8,6.7,6.0,0.9,3.8,3.6
KRPS02001R,14.0,85.9,"[5.6, 7.0, 1.4, 0.0]","[5.6, 19.7, 31.0, 29.6]",Docenti per fasce di età (%) (A.S. 2025/26),7.4,6.7,6.0,5.6,3.8,3.6
KRTD01101T,,,,,,,,,,,
KRTL009018,25.900000000000002,74.1,"[1.2, 9.4, 12.4, 2.9]","[1.8, 14.7, 24.7, 32.9]",Docenti per fasce di età (%) (A.S. 2025/26),6.4,6.7,6.0,3.2,3.8,3.6
KRTF011014,,,,,,,,,,,
KRTH01201B,,,,,,,,,,,
VVPC00701V,5.5,94.60000000000001,"[0.0, 2.2, 2.2, 1.1]","[3.3, 7.6, 32.6, 51.1]",Docenti per fasce di età (%) (A.S. 2025/26),8.5,6.7,6.0,3.3,3.8,3.6
VVPC04000D,11.100000000000001,88.8,"[0.0, 0.0, 7.4, 3.7]","[0.0, 7.4, 37.0, 44.4]",Docenti per fasce di età (%) (A.S. 2025/26),8.3,6.7,6.0,0.0,3.8,3.6
VVPC00201Q,18.5,81.6,"[0.9, 4.6, 7.4, 5.6]","[0.0, 5.6, 26.9, 49.1]",Docenti per fasce di età (%) (A.S. 2025/26),3.5,6.7,6.0,2.3,3.8,3.6
VVPS01000R,3.9,96.2,"[0.0, 1.9, 1.0, 1.0]","[5.7, 10.5, 23.8, 56.2]",Docenti per fasce di età (%) (A.S. 2025/26),0.0,6.7,6.0,3.0,3.8,3.6
VVPS07000C,,,,,,,,,,,
VVPS2U500I,,,,,,,,,,,
RCPM05000C,22.6,77.4,"[6.9, 9.8, 3.9, 2.0]","[3.9, 9.8, 23.5, 40.2]",Docenti per fasce di età (%) (A.S. 2025/26),4.3,6.7,6.0,1.4,3.8,3.6
VVPM01000T,9.2,90.80000000000001,"[4.3, 1.2, 2.5, 1.2]","[2.5, 15.3, 23.3, 49.7]",Docenti per fasce di età (%) (A.S. 2025/26),1.5,6.7,6.0,2.1,3.8,3.6
VVSD00701C,5.5,94.60000000000001,"[0.0, 2.2, 2.2, 1.1]","[3.3, 7.6, 32.6, 51.1]",Docenti per fasce di età (%) (A.S. 2025/26),8.5,6.7,6.0,3.3,3.8,3.6
VVTD01000L,,,,,,,,,,,
VVTD00301E,25.0,75.0,"[5.6, 8.3, 4.6, 6.5]","[3.7, 18.5, 22.2, 30.6]",Docenti per fasce di età (%) (A.S. 2025/26),12.0,6.7,6.0,0.0,3.8,3.6
VVTH01000A,12.700000000000001,87.3,"[0.0, 3.2, 7.9, 1.6]","[6.3, 15.9, 23.8, 41.3]",Docenti per fasce di età (%) (A.S. 2025/26),2.2,6.7,6.0,0.0,3.8,3.6
VVTF01101Q,10.3,89.8,"[0.0, 3.1, 4.1, 3.1]","[2.6, 16.8, 23.0, 47.4]",Docenti per fasce di età (%) (A.S. 2025/26),3.8,6.7,6.0,3.7,3.8,3.6
PAPC04000P,1.1,98.89999999999999,"[1.1, 0.0, 0.0, 0.0]","[0.0, 10.6, 34.0, 54.3]",Docenti per fasce di età (%) (A.S. 2025/26),1.1,7.0,6.0,4.2,3.5,3.6
PAPC11000Q,1.2,98.8,"[0.0, 1.2, 0.0, 0.0]","[0.0, 3.6, 31.3, 63.9]",Docenti per fasce di età (%) (A.S. 2025/26),2.4,7.0,6.0,6.2,3.5,3.6
PAPC09000Q,8.8,91.10000000000001,"[1.1, 3.3, 4.4, 0.0]","[0.0, 6.7, 32.2, 52.2]",Docenti per fasce di età (%) (A.S. 2025/26),1.2,7.0,6.0,8.4,3.5,3.6
PAPC00801X,27.7,72.3,"[5.7, 14.9, 5.0, 2.1]","[2.1, 13.5, 32.6, 24.1]",Docenti per fasce di età (%) (A.S. 2025/26),8.6,7.0,6.0,3.2,3.5,3.6
PAPC030004,3.6,96.5,"[0.0, 1.8, 1.8, 0.0]","[1.8, 6.2, 28.3, 60.2]",Docenti per fasce di età (%) (A.S. 2025/26),2.6,7.0,6.0,6.0,3.5,3.6
PAPC58500L,,,,,,,,,,,
PAPC12500D,,,,,Docenti per fasce di età (%) (A.S. 2025/26),,,,,,
PAPC12000A,27.5,72.6,"[3.9, 15.7, 5.9, 2.0]","[3.9, 15.7, 21.6, 31.4]",Docenti per fasce di età (%) (A.S. 2025/26),2.9,7.0,6.0,2.8,3.5,3.6
PAPC100005,0.0,100.0,"[0.0, 0.0, 0.0, 0.0]","[5.3, 15.8, 42.1, 36.8]",Docenti per fasce di età (%) (A.S. 2025/26),11.1,7.0,6.0,0.0,3.5,3.6
PAPC07500N,,,,,Docenti per fasce di età (%) (A.S. 2025/26),,,,,,
PAPC14500P,,,,,Docenti per fasce di età (%) (A.S. 2025/26),,,,,,
PAPC695004,,,,,,,,,,,
PAPC00500B,,,,,Docenti per fasce di età (%) (A.S. 2025/26),,,,,,
PAPS82500P,,,,,,,,,,,
PAPS100008,5.6,94.4,"[0.7, 3.5, 1.4, 0.0]","[3.5, 9.9, 26.1, 54.9]",Docenti per fasce di età (%) (A.S. 2025/26),4.0,7.0,6.0,2.4,3.5,3.6
PAPS02000L,6.3,93.89999999999999,"[1.8, 1.8, 1.8, 0.9]","[0.9, 4.4, 30.7, 57.9]",Docenti per fasce di età (%) (A.S. 2025/26),0.9,7.0,6.0,4.4,3.5,3.6
PAPS010002,6.6,93.4,"[0.0, 3.3, 3.3, 0.0]","[1.7, 5.0, 30.0, 56.7]",Docenti per fasce di età (%) (A.S. 2025/26),2.7,7.0,6.0,2.8,3.5,3.6
PAPS060003,12.5,87.4,"[2.5, 7.5, 2.5, 0.0]","[2.5, 11.2, 41.2, 32.5]",Docenti per fasce di età (%) (A.S. 2025/26),3.0,7.0,6.0,1.4,3.5,3.6
PAPS05000C,1.8,98.0,"[0.0, 0.0, 1.8, 0.0]","[1.8, 12.8, 33.9, 49.5]",Docenti per fasce di età (%) (A.S. 2025/26),1.9,7.0,6.0,0.9,3.5,3.6
PAPS02500Q,,,,,Docenti per fasce di età (%) (A.S. 2025/26),,,,,,
PAPS02601L,20.7,79.3,"[2.5, 9.4, 7.5, 1.3]","[1.3, 8.8, 30.8, 38.4]",Docenti per fasce di età (%) (A.S. 2025/26),7.0,7.0,6.0,5.2,3.5,3.6
PAPS008024,27.7,72.3,"[5.7, 14.9, 5.0, 2.1]","[2.1, 13.5, 32.6, 24.1]",Docenti per fasce di età (%) (A.S. 2025/26),8.6,7.0,6.0,3.2,3.5,3.6
PAPS00500E,,,,,,,,,,,
PAPSVD500Q,,,,,Docenti per fasce di età (%) (A.S. 2025/26),,,,,,
PAPS05500G,,,,,Docenti per fasce di età (%) (A.S. 2025/26),,,,,,
PAPS016012,9.5,90.6,"[0.9, 0.9, 5.9, 1.8]","[1.4, 10.9, 33.5, 44.8]",Docenti per fasce di età (%) (A.S. 2025/26),5.9,7.0,6.0,2.1,3.5,3.6
PATF02701E,21.0,79.1,"[3.5, 10.0, 7.0, 0.5]","[2.5, 12.9, 24.4, 39.3]",Docenti per fasce di età (%) (A.S. 2025/26),7.4,7.0,6.0,3.2,3.5,3.6
PAPS029014,,,,,,,,,,,
PAPS5E500M,,,,,Docenti per fasce di età (%) (A.S. 2025/26),,,,,,
PAPS09000V,,,,,,,,,,,
PAPM07000P,20.8,79.2,"[2.2, 8.4, 9.6, 0.6]","[2.2, 12.4, 30.3, 34.3]",Docenti per fasce di età (%) (A.S. 2025/26),8.5,7.0,6.0,3.6,3.5,3.6
PAPM02000N,5.800000000000001,94.1,"[0.8, 4.2, 0.8, 0.0]","[1.7, 13.6, 33.9, 44.9]",Docenti per fasce di età (%) (A.S. 2025/26),1.9,7.0,6.0,4.6,3.5,3.6
PAPM010003,7.699999999999999,92.2,"[0.7, 2.8, 2.8, 1.4]","[3.5, 6.3, 34.5, 47.9]",Docenti per fasce di età (%) (A.S. 2025/26),1.8,7.0,6.0,2.9,3.5,3.6
PAPM04000V,8.5,91.4,"[3.0, 3.7, 1.1, 0.7]","[2.2, 14.2, 24.3, 50.7]",Docenti per fasce di età (%) (A.S. 2025/26),2.1,7.0,6.0,4.5,3.5,3.6
PAPMB55005,,,,,Docenti per fasce di età (%) (A.S. 2025/26),,,,,,
PAPMO7500Q,,,,,,,,,,,
PAPM023016,24.8,75.3,"[3.0, 10.9, 6.9, 4.0]","[1.0, 9.9, 21.8, 42.6]",Docenti per fasce di età (%) (A.S. 2025/26),9.2,7.0,6.0,2.7,3.5,3.6
PAPL12500B,,,,,,,,,,,
PAPL6T500Q,,,,,Docenti per fasce di età (%) (A.S. 2025/26),,,,,,
PAPLE05003,,,,,Docenti per fasce di età (%) (A.S. 2025/26),,,,,,
PASD033016,22.099999999999998,77.89999999999999,"[0.5, 10.1, 10.6, 0.9]","[0.5, 10.1, 30.0, 37.3]",Docenti per fasce di età (%) (A.S. 2025/26),3.7,7.0,6.0,1.8,3.5,3.6
PASL01000V,5.9,94.0,"[0.0, 1.5, 3.7, 0.7]","[0.7, 9.0, 34.3, 50.0]",Docenti per fasce di età (%) (A.S. 2025/26),4.2,7.0,6.0,3.4,3.5,3.6
PASL03201R,18.7,81.2,"[1.6, 6.2, 9.9, 1.0]","[1.0, 6.8, 29.7, 43.7]",Docenti per fasce di età (%) (A.S. 2025/26),8.1,7.0,6.0,3.1,3.5,3.6
PASD00801D,27.7,72.3,"[5.7, 14.9, 5.0, 2.1]","[2.1, 13.5, 32.6, 24.1]",Docenti per fasce di età (%) (A.S. 2025/26),8.6,7.0,6.0,3.2,3.5,3.6
PATL02601V,20.7,79.3,"[2.5, 9.4, 7.5, 1.3]","[1.3, 8.8, 30.8, 38.4]",Docenti per fasce di età (%) (A.S. 2025/26),7.0,7.0,6.0,5.2,3.5,3.6
PATD03701V,,,,,,,,,,,
PATN01000Q,10.8,89.2,"[0.9, 5.4, 1.8, 2.7]","[0.9, 2.7, 21.6, 64.0]",Docenti per fasce di età (%) (A.S. 2025/26),2.9,7.0,6.0,5.8,3.5,3.6
PATD03801P,20.4,79.5,"[3.0, 10.2, 6.6, 0.6]","[1.2, 5.4, 27.7, 45.2]",Docenti per fasce di età (%) (A.S. 2025/26),4.1,7.0,6.0,4.4,3.5,3.6
PATD02901X,,,,,,,,,,,
PATD01000T,,,,,,,,,,,
PATD023011,24.8,75.3,"[3.0, 10.9, 6.9, 4.0]","[1.0, 9.9, 21.8, 42.6]",Docenti per fasce di età (%) (A.S. 2025/26),9.2,7.0,6.0,2.7,3.5,3.6
PATD12500C,,,,,,,,,,,
PATD205004,,,,,Docenti per fasce di età (%) (A.S. 2025/26),,,,,,
PATD34500B,,,,,,,,,,,
PATD43500N,,,,,,,,,,,
PATD91500R,,,,,,,,,,,
PATD17000A,,,,,,,,,,,
PATL02000V,,,,,,,,,,,
PATF030009,15.8,84.3,"[1.0, 5.9, 6.4, 2.5]","[2.9, 12.3, 18.6, 50.5]",Docenti per fasce di età (%) (A.S. 2025/26),2.9,7.0,6.0,5.2,3.5,3.6
PATF016014,9.5,90.6,"[0.9, 0.9, 5.9, 1.8]","[1.4, 10.9, 33.5, 44.8]",Docenti per fasce di età (%) (A.S. 2025/26),5.9,7.0,6.0,2.1,3.5,3.6
PATF02801A,21.7,78.30000000000001,"[2.0, 7.2, 9.2, 3.3]","[2.6, 9.9, 27.6, 38.2]",Docenti per fasce di età (%) (A.S. 2025/26),4.8,7.0,6.0,4.6,3.5,3.6
PATF02500T,,,,,,,,,,,
PATH03601R,12.8,87.2,"[3.2, 4.8, 4.0, 0.8]","[4.0, 4.0, 33.6, 45.6]",Docenti per fasce di età (%) (A.S. 2025/26),10.4,7.0,6.0,0.9,3.5,3.6
PATF024013,24.2,75.9,"[3.4, 10.7, 8.4, 1.7]","[3.4, 18.0, 29.2, 25.3]",Docenti per fasce di età (%) (A.S. 2025/26),14.1,7.0,6.0,0.8,3.5,3.6
AGPC010001,16.3,83.8,"[8.5, 2.6, 4.3, 0.9]","[5.1, 10.3, 31.6, 36.8]",Docenti per fasce di età (%) (A.S. 2025/26),2.2,7.0,6.0,6.4,3.5,3.6
AGPSFG5009,,,,,Docenti per fasce di età (%) (A.S. 2025/26),,,,,,
AGPS030009,3.5,96.5,"[1.4, 0.7, 1.4, 0.0]","[2.1, 11.8, 34.7, 47.9]",Docenti per fasce di età (%) (A.S. 2025/26),0.9,7.0,6.0,3.3,3.5,3.6
AGPM03000A,4.9,95.0,"[0.0, 3.5, 0.7, 0.7]","[1.4, 9.9, 36.2, 47.5]",Docenti per fasce di età (%) (A.S. 2025/26),3.3,7.0,6.0,2.2,3.5,3.6
AGPM02000Q,,,,,,,,,,,
AGPS00101A,5.4,94.6,"[0.9, 2.7, 0.9, 0.9]","[3.6, 14.3, 31.2, 45.5]",Docenti per fasce di età (%) (A.S. 2025/26),1.1,7.0,6.0,4.0,3.5,3.6
AGSL015004,,,,,Docenti per fasce di età (%) (A.S. 2025/26),,,,,,
AGTD09000R,,,,,,,,,,,
AGTD685001,,,,,Docenti per fasce di età (%) (A.S. 2025/26),,,,,,
AGTL01401P,,,,,,,,,,,
AGTF024015,7.2,92.89999999999999,"[2.4, 3.0, 1.8, 0.0]","[3.6, 19.5, 26.0, 43.8]",Docenti per fasce di età (%) (A.S. 2025/26),3.1,7.0,6.0,2.1,3.5,3.6
CLPC02000X,15.299999999999999,84.8,"[1.3, 5.1, 5.1, 3.8]","[2.5, 6.3, 20.3, 55.7]",Docenti per fasce di età (%) (A.S. 2025/26),1.5,7.0,6.0,10.8,3.5,3.6
CLPC025003,,,,,,,,,,,
CLPS01901X,17.5,82.5,"[4.9, 4.9, 5.8, 1.9]","[4.9, 2.9, 26.2, 48.5]",Docenti per fasce di età (%) (A.S. 2025/26),0.0,7.0,6.0,7.0,3.5,3.6
ENPS00201V,20.0,80.0,"[3.8, 3.8, 8.6, 3.8]","[5.7, 16.2, 37.1, 21.0]",Docenti per fasce di età (%) (A.S. 2025/26),16.2,7.0,6.0,0.0,3.5,3.6
ENPS01000R,,,,,,,,,,,
ENPM00201X,,,,,,,,,,,
CLPM01000D,,,,,,,,,,,
ENPM01101P,11.9,88.1,"[3.0, 5.9, 3.0, 0.0]","[3.7, 8.1, 21.5, 54.8]",Docenti per fasce di età (%) (A.S. 2025/26),2.5,7.0,6.0,6.4,3.5,3.6
CLTE013018,15.8,84.19999999999999,"[1.9, 8.3, 3.7, 1.9]","[4.6, 12.0, 34.3, 33.3]",Docenti per fasce di età (%) (A.S. 2025/26),7.1,7.0,6.0,6.9,3.5,3.6
CLSD014017,14.7,85.3,"[3.5, 3.5, 6.3, 1.4]","[5.6, 12.0, 25.4, 42.3]",Docenti per fasce di età (%) (A.S. 2025/26),4.5,7.0,6.0,1.9,3.5,3.6
CLSD00500B,,,,,Docenti per fasce di età (%) (A.S. 2025/26),,,,,,
CLTD090005,18.6,81.3,"[1.6, 6.2, 8.5, 2.3]","[2.3, 14.7, 24.8, 39.5]",Docenti per fasce di età (%) (A.S. 2025/26),5.1,7.0,6.0,1.1,3.5,3.6
CLTF012017,14.4,85.5,"[2.7, 3.6, 5.4, 2.7]","[3.6, 11.7, 22.5, 47.7]",Docenti per fasce di età (%) (A.S. 2025/26),8.4,7.0,6.0,2.2,3.5,3.6
CLTA00901P,,,,,,,,,,,
CTPC070002,4.9,95.2,"[1.2, 3.7, 0.0, 0.0]","[3.7, 11.0, 26.8, 53.7]",Docenti per fasce di età (%) (A.S. 2025/26),1.5,7.0,6.0,6.7,3.5,3.6
CTPC01500D,,,,,Docenti per fasce di età (%) (A.S. 2025/26),,,,,,
CTPC040006,2.4,97.5,"[1.2, 1.2, 0.0, 0.0]","[0.0, 8.5, 36.6, 52.4]",Docenti per fasce di età (%) (A.S. 2025/26),11.4,7.0,6.0,3.4,3.5,3.6
CTPC03000G,14.0,86.2,"[4.2, 2.8, 4.2, 2.8]","[1.4, 5.6, 30.6, 48.6]",Docenti per fasce di età (%) (A.S. 2025/26),1.6,7.0,6.0,3.1,3.5,3.6
CTPC605004,,,,,Docenti per fasce di età (%) (A.S. 2025/26),,,,,,
CTPS020004,12.5,87.39999999999999,"[2.3, 8.6, 0.8, 0.8]","[2.3, 7.0, 31.2, 46.9]",Docenti per fasce di età (%) (A.S. 2025/26),2.9,7.0,6.0,5.7,3.5,3.6
CTPS040009,3.2,96.9,"[0.8, 0.8, 0.8, 0.8]","[1.5, 8.4, 32.8, 54.2]",Docenti per fasce di età (%) (A.S. 2025/26),2.4,7.0,6.0,6.5,3.5,3.6
CTPS06000E,4.7,95.3,"[2.3, 0.8, 0.8, 0.8]","[3.1, 7.8, 26.6, 57.8]",Docenti per fasce di età (%) (A.S. 2025/26),4.1,7.0,6.0,3.8,3.5,3.6
CTPS075008,,,,,Docenti per fasce di età (%) (A.S. 2025/26),,,,,,
CTPS09500D,,,,,Docenti per fasce di età (%) (A.S. 2025/26),,,,,,
CTPS10500V,,,,,Docenti per fasce di età (%) (A.S. 2025/26),,,,,,
CTPS017019,5.4,94.6,"[0.0, 3.1, 1.5, 0.8]","[1.5, 7.7, 36.9, 48.5]",Docenti per fasce di età (%) (A.S. 2025/26),2.7,7.0,6.0,1.7,3.5,3.6
CTPS01000D,2.7,97.5,"[0.9, 0.9, 0.9, 0.0]","[0.0, 6.0, 30.8, 60.7]",Docenti per fasce di età (%) (A.S. 2025/26),1.8,7.0,6.0,5.9,3.5,3.6
CTPM03000Q,4.5,95.60000000000001,"[0.0, 2.5, 1.5, 0.5]","[1.5, 6.4, 32.5, 55.2]",Docenti per fasce di età (%) (A.S. 2025/26),4.0,7.0,6.0,4.3,3.5,3.6
CTPM020005,6.8,93.3,"[3.4, 1.7, 1.7, 0.0]","[4.5, 11.7, 25.1, 52.0]",Docenti per fasce di età (%) (A.S. 2025/26),5.2,7.0,6.0,2.4,3.5,3.6
CTPM075009,,,,,Docenti per fasce di età (%) (A.S. 2025/26),,,,,,
CTPL00500R,,,,,Docenti per fasce di età (%) (A.S. 2025/26),,,,,,
CTSL01002C,13.2,86.80000000000001,"[2.6, 4.2, 5.3, 1.1]","[1.6, 6.3, 34.2, 44.7]",Docenti per fasce di età (%) (A.S. 2025/26),2.9,7.0,6.0,4.4,3.5,3.6
CTSD02000E,17.0,82.9,"[4.4, 7.4, 3.0, 2.2]","[0.0, 9.6, 22.2, 51.1]",Docenti per fasce di età (%) (A.S. 2025/26),10.4,7.0,6.0,5.0,3.5,3.6
CTSL020001,30.6,69.4,"[5.1, 13.3, 10.2, 2.0]","[1.0, 23.5, 23.5, 21.4]",Docenti per fasce di età (%) (A.S. 2025/26),11.7,7.0,6.0,0.0,3.5,3.6
CTTD03401V,7.9,92.1,"[2.0, 1.0, 4.9, 0.0]","[3.9, 8.8, 35.3, 44.1]",Docenti per fasce di età (%) (A.S. 2025/26),10.8,7.0,6.0,5.1,3.5,3.6
CTTD045008,,,,,Docenti per fasce di età (%) (A.S. 2025/26),,,,,,
CTTD145005,,,,,Docenti per fasce di età (%) (A.S. 2025/26),,,,,,
CTTD34500V,,,,,Docenti per fasce di età (%) (A.S. 2025/26),,,,,,
CTTE01500X,,,,,Docenti per fasce di età (%) (A.S. 2025/26),,,,,,
CTTN01500A,,,,,Docenti per fasce di età (%) (A.S. 2025/26),,,,,,
CTTN02301A,25.3,74.9,"[6.9, 9.2, 8.4, 0.8]","[2.3, 13.0, 19.1, 40.5]",Docenti per fasce di età (%) (A.S. 2025/26),7.0,7.0,6.0,3.5,3.5,3.6
CTTF01701B,5.4,94.6,"[0.0, 3.1, 1.5, 0.8]","[1.5, 7.7, 36.9, 48.5]",Docenti per fasce di età (%) (A.S. 2025/26),2.7,7.0,6.0,1.7,3.5,3.6
CTTF01000G,14.4,85.5,"[1.4, 7.9, 4.2, 0.9]","[0.5, 7.9, 29.4, 47.7]",Docenti per fasce di età (%) (A.S. 2025/26),2.3,7.0,6.0,2.3,3.5,3.6
CTTF050002,,,,,,,,,,,
CTTA00301R,,,,,,,,,,,
CTTB01000A,11.7,88.39999999999999,"[0.0, 7.8, 1.3, 2.6]","[2.6, 11.7, 31.2, 42.9]",Docenti per fasce di età (%) (A.S. 2025/26),3.3,7.0,6.0,3.2,3.5,3.6
CTTF01500P,,,,,,,,,,,
CTTF02301P,25.3,74.9,"[6.9, 9.2, 8.4, 0.8]","[2.3, 13.0, 19.1, 40.5]",Docenti per fasce di età (%) (A.S. 2025/26),7.0,7.0,6.0,3.5,3.5,3.6
CTTF03000R,24.900000000000002,75.2,"[4.6, 9.8, 9.8, 0.7]","[1.3, 8.5, 22.9, 42.5]",Docenti per fasce di età (%) (A.S. 2025/26),11.5,7.0,6.0,3.7,3.5,3.6
CTTF04500E,,,,,Docenti per fasce di età (%) (A.S. 2025/26),,,,,,
CTTH007018,16.1,83.8,"[0.6, 8.4, 5.8, 1.3]","[4.5, 12.9, 25.8, 40.6]",Docenti per fasce di età (%) (A.S. 2025/26),5.7,7.0,6.0,1.6,3.5,3.6
ENPC06000P,,,,,,,,,,,
ENPC01101E,11.9,88.1,"[3.0, 5.9, 3.0, 0.0]","[3.7, 8.1, 21.5, 54.8]",Docenti per fasce di età (%) (A.S. 2025/26),2.5,7.0,6.0,6.4,3.5,3.6
ENPS11000N,,,,,,,,,,,
ENPM01701N,23.1,76.8,"[3.7, 7.4, 8.3, 3.7]","[4.6, 9.3, 15.7, 47.2]",Docenti per fasce di età (%) (A.S. 2025/26),11.4,7.0,6.0,6.8,3.5,3.6
ENPL025009,,,,,,,,,,,
ENSD01500A,,,,,Docenti per fasce di età (%) (A.S. 2025/26),,,,,,
ENTD021014,13.7,86.3,"[2.3, 5.3, 3.8, 2.3]","[4.5, 13.6, 28.0, 40.2]",Docenti per fasce di età (%) (A.S. 2025/26),9.9,7.0,6.0,1.8,3.5,3.6
ENTD01701C,23.1,76.8,"[3.7, 7.4, 8.3, 3.7]","[4.6, 9.3, 15.7, 47.2]",Docenti per fasce di età (%) (A.S. 2025/26),11.4,7.0,6.0,6.8,3.5,3.6
ENTE007019,,,,,,,,,,,
ENTF007014,8.5,91.6,"[2.1, 0.7, 5.7, 0.0]","[4.3, 9.9, 27.0, 50.4]",Docenti per fasce di età (%) (A.S. 2025/26),3.3,7.0,6.0,3.3,3.5,3.6
ENTL01401B,,,,,,,,,,,
MEPC05000G,,,,,,,,,,,
MEPC02601Q,,,,,,,,,,,
MEPS010008,0.8,99.2,"[0.0, 0.0, 0.8, 0.0]","[3.4, 11.9, 36.4, 47.5]",Docenti per fasce di età (%) (A.S. 2025/26),3.7,7.0,6.0,4.4,3.5,3.6
MEPS03000D,12.299999999999999,87.8,"[3.3, 4.1, 3.3, 1.6]","[3.3, 11.5, 24.6, 48.4]",Docenti per fasce di età (%) (A.S. 2025/26),3.0,7.0,6.0,6.3,3.5,3.6
MEPS01301R,9.4,90.6,"[2.6, 5.1, 1.7, 0.0]","[3.4, 17.9, 36.8, 32.5]",Docenti per fasce di età (%) (A.S. 2025/26),5.0,7.0,6.0,4.4,3.5,3.6
MEPS009026,11.7,88.4,"[2.5, 3.9, 4.2, 1.1]","[3.9, 13.1, 23.3, 48.1]",Docenti per fasce di età (%) (A.S. 2025/26),8.1,7.0,6.0,5.1,3.5,3.6
MEPS01500B,,,,,Docenti per fasce di età (%) (A.S. 2025/26),,,,,,
MEPS045007,,,,,,,,,,,
RCPM036017,7.8,92.3,"[1.0, 1.0, 2.9, 2.9]","[2.9, 13.6, 28.2, 47.6]",Docenti per fasce di età (%) (A.S. 2025/26),5.0,6.7,6.0,3.4,3.8,3.6
MEPS435000,,,,,Docenti per fasce di età (%) (A.S. 2025/26),,,,,,
MEPM01301T,9.4,90.6,"[2.6, 5.1, 1.7, 0.0]","[3.4, 17.9, 36.8, 32.5]",Docenti per fasce di età (%) (A.S. 2025/26),5.0,7.0,6.0,4.4,3.5,3.6
MEPM010009,5.6,94.5,"[2.1, 0.7, 1.4, 1.4]","[1.4, 8.5, 26.1, 58.5]",Docenti per fasce di età (%) (A.S. 2025/26),1.7,7.0,6.0,5.6,3.5,3.6
MEPMEB500L,,,,,Docenti per fasce di età (%) (A.S. 2025/26),,,,,,
MEPLZL500L,,,,,Docenti per fasce di età (%) (A.S. 2025/26),,,,,,
MESD03101R,1.2,98.8,"[0.0, 0.6, 0.6, 0.0]","[0.6, 10.4, 36.4, 51.4]",Docenti per fasce di età (%) (A.S. 2025/26),1.4,7.0,6.0,3.5,3.5,3.6
METD04000X,,,,,,,,,,,
METD009011,11.7,88.4,"[2.5, 3.9, 4.2, 1.1]","[3.9, 13.1, 23.3, 48.1]",Docenti per fasce di età (%) (A.S. 2025/26),8.1,7.0,6.0,5.1,3.5,3.6
MERC019018,20.0,80.1,"[3.7, 6.8, 8.4, 1.1]","[3.2, 9.5, 27.4, 40.0]",Docenti per fasce di età (%) (A.S. 2025/26),4.7,7.0,6.0,3.3,3.5,3.6
METL00901B,11.7,88.4,"[2.5, 3.9, 4.2, 1.1]","[3.9, 13.1, 23.3, 48.1]",Docenti per fasce di età (%) (A.S. 2025/26),8.1,7.0,6.0,5.1,3.5,3.6
METF02701R,18.2,81.7,"[0.7, 9.3, 6.8, 1.4]","[2.2, 9.3, 29.0, 41.2]",Docenti per fasce di età (%) (A.S. 2025/26),5.9,7.0,6.0,2.7,3.5,3.6
METH01000T,,,,,,,,,,,
RGPC00101X,,,,,,,,,,,
RGPC00301G,18.6,81.5,"[4.9, 8.2, 4.4, 1.1]","[2.7, 5.5, 30.1, 43.2]",Docenti per fasce di età (%) (A.S. 2025/26),4.9,7.0,6.0,2.1,3.5,3.6
RGPC00701V,,,,,,,,,,,
RGPS01000R,1.2,98.9,"[0.0, 0.0, 1.2, 0.0]","[0.0, 6.0, 50.0, 42.9]",Docenti per fasce di età (%) (A.S. 2025/26),2.4,7.0,6.0,3.6,3.5,3.6
RGPS02000B,,,,,,,,,,,
RGPM01000T,,,,,,,,,,,
RGPM0A500T,,,,,Docenti per fasce di età (%) (A.S. 2025/26),,,,,,
RGPM00401G,11.5,88.5,"[1.8, 4.2, 5.5, 0.0]","[2.4, 12.7, 26.7, 46.7]",Docenti per fasce di età (%) (A.S. 2025/26),0.0,7.0,6.0,2.2,3.5,3.6
RGSL01601N,3.1,96.9,"[0.0, 2.1, 0.0, 1.0]","[2.1, 7.2, 21.6, 66.0]",Docenti per fasce di età (%) (A.S. 2025/26),4.2,7.0,6.0,3.0,3.5,3.6
RGSD003015,18.6,81.5,"[4.9, 8.2, 4.4, 1.1]","[2.7, 5.5, 30.1, 43.2]",Docenti per fasce di età (%) (A.S. 2025/26),4.9,7.0,6.0,2.1,3.5,3.6
RGSL013016,5.5,94.4,"[0.5, 3.5, 1.5, 0.0]","[4.0, 9.0, 35.2, 46.2]",Docenti per fasce di età (%) (A.S. 2025/26),5.9,7.0,6.0,2.2,3.5,3.6
RGTD03000T,5.0,95.1,"[2.0, 0.0, 1.0, 2.0]","[5.9, 10.8, 33.3, 45.1]",Docenti per fasce di età (%) (A.S. 2025/26),4.8,7.0,6.0,5.6,3.5,3.6
RGTD105002,,,,,Docenti per fasce di età (%) (A.S. 2025/26),,,,,,
RGTDCA500P,,,,,Docenti per fasce di età (%) (A.S. 2025/26),,,,,,
RGTL01801P,8.4,91.5,"[1.4, 2.1, 2.8, 2.1]","[1.4, 7.7, 22.5, 59.9]",Docenti per fasce di età (%) (A.S. 2025/26),0.0,7.0,6.0,6.3,3.5,3.6
RGTF01000V,,,,,,,,,,,
SRPC04000A,,,,,,,,,,,
SRPM01000P,10.0,90.1,"[2.0, 4.0, 4.0, 0.0]","[3.0, 12.9, 27.7, 46.5]",Docenti per fasce di età (%) (A.S. 2025/26),3.4,7.0,6.0,9.1,3.5,3.6
SRPS050004,,,,,,,,,,,
SRPS04000D,,,,,,,,,,,
SRPS395007,,,,,Docenti per fasce di età (%) (A.S. 2025/26),,,,,,
SRPM475001,,,,,Docenti per fasce di età (%) (A.S. 2025/26),,,,,,
SRPL005001,,,,,Docenti per fasce di età (%) (A.S. 2025/26),,,,,,
SRSD016014,12.200000000000001,87.8,"[1.6, 4.9, 5.7, 0.0]","[0.8, 7.3, 22.8, 56.9]",Docenti per fasce di età (%) (A.S. 2025/26),5.4,7.0,6.0,1.8,3.5,3.6
SRSD02201B,17.1,82.89999999999999,"[2.7, 5.3, 6.4, 2.7]","[1.6, 10.7, 27.3, 43.3]",Docenti per fasce di età (%) (A.S. 2025/26),6.4,7.0,6.0,4.3,3.5,3.6
SRTD02401C,17.3,82.60000000000001,"[0.5, 10.3, 4.9, 1.6]","[3.8, 8.6, 20.5, 49.7]",Docenti per fasce di età (%) (A.S. 2025/26),1.0,7.0,6.0,4.7,3.5,3.6
SRTD004017,,,,,,,,,,,
SRTDRP500U,,,,,Docenti per fasce di età (%) (A.S. 2025/26),,,,,,
SRTF01000Q,14.399999999999999,85.4,"[2.4, 4.8, 4.8, 2.4]","[1.2, 6.7, 33.9, 43.6]",Docenti per fasce di età (%) (A.S. 2025/26),4.1,7.0,6.0,2.9,3.5,3.6
SRTE022018,17.1,82.89999999999999,"[2.7, 5.3, 6.4, 2.7]","[1.6, 10.7, 27.3, 43.3]",Docenti per fasce di età (%) (A.S. 2025/26),6.4,7.0,6.0,4.3,3.5,3.6
SRTH024016,17.3,82.60000000000001,"[0.5, 10.3, 4.9, 1.6]","[3.8, 8.6, 20.5, 49.7]",Docenti per fasce di età (%) (A.S. 2025/26),1.0,7.0,6.0,4.7,3.5,3.6
SRTL029012,13.7,86.3,"[1.6, 6.5, 5.6, 0.0]","[2.4, 10.5, 24.2, 49.2]",Docenti per fasce di età (%) (A.S. 2025/26),7.2,7.0,6.0,4.0,3.5,3.6
SRTL49500I,,,,,Docenti per fasce di età (%) (A.S. 2025/26),,,,,,
SRRC00401X,,,,,,,,,,,
TPPC02301D,,,,,,,,,,,
TPPC05000R,,,,,,,,,,,
TPPS10000Q,7.0,93.1,"[0.0, 2.8, 2.8, 1.4]","[8.3, 15.3, 26.4, 43.1]",Docenti per fasce di età (%) (A.S. 2025/26),12.1,7.0,6.0,0.0,3.5,3.6
TPPS03000P,,,,,,,,,,,
TPPM03000Q,8.0,91.9,"[3.2, 3.2, 0.8, 0.8]","[2.4, 8.9, 26.6, 54.0]",Docenti per fasce di età (%) (A.S. 2025/26),9.4,7.0,6.0,9.5,3.5,3.6
TPPM04000A,,,,,,,,,,,
TPTD040005,,,,,,,,,,,
TPTD02202N,22.599999999999998,77.2,"[1.9, 10.4, 9.7, 0.6]","[2.6, 7.1, 22.7, 44.8]",Docenti per fasce di età (%) (A.S. 2025/26),8.1,7.0,6.0,3.3,3.5,3.6
TPTF018017,13.8,86.2,"[0.9, 4.6, 8.3, 0.0]","[1.9, 7.4, 30.6, 46.3]",Docenti per fasce di età (%) (A.S. 2025/26),3.3,7.0,6.0,3.4,3.5,3.6
TPTL028012,32.3,67.6,"[5.8, 12.2, 10.1, 4.2]","[2.6, 14.8, 25.9, 24.3]",Docenti per fasce di età (%) (A.S. 2025/26),12.1,7.0,6.0,0.9,3.5,3.6
CAPC03000V,4.199999999999999,95.8,"[0.0, 1.4, 2.8, 0.0]","[1.4, 0.0, 23.6, 70.8]",Docenti per fasce di età (%) (A.S. 2025/26),1.4,5.7,6.0,4.2,3.9,3.6
CAPC08000X,11.1,88.89999999999999,"[1.4, 1.4, 6.9, 1.4]","[4.2, 11.1, 29.2, 44.4]",Docenti per fasce di età (%) (A.S. 2025/26),3.4,5.7,6.0,1.6,3.9,3.6
CAPC050004,7.9,92.2,"[1.6, 4.7, 1.6, 0.0]","[1.6, 10.9, 25.0, 54.7]",Docenti per fasce di età (%) (A.S. 2025/26),1.7,5.7,6.0,10.2,3.9,3.6
CAPS13000V,5.9,94.2,"[1.0, 2.0, 2.9, 0.0]","[2.0, 6.9, 20.6, 64.7]",Docenti per fasce di età (%) (A.S. 2025/26),2.0,5.7,6.0,4.0,3.9,3.6
CAPC005006,,,,,Docenti per fasce di età (%) (A.S. 2025/26),,,,,,
CAPS050007,6.5,93.5,"[0.9, 2.8, 2.8, 0.0]","[1.9, 12.0, 19.4, 60.2]",Docenti per fasce di età (%) (A.S. 2025/26),1.0,5.7,6.0,4.1,3.9,3.6
CAPS005009,,,,,Docenti per fasce di età (%) (A.S. 2025/26),,,,,,
CAPS02000B,13.7,86.3,"[2.9, 3.9, 6.9, 0.0]","[2.9, 15.7, 26.5, 41.2]",Docenti per fasce di età (%) (A.S. 2025/26),3.4,5.7,6.0,9.0,3.9,3.6
CAPS04000L,12.4,87.60000000000001,"[0.0, 4.8, 5.7, 1.9]","[4.8, 17.1, 27.6, 38.1]",Docenti per fasce di età (%) (A.S. 2025/26),4.3,5.7,6.0,3.3,3.9,3.6
CAPS02500E,,,,,Docenti per fasce di età (%) (A.S. 2025/26),,,,,,
CATF04000P,19.2,80.8,"[1.0, 4.5, 7.6, 6.1]","[4.5, 9.1, 30.3, 36.9]",Docenti per fasce di età (%) (A.S. 2025/26),5.8,5.7,6.0,3.1,3.9,3.6
CAPM02000C,18.9,81.0,"[2.6, 7.8, 5.9, 2.6]","[2.0, 6.5, 22.2, 50.3]",Docenti per fasce di età (%) (A.S. 2025/26),4.3,5.7,6.0,5.1,3.9,3.6
CAPM030003,,,,,,,,,,,
CAPQ00500E,,,,,Docenti per fasce di età (%) (A.S. 2025/26),,,,,,
CAPC09000E,21.2,79.0,"[2.3, 3.8, 9.8, 5.3]","[2.3, 9.0, 30.1, 37.6]",Docenti per fasce di età (%) (A.S. 2025/26),1.1,5.7,6.0,5.1,3.9,3.6
CATE010004,,,,,,,,,,,
CASL01000N,26.6,73.3,"[4.4, 10.0, 7.8, 4.4]","[1.1, 12.2, 22.8, 37.2]",Docenti per fasce di età (%) (A.S. 2025/26),3.2,5.7,6.0,4.8,3.9,3.6
CASL01701D,21.2,78.7,"[2.1, 8.2, 7.5, 3.4]","[2.7, 12.3, 24.0, 39.7]",Docenti per fasce di età (%) (A.S. 2025/26),0.9,5.7,6.0,5.3,3.9,3.6
CATD01601L,22.7,77.3,"[1.3, 9.1, 8.4, 3.9]","[2.6, 9.1, 18.8, 46.8]",Docenti per fasce di età (%) (A.S. 2025/26),9.1,5.7,6.0,5.6,3.9,3.6
CATD10000V,,,,,,,,,,,
CATD00701T,,,,,,,,,,,
CATD08000V,,,,,,,,,,,
CATA01401E,27.6,72.3,"[2.8, 9.2, 12.8, 2.8]","[4.3, 11.3, 18.4, 38.3]",Docenti per fasce di età (%) (A.S. 2025/26),2.0,5.7,6.0,3.0,3.9,3.6
CATF050009,,,,,,,,,,,
CATF01000V,,,,,,,,,,,
CATH01000A,,,,,,,,,,,
CARC00201B,30.200000000000003,69.8,"[3.5, 8.4, 11.4, 6.9]","[3.0, 13.9, 27.2, 25.7]",Docenti per fasce di età (%) (A.S. 2025/26),7.6,5.7,6.0,5.4,3.9,3.6
NUPC010006,11.3,88.7,"[0.0, 3.8, 0.0, 7.5]","[1.9, 5.7, 22.6, 58.5]",Docenti per fasce di età (%) (A.S. 2025/26),6.4,5.7,6.0,0.0,3.9,3.6
NUPS090006,14.799999999999999,85.10000000000001,"[0.0, 6.1, 6.1, 2.6]","[0.9, 3.5, 28.1, 52.6]",Docenti per fasce di età (%) (A.S. 2025/26),5.8,5.7,6.0,2.9,3.9,3.6
NUTD090002,,,,,,,,,,,
NUTD010005,,,,,,,,,,,
NUTL00301D,30.9,69.0,"[4.4, 8.0, 15.0, 3.5]","[4.4, 15.0, 17.7, 31.9]",Docenti per fasce di età (%) (A.S. 2025/26),5.7,5.7,6.0,3.1,3.9,3.6
NUTA01000P,,,,,,,,,,,
ORPS01201D,24.2,75.8,"[5.3, 4.5, 11.4, 3.0]","[1.5, 11.4, 25.0, 37.9]",Docenti per fasce di età (%) (A.S. 2025/26),4.9,5.7,6.0,4.3,3.9,3.6
ORPS01101N,19.1,80.8,"[0.6, 6.2, 8.0, 4.3]","[1.2, 10.5, 29.0, 40.1]",Docenti per fasce di età (%) (A.S. 2025/26),3.8,5.7,6.0,2.4,3.9,3.6
ORPM01000T,24.5,75.5,"[2.3, 6.9, 9.2, 6.1]","[3.8, 8.4, 18.3, 45.0]",Docenti per fasce di età (%) (A.S. 2025/26),2.1,5.7,6.0,1.1,3.9,3.6
ORPS01202E,24.2,75.8,"[5.3, 4.5, 11.4, 3.0]","[1.5, 11.4, 25.0, 37.9]",Docenti per fasce di età (%) (A.S. 2025/26),4.9,5.7,6.0,4.3,3.9,3.6
ORTF01000V,,,,,,,,,,,
ORTD006012,28.8,71.10000000000001,"[5.6, 7.7, 8.5, 7.0]","[2.1, 11.3, 22.5, 35.2]",Docenti per fasce di età (%) (A.S. 2025/26),6.6,5.7,6.0,4.7,3.9,3.6
SSPC02000L,15.1,84.7,"[0.7, 7.2, 5.8, 1.4]","[1.4, 11.6, 36.2, 35.5]",Docenti per fasce di età (%) (A.S. 2025/26),0.9,5.7,6.0,2.6,3.9,3.6
SSPC010002,14.8,85.2,"[2.5, 2.5, 4.9, 4.9]","[2.5, 14.8, 37.0, 30.9]",Docenti per fasce di età (%) (A.S. 2025/26),5.9,5.7,6.0,1.4,3.9,3.6
SSPS040001,12.1,87.9,"[0.9, 4.7, 5.6, 0.9]","[1.9, 7.5, 33.6, 44.9]",Docenti per fasce di età (%) (A.S. 2025/26),1.1,5.7,6.0,5.3,3.9,3.6
SSPS060006,23.9,76.0,"[3.1, 5.2, 14.6, 1.0]","[1.0, 11.5, 19.8, 43.7]",Docenti per fasce di età (%) (A.S. 2025/26),3.0,5.7,6.0,2.9,3.9,3.6
SSPS00500N,,,,,Docenti per fasce di età (%) (A.S. 2025/26),,,,,,
SSPSNU500Q,,,,,Docenti per fasce di età (%) (A.S. 2025/26),,,,,,
SSPM010006,26.900000000000002,73.2,"[1.0, 9.8, 9.3, 6.8]","[1.5, 7.8, 21.5, 42.4]",Docenti per fasce di età (%) (A.S. 2025/26),3.7,5.7,6.0,1.4,3.9,3.6
SSPM9L500Q,,,,,Docenti per fasce di età (%) (A.S. 2025/26),,,,,,
SSPQC7500O,,,,,Docenti per fasce di età (%) (A.S. 2025/26),,,,,,
SSPL015003,,,,,Docenti per fasce di età (%) (A.S. 2025/26),,,,,,
SSSD020006,33.5,66.6,"[2.7, 8.2, 17.1, 5.5]","[2.1, 15.8, 19.2, 29.5]",Docenti per fasce di età (%) (A.S. 2025/26),4.6,5.7,6.0,7.2,3.9,3.6
SSSD027012,19.1,29.7,"[2.9, 5.5, 8.1, 2.6]","[1.0, 5.8, 9.0, 13.9]",Docenti per fasce di età (%) (A.S. 2025/26),1.9,5.7,6.0,1.9,3.9,3.6
SSTD150008,,,,,,,,,,,
SSTD015004,,,,,Docenti per fasce di età (%) (A.S. 2025/26),,,,,,
SSTD02500P,,,,,Docenti per fasce di età (%) (A.S. 2025/26),,,,,,
SSTE01000C,28.1,71.8,"[4.5, 15.5, 4.5, 3.6]","[2.7, 10.0, 20.9, 38.2]",Docenti per fasce di età (%) (A.S. 2025/26),5.5,5.7,6.0,5.2,3.9,3.6
SSTF010007,24.5,75.69999999999999,"[2.5, 6.5, 8.0, 7.5]","[0.5, 9.0, 21.9, 44.3]",Docenti per fasce di età (%) (A.S. 2025/26),2.8,5.7,6.0,2.0,3.9,3.6
SSTL01000B,,,,,,,,,,,
SSTA00301C,36.3,63.6,"[6.2, 13.1, 10.2, 6.8]","[3.4, 12.5, 19.3, 28.4]",Docenti per fasce di età (%) (A.S. 2025/26),6.8,5.7,6.0,0.9,3.9,3.6
SSTL01500E,,,,,,,,,,,
CAPS001013,26.9,73.3,"[5.0, 13.9, 5.0, 3.0]","[10.9, 11.9, 23.8, 26.7]",Docenti per fasce di età (%) (A.S. 2025/26),1.6,5.7,6.0,0.0,3.9,3.6
CAPS013019,34.8,65.3,"[7.6, 12.0, 10.9, 4.3]","[8.7, 20.7, 16.3, 19.6]",Docenti per fasce di età (%) (A.S. 2025/26),7.4,5.7,6.0,2.0,3.9,3.6
CATD020007,26.9,73.0,"[6.3, 7.1, 8.7, 4.8]","[10.3, 17.5, 23.0, 22.2]",Docenti per fasce di età (%) (A.S. 2025/26),9.2,5.7,6.0,2.8,3.9,3.6
CAPS06000T,33.3,66.7,"[7.8, 11.8, 5.9, 7.8]","[11.8, 15.7, 9.8, 29.4]",Docenti per fasce di età (%) (A.S. 2025/26),3.2,5.7,6.0,3.2,3.9,3.6
CAPS8T5007,,,,,Docenti per fasce di età (%) (A.S. 2025/26),,,,,,
CAPM04000N,35.3,64.8,"[7.1, 8.2, 20.0, 0.0]","[5.9, 14.1, 22.4, 22.4]",Docenti per fasce di età (%) (A.S. 2025/26),4.4,5.7,6.0,4.7,3.9,3.6
CAPC00101X,26.9,73.3,"[5.0, 13.9, 5.0, 3.0]","[10.9, 11.9, 23.8, 26.7]",Docenti per fasce di età (%) (A.S. 2025/26),1.6,5.7,6.0,0.0,3.9,3.6
CASL013016,34.8,65.3,"[7.6, 12.0, 10.9, 4.3]","[8.7, 20.7, 16.3, 19.6]",Docenti per fasce di età (%) (A.S. 2025/26),7.4,5.7,6.0,2.0,3.9,3.6
CATD027013,29.1,70.9,"[5.5, 10.0, 9.1, 4.5]","[3.6, 12.7, 25.5, 29.1]",Docenti per fasce di età (%) (A.S. 2025/26),4.0,5.7,6.0,2.8,3.9,3.6
CATD01101D,35.9,64.0,"[5.7, 6.8, 17.2, 6.2]","[4.7, 13.5, 18.7, 27.1]",Docenti per fasce di età (%) (A.S. 2025/26),4.4,5.7,6.0,4.5,3.9,3.6
CATH012013,49.1,50.9,"[7.3, 21.8, 3.6, 16.4]","[5.5, 3.6, 18.2, 23.6]",Docenti per fasce di età (%) (A.S. 2025/26),10.0,5.7,6.0,3.6,3.9,3.6
CATF027019,29.1,70.9,"[5.5, 10.0, 9.1, 4.5]","[3.6, 12.7, 25.5, 29.1]",Docenti per fasce di età (%) (A.S. 2025/26),4.0,5.7,6.0,2.8,3.9,3.6
CATF955004,,,,,Docenti per fasce di età (%) (A.S. 2025/26),,,,,,
